ID,Target_07_AUC,Target_90_AUC,Target_120_AUC,Target_07_LogLoss,Target_90_LogLoss,Target_120_LogLoss
ID_LEG1GM,6.351903496148531e-05,0.00032360161483942966,0.0007569314618032442,6.351903496148531e-05,0.00032360161483942966,0.0007569314618032442
ID_1UKOKW,0.00027720858142485084,0.00043832719896700755,0.0007699181456683466,0.00027720858142485084,0.00043832719896700755,0.0007699181456683466
ID_U5H2YK,0.11313238499696934,0.09403278992610073,0.10197695678857717,0.11313238499696934,0.09403278992610073,0.10197695678857717
ID_55957A,0.014994230829536149,0.035675334366887,0.04777843806165695,0.014994230829536149,0.035675334366887,0.04777843806165695
ID_N1AC0A,0.00024900944070015054,0.00031182107701027695,0.0006224258979417375,0.00024900944070015054,0.00031182107701027695,0.0006224258979417375
ID_4R3SGT,0.00015863956893221863,0.0004292619054687837,0.0005789570226627493,0.00015863956893221863,0.0004292619054687837,0.0005789570226627493
ID_NVW38U,0.8552280914736141,0.7181607768643653,0.6720046556039686,0.8552280914736141,0.7181607768643653,0.6720046556039686
ID_15LAWX,1.4978807219022329e-05,8.710336187517267e-05,9.330053486887306e-05,1.4978807219022329e-05,8.710336187517267e-05,9.330053486887306e-05
ID_DPNOLZ,1.4978807219022329e-05,8.710336187517267e-05,9.330053486887306e-05,1.4978807219022329e-05,8.710336187517267e-05,9.330053486887306e-05
ID_GXO4MZ,0.0009444879123109513,0.0015124498031563812,0.004627371995719985,0.0009444879123109513,0.0015124498031563812,0.004627371995719985
ID_TWJ95S,1.4978807219022329e-05,8.710336187517267e-05,9.330053486887306e-05,1.4978807219022329e-05,8.710336187517267e-05,9.330053486887306e-05
ID_F6RQR5,0.00015863956893221863,0.0004292619054687837,0.0005789570226627493,0.00015863956893221863,0.0004292619054687837,0.0005789570226627493
ID_OD0S5Q,0.014994230829536149,0.035675334366887,0.04777843806165695,0.014994230829536149,0.035675334366887,0.04777843806165695
ID_L4DEEY,0.07683412844763148,0.06551978741140572,0.0679062997252904,0.07683412844763148,0.06551978741140572,0.0679062997252904
ID_H0WWMP,0.00015863956893221863,0.0004292619054687837,0.0005789570226627493,0.00015863956893221863,0.0004292619054687837,0.0005789570226627493
ID_NK0GGQ,0.00015863956893221863,0.0004292619054687837,0.0005789570226627493,0.00015863956893221863,0.0004292619054687837,0.0005789570226627493
ID_C3E07L,1.4978807219022329e-05,8.710336187517267e-05,9.330053486887306e-05,1.4978807219022329e-05,8.710336187517267e-05,9.330053486887306e-05
ID_8ZHOIS,1.1725482553518608e-05,0.0005406179476758307,0.0005217430036842843,1.1725482553518608e-05,0.0005406179476758307,0.0005217430036842843
ID_WEM7E6,0.06833107588444914,0.06203320539510868,0.0693219928491197,0.06833107588444914,0.06203320539510868,0.0693219928491197
ID_EI276D,0.8552280914736141,0.7181607768643653,0.6720046556039686,0.8552280914736141,0.7181607768643653,0.6720046556039686
ID_WY9YFZ,0.00015863956893221863,0.0004292619054687837,0.0005789570226627493,0.00015863956893221863,0.0004292619054687837,0.0005789570226627493
ID_VGITCI,1.4978807219022329e-05,8.710336187517267e-05,9.330053486887306e-05,1.4978807219022329e-05,8.710336187517267e-05,9.330053486887306e-05
ID_NHFYZX,0.00015863956893221863,0.0004292619054687837,0.0005789570226627493,0.00015863956893221863,0.0004292619054687837,0.0005789570226627493
ID_PZPP2T,0.00015863956893221863,0.0004292619054687837,0.0005789570226627493,0.00015863956893221863,0.0004292619054687837,0.0005789570226627493
ID_YSGK3Y,0.00024900944070015054,0.00031182107701027695,0.0006224258979417375,0.00024900944070015054,0.00031182107701027695,0.0006224258979417375
ID_RT29AK,0.00015863956893221863,0.0004292619054687837,0.0005789570226627493,0.00015863956893221863,0.0004292619054687837,0.0005789570226627493
ID_AUK2TM,0.0790825419524437,0.06132280115954018,0.060854882947105414,0.0790825419524437,0.06132280115954018,0.060854882947105414
ID_QZA91L,0.0790825419524437,0.06132280115954018,0.060854882947105414,0.0790825419524437,0.06132280115954018,0.060854882947105414
ID_CWTE3D,0.671124834861575,0.5471819850757295,0.5118600922667227,0.671124834861575,0.5471819850757295,0.5118600922667227
ID_E04V5D,0.00024900944070015054,0.00031182107701027695,0.0006224258979417375,0.00024900944070015054,0.00031182107701027695,0.0006224258979417375
ID_XTGV9Y,1.4978807219022329e-05,8.710336187517267e-05,9.330053486887306e-05,1.4978807219022329e-05,8.710336187517267e-05,9.330053486887306e-05
ID_ADLLTR,6.351903496148531e-05,0.00032360161483942966,0.0007569314618032442,6.351903496148531e-05,0.00032360161483942966,0.0007569314618032442
ID_938PPA,1.1725482553518608e-05,0.0005406179476758307,0.0005217430036842843,1.1725482553518608e-05,0.0005406179476758307,0.0005217430036842843
ID_68PA5Q,1.4978807219022329e-05,8.710336187517267e-05,9.330053486887306e-05,1.4978807219022329e-05,8.710336187517267e-05,9.330053486887306e-05
ID_EJJIM0,0.00015863956893221863,0.0004292619054687837,0.0005789570226627493,0.00015863956893221863,0.0004292619054687837,0.0005789570226627493
ID_9EEUE8,0.00027720858142485084,0.00043832719896700755,0.0007699181456683466,0.00027720858142485084,0.00043832719896700755,0.0007699181456683466
ID_EZ948R,0.07683412844763148,0.06551978741140572,0.0679062997252904,0.07683412844763148,0.06551978741140572,0.0679062997252904
ID_E0HFQZ,0.0003167427704594364,0.0006140092216016843,0.0013875439223750181,0.0003167427704594364,0.0006140092216016843,0.0013875439223750181
ID_KGXIB9,0.014994230829536149,0.035675334366887,0.04777843806165695,0.014994230829536149,0.035675334366887,0.04777843806165695
ID_ZXY6XK,0.00024900944070015054,0.00031182107701027695,0.0006224258979417375,0.00024900944070015054,0.00031182107701027695,0.0006224258979417375
ID_TEKWLH,0.0003167427704594364,0.0006140092216016843,0.0013875439223750181,0.0003167427704594364,0.0006140092216016843,0.0013875439223750181
ID_BWUBOA,0.00024900944070015054,0.00031182107701027695,0.0006224258979417375,0.00024900944070015054,0.00031182107701027695,0.0006224258979417375
ID_0KPGAQ,0.00024900944070015054,0.00031182107701027695,0.0006224258979417375,0.00024900944070015054,0.00031182107701027695,0.0006224258979417375
ID_3LJO3C,0.00021773560300260031,0.0004907602110234665,0.0012473958622846748,0.00021773560300260031,0.0004907602110234665,0.0012473958622846748
ID_WRG2RD,0.00015798322138869283,0.0012584272336486437,0.0009786539430553735,0.00015798322138869283,0.0012584272336486437,0.0009786539430553735
ID_4K4IHE,0.0003890639140911127,0.0006428199388060832,0.0011897110345612679,0.0003890639140911127,0.0006428199388060832,0.0011897110345612679
ID_U9Z9PF,1.4978807219022329e-05,8.710336187517267e-05,9.330053486887306e-05,1.4978807219022329e-05,8.710336187517267e-05,9.330053486887306e-05
ID_HX6A7Q,0.14171857256923998,0.11611948071572524,0.09379218796815572,0.14171857256923998,0.11611948071572524,0.09379218796815572
ID_CB9JIH,0.8552280914736141,0.7181607768643653,0.6720046556039686,0.8552280914736141,0.7181607768643653,0.6720046556039686
ID_HP3OJC,0.8552280914736141,0.7181607768643653,0.6720046556039686,0.8552280914736141,0.7181607768643653,0.6720046556039686
ID_15CTIR,0.0790825419524437,0.06132280115954018,0.060854882947105414,0.0790825419524437,0.06132280115954018,0.060854882947105414
ID_A7QLXN,0.0009444879123109513,0.0015124498031563812,0.004627371995719985,0.0009444879123109513,0.0015124498031563812,0.004627371995719985
ID_97B102,0.07683412844763148,0.06551978741140572,0.0679062997252904,0.07683412844763148,0.06551978741140572,0.0679062997252904
ID_2JV0A5,0.7743275498712789,0.6886372073082038,0.6360182091965954,0.7743275498712789,0.6886372073082038,0.6360182091965954
ID_4BHS4D,0.008973248904228915,0.037814289173510686,0.037684545634671406,0.008973248904228915,0.037814289173510686,0.037684545634671406
ID_475FQ7,0.00027720858142485084,0.00043832719896700755,0.0007699181456683466,0.00027720858142485084,0.00043832719896700755,0.0007699181456683466
ID_OOU6SR,0.00015863956893221863,0.0004292619054687837,0.0005789570226627493,0.00015863956893221863,0.0004292619054687837,0.0005789570226627493
ID_K9F2L9,0.00027720858142485084,0.00043832719896700755,0.0007699181456683466,0.00027720858142485084,0.00043832719896700755,0.0007699181456683466
ID_HVXRWN,0.008973248904228915,0.037814289173510686,0.037684545634671406,0.008973248904228915,0.037814289173510686,0.037684545634671406
ID_OD84X2,0.8552280914736141,0.7181607768643653,0.6720046556039686,0.8552280914736141,0.7181607768643653,0.6720046556039686
ID_S015G9,0.00024900944070015054,0.00031182107701027695,0.0006224258979417375,0.00024900944070015054,0.00031182107701027695,0.0006224258979417375
ID_SV5TAT,0.02072236257008359,0.04517168116026489,0.04884753573692417,0.02072236257008359,0.04517168116026489,0.04884753573692417
ID_CDCTHP,0.00015798322138869283,0.0012584272336486437,0.0009786539430553735,0.00015798322138869283,0.0012584272336486437,0.0009786539430553735
ID_AROTJX,0.00015863956893221863,0.0004292619054687837,0.0005789570226627493,0.00015863956893221863,0.0004292619054687837,0.0005789570226627493
ID_EHAJ1K,0.06833107588444914,0.06203320539510868,0.0693219928491197,0.06833107588444914,0.06203320539510868,0.0693219928491197
ID_IEX25G,0.00021773560300260031,0.0004907602110234665,0.0012473958622846748,0.00021773560300260031,0.0004907602110234665,0.0012473958622846748
ID_W88WIY,0.00027720858142485084,0.00043832719896700755,0.0007699181456683466,0.00027720858142485084,0.00043832719896700755,0.0007699181456683466
ID_J6RJJ3,0.8552280914736141,0.7181607768643653,0.6720046556039686,0.8552280914736141,0.7181607768643653,0.6720046556039686
ID_HXXXEO,0.00015863956893221863,0.0004292619054687837,0.0005789570226627493,0.00015863956893221863,0.0004292619054687837,0.0005789570226627493
ID_X4RW56,0.06833107588444914,0.06203320539510868,0.0693219928491197,0.06833107588444914,0.06203320539510868,0.0693219928491197
ID_R34IVE,0.46239891505880204,0.3818916988030693,0.2670540243747895,0.46239891505880204,0.3818916988030693,0.2670540243747895
ID_42HTPO,1.4978807219022329e-05,8.710336187517267e-05,9.330053486887306e-05,1.4978807219022329e-05,8.710336187517267e-05,9.330053486887306e-05
ID_S29RDB,0.00024900944070015054,0.00031182107701027695,0.0006224258979417375,0.00024900944070015054,0.00031182107701027695,0.0006224258979417375
ID_D92BW9,0.00015863956893221863,0.0004292619054687837,0.0005789570226627493,0.00015863956893221863,0.0004292619054687837,0.0005789570226627493
ID_LM303R,6.351903496148531e-05,0.00032360161483942966,0.0007569314618032442,6.351903496148531e-05,0.00032360161483942966,0.0007569314618032442
ID_9D1349,0.007549773393299183,0.020596226367952226,0.028688674498529847,0.007549773393299183,0.020596226367952226,0.028688674498529847
ID_YXYTNR,0.07125834031074571,0.056969243495620894,0.07104704228545286,0.07125834031074571,0.056969243495620894,0.07104704228545286
ID_LGBT94,0.8552280914736141,0.7181607768643653,0.6720046556039686,0.8552280914736141,0.7181607768643653,0.6720046556039686
ID_F5D4F1,0.00015863956893221863,0.0004292619054687837,0.0005789570226627493,0.00015863956893221863,0.0004292619054687837,0.0005789570226627493
ID_LCRAB6,0.007549773393299183,0.020596226367952226,0.028688674498529847,0.007549773393299183,0.020596226367952226,0.028688674498529847
ID_2S8CNZ,0.00015798322138869283,0.0012584272336486437,0.0009786539430553735,0.00015798322138869283,0.0012584272336486437,0.0009786539430553735
ID_1SGSZE,0.00015863956893221863,0.0004292619054687837,0.0005789570226627493,0.00015863956893221863,0.0004292619054687837,0.0005789570226627493
ID_KKBQQS,0.07125834031074571,0.056969243495620894,0.07104704228545286,0.07125834031074571,0.056969243495620894,0.07104704228545286
ID_XMDQ0Y,1.906834947085864e-05,5.5751432011821745e-05,7.110190704784426e-05,1.906834947085864e-05,5.5751432011821745e-05,7.110190704784426e-05
ID_J1LSS5,2.5353831450724913e-05,8.187331877571619e-05,9.828564990966649e-05,2.5353831450724913e-05,8.187331877571619e-05,9.828564990966649e-05
ID_UKASHO,2.5900545114674444e-05,9.833753908289247e-05,0.00018674000475089574,2.5900545114674444e-05,9.833753908289247e-05,0.00018674000475089574
ID_3RTT5L,0.5708934104180053,0.43211580724092863,0.3775381671757945,0.5708934104180053,0.43211580724092863,0.3775381671757945
ID_HWGAEQ,2.260603936776447e-05,5.393355465107534e-05,0.00012371178776562284,2.260603936776447e-05,5.393355465107534e-05,0.00012371178776562284
ID_U0LN1Z,0.5903514334596198,0.4784065656821241,0.37900417960662613,0.5903514334596198,0.4784065656821241,0.37900417960662613
ID_XCBXS7,0.3002413428365668,0.21203826227090591,0.16724233771776925,0.3002413428365668,0.21203826227090591,0.16724233771776925
ID_YFDC0M,2.5353831450724913e-05,8.187331877571619e-05,9.828564990966649e-05,2.5353831450724913e-05,8.187331877571619e-05,9.828564990966649e-05
ID_RCNWC6,0.6040577175061054,0.376468601707802,0.3151498922137157,0.6040577175061054,0.376468601707802,0.3151498922137157
ID_671WLE,0.3603545074021628,0.3444801479623253,0.3203836769511667,0.3603545074021628,0.3444801479623253,0.3203836769511667
ID_JXJ5V1,1.8584216166239016e-05,7.494863836759349e-05,8.222058144730953e-05,1.8584216166239016e-05,7.494863836759349e-05,8.222058144730953e-05
ID_QMT9FM,0.8240134870986839,0.6079791140071847,0.5397167541034624,0.8240134870986839,0.6079791140071847,0.5397167541034624
ID_VUL81Z,1.643811535927455e-05,4.65108575548562e-05,7.937435406536041e-05,1.643811535927455e-05,4.65108575548562e-05,7.937435406536041e-05
ID_MRZSZ3,1.906834947085864e-05,5.5751432011821745e-05,7.110190704784426e-05,1.906834947085864e-05,5.5751432011821745e-05,7.110190704784426e-05
ID_8HVUID,0.0001535862826484022,0.00021085652307912625,0.00021713928097404412,0.0001535862826484022,0.00021085652307912625,0.00021713928097404412
ID_3410TA,2.260603936776447e-05,5.393355465107534e-05,0.00012371178776562284,2.260603936776447e-05,5.393355465107534e-05,0.00012371178776562284
ID_ETZB50,2.260603936776447e-05,5.393355465107534e-05,0.00012371178776562284,2.260603936776447e-05,5.393355465107534e-05,0.00012371178776562284
ID_C19QG9,2.260603936776447e-05,5.393355465107534e-05,0.00012371178776562284,2.260603936776447e-05,5.393355465107534e-05,0.00012371178776562284
ID_L44KDR,2.260603936776447e-05,5.393355465107534e-05,0.00012371178776562284,2.260603936776447e-05,5.393355465107534e-05,0.00012371178776562284
ID_4DI6LA,6.431071992184322e-05,0.00011048665737702976,8.314215214503897e-05,6.431071992184322e-05,0.00011048665737702976,8.314215214503897e-05
ID_MLY1IW,2.5353831450724913e-05,8.187331877571619e-05,9.828564990966649e-05,2.5353831450724913e-05,8.187331877571619e-05,9.828564990966649e-05
ID_93HGEN,0.35405910087878495,0.34349455204553886,0.3047598312575453,0.35405910087878495,0.34349455204553886,0.3047598312575453
ID_LIHISF,4.546199582464704e-05,0.00010995716034393652,0.0001230116384643386,4.546199582464704e-05,0.00010995716034393652,0.0001230116384643386
ID_WE6D86,1.643811535927455e-05,4.65108575548562e-05,7.937435406536041e-05,1.643811535927455e-05,4.65108575548562e-05,7.937435406536041e-05
ID_GPFY9L,2.5353831450724913e-05,8.187331877571619e-05,9.828564990966649e-05,2.5353831450724913e-05,8.187331877571619e-05,9.828564990966649e-05
ID_RODTO0,2.5353831450724913e-05,8.187331877571619e-05,9.828564990966649e-05,2.5353831450724913e-05,8.187331877571619e-05,9.828564990966649e-05
ID_RX87BE,2.260603936776447e-05,5.393355465107534e-05,0.00012371178776562284,2.260603936776447e-05,5.393355465107534e-05,0.00012371178776562284
ID_38DTWE,2.260603936776447e-05,5.393355465107534e-05,0.00012371178776562284,2.260603936776447e-05,5.393355465107534e-05,0.00012371178776562284
ID_OZURHC,2.260603936776447e-05,5.393355465107534e-05,0.00012371178776562284,2.260603936776447e-05,5.393355465107534e-05,0.00012371178776562284
ID_C837CJ,1.8584216166239016e-05,7.494863836759349e-05,8.222058144730953e-05,1.8584216166239016e-05,7.494863836759349e-05,8.222058144730953e-05
ID_P91IX6,2.260603936776447e-05,5.393355465107534e-05,0.00012371178776562284,2.260603936776447e-05,5.393355465107534e-05,0.00012371178776562284
ID_8NF6B2,2.5353831450724913e-05,8.187331877571619e-05,9.828564990966649e-05,2.5353831450724913e-05,8.187331877571619e-05,9.828564990966649e-05
ID_4TNPPX,0.00013980150697579256,0.0002414404686530539,0.00022096431602349728,0.00013980150697579256,0.0002414404686530539,0.00022096431602349728
ID_B3KWIH,2.260603936776447e-05,5.393355465107534e-05,0.00012371178776562284,2.260603936776447e-05,5.393355465107534e-05,0.00012371178776562284
ID_SG931P,3.554496346295763e-05,0.00011903602443121752,0.00012992971240420085,3.554496346295763e-05,0.00011903602443121752,0.00012992971240420085
ID_BEPICH,8.664428135977576e-05,0.00011709887045915884,0.00011008194658938502,8.664428135977576e-05,0.00011709887045915884,0.00011008194658938502
ID_08XJFG,3.554496346295763e-05,0.00011903602443121752,0.00012992971240420085,3.554496346295763e-05,0.00011903602443121752,0.00012992971240420085
ID_D3YDST,2.5353831450724913e-05,8.187331877571619e-05,9.828564990966649e-05,2.5353831450724913e-05,8.187331877571619e-05,9.828564990966649e-05
ID_I6YHZD,3.554496346295763e-05,0.00011903602443121752,0.00012992971240420085,3.554496346295763e-05,0.00011903602443121752,0.00012992971240420085
ID_85J874,2.6125416905739167e-05,6.701111254406781e-05,7.419921247359978e-05,2.6125416905739167e-05,6.701111254406781e-05,7.419921247359978e-05
ID_VQEIBY,3.554496346295763e-05,0.00011903602443121752,0.00012992971240420085,3.554496346295763e-05,0.00011903602443121752,0.00012992971240420085
ID_0JQSZK,2.260603936776447e-05,5.393355465107534e-05,0.00012371178776562284,2.260603936776447e-05,5.393355465107534e-05,0.00012371178776562284
ID_JIDZNT,1.643811535927455e-05,4.65108575548562e-05,7.937435406536041e-05,1.643811535927455e-05,4.65108575548562e-05,7.937435406536041e-05
ID_15PDE4,1.906834947085864e-05,5.5751432011821745e-05,7.110190704784426e-05,1.906834947085864e-05,5.5751432011821745e-05,7.110190704784426e-05
ID_PKN25B,2.1102723887016795e-05,2.901093835253425e-05,5.83443660515587e-05,2.1102723887016795e-05,2.901093835253425e-05,5.83443660515587e-05
ID_D5RQPV,0.000458114938049806,0.0022292877776247605,0.005150951762219877,0.000458114938049806,0.0022292877776247605,0.005150951762219877
ID_0QRDVL,0.0005351562497052102,0.002297412305524977,0.004610438238330494,0.0005351562497052102,0.002297412305524977,0.004610438238330494
ID_LCBLI1,4.569519855579925e-05,3.924440194007357e-05,7.47252171192511e-05,4.569519855579925e-05,3.924440194007357e-05,7.47252171192511e-05
ID_RC9RKR,0.0005351562497052102,0.002297412305524977,0.004610438238330494,0.0005351562497052102,0.002297412305524977,0.004610438238330494
ID_HFEO8Z,0.000458114938049806,0.0022292877776247605,0.005150951762219877,0.000458114938049806,0.0022292877776247605,0.005150951762219877
ID_EFQEXF,0.0005351562497052102,0.002297412305524977,0.004610438238330494,0.0005351562497052102,0.002297412305524977,0.004610438238330494
ID_9UK4KJ,4.569519855579925e-05,3.924440194007357e-05,7.47252171192511e-05,4.569519855579925e-05,3.924440194007357e-05,7.47252171192511e-05
ID_VEMXQ2,2.3369802308034668e-05,2.5836253392578216e-05,3.459048417376826e-05,2.3369802308034668e-05,2.5836253392578216e-05,3.459048417376826e-05
ID_VGN8QR,4.011839521061316e-05,3.5974666970810414e-05,5.05114532771007e-05,4.011839521061316e-05,3.5974666970810414e-05,5.05114532771007e-05
ID_04QBJK,0.00018596783539517162,0.0014997638727899554,0.0026605225095567855,0.00018596783539517162,0.0014997638727899554,0.0026605225095567855
ID_M6902J,0.000458114938049806,0.0022292877776247605,0.005150951762219877,0.000458114938049806,0.0022292877776247605,0.005150951762219877
ID_5662X6,0.0005351562497052102,0.002297412305524977,0.004610438238330494,0.0005351562497052102,0.002297412305524977,0.004610438238330494
ID_EMVPFU,2.1102723887016795e-05,2.901093835253425e-05,5.83443660515587e-05,2.1102723887016795e-05,2.901093835253425e-05,5.83443660515587e-05
ID_7KALEL,0.033229787406600035,0.1388603145047713,0.3312890066965254,0.033229787406600035,0.1388603145047713,0.3312890066965254
ID_8APH0Q,4.569519855579925e-05,3.924440194007357e-05,7.47252171192511e-05,4.569519855579925e-05,3.924440194007357e-05,7.47252171192511e-05
ID_KR985R,2.3369802308034668e-05,2.5836253392578216e-05,3.459048417376826e-05,2.3369802308034668e-05,2.5836253392578216e-05,3.459048417376826e-05
ID_87YV3I,2.1102723887016795e-05,2.901093835253425e-05,5.83443660515587e-05,2.1102723887016795e-05,2.901093835253425e-05,5.83443660515587e-05
ID_TR8ASA,0.000458114938049806,0.0022292877776247605,0.005150951762219877,0.000458114938049806,0.0022292877776247605,0.005150951762219877
ID_MCNRLY,2.1102723887016795e-05,2.901093835253425e-05,5.83443660515587e-05,2.1102723887016795e-05,2.901093835253425e-05,5.83443660515587e-05
ID_U2C1OY,2.3369802308034668e-05,2.5836253392578216e-05,3.459048417376826e-05,2.3369802308034668e-05,2.5836253392578216e-05,3.459048417376826e-05
ID_02VC5B,0.0009095130059258263,0.0038848076303114156,0.0124012804974357,0.0009095130059258263,0.0038848076303114156,0.0124012804974357
ID_IMR2O6,2.1102723887016795e-05,2.901093835253425e-05,5.83443660515587e-05,2.1102723887016795e-05,2.901093835253425e-05,5.83443660515587e-05
ID_11U5X3,0.0005351562497052102,0.002297412305524977,0.004610438238330494,0.0005351562497052102,0.002297412305524977,0.004610438238330494
ID_BWQ4QE,2.1102723887016795e-05,2.901093835253425e-05,5.83443660515587e-05,2.1102723887016795e-05,2.901093835253425e-05,5.83443660515587e-05
ID_LMJQO0,0.0005351562497052102,0.002297412305524977,0.004610438238330494,0.0005351562497052102,0.002297412305524977,0.004610438238330494
ID_J8X1JQ,2.1102723887016795e-05,2.901093835253425e-05,5.83443660515587e-05,2.1102723887016795e-05,2.901093835253425e-05,5.83443660515587e-05
ID_IVOGMZ,0.001458508275785367,0.17927605529280002,0.2674954105341891,0.001458508275785367,0.17927605529280002,0.2674954105341891
ID_Z9OCJD,2.1102723887016795e-05,2.901093835253425e-05,5.83443660515587e-05,2.1102723887016795e-05,2.901093835253425e-05,5.83443660515587e-05
ID_W22JQT,2.3369802308034668e-05,2.5836253392578216e-05,3.459048417376826e-05,2.3369802308034668e-05,2.5836253392578216e-05,3.459048417376826e-05
ID_JG6KVB,2.1102723887016795e-05,2.901093835253425e-05,5.83443660515587e-05,2.1102723887016795e-05,2.901093835253425e-05,5.83443660515587e-05
ID_IRIQ9N,0.0008461692223513228,0.059125151978743254,0.08902644344405404,0.0008461692223513228,0.059125151978743254,0.08902644344405404
ID_O059B0,0.0009095130059258263,0.0038848076303114156,0.0124012804974357,0.0009095130059258263,0.0038848076303114156,0.0124012804974357
ID_CTIZD5,0.0009095130059258263,0.0038848076303114156,0.0124012804974357,0.0009095130059258263,0.0038848076303114156,0.0124012804974357
ID_ZIXA8E,2.1102723887016795e-05,2.901093835253425e-05,5.83443660515587e-05,2.1102723887016795e-05,2.901093835253425e-05,5.83443660515587e-05
ID_NB1NLU,0.00017292923938101932,0.0017664276119155969,0.004494006765903911,0.00017292923938101932,0.0017664276119155969,0.004494006765903911
ID_U6ULCZ,2.1102723887016795e-05,2.901093835253425e-05,5.83443660515587e-05,2.1102723887016795e-05,2.901093835253425e-05,5.83443660515587e-05
ID_QSX3RO,0.001458508275785367,0.17927605529280002,0.2674954105341891,0.001458508275785367,0.17927605529280002,0.2674954105341891
ID_1UA6WQ,0.0005351562497052102,0.002297412305524977,0.004610438238330494,0.0005351562497052102,0.002297412305524977,0.004610438238330494
ID_XPSO6B,2.3369802308034668e-05,2.5836253392578216e-05,3.459048417376826e-05,2.3369802308034668e-05,2.5836253392578216e-05,3.459048417376826e-05
ID_2ZQ7PC,0.0004891041080920436,0.0036966214647681447,0.011491194488648455,0.0004891041080920436,0.0036966214647681447,0.011491194488648455
ID_WDF4T1,2.1102723887016795e-05,2.901093835253425e-05,5.83443660515587e-05,2.1102723887016795e-05,2.901093835253425e-05,5.83443660515587e-05
ID_P6V6NH,0.0005351562497052102,0.002297412305524977,0.004610438238330494,0.0005351562497052102,0.002297412305524977,0.004610438238330494
ID_224AL4,2.1102723887016795e-05,2.901093835253425e-05,5.83443660515587e-05,2.1102723887016795e-05,2.901093835253425e-05,5.83443660515587e-05
ID_BOJ8C6,0.000458114938049806,0.0022292877776247605,0.005150951762219877,0.000458114938049806,0.0022292877776247605,0.005150951762219877
ID_FHTL2A,4.569519855579925e-05,3.924440194007357e-05,7.47252171192511e-05,4.569519855579925e-05,3.924440194007357e-05,7.47252171192511e-05
ID_4JT5BR,0.0005351562497052102,0.002297412305524977,0.004610438238330494,0.0005351562497052102,0.002297412305524977,0.004610438238330494
ID_3JRM7J,2.3369802308034668e-05,2.5836253392578216e-05,3.459048417376826e-05,2.3369802308034668e-05,2.5836253392578216e-05,3.459048417376826e-05
ID_QCP4DY,0.0005745417121233306,0.0018147069642584957,0.0026575034303864117,0.0005745417121233306,0.0018147069642584957,0.0026575034303864117
ID_N9NVTY,0.0005351562497052102,0.002297412305524977,0.004610438238330494,0.0005351562497052102,0.002297412305524977,0.004610438238330494
ID_L8NEX2,0.0009095130059258263,0.0038848076303114156,0.0124012804974357,0.0009095130059258263,0.0038848076303114156,0.0124012804974357
ID_V0ITZI,2.1102723887016795e-05,2.901093835253425e-05,5.83443660515587e-05,2.1102723887016795e-05,2.901093835253425e-05,5.83443660515587e-05
ID_U810NE,0.0009095130059258263,0.0038848076303114156,0.0124012804974357,0.0009095130059258263,0.0038848076303114156,0.0124012804974357
ID_T7IUG7,0.0005351562497052102,0.002297412305524977,0.004610438238330494,0.0005351562497052102,0.002297412305524977,0.004610438238330494
ID_P2HPA7,0.0009095130059258263,0.0038848076303114156,0.0124012804974357,0.0009095130059258263,0.0038848076303114156,0.0124012804974357
ID_7HCA07,0.0004891041080920436,0.0036966214647681447,0.011491194488648455,0.0004891041080920436,0.0036966214647681447,0.011491194488648455
ID_H1MCDH,2.1102723887016795e-05,2.901093835253425e-05,5.83443660515587e-05,2.1102723887016795e-05,2.901093835253425e-05,5.83443660515587e-05
ID_JAGL6N,2.3369802308034668e-05,2.5836253392578216e-05,3.459048417376826e-05,2.3369802308034668e-05,2.5836253392578216e-05,3.459048417376826e-05
ID_Q07G0X,1.5137923313851488e-05,4.245901468847012e-05,3.728665006628752e-05,1.5137923313851488e-05,4.245901468847012e-05,3.728665006628752e-05
ID_GFGBJP,1.4968194561042805e-05,3.2463828089149204e-05,3.320354175248849e-05,1.4968194561042805e-05,3.2463828089149204e-05,3.320354175248849e-05
ID_CCCZIE,1.0915564670453984e-05,1.338755574027198e-05,1.7231674592176446e-05,1.0915564670453984e-05,1.338755574027198e-05,1.7231674592176446e-05
ID_590HV5,2.0426665731436206e-05,4.6622525362260614e-05,5.5059010285911394e-05,2.0426665731436206e-05,4.6622525362260614e-05,5.5059010285911394e-05
ID_3V4E7G,6.115324255005276e-05,8.524436387119859e-05,0.0001689442192747375,6.115324255005276e-05,8.524436387119859e-05,0.0001689442192747375
ID_GIQVVF,6.115324255005276e-05,8.524436387119859e-05,0.0001689442192747375,6.115324255005276e-05,8.524436387119859e-05,0.0001689442192747375
ID_QLQOL2,1.6637077765326862e-05,1.5651623508639735e-05,2.343382383858601e-05,1.6637077765326862e-05,1.5651623508639735e-05,2.343382383858601e-05
ID_0CE2HK,1.4968194561042805e-05,3.2463828089149204e-05,3.320354175248849e-05,1.4968194561042805e-05,3.2463828089149204e-05,3.320354175248849e-05
ID_QG2TA1,1.2902548449638314e-05,1.8344781983311504e-05,2.0505683868332115e-05,1.2902548449638314e-05,1.8344781983311504e-05,2.0505683868332115e-05
ID_06I476,9.209671560381638e-06,1.222384660656635e-05,1.563807551354066e-05,9.209671560381638e-06,1.222384660656635e-05,1.563807551354066e-05
ID_MJ1FKS,9.209671560381638e-06,1.222384660656635e-05,1.563807551354066e-05,9.209671560381638e-06,1.222384660656635e-05,1.563807551354066e-05
ID_CVPRQL,9.209671560381638e-06,1.222384660656635e-05,1.563807551354066e-05,9.209671560381638e-06,1.222384660656635e-05,1.563807551354066e-05
ID_SZV3JP,1.4899186604943782e-05,3.2788096446151086e-05,2.9082722040735223e-05,1.4899186604943782e-05,3.2788096446151086e-05,2.9082722040735223e-05
ID_97O1LE,0.00010029524914924311,0.0001048737746829479,0.00022796657783951253,0.00010029524914924311,0.0001048737746829479,0.00022796657783951253
ID_DXPTCG,1.4328067978385405e-05,1.729336704674581e-05,2.654455199593836e-05,1.4328067978385405e-05,1.729336704674581e-05,2.654455199593836e-05
ID_VP7MWU,1.6637077765326862e-05,1.5651623508639735e-05,2.343382383858601e-05,1.6637077765326862e-05,1.5651623508639735e-05,2.343382383858601e-05
ID_YI13PR,1.4899186604943782e-05,3.2788096446151086e-05,2.9082722040735223e-05,1.4899186604943782e-05,3.2788096446151086e-05,2.9082722040735223e-05
ID_GKSEUX,2.0426665731436206e-05,4.6622525362260614e-05,5.5059010285911394e-05,2.0426665731436206e-05,4.6622525362260614e-05,5.5059010285911394e-05
ID_2JDZDR,1.1942791460276522e-05,3.235553625065299e-05,2.5601891091904198e-05,1.1942791460276522e-05,3.235553625065299e-05,2.5601891091904198e-05
ID_ESCEIY,1.5342062978888e-05,3.788890796457456e-05,3.1011837636001344e-05,1.5342062978888e-05,3.788890796457456e-05,3.1011837636001344e-05
ID_7YX6BJ,6.115324255005276e-05,8.524436387119859e-05,0.0001689442192747375,6.115324255005276e-05,8.524436387119859e-05,0.0001689442192747375
ID_K1MSGS,7.565354054299829e-05,8.582868834564873e-05,0.00017616379291422436,7.565354054299829e-05,8.582868834564873e-05,0.00017616379291422436
ID_HACR8W,2.0426665731436206e-05,4.6622525362260614e-05,5.5059010285911394e-05,2.0426665731436206e-05,4.6622525362260614e-05,5.5059010285911394e-05
ID_7IAGGB,1.8714373904612168e-05,4.8968697499068346e-05,5.83404878739747e-05,1.8714373904612168e-05,4.8968697499068346e-05,5.83404878739747e-05
ID_K1P3J8,2.0426665731436206e-05,4.6622525362260614e-05,5.5059010285911394e-05,2.0426665731436206e-05,4.6622525362260614e-05,5.5059010285911394e-05
ID_GHJU0P,3.949353064629401e-05,4.406305247577424e-05,0.0001085209557448286,3.949353064629401e-05,4.406305247577424e-05,0.0001085209557448286
ID_QB2VOQ,1.5137923313851488e-05,4.245901468847012e-05,3.728665006628752e-05,1.5137923313851488e-05,4.245901468847012e-05,3.728665006628752e-05
ID_917FV8,6.115324255005276e-05,8.524436387119859e-05,0.0001689442192747375,6.115324255005276e-05,8.524436387119859e-05,0.0001689442192747375
ID_XW1VHF,1.4328067978385405e-05,1.729336704674581e-05,2.654455199593836e-05,1.4328067978385405e-05,1.729336704674581e-05,2.654455199593836e-05
ID_UK4G6M,1.4899186604943782e-05,3.2788096446151086e-05,2.9082722040735223e-05,1.4899186604943782e-05,3.2788096446151086e-05,2.9082722040735223e-05
ID_BIPA8U,2.0426665731436206e-05,4.6622525362260614e-05,5.5059010285911394e-05,2.0426665731436206e-05,4.6622525362260614e-05,5.5059010285911394e-05
ID_Z3YZCX,2.0426665731436206e-05,4.6622525362260614e-05,5.5059010285911394e-05,2.0426665731436206e-05,4.6622525362260614e-05,5.5059010285911394e-05
ID_OII8NJ,1.5342062978888e-05,3.788890796457456e-05,3.1011837636001344e-05,1.5342062978888e-05,3.788890796457456e-05,3.1011837636001344e-05
ID_KVZHRX,4.677953635199657e-05,5.000340212593877e-05,0.00012523107732683938,4.677953635199657e-05,5.000340212593877e-05,0.00012523107732683938
ID_KKWKS6,2.0426665731436206e-05,4.6622525362260614e-05,5.5059010285911394e-05,2.0426665731436206e-05,4.6622525362260614e-05,5.5059010285911394e-05
ID_OABA3T,1.6637077765326862e-05,1.5651623508639735e-05,2.343382383858601e-05,1.6637077765326862e-05,1.5651623508639735e-05,2.343382383858601e-05
ID_XK9A5W,1.4328067978385405e-05,1.729336704674581e-05,2.654455199593836e-05,1.4328067978385405e-05,1.729336704674581e-05,2.654455199593836e-05
ID_QCOJ3X,1.6637077765326862e-05,1.5651623508639735e-05,2.343382383858601e-05,1.6637077765326862e-05,1.5651623508639735e-05,2.343382383858601e-05
ID_10YMBD,4.677953635199657e-05,5.000340212593877e-05,0.00012523107732683938,4.677953635199657e-05,5.000340212593877e-05,0.00012523107732683938
ID_LPH3DB,1.1942791460276522e-05,3.235553625065299e-05,2.5601891091904198e-05,1.1942791460276522e-05,3.235553625065299e-05,2.5601891091904198e-05
ID_KHSX16,1.4328067978385405e-05,1.729336704674581e-05,2.654455199593836e-05,1.4328067978385405e-05,1.729336704674581e-05,2.654455199593836e-05
ID_LTGA17,2.0426665731436206e-05,4.6622525362260614e-05,5.5059010285911394e-05,2.0426665731436206e-05,4.6622525362260614e-05,5.5059010285911394e-05
ID_3B3D83,1.5342062978888e-05,3.788890796457456e-05,3.1011837636001344e-05,1.5342062978888e-05,3.788890796457456e-05,3.1011837636001344e-05
ID_UQ2ERA,0.00010029524914924311,0.0001048737746829479,0.00022796657783951253,0.00010029524914924311,0.0001048737746829479,0.00022796657783951253
ID_RJVPF3,2.0426665731436206e-05,4.6622525362260614e-05,5.5059010285911394e-05,2.0426665731436206e-05,4.6622525362260614e-05,5.5059010285911394e-05
ID_HV0S70,1.0915564670453984e-05,1.338755574027198e-05,1.7231674592176446e-05,1.0915564670453984e-05,1.338755574027198e-05,1.7231674592176446e-05
ID_XBEH87,1.5342062978888e-05,3.788890796457456e-05,3.1011837636001344e-05,1.5342062978888e-05,3.788890796457456e-05,3.1011837636001344e-05
ID_RU36LB,0.00010029524914924311,0.0001048737746829479,0.00022796657783951253,0.00010029524914924311,0.0001048737746829479,0.00022796657783951253
ID_ZX0HBQ,1.5137923313851488e-05,4.245901468847012e-05,3.728665006628752e-05,1.5137923313851488e-05,4.245901468847012e-05,3.728665006628752e-05
ID_GKT8DV,9.209671560381638e-06,1.222384660656635e-05,1.563807551354066e-05,9.209671560381638e-06,1.222384660656635e-05,1.563807551354066e-05
ID_KHKU4Q,9.209671560381638e-06,1.222384660656635e-05,1.563807551354066e-05,9.209671560381638e-06,1.222384660656635e-05,1.563807551354066e-05
ID_XIMM99,1.1942791460276522e-05,3.235553625065299e-05,2.5601891091904198e-05,1.1942791460276522e-05,3.235553625065299e-05,2.5601891091904198e-05
ID_TBU5R1,1.8714373904612168e-05,4.8968697499068346e-05,5.83404878739747e-05,1.8714373904612168e-05,4.8968697499068346e-05,5.83404878739747e-05
ID_IXDD5C,2.0426665731436206e-05,4.6622525362260614e-05,5.5059010285911394e-05,2.0426665731436206e-05,4.6622525362260614e-05,5.5059010285911394e-05
ID_O6NVIA,1.2902548449638314e-05,1.8344781983311504e-05,2.0505683868332115e-05,1.2902548449638314e-05,1.8344781983311504e-05,2.0505683868332115e-05
ID_SUN5EY,1.8714373904612168e-05,4.8968697499068346e-05,5.83404878739747e-05,1.8714373904612168e-05,4.8968697499068346e-05,5.83404878739747e-05
ID_GYZ4QD,1.4968194561042805e-05,3.2463828089149204e-05,3.320354175248849e-05,1.4968194561042805e-05,3.2463828089149204e-05,3.320354175248849e-05
ID_L7KG54,1.0915564670453984e-05,1.338755574027198e-05,1.7231674592176446e-05,1.0915564670453984e-05,1.338755574027198e-05,1.7231674592176446e-05
ID_S6HTFD,1.0915564670453984e-05,1.338755574027198e-05,1.7231674592176446e-05,1.0915564670453984e-05,1.338755574027198e-05,1.7231674592176446e-05
ID_P06QON,4.677953635199657e-05,5.000340212593877e-05,0.00012523107732683938,4.677953635199657e-05,5.000340212593877e-05,0.00012523107732683938
ID_YOWRSL,1.2902548449638314e-05,1.8344781983311504e-05,2.0505683868332115e-05,1.2902548449638314e-05,1.8344781983311504e-05,2.0505683868332115e-05
ID_U5VLSB,3.949353064629401e-05,4.406305247577424e-05,0.0001085209557448286,3.949353064629401e-05,4.406305247577424e-05,0.0001085209557448286
ID_XGW2O2,1.4328067978385405e-05,1.729336704674581e-05,2.654455199593836e-05,1.4328067978385405e-05,1.729336704674581e-05,2.654455199593836e-05
ID_GQEHIP,1.0915564670453984e-05,1.338755574027198e-05,1.7231674592176446e-05,1.0915564670453984e-05,1.338755574027198e-05,1.7231674592176446e-05
ID_SG18NS,4.677953635199657e-05,5.000340212593877e-05,0.00012523107732683938,4.677953635199657e-05,5.000340212593877e-05,0.00012523107732683938
ID_V1RUP1,6.115324255005276e-05,8.524436387119859e-05,0.0001689442192747375,6.115324255005276e-05,8.524436387119859e-05,0.0001689442192747375
ID_SATMW5,1.4968194561042805e-05,3.2463828089149204e-05,3.320354175248849e-05,1.4968194561042805e-05,3.2463828089149204e-05,3.320354175248849e-05
ID_7BECWT,0.00010029524914924311,0.0001048737746829479,0.00022796657783951253,0.00010029524914924311,0.0001048737746829479,0.00022796657783951253
ID_S0YLSK,1.5137923313851488e-05,4.245901468847012e-05,3.728665006628752e-05,1.5137923313851488e-05,4.245901468847012e-05,3.728665006628752e-05
ID_KQF7DD,2.0426665731436206e-05,4.6622525362260614e-05,5.5059010285911394e-05,2.0426665731436206e-05,4.6622525362260614e-05,5.5059010285911394e-05
ID_L0BWUO,2.0426665731436206e-05,4.6622525362260614e-05,5.5059010285911394e-05,2.0426665731436206e-05,4.6622525362260614e-05,5.5059010285911394e-05
ID_QFB1JA,4.677953635199657e-05,5.000340212593877e-05,0.00012523107732683938,4.677953635199657e-05,5.000340212593877e-05,0.00012523107732683938
ID_5H2YDZ,1.4899186604943782e-05,3.2788096446151086e-05,2.9082722040735223e-05,1.4899186604943782e-05,3.2788096446151086e-05,2.9082722040735223e-05
ID_DT5H48,1.8714373904612168e-05,4.8968697499068346e-05,5.83404878739747e-05,1.8714373904612168e-05,4.8968697499068346e-05,5.83404878739747e-05
ID_EPUV7F,4.677953635199657e-05,5.000340212593877e-05,0.00012523107732683938,4.677953635199657e-05,5.000340212593877e-05,0.00012523107732683938
ID_D1W7AZ,1.0915564670453984e-05,1.338755574027198e-05,1.7231674592176446e-05,1.0915564670453984e-05,1.338755574027198e-05,1.7231674592176446e-05
ID_UOLZNR,3.949353064629401e-05,4.406305247577424e-05,0.0001085209557448286,3.949353064629401e-05,4.406305247577424e-05,0.0001085209557448286
ID_J7N1FB,6.115324255005276e-05,8.524436387119859e-05,0.0001689442192747375,6.115324255005276e-05,8.524436387119859e-05,0.0001689442192747375
ID_Q56GYN,2.0426665731436206e-05,4.6622525362260614e-05,5.5059010285911394e-05,2.0426665731436206e-05,4.6622525362260614e-05,5.5059010285911394e-05
ID_QM0CUB,1.6637077765326862e-05,1.5651623508639735e-05,2.343382383858601e-05,1.6637077765326862e-05,1.5651623508639735e-05,2.343382383858601e-05
ID_KFZM4L,1.5137923313851488e-05,4.245901468847012e-05,3.728665006628752e-05,1.5137923313851488e-05,4.245901468847012e-05,3.728665006628752e-05
ID_0JG3TM,1.6637077765326862e-05,1.5651623508639735e-05,2.343382383858601e-05,1.6637077765326862e-05,1.5651623508639735e-05,2.343382383858601e-05
ID_SU3V8X,4.677953635199657e-05,5.000340212593877e-05,0.00012523107732683938,4.677953635199657e-05,5.000340212593877e-05,0.00012523107732683938
ID_85P4YH,0.00010029524914924311,0.0001048737746829479,0.00022796657783951253,0.00010029524914924311,0.0001048737746829479,0.00022796657783951253
ID_IZF4GN,1.8714373904612168e-05,4.8968697499068346e-05,5.83404878739747e-05,1.8714373904612168e-05,4.8968697499068346e-05,5.83404878739747e-05
ID_9V9BNJ,2.0426665731436206e-05,4.6622525362260614e-05,5.5059010285911394e-05,2.0426665731436206e-05,4.6622525362260614e-05,5.5059010285911394e-05
ID_COSLW0,7.565354054299829e-05,8.582868834564873e-05,0.00017616379291422436,7.565354054299829e-05,8.582868834564873e-05,0.00017616379291422436
ID_JNAKG5,1.5342062978888e-05,3.788890796457456e-05,3.1011837636001344e-05,1.5342062978888e-05,3.788890796457456e-05,3.1011837636001344e-05
ID_22FKG1,1.4968194561042805e-05,3.2463828089149204e-05,3.320354175248849e-05,1.4968194561042805e-05,3.2463828089149204e-05,3.320354175248849e-05
ID_GO2BVN,1.2902548449638314e-05,1.8344781983311504e-05,2.0505683868332115e-05,1.2902548449638314e-05,1.8344781983311504e-05,2.0505683868332115e-05
ID_1D3R5U,1.1942791460276522e-05,3.235553625065299e-05,2.5601891091904198e-05,1.1942791460276522e-05,3.235553625065299e-05,2.5601891091904198e-05
ID_6HDHTS,1.6637077765326862e-05,1.5651623508639735e-05,2.343382383858601e-05,1.6637077765326862e-05,1.5651623508639735e-05,2.343382383858601e-05
ID_W82UZ2,1.0915564670453984e-05,1.338755574027198e-05,1.7231674592176446e-05,1.0915564670453984e-05,1.338755574027198e-05,1.7231674592176446e-05
ID_B8QQ14,1.6637077765326862e-05,1.5651623508639735e-05,2.343382383858601e-05,1.6637077765326862e-05,1.5651623508639735e-05,2.343382383858601e-05
ID_D50NYH,2.0426665731436206e-05,4.6622525362260614e-05,5.5059010285911394e-05,2.0426665731436206e-05,4.6622525362260614e-05,5.5059010285911394e-05
ID_TR3LZI,1.6637077765326862e-05,1.5651623508639735e-05,2.343382383858601e-05,1.6637077765326862e-05,1.5651623508639735e-05,2.343382383858601e-05
ID_X03IG4,1.0915564670453984e-05,1.338755574027198e-05,1.7231674592176446e-05,1.0915564670453984e-05,1.338755574027198e-05,1.7231674592176446e-05
ID_9W1DTW,3.949353064629401e-05,4.406305247577424e-05,0.0001085209557448286,3.949353064629401e-05,4.406305247577424e-05,0.0001085209557448286
ID_ELVMT3,1.8714373904612168e-05,4.8968697499068346e-05,5.83404878739747e-05,1.8714373904612168e-05,4.8968697499068346e-05,5.83404878739747e-05
ID_ACLR4X,2.0426665731436206e-05,4.6622525362260614e-05,5.5059010285911394e-05,2.0426665731436206e-05,4.6622525362260614e-05,5.5059010285911394e-05
ID_526E6B,2.0426665731436206e-05,4.6622525362260614e-05,5.5059010285911394e-05,2.0426665731436206e-05,4.6622525362260614e-05,5.5059010285911394e-05
ID_85BO18,1.6637077765326862e-05,1.5651623508639735e-05,2.343382383858601e-05,1.6637077765326862e-05,1.5651623508639735e-05,2.343382383858601e-05
ID_F7ZIJZ,1.1942791460276522e-05,3.235553625065299e-05,2.5601891091904198e-05,1.1942791460276522e-05,3.235553625065299e-05,2.5601891091904198e-05
ID_8DRM77,1.4899186604943782e-05,3.2788096446151086e-05,2.9082722040735223e-05,1.4899186604943782e-05,3.2788096446151086e-05,2.9082722040735223e-05
ID_7HA42W,1.2902548449638314e-05,1.8344781983311504e-05,2.0505683868332115e-05,1.2902548449638314e-05,1.8344781983311504e-05,2.0505683868332115e-05
ID_H0LTUX,1.4968194561042805e-05,3.2463828089149204e-05,3.320354175248849e-05,1.4968194561042805e-05,3.2463828089149204e-05,3.320354175248849e-05
ID_60JSZD,1.5342062978888e-05,3.788890796457456e-05,3.1011837636001344e-05,1.5342062978888e-05,3.788890796457456e-05,3.1011837636001344e-05
ID_U03OKF,1.0915564670453984e-05,1.338755574027198e-05,1.7231674592176446e-05,1.0915564670453984e-05,1.338755574027198e-05,1.7231674592176446e-05
ID_PG3BYK,1.6637077765326862e-05,1.5651623508639735e-05,2.343382383858601e-05,1.6637077765326862e-05,1.5651623508639735e-05,2.343382383858601e-05
ID_1VXGUB,1.5342062978888e-05,3.788890796457456e-05,3.1011837636001344e-05,1.5342062978888e-05,3.788890796457456e-05,3.1011837636001344e-05
ID_SA0EJV,1.5342062978888e-05,3.788890796457456e-05,3.1011837636001344e-05,1.5342062978888e-05,3.788890796457456e-05,3.1011837636001344e-05
ID_TG0ZNO,0.00010029524914924311,0.0001048737746829479,0.00022796657783951253,0.00010029524914924311,0.0001048737746829479,0.00022796657783951253
ID_OK1VUP,6.162333728905984e-05,7.720587733552864e-05,0.00013509800438839413,6.162333728905984e-05,7.720587733552864e-05,0.00013509800438839413
ID_NMESH4,1.4968194561042805e-05,3.2463828089149204e-05,3.320354175248849e-05,1.4968194561042805e-05,3.2463828089149204e-05,3.320354175248849e-05
ID_EWJ9VO,0.00010029524914924311,0.0001048737746829479,0.00022796657783951253,0.00010029524914924311,0.0001048737746829479,0.00022796657783951253
ID_HY4MBL,2.0426665731436206e-05,4.6622525362260614e-05,5.5059010285911394e-05,2.0426665731436206e-05,4.6622525362260614e-05,5.5059010285911394e-05
ID_VR31M9,1.4899186604943782e-05,3.2788096446151086e-05,2.9082722040735223e-05,1.4899186604943782e-05,3.2788096446151086e-05,2.9082722040735223e-05
ID_DPT0O6,6.115324255005276e-05,8.524436387119859e-05,0.0001689442192747375,6.115324255005276e-05,8.524436387119859e-05,0.0001689442192747375
ID_0CCA4F,1.5342062978888e-05,3.788890796457456e-05,3.1011837636001344e-05,1.5342062978888e-05,3.788890796457456e-05,3.1011837636001344e-05
ID_8DEOE6,1.6637077765326862e-05,1.5651623508639735e-05,2.343382383858601e-05,1.6637077765326862e-05,1.5651623508639735e-05,2.343382383858601e-05
ID_6PMH8O,1.8714373904612168e-05,4.8968697499068346e-05,5.83404878739747e-05,1.8714373904612168e-05,4.8968697499068346e-05,5.83404878739747e-05
ID_G4SI0V,9.209671560381638e-06,1.222384660656635e-05,1.563807551354066e-05,9.209671560381638e-06,1.222384660656635e-05,1.563807551354066e-05
ID_FFXJXU,2.0426665731436206e-05,4.6622525362260614e-05,5.5059010285911394e-05,2.0426665731436206e-05,4.6622525362260614e-05,5.5059010285911394e-05
ID_FP7DXV,0.00010029524914924311,0.0001048737746829479,0.00022796657783951253,0.00010029524914924311,0.0001048737746829479,0.00022796657783951253
ID_9GWO0I,0.0001330692448694379,0.0001343608538349118,0.0002758013075936512,0.0001330692448694379,0.0001343608538349118,0.0002758013075936512
ID_5K7ETI,1.6637077765326862e-05,1.5651623508639735e-05,2.343382383858601e-05,1.6637077765326862e-05,1.5651623508639735e-05,2.343382383858601e-05
ID_IUXQPV,1.0915564670453984e-05,1.338755574027198e-05,1.7231674592176446e-05,1.0915564670453984e-05,1.338755574027198e-05,1.7231674592176446e-05
ID_0OMUID,1.2902548449638314e-05,1.8344781983311504e-05,2.0505683868332115e-05,1.2902548449638314e-05,1.8344781983311504e-05,2.0505683868332115e-05
ID_YFBVK9,1.0915564670453984e-05,1.338755574027198e-05,1.7231674592176446e-05,1.0915564670453984e-05,1.338755574027198e-05,1.7231674592176446e-05
ID_V8VLC8,1.5342062978888e-05,3.788890796457456e-05,3.1011837636001344e-05,1.5342062978888e-05,3.788890796457456e-05,3.1011837636001344e-05
ID_00DZUV,9.209671560381638e-06,1.222384660656635e-05,1.563807551354066e-05,9.209671560381638e-06,1.222384660656635e-05,1.563807551354066e-05
ID_ZOW6TO,4.677953635199657e-05,5.000340212593877e-05,0.00012523107732683938,4.677953635199657e-05,5.000340212593877e-05,0.00012523107732683938
ID_HI16T2,9.209671560381638e-06,1.222384660656635e-05,1.563807551354066e-05,9.209671560381638e-06,1.222384660656635e-05,1.563807551354066e-05
ID_O76VHW,1.4968194561042805e-05,3.2463828089149204e-05,3.320354175248849e-05,1.4968194561042805e-05,3.2463828089149204e-05,3.320354175248849e-05
ID_UUULV5,1.2902548449638314e-05,1.8344781983311504e-05,2.0505683868332115e-05,1.2902548449638314e-05,1.8344781983311504e-05,2.0505683868332115e-05
ID_MHJ12U,0.00010029524914924311,0.0001048737746829479,0.00022796657783951253,0.00010029524914924311,0.0001048737746829479,0.00022796657783951253
ID_WKRV0S,1.5342062978888e-05,3.788890796457456e-05,3.1011837636001344e-05,1.5342062978888e-05,3.788890796457456e-05,3.1011837636001344e-05
ID_0EDVOO,1.5137923313851488e-05,4.245901468847012e-05,3.728665006628752e-05,1.5137923313851488e-05,4.245901468847012e-05,3.728665006628752e-05
ID_LZENBE,8.416510136616562e-05,6.875614496388182e-05,5.093627262043765e-05,8.416510136616562e-05,6.875614496388182e-05,5.093627262043765e-05
ID_SWD2XV,0.00031294876323851976,0.0019063521590167013,0.003117148536896178,0.00031294876323851976,0.0019063521590167013,0.003117148536896178
ID_HRPHAH,0.00036511922664145914,0.0017696612018442773,0.002557904272540934,0.00036511922664145914,0.0017696612018442773,0.002557904272540934
ID_LOIBL7,1.5005640645333718e-05,4.260191307698447e-05,5.653993340306756e-05,1.5005640645333718e-05,4.260191307698447e-05,5.653993340306756e-05
ID_O5A5SL,3.584325029834984e-05,5.594025924461218e-05,0.0001086688407507911,3.584325029834984e-05,5.594025924461218e-05,0.0001086688407507911
ID_JDKEGM,5.6964008423157834e-05,0.0001491025638070363,0.0002599536077022098,5.6964008423157834e-05,0.0001491025638070363,0.0002599536077022098
ID_9BJ65V,8.416510136616562e-05,6.875614496388182e-05,5.093627262043765e-05,8.416510136616562e-05,6.875614496388182e-05,5.093627262043765e-05
ID_TOUBDS,8.416510136616562e-05,6.875614496388182e-05,5.093627262043765e-05,8.416510136616562e-05,6.875614496388182e-05,5.093627262043765e-05
ID_LYPHKJ,3.584325029834984e-05,5.594025924461218e-05,0.0001086688407507911,3.584325029834984e-05,5.594025924461218e-05,0.0001086688407507911
ID_7BRQK3,5.2454378167257684e-05,0.00023728978358050155,0.0003875486294803816,5.2454378167257684e-05,0.00023728978358050155,0.0003875486294803816
ID_QFQB36,1.4155332115703133e-05,4.527026947768112e-05,6.403456333608845e-05,1.4155332115703133e-05,4.527026947768112e-05,6.403456333608845e-05
ID_RD2HT8,0.002504241257188817,0.004757024396668032,0.008950836478153463,0.002504241257188817,0.004757024396668032,0.008950836478153463
ID_3IQMTD,2.640959531654341e-05,3.814231243817912e-05,6.310460494194864e-05,2.640959531654341e-05,3.814231243817912e-05,6.310460494194864e-05
ID_YVW8FX,0.00010468843453257588,0.0001033946293514273,7.421472126224648e-05,0.00010468843453257588,0.0001033946293514273,7.421472126224648e-05
ID_8X19A2,5.9120187720302176e-05,0.00015541263031565536,0.00021272554631105662,5.9120187720302176e-05,0.00015541263031565536,0.00021272554631105662
ID_7UBQQ1,5.9120187720302176e-05,0.00015541263031565536,0.00021272554631105662,5.9120187720302176e-05,0.00015541263031565536,0.00021272554631105662
ID_RPDIFP,1.5005640645333718e-05,4.260191307698447e-05,5.653993340306756e-05,1.5005640645333718e-05,4.260191307698447e-05,5.653993340306756e-05
ID_M6XT25,4.2224808594962174e-05,7.25942224357445e-05,0.00013279558587689166,4.2224808594962174e-05,7.25942224357445e-05,0.00013279558587689166
ID_RDJTK6,8.416510136616562e-05,6.875614496388182e-05,5.093627262043765e-05,8.416510136616562e-05,6.875614496388182e-05,5.093627262043765e-05
ID_IK48F6,3.457246409279394e-05,9.422313825484098e-05,0.0001625134707859721,3.457246409279394e-05,9.422313825484098e-05,0.0001625134707859721
ID_BH8L7O,5.6964008423157834e-05,0.0001491025638070363,0.0002599536077022098,5.6964008423157834e-05,0.0001491025638070363,0.0002599536077022098
ID_5MC5NZ,1.5005640645333718e-05,4.260191307698447e-05,5.653993340306756e-05,1.5005640645333718e-05,4.260191307698447e-05,5.653993340306756e-05
ID_U8UVJ0,1.5005640645333718e-05,4.260191307698447e-05,5.653993340306756e-05,1.5005640645333718e-05,4.260191307698447e-05,5.653993340306756e-05
ID_28EYPT,0.002504241257188817,0.004757024396668032,0.008950836478153463,0.002504241257188817,0.004757024396668032,0.008950836478153463
ID_93YWC8,0.0001057888480638659,6.923181835239642e-05,5.56092291434417e-05,0.0001057888480638659,6.923181835239642e-05,5.56092291434417e-05
ID_V5332N,6.994552349317304e-05,0.00011326014299903945,0.00015640639365493568,6.994552349317304e-05,0.00011326014299903945,0.00015640639365493568
ID_W6HDV5,3.457246409279394e-05,9.422313825484098e-05,0.0001625134707859721,3.457246409279394e-05,9.422313825484098e-05,0.0001625134707859721
ID_63DZQ1,3.468284629999733e-05,6.916143769930848e-05,0.00010355615217158623,3.468284629999733e-05,6.916143769930848e-05,0.00010355615217158623
ID_IU1RUI,1.5005640645333718e-05,4.260191307698447e-05,5.653993340306756e-05,1.5005640645333718e-05,4.260191307698447e-05,5.653993340306756e-05
ID_OXNKLU,1.5000243438579349e-05,3.251433672414387e-05,4.1343500030859594e-05,1.5000243438579349e-05,3.251433672414387e-05,4.1343500030859594e-05
ID_VM1XCG,3.584325029834984e-05,5.594025924461218e-05,0.0001086688407507911,3.584325029834984e-05,5.594025924461218e-05,0.0001086688407507911
ID_35VBIN,1.4155332115703133e-05,4.527026947768112e-05,6.403456333608845e-05,1.4155332115703133e-05,4.527026947768112e-05,6.403456333608845e-05
ID_SVQ88Q,1.4765577935357152e-05,3.053431411195071e-05,5.3565324502982366e-05,1.4765577935357152e-05,3.053431411195071e-05,5.3565324502982366e-05
ID_JFWEX9,1.5005640645333718e-05,4.260191307698447e-05,5.653993340306756e-05,1.5005640645333718e-05,4.260191307698447e-05,5.653993340306756e-05
ID_PHWF17,3.584325029834984e-05,5.594025924461218e-05,0.0001086688407507911,3.584325029834984e-05,5.594025924461218e-05,0.0001086688407507911
ID_Y5BIWA,0.0003804390361509354,0.0055306851431875135,0.007508864726328055,0.0003804390361509354,0.0055306851431875135,0.007508864726328055
ID_FZVHYY,3.468284629999733e-05,6.916143769930848e-05,0.00010355615217158623,3.468284629999733e-05,6.916143769930848e-05,0.00010355615217158623
ID_EPTS2K,1.5838059980850012e-05,0.00015697759469861388,0.00023465001223418902,1.5838059980850012e-05,0.00015697759469861388,0.00023465001223418902
ID_Y7L6RK,5.6964008423157834e-05,0.0001491025638070363,0.0002599536077022098,5.6964008423157834e-05,0.0001491025638070363,0.0002599536077022098
ID_M3CIP9,0.0001057888480638659,6.923181835239642e-05,5.56092291434417e-05,0.0001057888480638659,6.923181835239642e-05,5.56092291434417e-05
ID_GJR246,3.584325029834984e-05,5.594025924461218e-05,0.0001086688407507911,3.584325029834984e-05,5.594025924461218e-05,0.0001086688407507911
ID_WOOP5X,4.934481704607507e-05,5.871897249013296e-05,9.86021823143066e-05,4.934481704607507e-05,5.871897249013296e-05,9.86021823143066e-05
ID_89A4YE,1.0551944599017884e-05,4.7368758112163274e-05,7.21835182724896e-05,1.0551944599017884e-05,4.7368758112163274e-05,7.21835182724896e-05
ID_R1CD9F,3.584325029834984e-05,5.594025924461218e-05,0.0001086688407507911,3.584325029834984e-05,5.594025924461218e-05,0.0001086688407507911
ID_NEBCGE,1.4155332115703133e-05,4.527026947768112e-05,6.403456333608845e-05,1.4155332115703133e-05,4.527026947768112e-05,6.403456333608845e-05
ID_AY542M,1.4155332115703133e-05,4.527026947768112e-05,6.403456333608845e-05,1.4155332115703133e-05,4.527026947768112e-05,6.403456333608845e-05
ID_KC3CBG,3.584325029834984e-05,5.594025924461218e-05,0.0001086688407507911,3.584325029834984e-05,5.594025924461218e-05,0.0001086688407507911
ID_K4ZNMT,5.6964008423157834e-05,0.0001491025638070363,0.0002599536077022098,5.6964008423157834e-05,0.0001491025638070363,0.0002599536077022098
ID_SBU7DK,1.5005640645333718e-05,4.260191307698447e-05,5.653993340306756e-05,1.5005640645333718e-05,4.260191307698447e-05,5.653993340306756e-05
ID_60I9OZ,1.5005640645333718e-05,4.260191307698447e-05,5.653993340306756e-05,1.5005640645333718e-05,4.260191307698447e-05,5.653993340306756e-05
ID_CON7O4,1.4765577935357152e-05,3.053431411195071e-05,5.3565324502982366e-05,1.4765577935357152e-05,3.053431411195071e-05,5.3565324502982366e-05
ID_WYGX88,0.0001057888480638659,6.923181835239642e-05,5.56092291434417e-05,0.0001057888480638659,6.923181835239642e-05,5.56092291434417e-05
ID_KEJ9UP,1.4765577935357152e-05,3.053431411195071e-05,5.3565324502982366e-05,1.4765577935357152e-05,3.053431411195071e-05,5.3565324502982366e-05
ID_49D2AR,6.994552349317304e-05,0.00011326014299903945,0.00015640639365493568,6.994552349317304e-05,0.00011326014299903945,0.00015640639365493568
ID_V7DMUX,0.00010468843453257588,0.0001033946293514273,7.421472126224648e-05,0.00010468843453257588,0.0001033946293514273,7.421472126224648e-05
ID_ZLQ4JH,6.994552349317304e-05,0.00011326014299903945,0.00015640639365493568,6.994552349317304e-05,0.00011326014299903945,0.00015640639365493568
ID_677O8P,1.5005640645333718e-05,4.260191307698447e-05,5.653993340306756e-05,1.5005640645333718e-05,4.260191307698447e-05,5.653993340306756e-05
ID_D02ECF,1.4583529972794353e-05,3.326514945822322e-05,4.6521221830706294e-05,1.4583529972794353e-05,3.326514945822322e-05,4.6521221830706294e-05
ID_5QBTV9,5.2454378167257684e-05,0.00023728978358050155,0.0003875486294803816,5.2454378167257684e-05,0.00023728978358050155,0.0003875486294803816
ID_25GIGF,0.0001057888480638659,6.923181835239642e-05,5.56092291434417e-05,0.0001057888480638659,6.923181835239642e-05,5.56092291434417e-05
ID_2EYUSI,8.416510136616562e-05,6.875614496388182e-05,5.093627262043765e-05,8.416510136616562e-05,6.875614496388182e-05,5.093627262043765e-05
ID_AFJISS,5.6964008423157834e-05,0.0001491025638070363,0.0002599536077022098,5.6964008423157834e-05,0.0001491025638070363,0.0002599536077022098
ID_P95MFR,3.468284629999733e-05,6.916143769930848e-05,0.00010355615217158623,3.468284629999733e-05,6.916143769930848e-05,0.00010355615217158623
ID_7LNIHE,1.5005640645333718e-05,4.260191307698447e-05,5.653993340306756e-05,1.5005640645333718e-05,4.260191307698447e-05,5.653993340306756e-05
ID_RJFY9O,1.4765577935357152e-05,3.053431411195071e-05,5.3565324502982366e-05,1.4765577935357152e-05,3.053431411195071e-05,5.3565324502982366e-05
ID_DHPPV2,5.6219848744239534e-05,0.00016995903644916169,0.00024593963088902286,5.6219848744239534e-05,0.00016995903644916169,0.00024593963088902286
ID_GW0TFH,6.994552349317304e-05,0.00011326014299903945,0.00015640639365493568,6.994552349317304e-05,0.00011326014299903945,0.00015640639365493568
ID_NL68DQ,0.002692285990238005,0.005210176975502123,0.009591668169392314,0.002692285990238005,0.005210176975502123,0.009591668169392314
ID_7V19DB,1.5005640645333718e-05,4.260191307698447e-05,5.653993340306756e-05,1.5005640645333718e-05,4.260191307698447e-05,5.653993340306756e-05
ID_8H47OG,1.5000243438579349e-05,3.251433672414387e-05,4.1343500030859594e-05,1.5000243438579349e-05,3.251433672414387e-05,4.1343500030859594e-05
ID_ZVKA4U,3.584325029834984e-05,5.594025924461218e-05,0.0001086688407507911,3.584325029834984e-05,5.594025924461218e-05,0.0001086688407507911
ID_ATOU9I,6.994552349317304e-05,0.00011326014299903945,0.00015640639365493568,6.994552349317304e-05,0.00011326014299903945,0.00015640639365493568
ID_XYCHYM,1.5838059980850012e-05,0.00015697759469861388,0.00023465001223418902,1.5838059980850012e-05,0.00015697759469861388,0.00023465001223418902
ID_E34NO5,5.6964008423157834e-05,0.0001491025638070363,0.0002599536077022098,5.6964008423157834e-05,0.0001491025638070363,0.0002599536077022098
ID_P64AZ0,8.375669543781328e-05,5.721141830077141e-05,3.462660071754728e-05,8.375669543781328e-05,5.721141830077141e-05,3.462660071754728e-05
ID_1QOZJU,6.994552349317304e-05,0.00011326014299903945,0.00015640639365493568,6.994552349317304e-05,0.00011326014299903945,0.00015640639365493568
ID_XLYALT,5.6964008423157834e-05,0.0001491025638070363,0.0002599536077022098,5.6964008423157834e-05,0.0001491025638070363,0.0002599536077022098
ID_WGDRNV,1.4583529972794353e-05,3.326514945822322e-05,4.6521221830706294e-05,1.4583529972794353e-05,3.326514945822322e-05,4.6521221830706294e-05
ID_B6R04O,1.618133369813726e-05,2.936829202794756e-05,3.396989391078928e-05,1.618133369813726e-05,2.936829202794756e-05,3.396989391078928e-05
ID_LNUKMI,8.416510136616562e-05,6.875614496388182e-05,5.093627262043765e-05,8.416510136616562e-05,6.875614496388182e-05,5.093627262043765e-05
ID_YQU1KF,3.584325029834984e-05,5.594025924461218e-05,0.0001086688407507911,3.584325029834984e-05,5.594025924461218e-05,0.0001086688407507911
ID_8NHM2A,3.468284629999733e-05,6.916143769930848e-05,0.00010355615217158623,3.468284629999733e-05,6.916143769930848e-05,0.00010355615217158623
ID_CDOW4B,1.5005640645333718e-05,4.260191307698447e-05,5.653993340306756e-05,1.5005640645333718e-05,4.260191307698447e-05,5.653993340306756e-05
ID_EX6VFO,1.4765577935357152e-05,3.053431411195071e-05,5.3565324502982366e-05,1.4765577935357152e-05,3.053431411195071e-05,5.3565324502982366e-05
ID_5RO8MY,6.994552349317304e-05,0.00011326014299903945,0.00015640639365493568,6.994552349317304e-05,0.00011326014299903945,0.00015640639365493568
ID_JLMYMA,1.5838059980850012e-05,0.00015697759469861388,0.00023465001223418902,1.5838059980850012e-05,0.00015697759469861388,0.00023465001223418902
ID_MVEV3V,8.416510136616562e-05,6.875614496388182e-05,5.093627262043765e-05,8.416510136616562e-05,6.875614496388182e-05,5.093627262043765e-05
ID_5S5YUE,5.6964008423157834e-05,0.0001491025638070363,0.0002599536077022098,5.6964008423157834e-05,0.0001491025638070363,0.0002599536077022098
ID_6VX4DA,1.4583529972794353e-05,3.326514945822322e-05,4.6521221830706294e-05,1.4583529972794353e-05,3.326514945822322e-05,4.6521221830706294e-05
ID_SC5634,0.0001057888480638659,6.923181835239642e-05,5.56092291434417e-05,0.0001057888480638659,6.923181835239642e-05,5.56092291434417e-05
ID_EZO6E7,0.00014296405335436903,0.00019722409569312172,0.00024302492787471236,0.00014296405335436903,0.00019722409569312172,0.00024302492787471236
ID_6QKL3H,1.549133065870507e-05,6.98826213807342e-05,0.00012464568653944844,1.549133065870507e-05,6.98826213807342e-05,0.00012464568653944844
ID_A11EEW,6.064146864316756e-05,0.0018888177795592133,0.0019113840745532626,6.064146864316756e-05,0.0018888177795592133,0.0019113840745532626
ID_1F53HQ,5.6964008423157834e-05,0.0001491025638070363,0.0002599536077022098,5.6964008423157834e-05,0.0001491025638070363,0.0002599536077022098
ID_BPD0T4,5.513314875737041e-05,0.00012080271559089923,0.00014419121303576465,5.513314875737041e-05,0.00012080271559089923,0.00014419121303576465
ID_6P0J6L,3.457246409279394e-05,9.422313825484098e-05,0.0001625134707859721,3.457246409279394e-05,9.422313825484098e-05,0.0001625134707859721
ID_2M35S8,0.0010090154424594476,0.002019781006691264,0.005819846419627582,0.0010090154424594476,0.002019781006691264,0.005819846419627582
ID_Z0NFOR,1.4155332115703133e-05,4.527026947768112e-05,6.403456333608845e-05,1.4155332115703133e-05,4.527026947768112e-05,6.403456333608845e-05
ID_EXDP8Y,3.468284629999733e-05,6.916143769930848e-05,0.00010355615217158623,3.468284629999733e-05,6.916143769930848e-05,0.00010355615217158623
ID_QRLVAL,0.0001057888480638659,6.923181835239642e-05,5.56092291434417e-05,0.0001057888480638659,6.923181835239642e-05,5.56092291434417e-05
ID_Y8G6YL,4.2224808594962174e-05,7.25942224357445e-05,0.00013279558587689166,4.2224808594962174e-05,7.25942224357445e-05,0.00013279558587689166
ID_X6X0ZN,3.584325029834984e-05,5.594025924461218e-05,0.0001086688407507911,3.584325029834984e-05,5.594025924461218e-05,0.0001086688407507911
ID_LYVJ1L,3.584325029834984e-05,5.594025924461218e-05,0.0001086688407507911,3.584325029834984e-05,5.594025924461218e-05,0.0001086688407507911
ID_MNE22V,3.584325029834984e-05,5.594025924461218e-05,0.0001086688407507911,3.584325029834984e-05,5.594025924461218e-05,0.0001086688407507911
ID_PUNH2D,4.2224808594962174e-05,7.25942224357445e-05,0.00013279558587689166,4.2224808594962174e-05,7.25942224357445e-05,0.00013279558587689166
ID_8WSWMT,8.375669543781328e-05,5.721141830077141e-05,3.462660071754728e-05,8.375669543781328e-05,5.721141830077141e-05,3.462660071754728e-05
ID_ZDYSIZ,3.584325029834984e-05,5.594025924461218e-05,0.0001086688407507911,3.584325029834984e-05,5.594025924461218e-05,0.0001086688407507911
ID_PFPEKM,0.00014296405335436903,0.00019722409569312172,0.00024302492787471236,0.00014296405335436903,0.00019722409569312172,0.00024302492787471236
ID_NNZAIC,1.4583529972794353e-05,3.326514945822322e-05,4.6521221830706294e-05,1.4583529972794353e-05,3.326514945822322e-05,4.6521221830706294e-05
ID_1TLG7R,1.5005640645333718e-05,4.260191307698447e-05,5.653993340306756e-05,1.5005640645333718e-05,4.260191307698447e-05,5.653993340306756e-05
ID_9H2JEC,5.9120187720302176e-05,0.00015541263031565536,0.00021272554631105662,5.9120187720302176e-05,0.00015541263031565536,0.00021272554631105662
ID_LLCJJG,1.4583529972794353e-05,3.326514945822322e-05,4.6521221830706294e-05,1.4583529972794353e-05,3.326514945822322e-05,4.6521221830706294e-05
ID_7ILKZQ,8.416510136616562e-05,6.875614496388182e-05,5.093627262043765e-05,8.416510136616562e-05,6.875614496388182e-05,5.093627262043765e-05
ID_UBXNCV,3.457246409279394e-05,9.422313825484098e-05,0.0001625134707859721,3.457246409279394e-05,9.422313825484098e-05,0.0001625134707859721
ID_UXA3BF,1.4765577935357152e-05,3.053431411195071e-05,5.3565324502982366e-05,1.4765577935357152e-05,3.053431411195071e-05,5.3565324502982366e-05
ID_249DRM,0.00010468843453257588,0.0001033946293514273,7.421472126224648e-05,0.00010468843453257588,0.0001033946293514273,7.421472126224648e-05
ID_Z9QNGS,8.416510136616562e-05,6.875614496388182e-05,5.093627262043765e-05,8.416510136616562e-05,6.875614496388182e-05,5.093627262043765e-05
ID_5V5YL7,1.4583529972794353e-05,3.326514945822322e-05,4.6521221830706294e-05,1.4583529972794353e-05,3.326514945822322e-05,4.6521221830706294e-05
ID_A7GQU5,4.2224808594962174e-05,7.25942224357445e-05,0.00013279558587689166,4.2224808594962174e-05,7.25942224357445e-05,0.00013279558587689166
ID_B33J1S,3.584325029834984e-05,5.594025924461218e-05,0.0001086688407507911,3.584325029834984e-05,5.594025924461218e-05,0.0001086688407507911
ID_KO7FBB,1.6033492736378948e-05,4.064928021882893e-05,6.106884089313794e-05,1.6033492736378948e-05,4.064928021882893e-05,6.106884089313794e-05
ID_7DB6U3,0.00014296405335436903,0.00019722409569312172,0.00024302492787471236,0.00014296405335436903,0.00019722409569312172,0.00024302492787471236
ID_L6C55N,1.5005640645333718e-05,4.260191307698447e-05,5.653993340306756e-05,1.5005640645333718e-05,4.260191307698447e-05,5.653993340306756e-05
ID_5S3A5Z,1.5838059980850012e-05,0.00015697759469861388,0.00023465001223418902,1.5838059980850012e-05,0.00015697759469861388,0.00023465001223418902
ID_WNRIP1,0.0001057888480638659,6.923181835239642e-05,5.56092291434417e-05,0.0001057888480638659,6.923181835239642e-05,5.56092291434417e-05
ID_14WLPI,8.416510136616562e-05,6.875614496388182e-05,5.093627262043765e-05,8.416510136616562e-05,6.875614496388182e-05,5.093627262043765e-05
ID_O9X6J6,0.00010468843453257588,0.0001033946293514273,7.421472126224648e-05,0.00010468843453257588,0.0001033946293514273,7.421472126224648e-05
ID_RA2DLW,0.0001057888480638659,6.923181835239642e-05,5.56092291434417e-05,0.0001057888480638659,6.923181835239642e-05,5.56092291434417e-05
ID_3ARXWX,8.416510136616562e-05,6.875614496388182e-05,5.093627262043765e-05,8.416510136616562e-05,6.875614496388182e-05,5.093627262043765e-05
ID_GTXRS7,1.4583529972794353e-05,3.326514945822322e-05,4.6521221830706294e-05,1.4583529972794353e-05,3.326514945822322e-05,4.6521221830706294e-05
ID_53HFX3,3.407248761445098e-05,0.00019419017743945268,0.0003660005271035816,3.407248761445098e-05,0.00019419017743945268,0.0003660005271035816
ID_MHS7P6,1.5005640645333718e-05,4.260191307698447e-05,5.653993340306756e-05,1.5005640645333718e-05,4.260191307698447e-05,5.653993340306756e-05
ID_83W356,9.188342956342764e-06,5.1279331743935065e-05,6.671621753847922e-05,9.188342956342764e-06,5.1279331743935065e-05,6.671621753847922e-05
ID_YYDX2H,1.5005640645333718e-05,4.260191307698447e-05,5.653993340306756e-05,1.5005640645333718e-05,4.260191307698447e-05,5.653993340306756e-05
ID_LM4X5P,5.6964008423157834e-05,0.0001491025638070363,0.0002599536077022098,5.6964008423157834e-05,0.0001491025638070363,0.0002599536077022098
ID_RUYJOV,1.5838059980850012e-05,0.00015697759469861388,0.00023465001223418902,1.5838059980850012e-05,0.00015697759469861388,0.00023465001223418902
ID_VWYZDV,0.00039150294776692864,0.002033970960386563,0.0029771680184971653,0.00039150294776692864,0.002033970960386563,0.0029771680184971653
ID_SMEEWO,3.457246409279394e-05,9.422313825484098e-05,0.0001625134707859721,3.457246409279394e-05,9.422313825484098e-05,0.0001625134707859721
ID_6AMJI3,0.0001057888480638659,6.923181835239642e-05,5.56092291434417e-05,0.0001057888480638659,6.923181835239642e-05,5.56092291434417e-05
ID_34VCUO,1.5838059980850012e-05,0.00015697759469861388,0.00023465001223418902,1.5838059980850012e-05,0.00015697759469861388,0.00023465001223418902
ID_B3QCGW,3.584325029834984e-05,5.594025924461218e-05,0.0001086688407507911,3.584325029834984e-05,5.594025924461218e-05,0.0001086688407507911
ID_YJ4QD4,0.00011536935950891786,0.0001439502362957275,0.00027954655784073333,0.00011536935950891786,0.0001439502362957275,0.00027954655784073333
ID_H4YDLW,0.00015457169819956958,0.0002304931305539734,0.0004003796854930168,0.00015457169819956958,0.0002304931305539734,0.0004003796854930168
ID_E03C34,0.00044480306219816444,0.00044615760551049995,0.0007812238108980199,0.00044480306219816444,0.00044615760551049995,0.0007812238108980199
ID_170IHM,0.00044480306219816444,0.00044615760551049995,0.0007812238108980199,0.00044480306219816444,0.00044615760551049995,0.0007812238108980199
ID_AQD45I,0.001833914228966714,0.008158086898485935,0.019981195115476847,0.001833914228966714,0.008158086898485935,0.019981195115476847
ID_XVPUUZ,0.001833914228966714,0.008158086898485935,0.019981195115476847,0.001833914228966714,0.008158086898485935,0.019981195115476847
ID_XI6QQ0,0.0006494361857320421,0.0012029418184091266,0.001997004641182237,0.0006494361857320421,0.0012029418184091266,0.001997004641182237
ID_GN5HJG,0.011150515952563323,0.011961883097005285,0.012792484718086528,0.011150515952563323,0.011961883097005285,0.012792484718086528
ID_72UHEN,5.4899310680711115e-05,4.633709810684235e-05,6.688477993232415e-05,5.4899310680711115e-05,4.633709810684235e-05,6.688477993232415e-05
ID_TM0IMP,0.001833914228966714,0.008158086898485935,0.019981195115476847,0.001833914228966714,0.008158086898485935,0.019981195115476847
ID_YGEZQG,0.004531600817614299,0.02141776173176956,0.041571597085903744,0.004531600817614299,0.02141776173176956,0.041571597085903744
ID_NB35EZ,0.00011536935950891786,0.0001439502362957275,0.00027954655784073333,0.00011536935950891786,0.0001439502362957275,0.00027954655784073333
ID_B44OOF,0.00044480306219816444,0.00044615760551049995,0.0007812238108980199,0.00044480306219816444,0.00044615760551049995,0.0007812238108980199
ID_NTHRCW,3.662356325329822e-05,0.0001004079436523016,0.0001834434969293056,3.662356325329822e-05,0.0001004079436523016,0.0001834434969293056
ID_4M0YMS,0.00022336090284038302,0.0002972990429879874,0.000479484930611368,0.00022336090284038302,0.0002972990429879874,0.000479484930611368
ID_MDPJ5N,0.00044480306219816444,0.00044615760551049995,0.0007812238108980199,0.00044480306219816444,0.00044615760551049995,0.0007812238108980199
ID_GCE89L,0.0006494361857320421,0.0012029418184091266,0.001997004641182237,0.0006494361857320421,0.0012029418184091266,0.001997004641182237
ID_5I780C,6.776476643980601e-05,5.7128362575695744e-05,7.467904777911925e-05,6.776476643980601e-05,5.7128362575695744e-05,7.467904777911925e-05
ID_2B7SR5,0.00011536935950891786,0.0001439502362957275,0.00027954655784073333,0.00011536935950891786,0.0001439502362957275,0.00027954655784073333
ID_NUEHVL,0.00011536935950891786,0.0001439502362957275,0.00027954655784073333,0.00011536935950891786,0.0001439502362957275,0.00027954655784073333
ID_M0Z56V,5.4899310680711115e-05,4.633709810684235e-05,6.688477993232415e-05,5.4899310680711115e-05,4.633709810684235e-05,6.688477993232415e-05
ID_QWOKAX,9.281714579613844e-05,5.385600948954464e-05,8.654979675859721e-05,9.281714579613844e-05,5.385600948954464e-05,8.654979675859721e-05
ID_6E3ARV,0.00022336090284038302,0.0002972990429879874,0.000479484930611368,0.00022336090284038302,0.0002972990429879874,0.000479484930611368
ID_F120A9,0.004531600817614299,0.02141776173176956,0.041571597085903744,0.004531600817614299,0.02141776173176956,0.041571597085903744
ID_92GH8G,3.140719642554646e-05,4.465722405307858e-05,6.108466054592513e-05,3.140719642554646e-05,4.465722405307858e-05,6.108466054592513e-05
ID_SK11B2,0.00022336090284038302,0.0002972990429879874,0.000479484930611368,0.00022336090284038302,0.0002972990429879874,0.000479484930611368
ID_3ONHGA,0.0006494361857320421,0.0012029418184091266,0.001997004641182237,0.0006494361857320421,0.0012029418184091266,0.001997004641182237
ID_CCEFHU,0.00044480306219816444,0.00044615760551049995,0.0007812238108980199,0.00044480306219816444,0.00044615760551049995,0.0007812238108980199
ID_N914ML,0.0004174318628216396,0.00043596487888197116,0.0008214202731418278,0.0004174318628216396,0.00043596487888197116,0.0008214202731418278
ID_DT1RJO,0.007548126688967785,0.026745911439591975,0.0525413496024902,0.007548126688967785,0.026745911439591975,0.0525413496024902
ID_AKS62G,5.4899310680711115e-05,4.633709810684235e-05,6.688477993232415e-05,5.4899310680711115e-05,4.633709810684235e-05,6.688477993232415e-05
ID_AOUGMR,5.928398079816879e-05,8.377191117999712e-05,0.00011490264948620316,5.928398079816879e-05,8.377191117999712e-05,0.00011490264948620316
ID_5R164Q,5.4899310680711115e-05,4.633709810684235e-05,6.688477993232415e-05,5.4899310680711115e-05,4.633709810684235e-05,6.688477993232415e-05
ID_HNW1SP,0.00011536935950891786,0.0001439502362957275,0.00027954655784073333,0.00011536935950891786,0.0001439502362957275,0.00027954655784073333
ID_OOPSZH,0.00044480306219816444,0.00044615760551049995,0.0007812238108980199,0.00044480306219816444,0.00044615760551049995,0.0007812238108980199
ID_VAJKEF,0.00044480306219816444,0.00044615760551049995,0.0007812238108980199,0.00044480306219816444,0.00044615760551049995,0.0007812238108980199
ID_XO432P,5.1024191900809416e-05,5.878143186217429e-05,6.639693158514203e-05,5.1024191900809416e-05,5.878143186217429e-05,6.639693158514203e-05
ID_EIKAR0,0.00022336090284038302,0.0002972990429879874,0.000479484930611368,0.00022336090284038302,0.0002972990429879874,0.000479484930611368
ID_DYDUC0,0.001833914228966714,0.008158086898485935,0.019981195115476847,0.001833914228966714,0.008158086898485935,0.019981195115476847
ID_0E6AWX,0.0004174318628216396,0.00043596487888197116,0.0008214202731418278,0.0004174318628216396,0.00043596487888197116,0.0008214202731418278
ID_RCKGWH,0.00011536935950891786,0.0001439502362957275,0.00027954655784073333,0.00011536935950891786,0.0001439502362957275,0.00027954655784073333
ID_MPEJJ7,0.0006494361857320421,0.0012029418184091266,0.001997004641182237,0.0006494361857320421,0.0012029418184091266,0.001997004641182237
ID_92GB4X,0.0006494361857320421,0.0012029418184091266,0.001997004641182237,0.0006494361857320421,0.0012029418184091266,0.001997004641182237
ID_PF9MLB,9.281714579613844e-05,5.385600948954464e-05,8.654979675859721e-05,9.281714579613844e-05,5.385600948954464e-05,8.654979675859721e-05
ID_BKPXHW,0.00011536935950891786,0.0001439502362957275,0.00027954655784073333,0.00011536935950891786,0.0001439502362957275,0.00027954655784073333
ID_0U0CZ6,2.6407576550420517e-05,2.9765739099962406e-05,4.841301740243546e-05,2.6407576550420517e-05,2.9765739099962406e-05,4.841301740243546e-05
ID_W2OT9E,0.0004174318628216396,0.00043596487888197116,0.0008214202731418278,0.0004174318628216396,0.00043596487888197116,0.0008214202731418278
ID_533G8B,2.6407576550420517e-05,2.9765739099962406e-05,4.841301740243546e-05,2.6407576550420517e-05,2.9765739099962406e-05,4.841301740243546e-05
ID_Z8YTI6,0.0006494361857320421,0.0012029418184091266,0.001997004641182237,0.0006494361857320421,0.0012029418184091266,0.001997004641182237
ID_6C4OE9,0.001833914228966714,0.008158086898485935,0.019981195115476847,0.001833914228966714,0.008158086898485935,0.019981195115476847
ID_KL4MG7,0.0004174318628216396,0.00043596487888197116,0.0008214202731418278,0.0004174318628216396,0.00043596487888197116,0.0008214202731418278
ID_MTIIWZ,0.00022336090284038302,0.0002972990429879874,0.000479484930611368,0.00022336090284038302,0.0002972990429879874,0.000479484930611368
ID_FUAXKT,0.00022336090284038302,0.0002972990429879874,0.000479484930611368,0.00022336090284038302,0.0002972990429879874,0.000479484930611368
ID_2FIUCN,0.0355247419820275,0.03526305972453748,0.02928894986467176,0.0355247419820275,0.03526305972453748,0.02928894986467176
ID_BZ0G9W,1.3514675699272103e-05,7.23204200059795e-05,0.0001211338551077802,1.3514675699272103e-05,7.23204200059795e-05,0.0001211338551077802
ID_UK2N3N,0.01975134082233765,0.04018281417787852,0.054460610215923654,0.01975134082233765,0.04018281417787852,0.054460610215923654
ID_51JHHB,2.6391406104982872e-05,0.0001068403704661814,0.00014000967742029027,2.6391406104982872e-05,0.0001068403704661814,0.00014000967742029027
ID_E8M783,0.00016187513066632443,0.000689705782186078,0.0008931915929654185,0.00016187513066632443,0.000689705782186078,0.0008931915929654185
ID_HGRL68,0.0007693303929629192,0.005726012760631947,0.004321456988709052,0.0007693303929629192,0.005726012760631947,0.004321456988709052
ID_Z099ZD,0.022518151893837744,0.03250017128227957,0.028857551678191585,0.022518151893837744,0.03250017128227957,0.028857551678191585
ID_J98CG9,0.00016187513066632443,0.000689705782186078,0.0008931915929654185,0.00016187513066632443,0.000689705782186078,0.0008931915929654185
ID_3UQ81U,0.0007693303929629192,0.005726012760631947,0.004321456988709052,0.0007693303929629192,0.005726012760631947,0.004321456988709052
ID_NZIYML,0.00016187513066632443,0.000689705782186078,0.0008931915929654185,0.00016187513066632443,0.000689705782186078,0.0008931915929654185
ID_TDYO22,2.6391406104982872e-05,0.0001068403704661814,0.00014000967742029027,2.6391406104982872e-05,0.0001068403704661814,0.00014000967742029027
ID_PJ4KK1,0.00016187513066632443,0.000689705782186078,0.0008931915929654185,0.00016187513066632443,0.000689705782186078,0.0008931915929654185
ID_I9K28A,5.8847226108212436e-05,0.0005878435146304345,0.0010713948968010848,5.8847226108212436e-05,0.0005878435146304345,0.0010713948968010848
ID_1DU4K9,0.00016187513066632443,0.000689705782186078,0.0008931915929654185,0.00016187513066632443,0.000689705782186078,0.0008931915929654185
ID_GTAZM3,0.0007693303929629192,0.005726012760631947,0.004321456988709052,0.0007693303929629192,0.005726012760631947,0.004321456988709052
ID_85BE9E,1.023079907607692e-05,7.643890722845926e-05,0.00012246741560974006,1.023079907607692e-05,7.643890722845926e-05,0.00012246741560974006
ID_7P1FDA,1.023079907607692e-05,7.643890722845926e-05,0.00012246741560974006,1.023079907607692e-05,7.643890722845926e-05,0.00012246741560974006
ID_RUN0MH,1.9571327780684932e-05,8.327399645444045e-05,0.00012939187726850772,1.9571327780684932e-05,8.327399645444045e-05,0.00012939187726850772
ID_YBFBW4,0.01975134082233765,0.04018281417787852,0.054460610215923654,0.01975134082233765,0.04018281417787852,0.054460610215923654
ID_NE459Y,0.0355247419820275,0.03526305972453748,0.02928894986467176,0.0355247419820275,0.03526305972453748,0.02928894986467176
ID_GGZZ9O,0.01975134082233765,0.04018281417787852,0.054460610215923654,0.01975134082233765,0.04018281417787852,0.054460610215923654
ID_H1PP14,0.00016187513066632443,0.000689705782186078,0.0008931915929654185,0.00016187513066632443,0.000689705782186078,0.0008931915929654185
ID_0PPL34,0.0355247419820275,0.03526305972453748,0.02928894986467176,0.0355247419820275,0.03526305972453748,0.02928894986467176
ID_CRMQQO,1.3514675699272103e-05,7.23204200059795e-05,0.0001211338551077802,1.3514675699272103e-05,7.23204200059795e-05,0.0001211338551077802
ID_A0YIQ0,0.0355247419820275,0.03526305972453748,0.02928894986467176,0.0355247419820275,0.03526305972453748,0.02928894986467176
ID_Q1TCRH,1.3514675699272103e-05,7.23204200059795e-05,0.0001211338551077802,1.3514675699272103e-05,7.23204200059795e-05,0.0001211338551077802
ID_94MXFN,1.3514675699272103e-05,7.23204200059795e-05,0.0001211338551077802,1.3514675699272103e-05,7.23204200059795e-05,0.0001211338551077802
ID_88SLJ5,0.0355247419820275,0.03526305972453748,0.02928894986467176,0.0355247419820275,0.03526305972453748,0.02928894986467176
ID_ECEAEJ,5.8847226108212436e-05,0.0005878435146304345,0.0010713948968010848,5.8847226108212436e-05,0.0005878435146304345,0.0010713948968010848
ID_4QDWP4,0.00016187513066632443,0.000689705782186078,0.0008931915929654185,0.00016187513066632443,0.000689705782186078,0.0008931915929654185
ID_UH4UW8,0.0007693303929629192,0.005726012760631947,0.004321456988709052,0.0007693303929629192,0.005726012760631947,0.004321456988709052
ID_VCFVPX,0.00016187513066632443,0.000689705782186078,0.0008931915929654185,0.00016187513066632443,0.000689705782186078,0.0008931915929654185
ID_04ZSOG,0.00016187513066632443,0.000689705782186078,0.0008931915929654185,0.00016187513066632443,0.000689705782186078,0.0008931915929654185
ID_BQ8JLJ,0.00016187513066632443,0.000689705782186078,0.0008931915929654185,0.00016187513066632443,0.000689705782186078,0.0008931915929654185
ID_35RX02,0.0007693303929629192,0.005726012760631947,0.004321456988709052,0.0007693303929629192,0.005726012760631947,0.004321456988709052
ID_GOXE3K,0.00016187513066632443,0.000689705782186078,0.0008931915929654185,0.00016187513066632443,0.000689705782186078,0.0008931915929654185
ID_U5RFQ3,0.00016187513066632443,0.000689705782186078,0.0008931915929654185,0.00016187513066632443,0.000689705782186078,0.0008931915929654185
ID_DM55ZQ,1.3514675699272103e-05,7.23204200059795e-05,0.0001211338551077802,1.3514675699272103e-05,7.23204200059795e-05,0.0001211338551077802
ID_A1QQRA,0.0355247419820275,0.03526305972453748,0.02928894986467176,0.0355247419820275,0.03526305972453748,0.02928894986467176
ID_19O4B5,0.00016187513066632443,0.000689705782186078,0.0008931915929654185,0.00016187513066632443,0.000689705782186078,0.0008931915929654185
ID_5REP3T,0.0007693303929629192,0.005726012760631947,0.004321456988709052,0.0007693303929629192,0.005726012760631947,0.004321456988709052
ID_OF5R7M,0.0355247419820275,0.03526305972453748,0.02928894986467176,0.0355247419820275,0.03526305972453748,0.02928894986467176
ID_Q1LGPO,1.9571327780684932e-05,8.327399645444045e-05,0.00012939187726850772,1.9571327780684932e-05,8.327399645444045e-05,0.00012939187726850772
ID_K5EEX9,0.00016187513066632443,0.000689705782186078,0.0008931915929654185,0.00016187513066632443,0.000689705782186078,0.0008931915929654185
ID_IQGKMC,0.0007693303929629192,0.005726012760631947,0.004321456988709052,0.0007693303929629192,0.005726012760631947,0.004321456988709052
ID_HT38F6,0.00016187513066632443,0.000689705782186078,0.0008931915929654185,0.00016187513066632443,0.000689705782186078,0.0008931915929654185
ID_LZLRNV,1.023079907607692e-05,7.643890722845926e-05,0.00012246741560974006,1.023079907607692e-05,7.643890722845926e-05,0.00012246741560974006
ID_TWJQGO,1.3514675699272103e-05,7.23204200059795e-05,0.0001211338551077802,1.3514675699272103e-05,7.23204200059795e-05,0.0001211338551077802
ID_0CL91E,3.477987520355664e-05,0.00010078750270157616,0.00014595182609734704,3.477987520355664e-05,0.00010078750270157616,0.00014595182609734704
ID_57W8R1,1.3514675699272103e-05,7.23204200059795e-05,0.0001211338551077802,1.3514675699272103e-05,7.23204200059795e-05,0.0001211338551077802
ID_5WL00B,0.022518151893837744,0.03250017128227957,0.028857551678191585,0.022518151893837744,0.03250017128227957,0.028857551678191585
ID_GXWOO5,1.7218659897948138e-05,4.9670050732447584e-05,7.839291684425383e-05,1.7218659897948138e-05,4.9670050732447584e-05,7.839291684425383e-05
ID_TWRUWM,1.0374662825793442e-05,3.281237788555441e-05,9.074702244112696e-05,1.0374662825793442e-05,3.281237788555441e-05,9.074702244112696e-05
ID_A9BGIR,9.084520053474478e-06,1.3090907411333473e-05,1.8933200670991844e-05,9.084520053474478e-06,1.3090907411333473e-05,1.8933200670991844e-05
ID_2JI71I,2.0655423935963267e-05,7.069306553155205e-05,7.478711387124002e-05,2.0655423935963267e-05,7.069306553155205e-05,7.478711387124002e-05
ID_ML47TN,6.764065069135359e-06,1.3197634356486982e-05,1.8617026230517736e-05,6.764065069135359e-06,1.3197634356486982e-05,1.8617026230517736e-05
ID_7WZ9FK,1.7218659897948138e-05,4.9670050732447584e-05,7.839291684425383e-05,1.7218659897948138e-05,4.9670050732447584e-05,7.839291684425383e-05
ID_DRELA9,1.7218659897948138e-05,4.9670050732447584e-05,7.839291684425383e-05,1.7218659897948138e-05,4.9670050732447584e-05,7.839291684425383e-05
ID_J8US98,1.5964397595536266e-05,1.9486570031843105e-05,2.6369909651921087e-05,1.5964397595536266e-05,1.9486570031843105e-05,2.6369909651921087e-05
ID_H10W0Q,1.7218659897948138e-05,4.9670050732447584e-05,7.839291684425383e-05,1.7218659897948138e-05,4.9670050732447584e-05,7.839291684425383e-05
ID_9ZL287,6.764065069135359e-06,1.3197634356486982e-05,1.8617026230517736e-05,6.764065069135359e-06,1.3197634356486982e-05,1.8617026230517736e-05
ID_TZBCSR,2.0655423935963267e-05,7.069306553155205e-05,7.478711387124002e-05,2.0655423935963267e-05,7.069306553155205e-05,7.478711387124002e-05
ID_FTIP85,2.0655423935963267e-05,7.069306553155205e-05,7.478711387124002e-05,2.0655423935963267e-05,7.069306553155205e-05,7.478711387124002e-05
ID_FJN24X,1.2596303814145805e-05,5.0035327059109245e-05,7.705186872037118e-05,1.2596303814145805e-05,5.0035327059109245e-05,7.705186872037118e-05
ID_VKFW41,1.3833419426945338e-05,7.092305115045152e-05,6.81495571987482e-05,1.3833419426945338e-05,7.092305115045152e-05,6.81495571987482e-05
ID_TAJUDM,1.0266008437334762e-05,1.9114263388293377e-05,2.3798391225445416e-05,1.0266008437334762e-05,1.9114263388293377e-05,2.3798391225445416e-05
ID_MTGYGV,1.5964397595536266e-05,1.9486570031843105e-05,2.6369909651921087e-05,1.5964397595536266e-05,1.9486570031843105e-05,2.6369909651921087e-05
ID_71YOL3,0.00015655373760887418,0.00020632439247654098,0.00033525331448873126,0.00015655373760887418,0.00020632439247654098,0.00033525331448873126
ID_7CNHAN,0.0009578531397742682,0.000872031412973836,0.0011483324266147264,0.0009578531397742682,0.000872031412973836,0.0011483324266147264
ID_OZTOGX,0.00015655373760887418,0.00020632439247654098,0.00033525331448873126,0.00015655373760887418,0.00020632439247654098,0.00033525331448873126
ID_S9GOKQ,0.00015655373760887418,0.00020632439247654098,0.00033525331448873126,0.00015655373760887418,0.00020632439247654098,0.00033525331448873126
ID_TCCXJY,0.0062039363937237725,0.005275176426332699,0.004398943337368761,0.0062039363937237725,0.005275176426332699,0.004398943337368761
ID_UJI7EY,1.3833419426945338e-05,7.092305115045152e-05,6.81495571987482e-05,1.3833419426945338e-05,7.092305115045152e-05,6.81495571987482e-05
ID_WSXVUU,7.889672367348428e-06,3.245849340063649e-05,9.791349891595381e-05,7.889672367348428e-06,3.245849340063649e-05,9.791349891595381e-05
ID_FXV3ZJ,6.764065069135359e-06,1.3197634356486982e-05,1.8617026230517736e-05,6.764065069135359e-06,1.3197634356486982e-05,1.8617026230517736e-05
ID_CFIC5L,1.3833419426945338e-05,7.092305115045152e-05,6.81495571987482e-05,1.3833419426945338e-05,7.092305115045152e-05,6.81495571987482e-05
ID_T9BUYJ,1.3833419426945338e-05,7.092305115045152e-05,6.81495571987482e-05,1.3833419426945338e-05,7.092305115045152e-05,6.81495571987482e-05
ID_2KG52B,0.10622873849198185,0.09250426286108121,0.10765533932689116,0.10622873849198185,0.09250426286108121,0.10765533932689116
ID_U4YBEU,2.0655423935963267e-05,7.069306553155205e-05,7.478711387124002e-05,2.0655423935963267e-05,7.069306553155205e-05,7.478711387124002e-05
ID_J8SQUH,1.2596303814145805e-05,5.0035327059109245e-05,7.705186872037118e-05,1.2596303814145805e-05,5.0035327059109245e-05,7.705186872037118e-05
ID_UMRHMM,1.3833419426945338e-05,7.092305115045152e-05,6.81495571987482e-05,1.3833419426945338e-05,7.092305115045152e-05,6.81495571987482e-05
ID_XS0D20,0.10622873849198185,0.09250426286108121,0.10765533932689116,0.10622873849198185,0.09250426286108121,0.10765533932689116
ID_UT4QJ0,9.084520053474478e-06,1.3090907411333473e-05,1.8933200670991844e-05,9.084520053474478e-06,1.3090907411333473e-05,1.8933200670991844e-05
ID_LWNW4V,9.084520053474478e-06,1.3090907411333473e-05,1.8933200670991844e-05,9.084520053474478e-06,1.3090907411333473e-05,1.8933200670991844e-05
ID_I5ITGA,9.084520053474478e-06,1.3090907411333473e-05,1.8933200670991844e-05,9.084520053474478e-06,1.3090907411333473e-05,1.8933200670991844e-05
ID_63LRW5,0.00010977192741480624,0.00020597529186023293,0.00030783510756497034,0.00010977192741480624,0.00020597529186023293,0.00030783510756497034
ID_ECWV3B,9.084520053474478e-06,1.3090907411333473e-05,1.8933200670991844e-05,9.084520053474478e-06,1.3090907411333473e-05,1.8933200670991844e-05
ID_WYQ24M,0.0062039363937237725,0.005275176426332699,0.004398943337368761,0.0062039363937237725,0.005275176426332699,0.004398943337368761
ID_H9HY14,1.2596303814145805e-05,5.0035327059109245e-05,7.705186872037118e-05,1.2596303814145805e-05,5.0035327059109245e-05,7.705186872037118e-05
ID_UHQ8W8,0.00015655373760887418,0.00020632439247654098,0.00033525331448873126,0.00015655373760887418,0.00020632439247654098,0.00033525331448873126
ID_0U4OWS,9.084520053474478e-06,1.3090907411333473e-05,1.8933200670991844e-05,9.084520053474478e-06,1.3090907411333473e-05,1.8933200670991844e-05
ID_0ISQF0,0.10622873849198185,0.09250426286108121,0.10765533932689116,0.10622873849198185,0.09250426286108121,0.10765533932689116
ID_1AME4K,9.084520053474478e-06,1.3090907411333473e-05,1.8933200670991844e-05,9.084520053474478e-06,1.3090907411333473e-05,1.8933200670991844e-05
ID_2WSSFW,1.2596303814145805e-05,5.0035327059109245e-05,7.705186872037118e-05,1.2596303814145805e-05,5.0035327059109245e-05,7.705186872037118e-05
ID_LFVE77,1.3833419426945338e-05,7.092305115045152e-05,6.81495571987482e-05,1.3833419426945338e-05,7.092305115045152e-05,6.81495571987482e-05
ID_NEY52P,1.5964397595536266e-05,1.9486570031843105e-05,2.6369909651921087e-05,1.5964397595536266e-05,1.9486570031843105e-05,2.6369909651921087e-05
ID_17EACN,2.0655423935963267e-05,7.069306553155205e-05,7.478711387124002e-05,2.0655423935963267e-05,7.069306553155205e-05,7.478711387124002e-05
ID_6O0STD,9.084520053474478e-06,1.3090907411333473e-05,1.8933200670991844e-05,9.084520053474478e-06,1.3090907411333473e-05,1.8933200670991844e-05
ID_5YH0SU,1.7218659897948138e-05,4.9670050732447584e-05,7.839291684425383e-05,1.7218659897948138e-05,4.9670050732447584e-05,7.839291684425383e-05
ID_VQRYU1,0.00019925732619174006,0.0005357294948186604,0.0009390318074245063,0.00019925732619174006,0.0005357294948186604,0.0009390318074245063
ID_B6QT72,0.00026615211374100237,0.00042158420712191437,0.0013266510958925143,0.00026615211374100237,0.00042158420712191437,0.0013266510958925143
ID_XGRMG5,0.00031174926234096004,0.0008720124792572944,0.0020412089521546434,0.00031174926234096004,0.0008720124792572944,0.0020412089521546434
ID_MDIKUJ,0.00031174926234096004,0.0008720124792572944,0.0020412089521546434,0.00031174926234096004,0.0008720124792572944,0.0020412089521546434
ID_R4G4CS,0.000512226360893171,0.0007776682657512654,0.0018283453590353209,0.000512226360893171,0.0007776682657512654,0.0018283453590353209
ID_7841GQ,0.00019925732619174006,0.0005357294948186604,0.0009390318074245063,0.00019925732619174006,0.0005357294948186604,0.0009390318074245063
ID_68H8D0,0.0039172396356367285,0.002358390259601379,0.00798897584664619,0.0039172396356367285,0.002358390259601379,0.00798897584664619
ID_MQ1XM6,0.0003768252349379034,0.0006794154669896616,0.0026868094001817194,0.0003768252349379034,0.0006794154669896616,0.0026868094001817194
ID_2ELMR8,0.0039172396356367285,0.002358390259601379,0.00798897584664619,0.0039172396356367285,0.002358390259601379,0.00798897584664619
ID_EVBKW0,0.000558787127898588,0.0005842328295631079,0.0018754987951781106,0.000558787127898588,0.0005842328295631079,0.0018754987951781106
ID_Z6ZMD2,0.00019925732619174006,0.0005357294948186604,0.0009390318074245063,0.00019925732619174006,0.0005357294948186604,0.0009390318074245063
ID_QJVZET,0.0002880712434740405,0.00023251406873650996,0.0005978006171861734,0.0002880712434740405,0.00023251406873650996,0.0005978006171861734
ID_CQT5H1,2.1530813087721913e-05,0.0017712568301643233,0.0021761349360402953,2.1530813087721913e-05,0.0017712568301643233,0.0021761349360402953
ID_973XDF,0.00018849399773144862,0.0013677649773435557,0.0019358402556387305,0.00018849399773144862,0.0013677649773435557,0.0019358402556387305
ID_NSA0JJ,0.000512226360893171,0.0007776682657512654,0.0018283453590353209,0.000512226360893171,0.0007776682657512654,0.0018283453590353209
ID_FL0OCB,2.1530813087721913e-05,0.0017712568301643233,0.0021761349360402953,2.1530813087721913e-05,0.0017712568301643233,0.0021761349360402953
ID_2VHH1D,0.00018849399773144862,0.0013677649773435557,0.0019358402556387305,0.00018849399773144862,0.0013677649773435557,0.0019358402556387305
ID_U6MZRL,0.004609114993607625,0.009705120810578453,0.013199459173870266,0.004609114993607625,0.009705120810578453,0.013199459173870266
ID_MC3FP5,2.1530813087721913e-05,0.0017712568301643233,0.0021761349360402953,2.1530813087721913e-05,0.0017712568301643233,0.0021761349360402953
ID_9UV0JT,0.0039172396356367285,0.002358390259601379,0.00798897584664619,0.0039172396356367285,0.002358390259601379,0.00798897584664619
ID_58OZCP,0.000558787127898588,0.0005842328295631079,0.0018754987951781106,0.000558787127898588,0.0005842328295631079,0.0018754987951781106
ID_DE895W,0.0033181570976343043,0.001408633291328849,0.006575878651476472,0.0033181570976343043,0.001408633291328849,0.006575878651476472
ID_YXE8JJ,0.0039172396356367285,0.002358390259601379,0.00798897584664619,0.0039172396356367285,0.002358390259601379,0.00798897584664619
ID_TB9U7O,0.00031174926234096004,0.0008720124792572944,0.0020412089521546434,0.00031174926234096004,0.0008720124792572944,0.0020412089521546434
ID_R8NWKZ,0.00019925732619174006,0.0005357294948186604,0.0009390318074245063,0.00019925732619174006,0.0005357294948186604,0.0009390318074245063
ID_W9UZJB,0.00019925732619174006,0.0005357294948186604,0.0009390318074245063,0.00019925732619174006,0.0005357294948186604,0.0009390318074245063
ID_2323FO,0.00026615211374100237,0.00042158420712191437,0.0013266510958925143,0.00026615211374100237,0.00042158420712191437,0.0013266510958925143
ID_L6SYR3,2.1530813087721913e-05,0.0017712568301643233,0.0021761349360402953,2.1530813087721913e-05,0.0017712568301643233,0.0021761349360402953
ID_KEGBSM,0.0001898434408351047,0.0009450683397633679,0.0019266680471610967,0.0001898434408351047,0.0009450683397633679,0.0019266680471610967
ID_KD638L,2.1530813087721913e-05,0.0017712568301643233,0.0021761349360402953,2.1530813087721913e-05,0.0017712568301643233,0.0021761349360402953
ID_UV1C91,2.1530813087721913e-05,0.0017712568301643233,0.0021761349360402953,2.1530813087721913e-05,0.0017712568301643233,0.0021761349360402953
ID_2R99F6,0.046366789804928296,0.04022550997047756,0.026383975361977424,0.046366789804928296,0.04022550997047756,0.026383975361977424
ID_NDABA2,0.00019925732619174006,0.0005357294948186604,0.0009390318074245063,0.00019925732619174006,0.0005357294948186604,0.0009390318074245063
ID_VHW1SA,0.0005096131254190053,0.0008686422396317923,0.002007170454168271,0.0005096131254190053,0.0008686422396317923,0.002007170454168271
ID_6Q0PHL,0.0033181570976343043,0.001408633291328849,0.006575878651476472,0.0033181570976343043,0.001408633291328849,0.006575878651476472
ID_N526QO,0.0005096131254190053,0.0008686422396317923,0.002007170454168271,0.0005096131254190053,0.0008686422396317923,0.002007170454168271
ID_O3XAMU,0.0005027122469727284,0.0003656822740464757,0.0016508722932733265,0.0005027122469727284,0.0003656822740464757,0.0016508722932733265
ID_PUWLBC,0.00031174926234096004,0.0008720124792572944,0.0020412089521546434,0.00031174926234096004,0.0008720124792572944,0.0020412089521546434
ID_VD6HTN,0.0005027122469727284,0.0003656822740464757,0.0016508722932733265,0.0005027122469727284,0.0003656822740464757,0.0016508722932733265
ID_0T2A2U,2.10368441983382e-05,0.00013773148996310388,0.00014777029961591753,2.10368441983382e-05,0.00013773148996310388,0.00014777029961591753
ID_H1QAOB,1.9499446392353285e-05,4.7982808007454404e-05,7.530408724570352e-05,1.9499446392353285e-05,4.7982808007454404e-05,7.530408724570352e-05
ID_0DGOAR,2.10368441983382e-05,0.00013773148996310388,0.00014777029961591753,2.10368441983382e-05,0.00013773148996310388,0.00014777029961591753
ID_G2AFM5,7.87627122432418e-05,7.857457002404868e-05,0.0001369868449226464,7.87627122432418e-05,7.857457002404868e-05,0.0001369868449226464
ID_HMY17R,2.10368441983382e-05,0.00013773148996310388,0.00014777029961591753,2.10368441983382e-05,0.00013773148996310388,0.00014777029961591753
ID_XAUH6E,0.00016293813795967217,0.0001352810657084699,0.0002758902041375186,0.00016293813795967217,0.0001352810657084699,0.0002758902041375186
ID_PDT688,0.13266860334658276,0.12862112649700622,0.08879407419499243,0.13266860334658276,0.12862112649700622,0.08879407419499243
ID_DJB815,1.614680695620229e-05,3.328031716775905e-05,4.604241539121264e-05,1.614680695620229e-05,3.328031716775905e-05,4.604241539121264e-05
ID_PCHYP9,0.17063511908753828,0.20642614178033863,0.22505705456047626,0.17063511908753828,0.20642614178033863,0.22505705456047626
ID_WA6QND,0.0011486130066311136,0.0010928166770683926,0.002039874170224914,0.0011486130066311136,0.0010928166770683926,0.002039874170224914
ID_7ELMZ7,5.6111855746607295e-05,0.00015911820175471545,0.00016925466420428514,5.6111855746607295e-05,0.00015911820175471545,0.00016925466420428514
ID_CVNZQF,1.2897834734774199e-05,0.00011045314588532527,0.00011659203991282081,1.2897834734774199e-05,0.00011045314588532527,0.00011659203991282081
ID_GAHF28,1.2897834734774199e-05,0.00011045314588532527,0.00011659203991282081,1.2897834734774199e-05,0.00011045314588532527,0.00011659203991282081
ID_X2RBI1,1.3487545204321934e-05,4.0768668300895865e-05,4.068801435931796e-05,1.3487545204321934e-05,4.0768668300895865e-05,4.068801435931796e-05
ID_IVO26V,0.0007463815442524147,0.0005722285920930802,0.0005832592095793938,0.0007463815442524147,0.0005722285920930802,0.0005832592095793938
ID_AFMCOW,1.5160149676155707e-05,0.00017262573589275784,0.00027282318339724,1.5160149676155707e-05,0.00017262573589275784,0.00027282318339724
ID_1C94ID,2.10368441983382e-05,0.00013773148996310388,0.00014777029961591753,2.10368441983382e-05,0.00013773148996310388,0.00014777029961591753
ID_0C4EDO,5.6111855746607295e-05,0.00015911820175471545,0.00016925466420428514,5.6111855746607295e-05,0.00015911820175471545,0.00016925466420428514
ID_DOH3RS,0.5146767670064445,0.3081888487776375,0.25434805677908695,0.5146767670064445,0.3081888487776375,0.25434805677908695
ID_GPQQOT,0.0007463815442524147,0.0005722285920930802,0.0005832592095793938,0.0007463815442524147,0.0005722285920930802,0.0005832592095793938
ID_6UR8NI,4.066518991995753e-05,0.0003354460433313087,0.00033413265476719994,4.066518991995753e-05,0.0003354460433313087,0.00033413265476719994
ID_W6QZ1Q,5.6111855746607295e-05,0.00015911820175471545,0.00016925466420428514,5.6111855746607295e-05,0.00015911820175471545,0.00016925466420428514
ID_XI9QKS,2.10368441983382e-05,0.00013773148996310388,0.00014777029961591753,2.10368441983382e-05,0.00013773148996310388,0.00014777029961591753
ID_WZZ662,1.5160149676155707e-05,0.00017262573589275784,0.00027282318339724,1.5160149676155707e-05,0.00017262573589275784,0.00027282318339724
ID_9FITRJ,4.066518991995753e-05,0.0003354460433313087,0.00033413265476719994,4.066518991995753e-05,0.0003354460433313087,0.00033413265476719994
ID_JI0NUP,0.0011486130066311136,0.0010928166770683926,0.002039874170224914,0.0011486130066311136,0.0010928166770683926,0.002039874170224914
ID_36R17J,6.535227572646482e-05,0.00011615126812208373,0.00010009519447742944,6.535227572646482e-05,0.00011615126812208373,0.00010009519447742944
ID_KCZ1QX,1.2897834734774199e-05,0.00011045314588532527,0.00011659203991282081,1.2897834734774199e-05,0.00011045314588532527,0.00011659203991282081
ID_DG9EBL,0.0007463815442524147,0.0005722285920930802,0.0005832592095793938,0.0007463815442524147,0.0005722285920930802,0.0005832592095793938
ID_BPEU3X,2.10368441983382e-05,0.00013773148996310388,0.00014777029961591753,2.10368441983382e-05,0.00013773148996310388,0.00014777029961591753
ID_JWXL0Z,4.066518991995753e-05,0.0003354460433313087,0.00033413265476719994,4.066518991995753e-05,0.0003354460433313087,0.00033413265476719994
ID_IZ777T,1.2897834734774199e-05,0.00011045314588532527,0.00011659203991282081,1.2897834734774199e-05,0.00011045314588532527,0.00011659203991282081
ID_08BIU5,2.10368441983382e-05,0.00013773148996310388,0.00014777029961591753,2.10368441983382e-05,0.00013773148996310388,0.00014777029961591753
ID_BUYSNI,2.5714414066703608e-05,0.000565973805572597,0.0008992923169816791,2.5714414066703608e-05,0.000565973805572597,0.0008992923169816791
ID_U9DXQ2,1.5160149676155707e-05,0.00017262573589275784,0.00027282318339724,1.5160149676155707e-05,0.00017262573589275784,0.00027282318339724
ID_TMUJCJ,1.9146040141809808e-05,3.078999156944559e-05,5.6302922967565356e-05,1.9146040141809808e-05,3.078999156944559e-05,5.6302922967565356e-05
ID_RJR9RN,8.983558990810466e-06,8.03495902113628e-05,0.00013276286158018448,8.983558990810466e-06,8.03495902113628e-05,0.00013276286158018448
ID_3YHYSL,7.87627122432418e-05,7.857457002404868e-05,0.0001369868449226464,7.87627122432418e-05,7.857457002404868e-05,0.0001369868449226464
ID_9AQYF7,7.990437351237679e-06,5.262325664053622e-05,0.00010365716884133233,7.990437351237679e-06,5.262325664053622e-05,0.00010365716884133233
ID_54RAVH,7.990437351237679e-06,5.262325664053622e-05,0.00010365716884133233,7.990437351237679e-06,5.262325664053622e-05,0.00010365716884133233
ID_J5P69A,7.990437351237679e-06,5.262325664053622e-05,0.00010365716884133233,7.990437351237679e-06,5.262325664053622e-05,0.00010365716884133233
ID_G1V02M,1.9146040141809808e-05,3.078999156944559e-05,5.6302922967565356e-05,1.9146040141809808e-05,3.078999156944559e-05,5.6302922967565356e-05
ID_6PA6IV,0.00016293813795967217,0.0001352810657084699,0.0002758902041375186,0.00016293813795967217,0.0001352810657084699,0.0002758902041375186
ID_JQYQPR,1.9146040141809808e-05,3.078999156944559e-05,5.6302922967565356e-05,1.9146040141809808e-05,3.078999156944559e-05,5.6302922967565356e-05
ID_FB0WKU,7.990437351237679e-06,5.262325664053622e-05,0.00010365716884133233,7.990437351237679e-06,5.262325664053622e-05,0.00010365716884133233
ID_TA5143,2.10368441983382e-05,0.00013773148996310388,0.00014777029961591753,2.10368441983382e-05,0.00013773148996310388,0.00014777029961591753
ID_94CW70,0.00012907897126486758,0.00020168450421524292,0.00018790743305735843,0.00012907897126486758,0.00020168450421524292,0.00018790743305735843
ID_0JC80K,3.0307229029418782e-05,0.0001069577915035067,0.00019413349077339619,3.0307229029418782e-05,0.0001069577915035067,0.00019413349077339619
ID_SNIBU6,0.0011486130066311136,0.0010928166770683926,0.002039874170224914,0.0011486130066311136,0.0010928166770683926,0.002039874170224914
ID_TJU7KY,1.9146040141809808e-05,3.078999156944559e-05,5.6302922967565356e-05,1.9146040141809808e-05,3.078999156944559e-05,5.6302922967565356e-05
ID_7WX39F,0.33447129231865363,0.2396040856272946,0.23209704920075974,0.33447129231865363,0.2396040856272946,0.23209704920075974
ID_AOFGSF,2.10368441983382e-05,0.00013773148996310388,0.00014777029961591753,2.10368441983382e-05,0.00013773148996310388,0.00014777029961591753
ID_KBYL88,1.2897834734774199e-05,0.00011045314588532527,0.00011659203991282081,1.2897834734774199e-05,0.00011045314588532527,0.00011659203991282081
ID_YTS87K,3.0307229029418782e-05,0.0001069577915035067,0.00019413349077339619,3.0307229029418782e-05,0.0001069577915035067,0.00019413349077339619
ID_GEF4SU,1.9499446392353285e-05,4.7982808007454404e-05,7.530408724570352e-05,1.9499446392353285e-05,4.7982808007454404e-05,7.530408724570352e-05
ID_2UMLV4,4.066518991995753e-05,0.0003354460433313087,0.00033413265476719994,4.066518991995753e-05,0.0003354460433313087,0.00033413265476719994
ID_AG56N6,4.456477239536862e-05,0.00015866655719451006,0.0002783778971511256,4.456477239536862e-05,0.00015866655719451006,0.0002783778971511256
ID_PJRXEY,1.2897834734774199e-05,0.00011045314588532527,0.00011659203991282081,1.2897834734774199e-05,0.00011045314588532527,0.00011659203991282081
ID_BIYAR6,1.2897834734774199e-05,0.00011045314588532527,0.00011659203991282081,1.2897834734774199e-05,0.00011045314588532527,0.00011659203991282081
ID_Q5KE8B,1.9146040141809808e-05,3.078999156944559e-05,5.6302922967565356e-05,1.9146040141809808e-05,3.078999156944559e-05,5.6302922967565356e-05
ID_JYQN2M,2.10368441983382e-05,0.00013773148996310388,0.00014777029961591753,2.10368441983382e-05,0.00013773148996310388,0.00014777029961591753
ID_GI8IYT,3.4593455355702505e-05,0.0005121150391729863,0.001029984081612484,3.4593455355702505e-05,0.0005121150391729863,0.001029984081612484
ID_UI3NV7,4.066518991995753e-05,0.0003354460433313087,0.00033413265476719994,4.066518991995753e-05,0.0003354460433313087,0.00033413265476719994
ID_LSLZLB,1.9146040141809808e-05,3.078999156944559e-05,5.6302922967565356e-05,1.9146040141809808e-05,3.078999156944559e-05,5.6302922967565356e-05
ID_U80UCB,1.614680695620229e-05,3.328031716775905e-05,4.604241539121264e-05,1.614680695620229e-05,3.328031716775905e-05,4.604241539121264e-05
ID_7YIFAF,2.10368441983382e-05,0.00013773148996310388,0.00014777029961591753,2.10368441983382e-05,0.00013773148996310388,0.00014777029961591753
ID_X1XYBC,7.990437351237679e-06,5.262325664053622e-05,0.00010365716884133233,7.990437351237679e-06,5.262325664053622e-05,0.00010365716884133233
ID_Z7PXEJ,1.614680695620229e-05,3.328031716775905e-05,4.604241539121264e-05,1.614680695620229e-05,3.328031716775905e-05,4.604241539121264e-05
ID_FZHPYW,5.6111855746607295e-05,0.00015911820175471545,0.00016925466420428514,5.6111855746607295e-05,0.00015911820175471545,0.00016925466420428514
ID_9SPXYO,3.4593455355702505e-05,0.0005121150391729863,0.001029984081612484,3.4593455355702505e-05,0.0005121150391729863,0.001029984081612484
ID_WRT76C,2.10368441983382e-05,0.00013773148996310388,0.00014777029961591753,2.10368441983382e-05,0.00013773148996310388,0.00014777029961591753
ID_J2FJRW,1.5160149676155707e-05,0.00017262573589275784,0.00027282318339724,1.5160149676155707e-05,0.00017262573589275784,0.00027282318339724
ID_IEUVNM,0.13266860334658276,0.12862112649700622,0.08879407419499243,0.13266860334658276,0.12862112649700622,0.08879407419499243
ID_1U9QOZ,2.2602645542036087e-05,7.682638341441754e-05,0.00016138815178910979,2.2602645542036087e-05,7.682638341441754e-05,0.00016138815178910979
ID_ELOPWG,7.87627122432418e-05,7.857457002404868e-05,0.0001369868449226464,7.87627122432418e-05,7.857457002404868e-05,0.0001369868449226464
ID_ZI5Y1E,4.066518991995753e-05,0.0003354460433313087,0.00033413265476719994,4.066518991995753e-05,0.0003354460433313087,0.00033413265476719994
ID_ASGRG0,1.9146040141809808e-05,3.078999156944559e-05,5.6302922967565356e-05,1.9146040141809808e-05,3.078999156944559e-05,5.6302922967565356e-05
ID_PSAMCJ,0.0011486130066311136,0.0010928166770683926,0.002039874170224914,0.0011486130066311136,0.0010928166770683926,0.002039874170224914
ID_2A4701,5.6111855746607295e-05,0.00015911820175471545,0.00016925466420428514,5.6111855746607295e-05,0.00015911820175471545,0.00016925466420428514
ID_8AQJGL,1.6913633821647363e-05,0.00024788314980560657,0.00039713590808845514,1.6913633821647363e-05,0.00024788314980560657,0.00039713590808845514
ID_4NNDXH,2.10368441983382e-05,0.00013773148996310388,0.00014777029961591753,2.10368441983382e-05,0.00013773148996310388,0.00014777029961591753
ID_3PVLGV,1.9146040141809808e-05,3.078999156944559e-05,5.6302922967565356e-05,1.9146040141809808e-05,3.078999156944559e-05,5.6302922967565356e-05
ID_NM26QX,0.00021509038099570902,0.0002284990432388979,0.0002542328838851615,0.00021509038099570902,0.0002284990432388979,0.0002542328838851615
ID_JPHAG6,0.00020526008038552064,0.0007377566371663619,0.0008423826181961679,0.00020526008038552064,0.0007377566371663619,0.0008423826181961679
ID_WKK2CS,1.9146040141809808e-05,3.078999156944559e-05,5.6302922967565356e-05,1.9146040141809808e-05,3.078999156944559e-05,5.6302922967565356e-05
ID_MTFXPX,2.10368441983382e-05,0.00013773148996310388,0.00014777029961591753,2.10368441983382e-05,0.00013773148996310388,0.00014777029961591753
ID_8Y14DK,0.0011486130066311136,0.0010928166770683926,0.002039874170224914,0.0011486130066311136,0.0010928166770683926,0.002039874170224914
ID_ET1AOI,6.395502849373578e-05,8.208987578211886e-05,0.0002911553353915906,6.395502849373578e-05,8.208987578211886e-05,0.0002911553353915906
ID_B4CFP4,2.2602645542036087e-05,7.682638341441754e-05,0.00016138815178910979,2.2602645542036087e-05,7.682638341441754e-05,0.00016138815178910979
ID_4WUH73,1.5160149676155707e-05,0.00017262573589275784,0.00027282318339724,1.5160149676155707e-05,0.00017262573589275784,0.00027282318339724
ID_B6GW66,1.9146040141809808e-05,3.078999156944559e-05,5.6302922967565356e-05,1.9146040141809808e-05,3.078999156944559e-05,5.6302922967565356e-05
ID_BKO8EP,0.00016293813795967217,0.0001352810657084699,0.0002758902041375186,0.00016293813795967217,0.0001352810657084699,0.0002758902041375186
ID_3KYFSE,0.21197751292163008,0.2505407201300446,0.2200465761305915,0.21197751292163008,0.2505407201300446,0.2200465761305915
ID_ILOCIE,1.9261767396430388e-05,0.0006504355161006078,0.0008323121617522164,1.9261767396430388e-05,0.0006504355161006078,0.0008323121617522164
ID_79UIX6,1.2897834734774199e-05,0.00011045314588532527,0.00011659203991282081,1.2897834734774199e-05,0.00011045314588532527,0.00011659203991282081
ID_K29ICA,1.9499446392353285e-05,4.7982808007454404e-05,7.530408724570352e-05,1.9499446392353285e-05,4.7982808007454404e-05,7.530408724570352e-05
ID_EMCF89,2.10368441983382e-05,0.00013773148996310388,0.00014777029961591753,2.10368441983382e-05,0.00013773148996310388,0.00014777029961591753
ID_VVPJT8,7.990437351237679e-06,5.262325664053622e-05,0.00010365716884133233,7.990437351237679e-06,5.262325664053622e-05,0.00010365716884133233
ID_6RW7WE,3.0307229029418782e-05,0.0001069577915035067,0.00019413349077339619,3.0307229029418782e-05,0.0001069577915035067,0.00019413349077339619
ID_RP4S9G,2.2602645542036087e-05,7.682638341441754e-05,0.00016138815178910979,2.2602645542036087e-05,7.682638341441754e-05,0.00016138815178910979
ID_BW4GGG,5.6111855746607295e-05,0.00015911820175471545,0.00016925466420428514,5.6111855746607295e-05,0.00015911820175471545,0.00016925466420428514
ID_7Y1J8O,2.10368441983382e-05,0.00013773148996310388,0.00014777029961591753,2.10368441983382e-05,0.00013773148996310388,0.00014777029961591753
ID_U9XJOX,7.990437351237679e-06,5.262325664053622e-05,0.00010365716884133233,7.990437351237679e-06,5.262325664053622e-05,0.00010365716884133233
ID_9HLS3W,1.2897834734774199e-05,0.00011045314588532527,0.00011659203991282081,1.2897834734774199e-05,0.00011045314588532527,0.00011659203991282081
ID_VHEXDH,5.6111855746607295e-05,0.00015911820175471545,0.00016925466420428514,5.6111855746607295e-05,0.00015911820175471545,0.00016925466420428514
ID_GJUTJ6,2.10368441983382e-05,0.00013773148996310388,0.00014777029961591753,2.10368441983382e-05,0.00013773148996310388,0.00014777029961591753
ID_3K6BSM,1.9146040141809808e-05,3.078999156944559e-05,5.6302922967565356e-05,1.9146040141809808e-05,3.078999156944559e-05,5.6302922967565356e-05
ID_9QHKM5,2.2602645542036087e-05,7.682638341441754e-05,0.00016138815178910979,2.2602645542036087e-05,7.682638341441754e-05,0.00016138815178910979
ID_2IDMK7,0.000151120163552391,0.00025531352984730954,0.00022289455664001542,0.000151120163552391,0.00025531352984730954,0.00022289455664001542
ID_2UT2U6,1.2897834734774199e-05,0.00011045314588532527,0.00011659203991282081,1.2897834734774199e-05,0.00011045314588532527,0.00011659203991282081
ID_UR6FEW,2.10368441983382e-05,0.00013773148996310388,0.00014777029961591753,2.10368441983382e-05,0.00013773148996310388,0.00014777029961591753
ID_TRQZ0M,8.765508927044141e-05,0.0005024015701932383,0.0011720265939601433,8.765508927044141e-05,0.0005024015701932383,0.0011720265939601433
ID_KKGOZ3,2.10368441983382e-05,0.00013773148996310388,0.00014777029961591753,2.10368441983382e-05,0.00013773148996310388,0.00014777029961591753
ID_MWBQU9,1.614680695620229e-05,3.328031716775905e-05,4.604241539121264e-05,1.614680695620229e-05,3.328031716775905e-05,4.604241539121264e-05
ID_SHGMZJ,2.2602645542036087e-05,7.682638341441754e-05,0.00016138815178910979,2.2602645542036087e-05,7.682638341441754e-05,0.00016138815178910979
ID_KYD4DW,1.9146040141809808e-05,3.078999156944559e-05,5.6302922967565356e-05,1.9146040141809808e-05,3.078999156944559e-05,5.6302922967565356e-05
ID_QAIAUU,1.5160149676155707e-05,0.00017262573589275784,0.00027282318339724,1.5160149676155707e-05,0.00017262573589275784,0.00027282318339724
ID_2LRZL3,2.10368441983382e-05,0.00013773148996310388,0.00014777029961591753,2.10368441983382e-05,0.00013773148996310388,0.00014777029961591753
ID_V7A541,4.066518991995753e-05,0.0003354460433313087,0.00033413265476719994,4.066518991995753e-05,0.0003354460433313087,0.00033413265476719994
ID_9DXFRR,1.5160149676155707e-05,0.00017262573589275784,0.00027282318339724,1.5160149676155707e-05,0.00017262573589275784,0.00027282318339724
ID_S7KKUF,1.9146040141809808e-05,3.078999156944559e-05,5.6302922967565356e-05,1.9146040141809808e-05,3.078999156944559e-05,5.6302922967565356e-05
ID_GX5WM0,0.0007463815442524147,0.0005722285920930802,0.0005832592095793938,0.0007463815442524147,0.0005722285920930802,0.0005832592095793938
ID_9CLKA6,1.6913633821647363e-05,0.00024788314980560657,0.00039713590808845514,1.6913633821647363e-05,0.00024788314980560657,0.00039713590808845514
ID_CEKPDU,8.115823780986972e-05,0.00010782907507633725,8.308429799217485e-05,8.115823780986972e-05,0.00010782907507633725,8.308429799217485e-05
ID_5LE4HE,4.066518991995753e-05,0.0003354460433313087,0.00033413265476719994,4.066518991995753e-05,0.0003354460433313087,0.00033413265476719994
ID_2YYGLW,0.05391626502779856,0.06792900631292306,0.04397643931876084,0.05391626502779856,0.06792900631292306,0.04397643931876084
ID_I76YXQ,2.10368441983382e-05,0.00013773148996310388,0.00014777029961591753,2.10368441983382e-05,0.00013773148996310388,0.00014777029961591753
ID_L8Y0QF,4.066518991995753e-05,0.0003354460433313087,0.00033413265476719994,4.066518991995753e-05,0.0003354460433313087,0.00033413265476719994
ID_B3CDOU,1.614680695620229e-05,3.328031716775905e-05,4.604241539121264e-05,1.614680695620229e-05,3.328031716775905e-05,4.604241539121264e-05
ID_LVNFZZ,1.9146040141809808e-05,3.078999156944559e-05,5.6302922967565356e-05,1.9146040141809808e-05,3.078999156944559e-05,5.6302922967565356e-05
ID_HKFQ1V,1.614680695620229e-05,3.328031716775905e-05,4.604241539121264e-05,1.614680695620229e-05,3.328031716775905e-05,4.604241539121264e-05
ID_803TPA,1.2897834734774199e-05,0.00011045314588532527,0.00011659203991282081,1.2897834734774199e-05,0.00011045314588532527,0.00011659203991282081
ID_GLQ3DX,3.4593455355702505e-05,0.0005121150391729863,0.001029984081612484,3.4593455355702505e-05,0.0005121150391729863,0.001029984081612484
ID_IQPKA6,8.983558990810466e-06,8.03495902113628e-05,0.00013276286158018448,8.983558990810466e-06,8.03495902113628e-05,0.00013276286158018448
ID_ZVCB1F,1.9146040141809808e-05,3.078999156944559e-05,5.6302922967565356e-05,1.9146040141809808e-05,3.078999156944559e-05,5.6302922967565356e-05
ID_J55KEV,0.0007463815442524147,0.0005722285920930802,0.0005832592095793938,0.0007463815442524147,0.0005722285920930802,0.0005832592095793938
ID_F0XW09,1.9146040141809808e-05,3.078999156944559e-05,5.6302922967565356e-05,1.9146040141809808e-05,3.078999156944559e-05,5.6302922967565356e-05
ID_DHZUBS,0.00014048943386589478,0.00013884915782851222,0.0008869342014571728,0.00014048943386589478,0.00013884915782851222,0.0008869342014571728
ID_W41W7O,0.2138808737866122,0.24370113378030714,0.27564113056731476,0.2138808737866122,0.24370113378030714,0.27564113056731476
ID_6AQOOX,0.00944699661013403,0.034827045542370635,0.05608726753254441,0.00944699661013403,0.034827045542370635,0.05608726753254441
ID_WQ0W7P,0.002463691223884494,0.012816888351977371,0.023567293617446923,0.002463691223884494,0.012816888351977371,0.023567293617446923
ID_GARNGB,0.009743018213572287,0.03344035483305034,0.05956694011438281,0.009743018213572287,0.03344035483305034,0.05956694011438281
ID_ZRFZ0T,0.009743018213572287,0.03344035483305034,0.05956694011438281,0.009743018213572287,0.03344035483305034,0.05956694011438281
ID_TSKMGA,0.0045533943661017606,0.027942689176799734,0.04358193251287189,0.0045533943661017606,0.027942689176799734,0.04358193251287189
ID_CZJREO,0.0031406923867010198,0.0024758191330747207,0.0043760138582925896,0.0031406923867010198,0.0024758191330747207,0.0043760138582925896
ID_7UONQC,0.0002830296452202924,0.0003331484611053906,0.0007986805109362923,0.0002830296452202924,0.0003331484611053906,0.0007986805109362923
ID_VM84AE,0.0008115948405322815,0.028284402889304235,0.04033841581593545,0.0008115948405322815,0.028284402889304235,0.04033841581593545
ID_LYQHB8,0.0009024378163341188,0.00559518652803071,0.0046398115789509755,0.0009024378163341188,0.00559518652803071,0.0046398115789509755
ID_SRMPF6,0.0008115948405322815,0.028284402889304235,0.04033841581593545,0.0008115948405322815,0.028284402889304235,0.04033841581593545
ID_AQEDUU,0.0008115948405322815,0.028284402889304235,0.04033841581593545,0.0008115948405322815,0.028284402889304235,0.04033841581593545
ID_URYB4G,0.007688065938247636,0.024225556064103846,0.02971064656646365,0.007688065938247636,0.024225556064103846,0.02971064656646365
ID_L1C8T4,6.115324255005276e-05,8.524436387119859e-05,0.0001689442192747375,6.115324255005276e-05,8.524436387119859e-05,0.0001689442192747375
ID_GQHEYV,0.007688065938247636,0.024225556064103846,0.02971064656646365,0.007688065938247636,0.024225556064103846,0.02971064656646365
ID_E0O1TE,6.115324255005276e-05,8.524436387119859e-05,0.0001689442192747375,6.115324255005276e-05,8.524436387119859e-05,0.0001689442192747375
ID_P7I8OT,0.007688065938247636,0.024225556064103846,0.02971064656646365,0.007688065938247636,0.024225556064103846,0.02971064656646365
ID_KU8IY3,0.0011845969050472353,0.2366881700774018,0.22208346729992093,0.0011845969050472353,0.2366881700774018,0.22208346729992093
ID_56TEHN,6.115324255005276e-05,8.524436387119859e-05,0.0001689442192747375,6.115324255005276e-05,8.524436387119859e-05,0.0001689442192747375
ID_QMWF8O,0.02501660191475071,0.03817895582646084,0.029491390537649587,0.02501660191475071,0.03817895582646084,0.029491390537649587
ID_22YEQD,6.115324255005276e-05,8.524436387119859e-05,0.0001689442192747375,6.115324255005276e-05,8.524436387119859e-05,0.0001689442192747375
ID_7GZXR0,6.115324255005276e-05,8.524436387119859e-05,0.0001689442192747375,6.115324255005276e-05,8.524436387119859e-05,0.0001689442192747375
ID_G9WW3Y,0.0008115948405322815,0.028284402889304235,0.04033841581593545,0.0008115948405322815,0.028284402889304235,0.04033841581593545
ID_AXB1LU,6.115324255005276e-05,8.524436387119859e-05,0.0001689442192747375,6.115324255005276e-05,8.524436387119859e-05,0.0001689442192747375
ID_EWJGNL,1.275337779424577e-05,4.006400915518552e-05,5.6242669648070415e-05,1.275337779424577e-05,4.006400915518552e-05,5.6242669648070415e-05
ID_Z8A224,0.0010243236699896744,0.005828430580595385,0.0050550288688124565,0.0010243236699896744,0.005828430580595385,0.0050550288688124565
ID_SMAV0S,0.0022180219227181603,0.03068536354299775,0.031540492198354156,0.0022180219227181603,0.03068536354299775,0.031540492198354156
ID_4W0S35,0.0010243236699896744,0.005828430580595385,0.0050550288688124565,0.0010243236699896744,0.005828430580595385,0.0050550288688124565
ID_32HYGC,0.0010243236699896744,0.005828430580595385,0.0050550288688124565,0.0010243236699896744,0.005828430580595385,0.0050550288688124565
ID_Y0V0Q8,0.0008115948405322815,0.028284402889304235,0.04033841581593545,0.0008115948405322815,0.028284402889304235,0.04033841581593545
ID_VEHMX4,6.115324255005276e-05,8.524436387119859e-05,0.0001689442192747375,6.115324255005276e-05,8.524436387119859e-05,0.0001689442192747375
ID_B8VB2S,0.0013640482894805754,0.0008584057543980133,0.001823081511618549,0.0013640482894805754,0.0008584057543980133,0.001823081511618549
ID_YU423E,6.115324255005276e-05,8.524436387119859e-05,0.0001689442192747375,6.115324255005276e-05,8.524436387119859e-05,0.0001689442192747375
ID_NYYJM9,6.115324255005276e-05,8.524436387119859e-05,0.0001689442192747375,6.115324255005276e-05,8.524436387119859e-05,0.0001689442192747375
ID_WP14OU,1.3625150903837524e-05,4.4334734438251534e-05,7.218205565184737e-05,1.3625150903837524e-05,4.4334734438251534e-05,7.218205565184737e-05
ID_XDWYCC,0.0006139899281800648,0.0027366468305476846,0.00338961905687361,0.0006139899281800648,0.0027366468305476846,0.00338961905687361
ID_H0ZGLY,0.0004927568693705891,0.33125361577321055,0.3039803121709942,0.0004927568693705891,0.33125361577321055,0.3039803121709942
ID_BEKEYZ,0.0010243236699896744,0.005828430580595385,0.0050550288688124565,0.0010243236699896744,0.005828430580595385,0.0050550288688124565
ID_JB2Y8O,0.0011845969050472353,0.2366881700774018,0.22208346729992093,0.0011845969050472353,0.2366881700774018,0.22208346729992093
ID_FO98FY,0.0010243236699896744,0.005828430580595385,0.0050550288688124565,0.0010243236699896744,0.005828430580595385,0.0050550288688124565
ID_JGO3WB,6.115324255005276e-05,8.524436387119859e-05,0.0001689442192747375,6.115324255005276e-05,8.524436387119859e-05,0.0001689442192747375
ID_MENRNK,6.115324255005276e-05,8.524436387119859e-05,0.0001689442192747375,6.115324255005276e-05,8.524436387119859e-05,0.0001689442192747375
ID_60PIJY,6.115324255005276e-05,8.524436387119859e-05,0.0001689442192747375,6.115324255005276e-05,8.524436387119859e-05,0.0001689442192747375
ID_N05EO9,0.002346429881017946,0.02927201350368504,0.0398243561412346,0.002346429881017946,0.02927201350368504,0.0398243561412346
ID_GO6AEU,6.115324255005276e-05,8.524436387119859e-05,0.0001689442192747375,6.115324255005276e-05,8.524436387119859e-05,0.0001689442192747375
ID_V8O1QV,0.0009024378163341188,0.00559518652803071,0.0046398115789509755,0.0009024378163341188,0.00559518652803071,0.0046398115789509755
ID_Z5Q2AH,0.0004790737905083466,0.0025842159408743333,0.003323583756036451,0.0004790737905083466,0.0025842159408743333,0.003323583756036451
ID_84O0XR,0.00011239795173386075,0.008481130841610934,0.006666607830440957,0.00011239795173386075,0.008481130841610934,0.006666607830440957
ID_G5ULLS,0.0010243236699896744,0.005828430580595385,0.0050550288688124565,0.0010243236699896744,0.005828430580595385,0.0050550288688124565
ID_UQLI5V,6.115324255005276e-05,8.524436387119859e-05,0.0001689442192747375,6.115324255005276e-05,8.524436387119859e-05,0.0001689442192747375
ID_P5TQAL,0.0031406923867010198,0.0024758191330747207,0.0043760138582925896,0.0031406923867010198,0.0024758191330747207,0.0043760138582925896
ID_DNX620,0.0031406923867010198,0.0024758191330747207,0.0043760138582925896,0.0031406923867010198,0.0024758191330747207,0.0043760138582925896
ID_7JV87P,6.115324255005276e-05,8.524436387119859e-05,0.0001689442192747375,6.115324255005276e-05,8.524436387119859e-05,0.0001689442192747375
ID_A23KNJ,6.115324255005276e-05,8.524436387119859e-05,0.0001689442192747375,6.115324255005276e-05,8.524436387119859e-05,0.0001689442192747375
ID_KNF9P6,0.0010243236699896744,0.005828430580595385,0.0050550288688124565,0.0010243236699896744,0.005828430580595385,0.0050550288688124565
ID_MMVYLE,6.115324255005276e-05,8.524436387119859e-05,0.0001689442192747375,6.115324255005276e-05,8.524436387119859e-05,0.0001689442192747375
ID_GFGI4F,6.115324255005276e-05,8.524436387119859e-05,0.0001689442192747375,6.115324255005276e-05,8.524436387119859e-05,0.0001689442192747375
ID_I8FAWN,6.115324255005276e-05,8.524436387119859e-05,0.0001689442192747375,6.115324255005276e-05,8.524436387119859e-05,0.0001689442192747375
ID_42E5J9,6.115324255005276e-05,8.524436387119859e-05,0.0001689442192747375,6.115324255005276e-05,8.524436387119859e-05,0.0001689442192747375
ID_8QIBGT,0.04293360476699247,0.05762003180541396,0.055649189039442826,0.04293360476699247,0.05762003180541396,0.055649189039442826
ID_AV3PSZ,0.0008115948405322815,0.028284402889304235,0.04033841581593545,0.0008115948405322815,0.028284402889304235,0.04033841581593545
ID_NJNVR3,6.115324255005276e-05,8.524436387119859e-05,0.0001689442192747375,6.115324255005276e-05,8.524436387119859e-05,0.0001689442192747375
ID_C1X1NC,0.0006139899281800648,0.0027366468305476846,0.00338961905687361,0.0006139899281800648,0.0027366468305476846,0.00338961905687361
ID_1AT9KW,6.115324255005276e-05,8.524436387119859e-05,0.0001689442192747375,6.115324255005276e-05,8.524436387119859e-05,0.0001689442192747375
ID_TXM3UJ,0.002346429881017946,0.02927201350368504,0.0398243561412346,0.002346429881017946,0.02927201350368504,0.0398243561412346
ID_AQNPGS,0.0004790737905083466,0.0025842159408743333,0.003323583756036451,0.0004790737905083466,0.0025842159408743333,0.003323583756036451
ID_VQ7W0A,0.00011239795173386075,0.008481130841610934,0.006666607830440957,0.00011239795173386075,0.008481130841610934,0.006666607830440957
ID_PP9RGH,6.115324255005276e-05,8.524436387119859e-05,0.0001689442192747375,6.115324255005276e-05,8.524436387119859e-05,0.0001689442192747375
ID_CCQCPK,0.007688065938247636,0.024225556064103846,0.02971064656646365,0.007688065938247636,0.024225556064103846,0.02971064656646365
ID_K3NMVQ,6.115324255005276e-05,8.524436387119859e-05,0.0001689442192747375,6.115324255005276e-05,8.524436387119859e-05,0.0001689442192747375
ID_XRKPXN,0.002041617753516685,0.0027177066933826636,0.00422046088629357,0.002041617753516685,0.0027177066933826636,0.00422046088629357
ID_Z26KY5,0.0001312948897338492,0.007648401069361771,0.005721333632235606,0.0001312948897338492,0.007648401069361771,0.005721333632235606
ID_IVLEST,5.513314875737041e-05,0.00012080271559089923,0.00014419121303576465,5.513314875737041e-05,0.00012080271559089923,0.00014419121303576465
ID_0J1LF5,9.002861615036018e-06,4.159859858883202e-05,7.944870884204249e-05,9.002861615036018e-06,4.159859858883202e-05,7.944870884204249e-05
ID_6UN1T6,9.002861615036018e-06,4.159859858883202e-05,7.944870884204249e-05,9.002861615036018e-06,4.159859858883202e-05,7.944870884204249e-05
ID_K2FMPI,5.513314875737041e-05,0.00012080271559089923,0.00014419121303576465,5.513314875737041e-05,0.00012080271559089923,0.00014419121303576465
ID_FM755F,0.00600187764229646,0.07174810956842426,0.07111926724091049,0.00600187764229646,0.07174810956842426,0.07111926724091049
ID_XRDXXZ,0.00600187764229646,0.07174810956842426,0.07111926724091049,0.00600187764229646,0.07174810956842426,0.07111926724091049
ID_OOT7EU,5.513314875737041e-05,0.00012080271559089923,0.00014419121303576465,5.513314875737041e-05,0.00012080271559089923,0.00014419121303576465
ID_2IAGXT,9.002861615036018e-06,4.159859858883202e-05,7.944870884204249e-05,9.002861615036018e-06,4.159859858883202e-05,7.944870884204249e-05
ID_TVWIUG,1.8753373387926123e-05,0.00013638125760748066,0.0001539482151418084,1.8753373387926123e-05,0.00013638125760748066,0.0001539482151418084
ID_WZNIA5,5.513314875737041e-05,0.00012080271559089923,0.00014419121303576465,5.513314875737041e-05,0.00012080271559089923,0.00014419121303576465
ID_4UD817,0.00600187764229646,0.07174810956842426,0.07111926724091049,0.00600187764229646,0.07174810956842426,0.07111926724091049
ID_Y8QP8D,5.513314875737041e-05,0.00012080271559089923,0.00014419121303576465,5.513314875737041e-05,0.00012080271559089923,0.00014419121303576465
ID_MVMMZ5,1.8753373387926123e-05,0.00013638125760748066,0.0001539482151418084,1.8753373387926123e-05,0.00013638125760748066,0.0001539482151418084
ID_DMI52X,5.513314875737041e-05,0.00012080271559089923,0.00014419121303576465,5.513314875737041e-05,0.00012080271559089923,0.00014419121303576465
ID_CAFKO7,5.513314875737041e-05,0.00012080271559089923,0.00014419121303576465,5.513314875737041e-05,0.00012080271559089923,0.00014419121303576465
ID_7N507C,5.513314875737041e-05,0.00012080271559089923,0.00014419121303576465,5.513314875737041e-05,0.00012080271559089923,0.00014419121303576465
ID_54A9SS,0.002997726252391956,0.028405954877696777,0.04558261984920984,0.002997726252391956,0.028405954877696777,0.04558261984920984
ID_0USD12,5.513314875737041e-05,0.00012080271559089923,0.00014419121303576465,5.513314875737041e-05,0.00012080271559089923,0.00014419121303576465
ID_RPZ22Z,5.513314875737041e-05,0.00012080271559089923,0.00014419121303576465,5.513314875737041e-05,0.00012080271559089923,0.00014419121303576465
ID_ST1G3A,5.513314875737041e-05,0.00012080271559089923,0.00014419121303576465,5.513314875737041e-05,0.00012080271559089923,0.00014419121303576465
ID_R653PC,5.513314875737041e-05,0.00012080271559089923,0.00014419121303576465,5.513314875737041e-05,0.00012080271559089923,0.00014419121303576465
ID_MXKXHH,5.513314875737041e-05,0.00012080271559089923,0.00014419121303576465,5.513314875737041e-05,0.00012080271559089923,0.00014419121303576465
ID_EBHVGH,1.8753373387926123e-05,0.00013638125760748066,0.0001539482151418084,1.8753373387926123e-05,0.00013638125760748066,0.0001539482151418084
ID_UTUSKA,5.513314875737041e-05,0.00012080271559089923,0.00014419121303576465,5.513314875737041e-05,0.00012080271559089923,0.00014419121303576465
ID_QXI7WO,9.002861615036018e-06,4.159859858883202e-05,7.944870884204249e-05,9.002861615036018e-06,4.159859858883202e-05,7.944870884204249e-05
ID_JUWIIQ,1.8753373387926123e-05,0.00013638125760748066,0.0001539482151418084,1.8753373387926123e-05,0.00013638125760748066,0.0001539482151418084
ID_KG679D,5.513314875737041e-05,0.00012080271559089923,0.00014419121303576465,5.513314875737041e-05,0.00012080271559089923,0.00014419121303576465
ID_0SBJWI,5.513314875737041e-05,0.00012080271559089923,0.00014419121303576465,5.513314875737041e-05,0.00012080271559089923,0.00014419121303576465
ID_BZ3FXA,0.00600187764229646,0.07174810956842426,0.07111926724091049,0.00600187764229646,0.07174810956842426,0.07111926724091049
ID_HUWRBN,9.002861615036018e-06,4.159859858883202e-05,7.944870884204249e-05,9.002861615036018e-06,4.159859858883202e-05,7.944870884204249e-05
ID_REHHGY,5.513314875737041e-05,0.00012080271559089923,0.00014419121303576465,5.513314875737041e-05,0.00012080271559089923,0.00014419121303576465
ID_PMEGO0,5.513314875737041e-05,0.00012080271559089923,0.00014419121303576465,5.513314875737041e-05,0.00012080271559089923,0.00014419121303576465
ID_IL6LSS,9.002861615036018e-06,4.159859858883202e-05,7.944870884204249e-05,9.002861615036018e-06,4.159859858883202e-05,7.944870884204249e-05
ID_PHPRJV,1.8753373387926123e-05,0.00013638125760748066,0.0001539482151418084,1.8753373387926123e-05,0.00013638125760748066,0.0001539482151418084
ID_YZPT9I,9.939301421674825e-05,0.00015534292229735567,0.00027160052583515064,9.939301421674825e-05,0.00015534292229735567,0.00027160052583515064
ID_INX5GB,0.00010193594630100817,0.00016822592891047576,0.0001827853645707857,0.00010193594630100817,0.00016822592891047576,0.0001827853645707857
ID_SWPYGT,0.0023171469604662785,0.055521817001376206,0.016514386377634256,0.0023171469604662785,0.055521817001376206,0.016514386377634256
ID_FJI00V,0.009342384062754214,0.012474894272718546,0.013571183181371908,0.009342384062754214,0.012474894272718546,0.013571183181371908
ID_IEX2UL,0.003021532790581317,0.06109687127428474,0.019316749930321432,0.003021532790581317,0.06109687127428474,0.019316749930321432
ID_0O39EX,0.004136519399514505,0.013209401483367644,0.01748080167240313,0.004136519399514505,0.013209401483367644,0.01748080167240313
ID_S4XD8H,3.628380544939512e-05,6.155913480150856e-05,9.467713992688944e-05,3.628380544939512e-05,6.155913480150856e-05,9.467713992688944e-05
ID_T922CM,0.012910116463494955,0.01718060044729951,0.020051140637147215,0.012910116463494955,0.01718060044729951,0.020051140637147215
ID_IZKU1L,7.065187918059876e-05,8.058412976467423e-05,0.00012489539633663303,7.065187918059876e-05,8.058412976467423e-05,0.00012489539633663303
ID_HT4WWZ,0.00012354090291364394,0.00014738707932462474,0.00018838867584226697,0.00012354090291364394,0.00014738707932462474,0.00018838867584226697
ID_N57ZY0,0.0020715763225525353,0.045995529401186876,0.013051776779176263,0.0020715763225525353,0.045995529401186876,0.013051776779176263
ID_97YIMP,0.00012354090291364394,0.00014738707932462474,0.00018838867584226697,0.00012354090291364394,0.00014738707932462474,0.00018838867584226697
ID_D51DKG,0.001437853014248289,0.00466544439137833,0.004893591324202309,0.001437853014248289,0.00466544439137833,0.004893591324202309
ID_8DBGRU,0.012084797881635224,0.014887277543952453,0.020494729450638977,0.012084797881635224,0.014887277543952453,0.020494729450638977
ID_9CQJQW,0.004136519399514505,0.013209401483367644,0.01748080167240313,0.004136519399514505,0.013209401483367644,0.01748080167240313
ID_DZTIC5,0.0020715763225525353,0.045995529401186876,0.013051776779176263,0.0020715763225525353,0.045995529401186876,0.013051776779176263
ID_RT2NGQ,0.00013634762945580704,0.00013936411765461086,0.0001794811933577464,0.00013634762945580704,0.00013936411765461086,0.0001794811933577464
ID_3TV8X9,0.012910116463494955,0.01718060044729951,0.020051140637147215,0.012910116463494955,0.01718060044729951,0.020051140637147215
ID_JSJFMM,0.0020715763225525353,0.045995529401186876,0.013051776779176263,0.0020715763225525353,0.045995529401186876,0.013051776779176263
ID_U7DE1J,0.00023982028473228519,0.0002111280559993518,0.00026427273042952944,0.00023982028473228519,0.0002111280559993518,0.00026427273042952944
ID_QYPSZ8,0.00010193594630100817,0.00016822592891047576,0.0001827853645707857,0.00010193594630100817,0.00016822592891047576,0.0001827853645707857
ID_HXWPHV,7.065187918059876e-05,8.058412976467423e-05,0.00012489539633663303,7.065187918059876e-05,8.058412976467423e-05,0.00012489539633663303
ID_4XJUM7,7.065187918059876e-05,8.058412976467423e-05,0.00012489539633663303,7.065187918059876e-05,8.058412976467423e-05,0.00012489539633663303
ID_OOZOIL,9.939301421674825e-05,0.00015534292229735567,0.00027160052583515064,9.939301421674825e-05,0.00015534292229735567,0.00027160052583515064
ID_95I388,9.939301421674825e-05,0.00015534292229735567,0.00027160052583515064,9.939301421674825e-05,0.00015534292229735567,0.00027160052583515064
ID_Z9ECXM,7.065187918059876e-05,8.058412976467423e-05,0.00012489539633663303,7.065187918059876e-05,8.058412976467423e-05,0.00012489539633663303
ID_VJMSAU,9.939301421674825e-05,0.00015534292229735567,0.00027160052583515064,9.939301421674825e-05,0.00015534292229735567,0.00027160052583515064
ID_2SWR73,7.065187918059876e-05,8.058412976467423e-05,0.00012489539633663303,7.065187918059876e-05,8.058412976467423e-05,0.00012489539633663303
ID_KEQHOC,7.065187918059876e-05,8.058412976467423e-05,0.00012489539633663303,7.065187918059876e-05,8.058412976467423e-05,0.00012489539633663303
ID_59TJN8,9.939301421674825e-05,0.00015534292229735567,0.00027160052583515064,9.939301421674825e-05,0.00015534292229735567,0.00027160052583515064
ID_Y9ZQLU,9.939301421674825e-05,0.00015534292229735567,0.00027160052583515064,9.939301421674825e-05,0.00015534292229735567,0.00027160052583515064
ID_KH6UO0,9.939301421674825e-05,0.00015534292229735567,0.00027160052583515064,9.939301421674825e-05,0.00015534292229735567,0.00027160052583515064
ID_RSQVI7,3.419424379723654e-05,0.00010424351049639082,0.00012621834703432843,3.419424379723654e-05,0.00010424351049639082,0.00012621834703432843
ID_539EVX,6.035887340841196e-05,9.544482754136993e-05,0.00013600744964398017,6.035887340841196e-05,9.544482754136993e-05,0.00013600744964398017
ID_BI2VMU,0.0023171469604662785,0.055521817001376206,0.016514386377634256,0.0023171469604662785,0.055521817001376206,0.016514386377634256
ID_4D3I04,3.628380544939512e-05,6.155913480150856e-05,9.467713992688944e-05,3.628380544939512e-05,6.155913480150856e-05,9.467713992688944e-05
ID_U45SXA,0.003021532790581317,0.06109687127428474,0.019316749930321432,0.003021532790581317,0.06109687127428474,0.019316749930321432
ID_4JPZY9,0.0023171469604662785,0.055521817001376206,0.016514386377634256,0.0023171469604662785,0.055521817001376206,0.016514386377634256
ID_EMQNRZ,0.003021532790581317,0.06109687127428474,0.019316749930321432,0.003021532790581317,0.06109687127428474,0.019316749930321432
ID_LP9JYH,7.065187918059876e-05,8.058412976467423e-05,0.00012489539633663303,7.065187918059876e-05,8.058412976467423e-05,0.00012489539633663303
ID_XBNGOR,7.065187918059876e-05,8.058412976467423e-05,0.00012489539633663303,7.065187918059876e-05,8.058412976467423e-05,0.00012489539633663303
ID_6P6UZG,0.0027390056326058914,0.010523498078839039,0.012399818563227563,0.0027390056326058914,0.010523498078839039,0.012399818563227563
ID_EVADQD,7.065187918059876e-05,8.058412976467423e-05,0.00012489539633663303,7.065187918059876e-05,8.058412976467423e-05,0.00012489539633663303
ID_STBPWO,7.065187918059876e-05,8.058412976467423e-05,0.00012489539633663303,7.065187918059876e-05,8.058412976467423e-05,0.00012489539633663303
ID_XU7MY3,0.00013634762945580704,0.00013936411765461086,0.0001794811933577464,0.00013634762945580704,0.00013936411765461086,0.0001794811933577464
ID_UE54M8,7.065187918059876e-05,8.058412976467423e-05,0.00012489539633663303,7.065187918059876e-05,8.058412976467423e-05,0.00012489539633663303
ID_0NEC9T,0.00013634762945580704,0.00013936411765461086,0.0001794811933577464,0.00013634762945580704,0.00013936411765461086,0.0001794811933577464
ID_2MDCUV,0.00010193594630100817,0.00016822592891047576,0.0001827853645707857,0.00010193594630100817,0.00016822592891047576,0.0001827853645707857
ID_BXXMB9,0.003021532790581317,0.06109687127428474,0.019316749930321432,0.003021532790581317,0.06109687127428474,0.019316749930321432
ID_F4K9RH,0.00012354090291364394,0.00014738707932462474,0.00018838867584226697,0.00012354090291364394,0.00014738707932462474,0.00018838867584226697
ID_YC2PUL,9.939301421674825e-05,0.00015534292229735567,0.00027160052583515064,9.939301421674825e-05,0.00015534292229735567,0.00027160052583515064
ID_Q3GQZC,7.065187918059876e-05,8.058412976467423e-05,0.00012489539633663303,7.065187918059876e-05,8.058412976467423e-05,0.00012489539633663303
ID_8R80X6,3.628380544939512e-05,6.155913480150856e-05,9.467713992688944e-05,3.628380544939512e-05,6.155913480150856e-05,9.467713992688944e-05
ID_1IESDO,0.00012354090291364394,0.00014738707932462474,0.00018838867584226697,0.00012354090291364394,0.00014738707932462474,0.00018838867584226697
ID_EQG3A7,0.00749642570903887,0.012497092251464573,0.01482387119710592,0.00749642570903887,0.012497092251464573,0.01482387119710592
ID_JMND8O,3.628380544939512e-05,6.155913480150856e-05,9.467713992688944e-05,3.628380544939512e-05,6.155913480150856e-05,9.467713992688944e-05
ID_DNU0QM,0.00012354090291364394,0.00014738707932462474,0.00018838867584226697,0.00012354090291364394,0.00014738707932462474,0.00018838867584226697
ID_5UJIQ7,9.939301421674825e-05,0.00015534292229735567,0.00027160052583515064,9.939301421674825e-05,0.00015534292229735567,0.00027160052583515064
ID_DGWKWK,0.00012354090291364394,0.00014738707932462474,0.00018838867584226697,0.00012354090291364394,0.00014738707932462474,0.00018838867584226697
ID_8Y16EG,7.065187918059876e-05,8.058412976467423e-05,0.00012489539633663303,7.065187918059876e-05,8.058412976467423e-05,0.00012489539633663303
ID_QCEB9N,0.00010193594630100817,0.00016822592891047576,0.0001827853645707857,0.00010193594630100817,0.00016822592891047576,0.0001827853645707857
ID_IB3VU7,0.00012354090291364394,0.00014738707932462474,0.00018838867584226697,0.00012354090291364394,0.00014738707932462474,0.00018838867584226697
ID_OFXODK,9.939301421674825e-05,0.00015534292229735567,0.00027160052583515064,9.939301421674825e-05,0.00015534292229735567,0.00027160052583515064
ID_1CMCRH,3.419424379723654e-05,0.00010424351049639082,0.00012621834703432843,3.419424379723654e-05,0.00010424351049639082,0.00012621834703432843
ID_3RH6TN,9.939301421674825e-05,0.00015534292229735567,0.00027160052583515064,9.939301421674825e-05,0.00015534292229735567,0.00027160052583515064
ID_7HH5IO,0.00012354090291364394,0.00014738707932462474,0.00018838867584226697,0.00012354090291364394,0.00014738707932462474,0.00018838867584226697
ID_BOVCXK,9.169281635413624e-05,0.0001324771469748037,0.0001838329615455369,9.169281635413624e-05,0.0001324771469748037,0.0001838329615455369
ID_DYZZ59,7.065187918059876e-05,8.058412976467423e-05,0.00012489539633663303,7.065187918059876e-05,8.058412976467423e-05,0.00012489539633663303
ID_752ORM,0.00012354090291364394,0.00014738707932462474,0.00018838867584226697,0.00012354090291364394,0.00014738707932462474,0.00018838867584226697
ID_BWW8DE,7.065187918059876e-05,8.058412976467423e-05,0.00012489539633663303,7.065187918059876e-05,8.058412976467423e-05,0.00012489539633663303
ID_2J1VXU,7.065187918059876e-05,8.058412976467423e-05,0.00012489539633663303,7.065187918059876e-05,8.058412976467423e-05,0.00012489539633663303
ID_895UNA,7.065187918059876e-05,8.058412976467423e-05,0.00012489539633663303,7.065187918059876e-05,8.058412976467423e-05,0.00012489539633663303
ID_BF9GRX,0.003021532790581317,0.06109687127428474,0.019316749930321432,0.003021532790581317,0.06109687127428474,0.019316749930321432
ID_S7XMZ6,0.00023982028473228519,0.0002111280559993518,0.00026427273042952944,0.00023982028473228519,0.0002111280559993518,0.00026427273042952944
ID_Q2MLKE,7.065187918059876e-05,8.058412976467423e-05,0.00012489539633663303,7.065187918059876e-05,8.058412976467423e-05,0.00012489539633663303
ID_T3NEEY,0.00012354090291364394,0.00014738707932462474,0.00018838867584226697,0.00012354090291364394,0.00014738707932462474,0.00018838867584226697
ID_C2YB30,0.00012354090291364394,0.00014738707932462474,0.00018838867584226697,0.00012354090291364394,0.00014738707932462474,0.00018838867584226697
ID_5RJHPE,9.939301421674825e-05,0.00015534292229735567,0.00027160052583515064,9.939301421674825e-05,0.00015534292229735567,0.00027160052583515064
ID_0NKOI7,0.003021532790581317,0.06109687127428474,0.019316749930321432,0.003021532790581317,0.06109687127428474,0.019316749930321432
ID_07AJO5,9.939301421674825e-05,0.00015534292229735567,0.00027160052583515064,9.939301421674825e-05,0.00015534292229735567,0.00027160052583515064
ID_6UV94Z,0.00023982028473228519,0.0002111280559993518,0.00026427273042952944,0.00023982028473228519,0.0002111280559993518,0.00026427273042952944
ID_TVDDBE,7.065187918059876e-05,8.058412976467423e-05,0.00012489539633663303,7.065187918059876e-05,8.058412976467423e-05,0.00012489539633663303
ID_876BNL,0.0030971410921853916,0.011561786690139122,0.009683686478598208,0.0030971410921853916,0.011561786690139122,0.009683686478598208
ID_HDUN96,0.0030557487149998107,0.004961760842453594,0.006608463907981555,0.0030557487149998107,0.004961760842453594,0.006608463907981555
ID_O7XCVA,0.0030557487149998107,0.004961760842453594,0.006608463907981555,0.0030557487149998107,0.004961760842453594,0.006608463907981555
ID_HN3Q2B,0.0053716880716421205,0.004557731775409074,0.004197923143257047,0.0053716880716421205,0.004557731775409074,0.004197923143257047
ID_43WX04,5.359046092361728e-05,0.00013833740959094857,0.00024302678280061735,5.359046092361728e-05,0.00013833740959094857,0.00024302678280061735
ID_18QI1A,2.1824160166175688e-05,2.0641907799546785e-05,3.533021043480509e-05,2.1824160166175688e-05,2.0641907799546785e-05,3.533021043480509e-05
ID_LZIJWN,6.887817315261002e-05,5.99051959212584e-05,0.00013819935755429456,6.887817315261002e-05,5.99051959212584e-05,0.00013819935755429456
ID_A8HYQ6,2.9839356609715715e-05,8.914357608648296e-05,0.00021623896006677632,2.9839356609715715e-05,8.914357608648296e-05,0.00021623896006677632
ID_FE5SES,3.6451118078542434e-05,0.00032209543509802575,0.000514928639559074,3.6451118078542434e-05,0.00032209543509802575,0.000514928639559074
ID_YVKYBF,3.3241145524112863e-05,7.106110270940922e-05,0.00015548600630692773,3.3241145524112863e-05,7.106110270940922e-05,0.00015548600630692773
ID_ML1SA5,9.128454381311437e-06,1.4308456317713998e-05,1.7510618866790594e-05,9.128454381311437e-06,1.4308456317713998e-05,1.7510618866790594e-05
ID_DBPJBC,6.887817315261002e-05,5.99051959212584e-05,0.00013819935755429456,6.887817315261002e-05,5.99051959212584e-05,0.00013819935755429456
ID_Q51LM9,2.1824160166175688e-05,2.0641907799546785e-05,3.533021043480509e-05,2.1824160166175688e-05,2.0641907799546785e-05,3.533021043480509e-05
ID_KSCMRK,1.7744820539295725e-05,2.060910722012861e-05,3.6289240289625685e-05,1.7744820539295725e-05,2.060910722012861e-05,3.6289240289625685e-05
ID_YBTPCY,9.128454381311437e-06,1.4308456317713998e-05,1.7510618866790594e-05,9.128454381311437e-06,1.4308456317713998e-05,1.7510618866790594e-05
ID_9HS5DB,2.4048792018182762e-05,1.9437197647088824e-05,2.2013525911685146e-05,2.4048792018182762e-05,1.9437197647088824e-05,2.2013525911685146e-05
ID_8GOXK3,0.0001826881309429578,0.00018538027199434013,0.0003374984352697667,0.0001826881309429578,0.00018538027199434013,0.0003374984352697667
ID_PP01G2,1.0541696487894078e-05,1.5288150373671726e-05,2.1266814410009997e-05,1.0541696487894078e-05,1.5288150373671726e-05,2.1266814410009997e-05
ID_R4LUTD,2.4048792018182762e-05,1.9437197647088824e-05,2.2013525911685146e-05,2.4048792018182762e-05,1.9437197647088824e-05,2.2013525911685146e-05
ID_QD9ZYZ,2.4048792018182762e-05,1.9437197647088824e-05,2.2013525911685146e-05,2.4048792018182762e-05,1.9437197647088824e-05,2.2013525911685146e-05
ID_9A3RGH,9.128454381311437e-06,1.4294678258161807e-05,1.7518499238852147e-05,9.128454381311437e-06,1.4294678258161807e-05,1.7518499238852147e-05
ID_9SL27X,2.4048792018182762e-05,1.9437197647088824e-05,2.2013525911685146e-05,2.4048792018182762e-05,1.9437197647088824e-05,2.2013525911685146e-05
ID_1JDULR,1.8894131284313755e-05,1.9519884819335243e-05,2.1271502043887108e-05,1.8894131284313755e-05,1.9519884819335243e-05,2.1271502043887108e-05
ID_NPK8WH,1.0541696487894078e-05,1.5288150373671726e-05,2.1266814410009997e-05,1.0541696487894078e-05,1.5288150373671726e-05,2.1266814410009997e-05
ID_UIQ2M6,2.1729848395949852e-05,2.0628110089374475e-05,3.534945473875926e-05,2.1729848395949852e-05,2.0628110089374475e-05,3.534945473875926e-05
ID_KZ7WF1,8.412565063301732e-05,7.005014633591021e-05,0.0001505988748891559,8.412565063301732e-05,7.005014633591021e-05,0.0001505988748891559
ID_SL826W,1.0541696487894078e-05,1.5289477854444472e-05,2.1261027705334746e-05,1.0541696487894078e-05,1.5289477854444472e-05,2.1261027705334746e-05
ID_JU38M1,5.571429040472859e-05,7.445580140036316e-05,0.00012713006868250536,5.571429040472859e-05,7.445580140036316e-05,0.00012713006868250536
ID_2ESPZK,2.4048792018182762e-05,1.9431325734769758e-05,2.200013719832072e-05,2.4048792018182762e-05,1.9431325734769758e-05,2.200013719832072e-05
ID_K2YFYU,2.1824160166175688e-05,2.0641907799546785e-05,3.533021043480509e-05,2.1824160166175688e-05,2.0641907799546785e-05,3.533021043480509e-05
ID_TBP5FU,0.0001826881309429578,0.00018538027199434013,0.0003374984352697667,0.0001826881309429578,0.00018538027199434013,0.0003374984352697667
ID_35L0LZ,2.9839356609715715e-05,8.914357608648296e-05,0.00021623896006677632,2.9839356609715715e-05,8.914357608648296e-05,0.00021623896006677632
ID_Y4KXQM,5.359046092361728e-05,0.00013833740959094857,0.00024302678280061735,5.359046092361728e-05,0.00013833740959094857,0.00024302678280061735
ID_DN79ZG,0.0001826881309429578,0.00018538027199434013,0.0003374984352697667,0.0001826881309429578,0.00018538027199434013,0.0003374984352697667
ID_3SXP9A,2.1729848395949852e-05,2.0628110089374475e-05,3.534945473875926e-05,2.1729848395949852e-05,2.0628110089374475e-05,3.534945473875926e-05
ID_2V2H8G,6.268194937084522e-05,0.00032062532644677277,0.00042714666779664404,6.268194937084522e-05,0.00032062532644677277,0.00042714666779664404
ID_X49G2U,8.412565063301732e-05,7.005014633591021e-05,0.0001505988748891559,8.412565063301732e-05,7.005014633591021e-05,0.0001505988748891559
ID_7R2JHD,6.887817315261002e-05,5.99051959212584e-05,0.00013819935755429456,6.887817315261002e-05,5.99051959212584e-05,0.00013819935755429456
ID_I79GFF,0.4312923585358489,0.37205744861741874,0.2842310856178817,0.4312923585358489,0.37205744861741874,0.2842310856178817
ID_ZC1AQA,2.4197768994285054e-05,1.9576426986963484e-05,2.2008543547964084e-05,2.4197768994285054e-05,1.9576426986963484e-05,2.2008543547964084e-05
ID_D5ZZFS,0.00019946692185396597,0.00012840551006428974,0.0002804192983331982,0.00019946692185396597,0.00012840551006428974,0.0002804192983331982
ID_OJKN2W,2.22448190177133e-05,2.2790658975685628e-05,3.105906075606106e-05,2.22448190177133e-05,2.2790658975685628e-05,3.105906075606106e-05
ID_B2Z1PP,0.4312923585358489,0.37205744861741874,0.2842310856178817,0.4312923585358489,0.37205744861741874,0.2842310856178817
ID_T7A33E,5.359046092361728e-05,0.00013833740959094857,0.00024302678280061735,5.359046092361728e-05,0.00013833740959094857,0.00024302678280061735
ID_DL8DPL,3.3241145524112863e-05,7.106110270940922e-05,0.00015548600630692773,3.3241145524112863e-05,7.106110270940922e-05,0.00015548600630692773
ID_7IE517,5.359046092361728e-05,0.00013833740959094857,0.00024302678280061735,5.359046092361728e-05,0.00013833740959094857,0.00024302678280061735
ID_KV3UHT,2.1824160166175688e-05,2.0641907799546785e-05,3.533021043480509e-05,2.1824160166175688e-05,2.0641907799546785e-05,3.533021043480509e-05
ID_GY618Y,2.22448190177133e-05,2.2790658975685628e-05,3.105906075606106e-05,2.22448190177133e-05,2.2790658975685628e-05,3.105906075606106e-05
ID_7IHCZE,2.9839356609715715e-05,8.914357608648296e-05,0.00021623896006677632,2.9839356609715715e-05,8.914357608648296e-05,0.00021623896006677632
ID_L41OWZ,5.359046092361728e-05,0.00013833740959094857,0.00024302678280061735,5.359046092361728e-05,0.00013833740959094857,0.00024302678280061735
ID_B2UV3T,8.412565063301732e-05,7.005014633591021e-05,0.0001505988748891559,8.412565063301732e-05,7.005014633591021e-05,0.0001505988748891559
ID_T8EQ3F,5.571429040472859e-05,7.445580140036316e-05,0.00012713006868250536,5.571429040472859e-05,7.445580140036316e-05,0.00012713006868250536
ID_ZW0DVE,8.412565063301732e-05,7.005014633591021e-05,0.0001505988748891559,8.412565063301732e-05,7.005014633591021e-05,0.0001505988748891559
ID_SSS3KA,9.128454381311437e-06,1.4294678258161807e-05,1.7518499238852147e-05,9.128454381311437e-06,1.4294678258161807e-05,1.7518499238852147e-05
ID_D4HDFD,0.0001826881309429578,0.00018538027199434013,0.0003374984352697667,0.0001826881309429578,0.00018538027199434013,0.0003374984352697667
ID_T6ZYQU,0.00020081160001656368,0.00026000223911257166,0.00039518057272102747,0.00020081160001656368,0.00026000223911257166,0.00039518057272102747
ID_DWK7UW,0.0001826881309429578,0.00018538027199434013,0.0003374984352697667,0.0001826881309429578,0.00018538027199434013,0.0003374984352697667
ID_RUJKIR,8.412565063301732e-05,7.005014633591021e-05,0.0001505988748891559,8.412565063301732e-05,7.005014633591021e-05,0.0001505988748891559
ID_0SN05S,2.4048792018182762e-05,1.9437197647088824e-05,2.2013525911685146e-05,2.4048792018182762e-05,1.9437197647088824e-05,2.2013525911685146e-05
ID_A6J8PW,1.7728145398741045e-05,2.0580606952120073e-05,3.630728505959332e-05,1.7728145398741045e-05,2.0580606952120073e-05,3.630728505959332e-05
ID_GH8L5Y,0.0001694214287818022,0.00011675809320795218,0.0002491324033188535,0.0001694214287818022,0.00011675809320795218,0.0002491324033188535
ID_TRDBZE,0.0001826881309429578,0.00018538027199434013,0.0003374984352697667,0.0001826881309429578,0.00018538027199434013,0.0003374984352697667
ID_O3H4R1,5.359046092361728e-05,0.00013833740959094857,0.00024302678280061735,5.359046092361728e-05,0.00013833740959094857,0.00024302678280061735
ID_TGLP6W,5.359046092361728e-05,0.00013833740959094857,0.00024302678280061735,5.359046092361728e-05,0.00013833740959094857,0.00024302678280061735
ID_1SXWML,0.0001826881309429578,0.00018538027199434013,0.0003374984352697667,0.0001826881309429578,0.00018538027199434013,0.0003374984352697667
ID_91OUIW,2.1824160166175688e-05,2.0641907799546785e-05,3.533021043480509e-05,2.1824160166175688e-05,2.0641907799546785e-05,3.533021043480509e-05
ID_1N0WJJ,2.22448190177133e-05,2.2790658975685628e-05,3.105906075606106e-05,2.22448190177133e-05,2.2790658975685628e-05,3.105906075606106e-05
ID_UTMX3S,5.359046092361728e-05,0.00013833740959094857,0.00024302678280061735,5.359046092361728e-05,0.00013833740959094857,0.00024302678280061735
ID_SP2RUN,5.571429040472859e-05,7.445580140036316e-05,0.00012713006868250536,5.571429040472859e-05,7.445580140036316e-05,0.00012713006868250536
ID_ZU20XJ,1.0541696487894078e-05,1.5289477854444472e-05,2.1261027705334746e-05,1.0541696487894078e-05,1.5289477854444472e-05,2.1261027705334746e-05
ID_H6JGLH,5.359046092361728e-05,0.00013833740959094857,0.00024302678280061735,5.359046092361728e-05,0.00013833740959094857,0.00024302678280061735
ID_8IHXOY,8.412565063301732e-05,7.005014633591021e-05,0.0001505988748891559,8.412565063301732e-05,7.005014633591021e-05,0.0001505988748891559
ID_4VK4NE,0.0001826881309429578,0.00018538027199434013,0.0003374984352697667,0.0001826881309429578,0.00018538027199434013,0.0003374984352697667
ID_I71IWR,2.4048792018182762e-05,1.9437197647088824e-05,2.2013525911685146e-05,2.4048792018182762e-05,1.9437197647088824e-05,2.2013525911685146e-05
ID_C368SW,2.1729848395949852e-05,2.0628110089374475e-05,3.534945473875926e-05,2.1729848395949852e-05,2.0628110089374475e-05,3.534945473875926e-05
ID_VT6L20,3.3241145524112863e-05,7.106110270940922e-05,0.00015548600630692773,3.3241145524112863e-05,7.106110270940922e-05,0.00015548600630692773
ID_6XBTY9,2.9839356609715715e-05,8.914357608648296e-05,0.00021623896006677632,2.9839356609715715e-05,8.914357608648296e-05,0.00021623896006677632
ID_UIEG1P,0.00010720298165637143,0.00012587450487325341,0.00023375501639533335,0.00010720298165637143,0.00012587450487325341,0.00023375501639533335
ID_9HR4BX,8.412565063301732e-05,7.005014633591021e-05,0.0001505988748891559,8.412565063301732e-05,7.005014633591021e-05,0.0001505988748891559
ID_OPWJP4,0.00020081160001656368,0.00026000223911257166,0.00039518057272102747,0.00020081160001656368,0.00026000223911257166,0.00039518057272102747
ID_1KUZ5C,2.9839356609715715e-05,8.914357608648296e-05,0.00021623896006677632,2.9839356609715715e-05,8.914357608648296e-05,0.00021623896006677632
ID_KBW7CU,0.018448195129952064,0.018274961595897483,0.016342909162744994,0.018448195129952064,0.018274961595897483,0.016342909162744994
ID_2ILIQY,9.128454381311437e-06,1.4294678258161807e-05,1.7518499238852147e-05,9.128454381311437e-06,1.4294678258161807e-05,1.7518499238852147e-05
ID_KFS68B,6.887817315261002e-05,5.99051959212584e-05,0.00013819935755429456,6.887817315261002e-05,5.99051959212584e-05,0.00013819935755429456
ID_8P12DQ,2.1824160166175688e-05,2.0641907799546785e-05,3.533021043480509e-05,2.1824160166175688e-05,2.0641907799546785e-05,3.533021043480509e-05
ID_J3426Q,9.128454381311437e-06,1.4294678258161807e-05,1.7518499238852147e-05,9.128454381311437e-06,1.4294678258161807e-05,1.7518499238852147e-05
ID_2TM2XS,2.9839356609715715e-05,8.914357608648296e-05,0.00021623896006677632,2.9839356609715715e-05,8.914357608648296e-05,0.00021623896006677632
ID_8CHBZO,2.1729848395949852e-05,2.0628110089374475e-05,3.534945473875926e-05,2.1729848395949852e-05,2.0628110089374475e-05,3.534945473875926e-05
ID_F6CFLR,2.9839356609715715e-05,8.914357608648296e-05,0.00021623896006677632,2.9839356609715715e-05,8.914357608648296e-05,0.00021623896006677632
ID_WEUPHB,1.0541696487894078e-05,1.5289477854444472e-05,2.1261027705334746e-05,1.0541696487894078e-05,1.5289477854444472e-05,2.1261027705334746e-05
ID_T9CUR2,8.412565063301732e-05,7.005014633591021e-05,0.0001505988748891559,8.412565063301732e-05,7.005014633591021e-05,0.0001505988748891559
ID_6NT1J7,5.571429040472859e-05,7.445580140036316e-05,0.00012713006868250536,5.571429040472859e-05,7.445580140036316e-05,0.00012713006868250536
ID_5XJZ15,2.4048792018182762e-05,1.9437197647088824e-05,2.2013525911685146e-05,2.4048792018182762e-05,1.9437197647088824e-05,2.2013525911685146e-05
ID_4C75NZ,9.128454381311437e-06,1.4294678258161807e-05,1.7518499238852147e-05,9.128454381311437e-06,1.4294678258161807e-05,1.7518499238852147e-05
ID_4I22LB,0.00019946692185396597,0.00012840551006428974,0.0002804192983331982,0.00019946692185396597,0.00012840551006428974,0.0002804192983331982
ID_71ANPU,8.412565063301732e-05,7.005014633591021e-05,0.0001505988748891559,8.412565063301732e-05,7.005014633591021e-05,0.0001505988748891559
ID_TLRRWX,9.128454381311437e-06,1.4294678258161807e-05,1.7518499238852147e-05,9.128454381311437e-06,1.4294678258161807e-05,1.7518499238852147e-05
ID_11MWYB,0.0001826881309429578,0.00018538027199434013,0.0003374984352697667,0.0001826881309429578,0.00018538027199434013,0.0003374984352697667
ID_ZJYYTF,1.8894131284313755e-05,1.9519884819335243e-05,2.1271502043887108e-05,1.8894131284313755e-05,1.9519884819335243e-05,2.1271502043887108e-05
ID_XS5IZB,6.887817315261002e-05,5.99051959212584e-05,0.00013819935755429456,6.887817315261002e-05,5.99051959212584e-05,0.00013819935755429456
ID_OAMCTD,2.4048792018182762e-05,1.9437197647088824e-05,2.2013525911685146e-05,2.4048792018182762e-05,1.9437197647088824e-05,2.2013525911685146e-05
ID_VZ2BA0,2.4048792018182762e-05,1.9437197647088824e-05,2.2013525911685146e-05,2.4048792018182762e-05,1.9437197647088824e-05,2.2013525911685146e-05
ID_OUFL3R,2.4048792018182762e-05,1.9437197647088824e-05,2.2013525911685146e-05,2.4048792018182762e-05,1.9437197647088824e-05,2.2013525911685146e-05
ID_C9JHEM,0.00019946692185396597,0.00012840551006428974,0.0002804192983331982,0.00019946692185396597,0.00012840551006428974,0.0002804192983331982
ID_ZULTCR,2.77068818179229e-05,0.0001200732450218858,0.0002511160213175395,2.77068818179229e-05,0.0001200732450218858,0.0002511160213175395
ID_0M1QAK,1.0286511009481786e-05,1.907899365295636e-05,2.3633007954116633e-05,1.0286511009481786e-05,1.907899365295636e-05,2.3633007954116633e-05
ID_22EOFV,0.00012170755690244701,0.0001631029998032798,0.00030819895312534035,0.00012170755690244701,0.0001631029998032798,0.00030819895312534035
ID_CC1868,0.004347362848532683,0.008871278155384073,0.013162300186122081,0.004347362848532683,0.008871278155384073,0.013162300186122081
ID_RRHEAY,2.77068818179229e-05,0.0001200732450218858,0.0002511160213175395,2.77068818179229e-05,0.0001200732450218858,0.0002511160213175395
ID_312RLJ,1.9435414967115455e-05,0.0001138029280436461,0.0002565232014996532,1.9435414967115455e-05,0.0001138029280436461,0.0002565232014996532
ID_FW5MN2,0.0014803682123152462,0.0018528996578621652,0.002180117853969534,0.0014803682123152462,0.0018528996578621652,0.002180117853969534
ID_UJT70Q,1.1476042471180035e-05,1.8670538043478548e-05,1.8369675893588703e-05,1.1476042471180035e-05,1.8670538043478548e-05,1.8369675893588703e-05
ID_T6DWM5,3.528295560827799e-05,0.00010547002584017473,0.00013828292344045034,3.528295560827799e-05,0.00010547002584017473,0.00013828292344045034
ID_P35RKU,7.199338349011137e-06,1.57125066597179e-05,2.4079463547562847e-05,7.199338349011137e-06,1.57125066597179e-05,2.4079463547562847e-05
ID_0LNF2H,1.5114302699576233e-05,1.8449657734616618e-05,1.9315300757590308e-05,1.5114302699576233e-05,1.8449657734616618e-05,1.9315300757590308e-05
ID_FE89WN,1.0286511009481786e-05,1.907899365295636e-05,2.3633007954116633e-05,1.0286511009481786e-05,1.907899365295636e-05,2.3633007954116633e-05
ID_FNIMWZ,1.1476042471180035e-05,1.8670538043478548e-05,1.8369675893588703e-05,1.1476042471180035e-05,1.8670538043478548e-05,1.8369675893588703e-05
ID_MRNN7B,1.5114302699576233e-05,1.8449657734616618e-05,1.9315300757590308e-05,1.5114302699576233e-05,1.8449657734616618e-05,1.9315300757590308e-05
ID_J8YA05,2.3895301907198044e-05,2.1735433022832992e-05,3.492816572526327e-05,2.3895301907198044e-05,2.1735433022832992e-05,3.492816572526327e-05
ID_6NXJX5,9.859027737580179e-06,1.4826878978986684e-05,1.981558137164686e-05,9.859027737580179e-06,1.4826878978986684e-05,1.981558137164686e-05
ID_BJV0W6,0.0005943309014128649,0.0012736090391921276,0.0019634240116260344,0.0005943309014128649,0.0012736090391921276,0.0019634240116260344
ID_8L1YW7,2.77068818179229e-05,0.0001200732450218858,0.0002511160213175395,2.77068818179229e-05,0.0001200732450218858,0.0002511160213175395
ID_XJPLJC,7.199338349011137e-06,1.57125066597179e-05,2.4079463547562847e-05,7.199338349011137e-06,1.57125066597179e-05,2.4079463547562847e-05
ID_R652CL,1.9435414967115455e-05,0.0001138029280436461,0.0002565232014996532,1.9435414967115455e-05,0.0001138029280436461,0.0002565232014996532
ID_E69JOD,2.4021954481175733e-05,2.8686262963707676e-05,4.152065723998667e-05,2.4021954481175733e-05,2.8686262963707676e-05,4.152065723998667e-05
ID_CZS6OU,0.0001288887761913657,0.0003727148302349657,0.0006964255611237574,0.0001288887761913657,0.0003727148302349657,0.0006964255611237574
ID_GRQZ05,1.9435414967115455e-05,0.0001138029280436461,0.0002565232014996532,1.9435414967115455e-05,0.0001138029280436461,0.0002565232014996532
ID_Y0BSPY,0.0001288887761913657,0.0003727148302349657,0.0006964255611237574,0.0001288887761913657,0.0003727148302349657,0.0006964255611237574
ID_K2JIN9,2.4021954481175733e-05,2.8686262963707676e-05,4.152065723998667e-05,2.4021954481175733e-05,2.8686262963707676e-05,4.152065723998667e-05
ID_FUI65H,0.0014803682123152462,0.0018528996578621652,0.002180117853969534,0.0014803682123152462,0.0018528996578621652,0.002180117853969534
ID_95L18T,1.7157157569280244e-05,1.936053247911244e-05,3.538738058336225e-05,1.7157157569280244e-05,1.936053247911244e-05,3.538738058336225e-05
ID_LP5DMO,0.0014803682123152462,0.0018528996578621652,0.002180117853969534,0.0014803682123152462,0.0018528996578621652,0.002180117853969534
ID_DMJWXV,1.7157157569280244e-05,1.936053247911244e-05,3.538738058336225e-05,1.7157157569280244e-05,1.936053247911244e-05,3.538738058336225e-05
ID_DQP3PY,8.708158197487083e-05,0.00010397899480170565,9.843093509568214e-05,8.708158197487083e-05,0.00010397899480170565,9.843093509568214e-05
ID_PV90XU,2.77068818179229e-05,0.0001200732450218858,0.0002511160213175395,2.77068818179229e-05,0.0001200732450218858,0.0002511160213175395
ID_3105ME,2.77068818179229e-05,0.0001200732450218858,0.0002511160213175395,2.77068818179229e-05,0.0001200732450218858,0.0002511160213175395
ID_YQQHQ3,8.708158197487083e-05,0.00010397899480170565,9.843093509568214e-05,8.708158197487083e-05,0.00010397899480170565,9.843093509568214e-05
ID_V44WY3,8.708158197487083e-05,0.00010397899480170565,9.843093509568214e-05,8.708158197487083e-05,0.00010397899480170565,9.843093509568214e-05
ID_UCO85D,1.7157157569280244e-05,1.936053247911244e-05,3.538738058336225e-05,1.7157157569280244e-05,1.936053247911244e-05,3.538738058336225e-05
ID_1XHBUV,8.789414709590335e-05,0.00020867051902763271,0.00038400825567259076,8.789414709590335e-05,0.00020867051902763271,0.00038400825567259076
ID_6HMBCZ,1.5114302699576233e-05,1.8449657734616618e-05,1.9315300757590308e-05,1.5114302699576233e-05,1.8449657734616618e-05,1.9315300757590308e-05
ID_3AFMQB,1.1476042471180035e-05,1.8670538043478548e-05,1.8369675893588703e-05,1.1476042471180035e-05,1.8670538043478548e-05,1.8369675893588703e-05
ID_0HGHQZ,1.7157157569280244e-05,1.936053247911244e-05,3.538738058336225e-05,1.7157157569280244e-05,1.936053247911244e-05,3.538738058336225e-05
ID_86OGKU,1.9435414967115455e-05,0.0001138029280436461,0.0002565232014996532,1.9435414967115455e-05,0.0001138029280436461,0.0002565232014996532
ID_CIAW5T,0.0001288887761913657,0.0003727148302349657,0.0006964255611237574,0.0001288887761913657,0.0003727148302349657,0.0006964255611237574
ID_SPZWF2,2.77068818179229e-05,0.0001200732450218858,0.0002511160213175395,2.77068818179229e-05,0.0001200732450218858,0.0002511160213175395
ID_PHOPIB,1.5114302699576233e-05,1.8449657734616618e-05,1.9315300757590308e-05,1.5114302699576233e-05,1.8449657734616618e-05,1.9315300757590308e-05
ID_MNZEHD,1.1476042471180035e-05,1.8670538043478548e-05,1.8369675893588703e-05,1.1476042471180035e-05,1.8670538043478548e-05,1.8369675893588703e-05
ID_797ML8,1.1476042471180035e-05,1.8670538043478548e-05,1.8369675893588703e-05,1.1476042471180035e-05,1.8670538043478548e-05,1.8369675893588703e-05
ID_BYU5HD,8.708158197487083e-05,0.00010397899480170565,9.843093509568214e-05,8.708158197487083e-05,0.00010397899480170565,9.843093509568214e-05
ID_RXCEKJ,1.9435414967115455e-05,0.0001138029280436461,0.0002565232014996532,1.9435414967115455e-05,0.0001138029280436461,0.0002565232014996532
ID_ELSO35,1.5114302699576233e-05,1.8449657734616618e-05,1.9315300757590308e-05,1.5114302699576233e-05,1.8449657734616618e-05,1.9315300757590308e-05
ID_VINNFK,8.708158197487083e-05,0.00010397899480170565,9.843093509568214e-05,8.708158197487083e-05,0.00010397899480170565,9.843093509568214e-05
ID_N6DOKU,8.708158197487083e-05,0.00010397899480170565,9.843093509568214e-05,8.708158197487083e-05,0.00010397899480170565,9.843093509568214e-05
ID_0EFT4F,2.77068818179229e-05,0.0001200732450218858,0.0002511160213175395,2.77068818179229e-05,0.0001200732450218858,0.0002511160213175395
ID_XKQHVP,3.528295560827799e-05,0.00010547002584017473,0.00013828292344045034,3.528295560827799e-05,0.00010547002584017473,0.00013828292344045034
ID_SU4Q41,1.8210703190329757e-05,2.125394652973189e-05,3.5818090760174815e-05,1.8210703190329757e-05,2.125394652973189e-05,3.5818090760174815e-05
ID_D11XF1,1.9435414967115455e-05,0.0001138029280436461,0.0002565232014996532,1.9435414967115455e-05,0.0001138029280436461,0.0002565232014996532
ID_P86BG6,8.708158197487083e-05,0.00010397899480170565,9.843093509568214e-05,8.708158197487083e-05,0.00010397899480170565,9.843093509568214e-05
ID_PADGJY,2.77068818179229e-05,0.0001200732450218858,0.0002511160213175395,2.77068818179229e-05,0.0001200732450218858,0.0002511160213175395
ID_7PYROJ,8.789414709590335e-05,0.00020867051902763271,0.00038400825567259076,8.789414709590335e-05,0.00020867051902763271,0.00038400825567259076
ID_4ZP64K,9.35065411408807e-06,1.6209794995149044e-05,2.4352119672707026e-05,9.35065411408807e-06,1.6209794995149044e-05,2.4352119672707026e-05
ID_6UI50R,8.708158197487083e-05,0.00010397899480170565,9.843093509568214e-05,8.708158197487083e-05,0.00010397899480170565,9.843093509568214e-05
ID_0CQMTS,8.708158197487083e-05,0.00010397899480170565,9.843093509568214e-05,8.708158197487083e-05,0.00010397899480170565,9.843093509568214e-05
ID_GWHZQX,8.708158197487083e-05,0.00010397899480170565,9.843093509568214e-05,8.708158197487083e-05,0.00010397899480170565,9.843093509568214e-05
ID_75RX5W,1.8210703190329757e-05,2.125394652973189e-05,3.5818090760174815e-05,1.8210703190329757e-05,2.125394652973189e-05,3.5818090760174815e-05
ID_O9HFAP,1.6520117444844714e-05,3.309576970181898e-05,4.1397408464813205e-05,1.6520117444844714e-05,3.309576970181898e-05,4.1397408464813205e-05
ID_Y6EXY9,8.025006414163051e-06,1.4964029172957332e-05,2.017790598767103e-05,8.025006414163051e-06,1.4964029172957332e-05,2.017790598767103e-05
ID_G0KUFV,0.0012405155016408488,0.0022049662545680936,0.002920800712786764,0.0012405155016408488,0.0022049662545680936,0.002920800712786764
ID_4U98W5,1.1476042471180035e-05,1.8670538043478548e-05,1.8369675893588703e-05,1.1476042471180035e-05,1.8670538043478548e-05,1.8369675893588703e-05
ID_M6LH16,1.0286511009481786e-05,1.907899365295636e-05,2.3633007954116633e-05,1.0286511009481786e-05,1.907899365295636e-05,2.3633007954116633e-05
ID_IBYOA8,1.1476042471180035e-05,1.8670538043478548e-05,1.8369675893588703e-05,1.1476042471180035e-05,1.8670538043478548e-05,1.8369675893588703e-05
ID_JCS18T,1.9435414967115455e-05,0.0001138029280436461,0.0002565232014996532,1.9435414967115455e-05,0.0001138029280436461,0.0002565232014996532
ID_PDAYPC,1.6048572052410317e-05,1.9447797864294542e-05,2.609427913822979e-05,1.6048572052410317e-05,1.9447797864294542e-05,2.609427913822979e-05
ID_6MSHHO,7.199338349011137e-06,1.57125066597179e-05,2.4079463547562847e-05,7.199338349011137e-06,1.57125066597179e-05,2.4079463547562847e-05
ID_KXJDXJ,2.77068818179229e-05,0.0001200732450218858,0.0002511160213175395,2.77068818179229e-05,0.0001200732450218858,0.0002511160213175395
ID_X06P29,1.1476042471180035e-05,1.8670538043478548e-05,1.8369675893588703e-05,1.1476042471180035e-05,1.8670538043478548e-05,1.8369675893588703e-05
ID_SU0E3L,8.708158197487083e-05,0.00010397899480170565,9.843093509568214e-05,8.708158197487083e-05,0.00010397899480170565,9.843093509568214e-05
ID_86RCT1,1.1476042471180035e-05,1.8670538043478548e-05,1.8369675893588703e-05,1.1476042471180035e-05,1.8670538043478548e-05,1.8369675893588703e-05
ID_BHSPH0,8.708158197487083e-05,0.00010397899480170565,9.843093509568214e-05,8.708158197487083e-05,0.00010397899480170565,9.843093509568214e-05
ID_BSI555,1.7157157569280244e-05,1.936053247911244e-05,3.538738058336225e-05,1.7157157569280244e-05,1.936053247911244e-05,3.538738058336225e-05
ID_AJZY4W,0.0001288887761913657,0.0003727148302349657,0.0006964255611237574,0.0001288887761913657,0.0003727148302349657,0.0006964255611237574
ID_5JVBFT,8.789414709590335e-05,0.00020867051902763271,0.00038400825567259076,8.789414709590335e-05,0.00020867051902763271,0.00038400825567259076
ID_KOBTYW,0.0014803682123152462,0.0018528996578621652,0.002180117853969534,0.0014803682123152462,0.0018528996578621652,0.002180117853969534
ID_5O17MO,1.9435414967115455e-05,0.0001138029280436461,0.0002565232014996532,1.9435414967115455e-05,0.0001138029280436461,0.0002565232014996532
ID_K11Q5X,1.5114302699576233e-05,1.8449657734616618e-05,1.9315300757590308e-05,1.5114302699576233e-05,1.8449657734616618e-05,1.9315300757590308e-05
ID_G7GY5M,1.7157157569280244e-05,1.936053247911244e-05,3.538738058336225e-05,1.7157157569280244e-05,1.936053247911244e-05,3.538738058336225e-05
ID_WKHNNC,1.2657478603862814e-05,2.242852625217122e-05,4.07433329404435e-05,1.2657478603862814e-05,2.242852625217122e-05,4.07433329404435e-05
ID_VJ5MEA,1.7157157569280244e-05,1.936053247911244e-05,3.538738058336225e-05,1.7157157569280244e-05,1.936053247911244e-05,3.538738058336225e-05
ID_Y8KTAQ,1.2217367796925448e-05,4.913154572445118e-05,0.00010351626054924562,1.2217367796925448e-05,4.913154572445118e-05,0.00010351626054924562
ID_9AT8CS,7.979691037422335e-06,4.603516029504543e-05,9.944838296191099e-05,7.979691037422335e-06,4.603516029504543e-05,9.944838296191099e-05
ID_1UYUHI,7.979691037422335e-06,4.603516029504543e-05,9.944838296191099e-05,7.979691037422335e-06,4.603516029504543e-05,9.944838296191099e-05
ID_IW1QYO,7.979691037422335e-06,4.603516029504543e-05,9.944838296191099e-05,7.979691037422335e-06,4.603516029504543e-05,9.944838296191099e-05
ID_C4MM2J,7.979691037422335e-06,4.603516029504543e-05,9.944838296191099e-05,7.979691037422335e-06,4.603516029504543e-05,9.944838296191099e-05
ID_HFZ0HI,1.2217367796925448e-05,4.913154572445118e-05,0.00010351626054924562,1.2217367796925448e-05,4.913154572445118e-05,0.00010351626054924562
ID_ZV17K7,7.979691037422335e-06,4.603516029504543e-05,9.944838296191099e-05,7.979691037422335e-06,4.603516029504543e-05,9.944838296191099e-05
ID_4I93LT,1.2217367796925448e-05,4.913154572445118e-05,0.00010351626054924562,1.2217367796925448e-05,4.913154572445118e-05,0.00010351626054924562
ID_RIUVLU,1.1329312288316691e-05,4.253722062490168e-05,5.967638769701854e-05,1.1329312288316691e-05,4.253722062490168e-05,5.967638769701854e-05
ID_GMAXQ3,1.2217367796925448e-05,4.913154572445118e-05,0.00010351626054924562,1.2217367796925448e-05,4.913154572445118e-05,0.00010351626054924562
ID_30V9V7,1.2217367796925448e-05,4.913154572445118e-05,0.00010351626054924562,1.2217367796925448e-05,4.913154572445118e-05,0.00010351626054924562
ID_00D47V,1.2217367796925448e-05,4.913154572445118e-05,0.00010351626054924562,1.2217367796925448e-05,4.913154572445118e-05,0.00010351626054924562
ID_COCODS,1.1329312288316691e-05,4.253722062490168e-05,5.967638769701854e-05,1.1329312288316691e-05,4.253722062490168e-05,5.967638769701854e-05
ID_HR5HVM,7.979691037422335e-06,4.603516029504543e-05,9.944838296191099e-05,7.979691037422335e-06,4.603516029504543e-05,9.944838296191099e-05
ID_WGYIZG,7.129985302772133e-06,4.206947663073204e-05,5.38217279292877e-05,7.129985302772133e-06,4.206947663073204e-05,5.38217279292877e-05
ID_O5CFG3,1.2217367796925448e-05,4.913154572445118e-05,0.00010351626054924562,1.2217367796925448e-05,4.913154572445118e-05,0.00010351626054924562
ID_U0K12F,1.2217367796925448e-05,4.913154572445118e-05,0.00010351626054924562,1.2217367796925448e-05,4.913154572445118e-05,0.00010351626054924562
ID_VRYVS7,1.1329312288316691e-05,4.253722062490168e-05,5.967638769701854e-05,1.1329312288316691e-05,4.253722062490168e-05,5.967638769701854e-05
ID_G4MECV,1.2217367796925448e-05,4.913154572445118e-05,0.00010351626054924562,1.2217367796925448e-05,4.913154572445118e-05,0.00010351626054924562
ID_OXEA7H,1.1329312288316691e-05,4.253722062490168e-05,5.967638769701854e-05,1.1329312288316691e-05,4.253722062490168e-05,5.967638769701854e-05
ID_DH682H,7.979691037422335e-06,4.603516029504543e-05,9.944838296191099e-05,7.979691037422335e-06,4.603516029504543e-05,9.944838296191099e-05
ID_4ZJ6HT,1.2217367796925448e-05,4.913154572445118e-05,0.00010351626054924562,1.2217367796925448e-05,4.913154572445118e-05,0.00010351626054924562
ID_1619HA,1.1329312288316691e-05,4.253722062490168e-05,5.967638769701854e-05,1.1329312288316691e-05,4.253722062490168e-05,5.967638769701854e-05
ID_A66ERH,1.2217367796925448e-05,4.913154572445118e-05,0.00010351626054924562,1.2217367796925448e-05,4.913154572445118e-05,0.00010351626054924562
ID_SRS330,1.1329312288316691e-05,4.253722062490168e-05,5.967638769701854e-05,1.1329312288316691e-05,4.253722062490168e-05,5.967638769701854e-05
ID_3D2WF7,1.1329312288316691e-05,4.253722062490168e-05,5.967638769701854e-05,1.1329312288316691e-05,4.253722062490168e-05,5.967638769701854e-05
ID_X8YETU,7.979691037422335e-06,4.603516029504543e-05,9.944838296191099e-05,7.979691037422335e-06,4.603516029504543e-05,9.944838296191099e-05
ID_PQ0W7T,1.2217367796925448e-05,4.913154572445118e-05,0.00010351626054924562,1.2217367796925448e-05,4.913154572445118e-05,0.00010351626054924562
ID_SO28RE,1.2217367796925448e-05,4.913154572445118e-05,0.00010351626054924562,1.2217367796925448e-05,4.913154572445118e-05,0.00010351626054924562
ID_JFSXTY,1.2217367796925448e-05,4.913154572445118e-05,0.00010351626054924562,1.2217367796925448e-05,4.913154572445118e-05,0.00010351626054924562
ID_RPQFKB,1.2217367796925448e-05,4.913154572445118e-05,0.00010351626054924562,1.2217367796925448e-05,4.913154572445118e-05,0.00010351626054924562
ID_EV4Z1I,1.2217367796925448e-05,4.913154572445118e-05,0.00010351626054924562,1.2217367796925448e-05,4.913154572445118e-05,0.00010351626054924562
ID_B9T63O,1.1329312288316691e-05,4.253722062490168e-05,5.967638769701854e-05,1.1329312288316691e-05,4.253722062490168e-05,5.967638769701854e-05
ID_VLJU6A,1.2217367796925448e-05,4.913154572445118e-05,0.00010351626054924562,1.2217367796925448e-05,4.913154572445118e-05,0.00010351626054924562
ID_FKK9MW,7.979691037422335e-06,4.603516029504543e-05,9.944838296191099e-05,7.979691037422335e-06,4.603516029504543e-05,9.944838296191099e-05
ID_RVEFZ9,1.2217367796925448e-05,4.913154572445118e-05,0.00010351626054924562,1.2217367796925448e-05,4.913154572445118e-05,0.00010351626054924562
ID_VQ4UCJ,1.2217367796925448e-05,4.913154572445118e-05,0.00010351626054924562,1.2217367796925448e-05,4.913154572445118e-05,0.00010351626054924562
ID_2R7V3V,1.2217367796925448e-05,4.913154572445118e-05,0.00010351626054924562,1.2217367796925448e-05,4.913154572445118e-05,0.00010351626054924562
ID_K8P06C,1.2217367796925448e-05,4.913154572445118e-05,0.00010351626054924562,1.2217367796925448e-05,4.913154572445118e-05,0.00010351626054924562
ID_6T87EC,1.1329312288316691e-05,4.253722062490168e-05,5.967638769701854e-05,1.1329312288316691e-05,4.253722062490168e-05,5.967638769701854e-05
ID_45LBG7,7.129985302772133e-06,4.206947663073204e-05,5.38217279292877e-05,7.129985302772133e-06,4.206947663073204e-05,5.38217279292877e-05
ID_O1ZMUJ,7.979691037422335e-06,4.603516029504543e-05,9.944838296191099e-05,7.979691037422335e-06,4.603516029504543e-05,9.944838296191099e-05
ID_REIL7X,7.979691037422335e-06,4.603516029504543e-05,9.944838296191099e-05,7.979691037422335e-06,4.603516029504543e-05,9.944838296191099e-05
ID_TLNC9J,1.2217367796925448e-05,4.913154572445118e-05,0.00010351626054924562,1.2217367796925448e-05,4.913154572445118e-05,0.00010351626054924562
ID_F5NEVH,7.129985302772133e-06,4.206947663073204e-05,5.38217279292877e-05,7.129985302772133e-06,4.206947663073204e-05,5.38217279292877e-05
ID_7OQTQ4,7.979691037422335e-06,4.603516029504543e-05,9.944838296191099e-05,7.979691037422335e-06,4.603516029504543e-05,9.944838296191099e-05
ID_UPPGOC,7.129985302772133e-06,4.206947663073204e-05,5.38217279292877e-05,7.129985302772133e-06,4.206947663073204e-05,5.38217279292877e-05
ID_WRR93C,1.2217367796925448e-05,4.913154572445118e-05,0.00010351626054924562,1.2217367796925448e-05,4.913154572445118e-05,0.00010351626054924562
ID_UJ3S2W,7.979691037422335e-06,4.603516029504543e-05,9.944838296191099e-05,7.979691037422335e-06,4.603516029504543e-05,9.944838296191099e-05
ID_W3HZK9,7.979691037422335e-06,4.603516029504543e-05,9.944838296191099e-05,7.979691037422335e-06,4.603516029504543e-05,9.944838296191099e-05
ID_EYK26U,7.979691037422335e-06,4.603516029504543e-05,9.944838296191099e-05,7.979691037422335e-06,4.603516029504543e-05,9.944838296191099e-05
ID_4KT11I,1.2217367796925448e-05,4.913154572445118e-05,0.00010351626054924562,1.2217367796925448e-05,4.913154572445118e-05,0.00010351626054924562
ID_16FUTF,1.1329312288316691e-05,4.253722062490168e-05,5.967638769701854e-05,1.1329312288316691e-05,4.253722062490168e-05,5.967638769701854e-05
ID_KO4YXJ,1.2217367796925448e-05,4.913154572445118e-05,0.00010351626054924562,1.2217367796925448e-05,4.913154572445118e-05,0.00010351626054924562
ID_WWKLVE,7.979691037422335e-06,4.603516029504543e-05,9.944838296191099e-05,7.979691037422335e-06,4.603516029504543e-05,9.944838296191099e-05
ID_QY3MHP,7.129985302772133e-06,4.206947663073204e-05,5.38217279292877e-05,7.129985302772133e-06,4.206947663073204e-05,5.38217279292877e-05
ID_INQA11,0.0003091545900476797,0.0002607839124382554,0.000853866943578311,0.0003091545900476797,0.0002607839124382554,0.000853866943578311
ID_S2ISZ6,0.0003091545900476797,0.0002607839124382554,0.000853866943578311,0.0003091545900476797,0.0002607839124382554,0.000853866943578311
ID_A5YCBL,0.00023198410939277502,0.00016181707966451367,0.00044627449153928364,0.00023198410939277502,0.00016181707966451367,0.00044627449153928364
ID_LUMWXR,0.00018168892960345346,0.00017452444348112076,0.0006140832739033814,0.00018168892960345346,0.00017452444348112076,0.0006140832739033814
ID_EP24JU,0.0033352379712972167,0.0014008605689440983,0.006503931236984836,0.0033352379712972167,0.0014008605689440983,0.006503931236984836
ID_SL31EO,0.01480381054409157,0.02276126973489766,0.04973215677754196,0.01480381054409157,0.02276126973489766,0.04973215677754196
ID_I52U1R,0.2970087450848051,0.3971263533432653,0.36243560348263093,0.2970087450848051,0.3971263533432653,0.36243560348263093
ID_11K6P1,0.0033352379712972167,0.0014008605689440983,0.006503931236984836,0.0033352379712972167,0.0014008605689440983,0.006503931236984836
ID_9MROM2,0.0004203069395843252,0.0005105219287817105,0.0013378613200318123,0.0004203069395843252,0.0005105219287817105,0.0013378613200318123
ID_MXJE6Z,0.0033352379712972167,0.0014008605689440983,0.006503931236984836,0.0033352379712972167,0.0014008605689440983,0.006503931236984836
ID_HXOTEN,0.004383101392036783,0.012726565118367075,0.0315522292368292,0.004383101392036783,0.012726565118367075,0.0315522292368292
ID_3GRDZX,0.00044724981833427896,0.0002790548267947139,0.0009023203631003427,0.00044724981833427896,0.0002790548267947139,0.0009023203631003427
ID_QUV2SL,0.000559757960831691,0.0005833460072003856,0.0018808403141870027,0.000559757960831691,0.0005833460072003856,0.0018808403141870027
ID_XVD7XJ,0.0003091545900476797,0.0002607839124382554,0.000853866943578311,0.0003091545900476797,0.0002607839124382554,0.000853866943578311
ID_D4H6PR,0.0033352379712972167,0.0014008605689440983,0.006503931236984836,0.0033352379712972167,0.0014008605689440983,0.006503931236984836
ID_P50S8V,0.2970087450848051,0.3971263533432653,0.36243560348263093,0.2970087450848051,0.3971263533432653,0.36243560348263093
ID_B1P8NI,0.8231368231920749,0.7374432648362306,0.7801201541149239,0.8231368231920749,0.7374432648362306,0.7801201541149239
ID_VHAKMG,0.15003526908651035,0.2882715365111904,0.28550918226103883,0.15003526908651035,0.2882715365111904,0.28550918226103883
ID_P1BZK5,0.004383101392036783,0.012726565118367075,0.0315522292368292,0.004383101392036783,0.012726565118367075,0.0315522292368292
ID_1VFWEO,0.1091567008410586,0.2513128367378522,0.19155691826430082,0.1091567008410586,0.2513128367378522,0.19155691826430082
ID_DS7LOZ,0.0004203069395843252,0.0005105219287817105,0.0013378613200318123,0.0004203069395843252,0.0005105219287817105,0.0013378613200318123
ID_3PM5TY,0.00044724981833427896,0.0002790548267947139,0.0009023203631003427,0.00044724981833427896,0.0002790548267947139,0.0009023203631003427
ID_ACVINX,0.004383101392036783,0.012726565118367075,0.0315522292368292,0.004383101392036783,0.012726565118367075,0.0315522292368292
ID_N9WXLE,0.004383101392036783,0.012726565118367075,0.0315522292368292,0.004383101392036783,0.012726565118367075,0.0315522292368292
ID_HOZEHI,0.15003526908651035,0.2882715365111904,0.28550918226103883,0.15003526908651035,0.2882715365111904,0.28550918226103883
ID_ACNM6Y,0.01480381054409157,0.02276126973489766,0.04973215677754196,0.01480381054409157,0.02276126973489766,0.04973215677754196
ID_4E94FT,0.0004203069395843252,0.0005105219287817105,0.0013378613200318123,0.0004203069395843252,0.0005105219287817105,0.0013378613200318123
ID_PCOVC8,0.15003526908651035,0.2882715365111904,0.28550918226103883,0.15003526908651035,0.2882715365111904,0.28550918226103883
ID_Q9IZA8,0.0004203069395843252,0.0005105219287817105,0.0013378613200318123,0.0004203069395843252,0.0005105219287817105,0.0013378613200318123
ID_PBDHXZ,0.004383101392036783,0.012726565118367075,0.0315522292368292,0.004383101392036783,0.012726565118367075,0.0315522292368292
ID_CY8HQK,0.004383101392036783,0.012726565118367075,0.0315522292368292,0.004383101392036783,0.012726565118367075,0.0315522292368292
ID_SPCMX9,0.0003091545900476797,0.0002607839124382554,0.000853866943578311,0.0003091545900476797,0.0002607839124382554,0.000853866943578311
ID_T242K8,0.0003091545900476797,0.0002607839124382554,0.000853866943578311,0.0003091545900476797,0.0002607839124382554,0.000853866943578311
ID_3B5N8K,0.004383101392036783,0.012726565118367075,0.0315522292368292,0.004383101392036783,0.012726565118367075,0.0315522292368292
ID_5GKAF9,0.0003091545900476797,0.0002607839124382554,0.000853866943578311,0.0003091545900476797,0.0002607839124382554,0.000853866943578311
ID_KTCVZC,0.0004203069395843252,0.0005105219287817105,0.0013378613200318123,0.0004203069395843252,0.0005105219287817105,0.0013378613200318123
ID_T2WXE1,0.0004203069395843252,0.0005105219287817105,0.0013378613200318123,0.0004203069395843252,0.0005105219287817105,0.0013378613200318123
ID_6QKMNI,0.004383101392036783,0.012726565118367075,0.0315522292368292,0.004383101392036783,0.012726565118367075,0.0315522292368292
ID_3FZUIO,0.004383101392036783,0.012726565118367075,0.0315522292368292,0.004383101392036783,0.012726565118367075,0.0315522292368292
ID_O00R2A,0.2970087450848051,0.3971263533432653,0.36243560348263093,0.2970087450848051,0.3971263533432653,0.36243560348263093
ID_XJTAL7,0.00044724981833427896,0.0002790548267947139,0.0009023203631003427,0.00044724981833427896,0.0002790548267947139,0.0009023203631003427
ID_NT0QPX,0.2970087450848051,0.3971263533432653,0.36243560348263093,0.2970087450848051,0.3971263533432653,0.36243560348263093
ID_UQ658O,0.004383101392036783,0.012726565118367075,0.0315522292368292,0.004383101392036783,0.012726565118367075,0.0315522292368292
ID_ZKA4ZO,0.01480381054409157,0.02276126973489766,0.04973215677754196,0.01480381054409157,0.02276126973489766,0.04973215677754196
ID_F7RSFR,0.0003091545900476797,0.0002607839124382554,0.000853866943578311,0.0003091545900476797,0.0002607839124382554,0.000853866943578311
ID_2R52MU,0.004383101392036783,0.012726565118367075,0.0315522292368292,0.004383101392036783,0.012726565118367075,0.0315522292368292
ID_134UJF,0.0003827837013580585,0.0002859692379325176,0.0019100032981427956,0.0003827837013580585,0.0002859692379325176,0.0019100032981427956
ID_UX404U,0.00044724981833427896,0.0002790548267947139,0.0009023203631003427,0.00044724981833427896,0.0002790548267947139,0.0009023203631003427
ID_MRF8HI,0.2970087450848051,0.3971263533432653,0.36243560348263093,0.2970087450848051,0.3971263533432653,0.36243560348263093
ID_FPUZW4,0.0003091545900476797,0.0002607839124382554,0.000853866943578311,0.0003091545900476797,0.0002607839124382554,0.000853866943578311
ID_J55FHB,0.0033352379712972167,0.0014008605689440983,0.006503931236984836,0.0033352379712972167,0.0014008605689440983,0.006503931236984836
ID_NUI7QC,0.01480381054409157,0.02276126973489766,0.04973215677754196,0.01480381054409157,0.02276126973489766,0.04973215677754196
ID_PAH8E7,0.00044724981833427896,0.0002790548267947139,0.0009023203631003427,0.00044724981833427896,0.0002790548267947139,0.0009023203631003427
ID_NPER5O,0.0003091545900476797,0.0002607839124382554,0.000853866943578311,0.0003091545900476797,0.0002607839124382554,0.000853866943578311
ID_SXC6H6,0.2970087450848051,0.3971263533432653,0.36243560348263093,0.2970087450848051,0.3971263533432653,0.36243560348263093
ID_9ECTWS,0.2970087450848051,0.3971263533432653,0.36243560348263093,0.2970087450848051,0.3971263533432653,0.36243560348263093
ID_BJ7D96,0.0004203069395843252,0.0005105219287817105,0.0013378613200318123,0.0004203069395843252,0.0005105219287817105,0.0013378613200318123
ID_YSS4R7,0.0003091545900476797,0.0002607839124382554,0.000853866943578311,0.0003091545900476797,0.0002607839124382554,0.000853866943578311
ID_HKTMZS,0.00018168892960345346,0.00017452444348112076,0.0006140832739033814,0.00018168892960345346,0.00017452444348112076,0.0006140832739033814
ID_BMNQKP,0.000559757960831691,0.0005833460072003856,0.0018808403141870027,0.000559757960831691,0.0005833460072003856,0.0018808403141870027
ID_6SD288,0.004383101392036783,0.012726565118367075,0.0315522292368292,0.004383101392036783,0.012726565118367075,0.0315522292368292
ID_VCUVSI,0.2102940145676925,0.20924747223273948,0.2365229144097746,0.2102940145676925,0.20924747223273948,0.2365229144097746
ID_1E6RRT,0.000559757960831691,0.0005833460072003856,0.0018808403141870027,0.000559757960831691,0.0005833460072003856,0.0018808403141870027
ID_QWHDJ6,0.2970087450848051,0.3971263533432653,0.36243560348263093,0.2970087450848051,0.3971263533432653,0.36243560348263093
ID_7A81Z0,0.000559757960831691,0.0005833460072003856,0.0018808403141870027,0.000559757960831691,0.0005833460072003856,0.0018808403141870027
ID_V1IGD1,0.0003091545900476797,0.0002607839124382554,0.000853866943578311,0.0003091545900476797,0.0002607839124382554,0.000853866943578311
ID_KGJM6D,0.0003091545900476797,0.0002607839124382554,0.000853866943578311,0.0003091545900476797,0.0002607839124382554,0.000853866943578311
ID_PB7GWB,0.00044724981833427896,0.0002790548267947139,0.0009023203631003427,0.00044724981833427896,0.0002790548267947139,0.0009023203631003427
ID_RU0BM2,0.0004203069395843252,0.0005105219287817105,0.0013378613200318123,0.0004203069395843252,0.0005105219287817105,0.0013378613200318123
ID_KQBP25,0.0004203069395843252,0.0005105219287817105,0.0013378613200318123,0.0004203069395843252,0.0005105219287817105,0.0013378613200318123
ID_S12YPO,0.15003526908651035,0.2882715365111904,0.28550918226103883,0.15003526908651035,0.2882715365111904,0.28550918226103883
ID_4STW9Z,0.1091567008410586,0.2513128367378522,0.19155691826430082,0.1091567008410586,0.2513128367378522,0.19155691826430082
ID_3HJ5U2,0.15003526908651035,0.2882715365111904,0.28550918226103883,0.15003526908651035,0.2882715365111904,0.28550918226103883
ID_IWBR0X,0.2970087450848051,0.3971263533432653,0.36243560348263093,0.2970087450848051,0.3971263533432653,0.36243560348263093
ID_F702MM,0.0003091545900476797,0.0002607839124382554,0.000853866943578311,0.0003091545900476797,0.0002607839124382554,0.000853866943578311
ID_P3UTGI,0.0004203069395843252,0.0005105219287817105,0.0013378613200318123,0.0004203069395843252,0.0005105219287817105,0.0013378613200318123
ID_Z5BDVD,0.0033352379712972167,0.0014008605689440983,0.006503931236984836,0.0033352379712972167,0.0014008605689440983,0.006503931236984836
ID_POLQ33,0.1087653242237863,0.07948203613676288,0.04132264875676382,0.1087653242237863,0.07948203613676288,0.04132264875676382
ID_00FGHV,0.9718018846063611,0.9186169558823524,0.9253098045111852,0.9718018846063611,0.9186169558823524,0.9253098045111852
ID_YDQNRI,0.7040333193950635,0.7223462346123665,0.6916712212286067,0.7040333193950635,0.7223462346123665,0.6916712212286067
ID_GD1YS3,0.10023828829208321,0.13088267851216104,0.13236938127632475,0.10023828829208321,0.13088267851216104,0.13236938127632475
ID_KQNHNN,0.7040333193950635,0.7223462346123665,0.6916712212286067,0.7040333193950635,0.7223462346123665,0.6916712212286067
ID_R4SVZT,0.09727359942278073,0.14598533278701015,0.11603298878439942,0.09727359942278073,0.14598533278701015,0.11603298878439942
ID_ANQ3L6,0.10023828829208321,0.13088267851216104,0.13236938127632475,0.10023828829208321,0.13088267851216104,0.13236938127632475
ID_GGDIMC,0.09727359942278073,0.14598533278701015,0.11603298878439942,0.09727359942278073,0.14598533278701015,0.11603298878439942
ID_DA5QKQ,0.00016906398207630955,0.0003293217216669975,0.0004348562581137176,0.00016906398207630955,0.0003293217216669975,0.0004348562581137176
ID_ENU5TU,0.00016906398207630955,0.0003293217216669975,0.0004348562581137176,0.00016906398207630955,0.0003293217216669975,0.0004348562581137176
ID_IJNDAU,7.325913446113226e-05,0.0002563344919178694,0.0006298915754108871,7.325913446113226e-05,0.0002563344919178694,0.0006298915754108871
ID_QNWUIA,0.00014671517876869378,7.896893650336426e-05,0.00011272831394565034,0.00014671517876869378,7.896893650336426e-05,0.00011272831394565034
ID_0WNG6D,5.3823221996594396e-05,0.0030549343006505006,0.026278341204590196,5.3823221996594396e-05,0.0030549343006505006,0.026278341204590196
ID_8EX44U,5.3823221996594396e-05,0.0030549343006505006,0.026278341204590196,5.3823221996594396e-05,0.0030549343006505006,0.026278341204590196
ID_92PU7R,5.3823221996594396e-05,0.0030549343006505006,0.026278341204590196,5.3823221996594396e-05,0.0030549343006505006,0.026278341204590196
ID_N2FZUH,4.523793011815988e-05,0.00010019884733537373,0.0007626773968499395,4.523793011815988e-05,0.00010019884733537373,0.0007626773968499395
ID_90OLRU,4.523793011815988e-05,0.00010019884733537373,0.0007626773968499395,4.523793011815988e-05,0.00010019884733537373,0.0007626773968499395
ID_XZY8MP,5.3823221996594396e-05,0.0030549343006505006,0.026278341204590196,5.3823221996594396e-05,0.0030549343006505006,0.026278341204590196
ID_HAAT76,2.4113029545472803e-05,3.339717762953258e-05,8.181839898945836e-05,2.4113029545472803e-05,3.339717762953258e-05,8.181839898945836e-05
ID_U088B7,7.152421016643971e-05,0.0023255372903972452,0.012032206448093993,7.152421016643971e-05,0.0023255372903972452,0.012032206448093993
ID_Q8URMK,6.800949758308631e-05,9.9861560396501e-05,0.0001220150590764129,6.800949758308631e-05,9.9861560396501e-05,0.0001220150590764129
ID_GS2DIL,0.0008283879057996212,0.003962583901899563,0.008196909469573434,0.0008283879057996212,0.003962583901899563,0.008196909469573434
ID_C5THPI,0.0015817862756267974,0.008927871533411482,0.012082651615576227,0.0015817862756267974,0.008927871533411482,0.012082651615576227
ID_JP5OOL,0.001158323836021499,0.005968919645488157,0.008733801392357925,0.001158323836021499,0.005968919645488157,0.008733801392357925
ID_PX9PLQ,0.007117408057646976,0.02612070419446339,0.0509447160523314,0.007117408057646976,0.02612070419446339,0.0509447160523314
ID_7330RT,5.3823221996594396e-05,0.0030549343006505006,0.026278341204590196,5.3823221996594396e-05,0.0030549343006505006,0.026278341204590196
ID_O33VRI,0.00014671517876869378,7.896893650336426e-05,0.00011272831394565034,0.00014671517876869378,7.896893650336426e-05,0.00011272831394565034
ID_YF2V6H,9.729789176240932e-05,5.964624851003247e-05,7.598733768460894e-05,9.729789176240932e-05,5.964624851003247e-05,7.598733768460894e-05
ID_Q7ZF74,0.0015817862756267974,0.008927871533411482,0.012082651615576227,0.0015817862756267974,0.008927871533411482,0.012082651615576227
ID_8J8ZIO,0.07708424922711234,0.11996701364245092,0.17469664212623448,0.07708424922711234,0.11996701364245092,0.17469664212623448
ID_60GJ5S,7.325913446113226e-05,0.0002563344919178694,0.0006298915754108871,7.325913446113226e-05,0.0002563344919178694,0.0006298915754108871
ID_2OUBT5,7.152421016643971e-05,0.0023255372903972452,0.012032206448093993,7.152421016643971e-05,0.0023255372903972452,0.012032206448093993
ID_12WOGA,6.800949758308631e-05,9.9861560396501e-05,0.0001220150590764129,6.800949758308631e-05,9.9861560396501e-05,0.0001220150590764129
ID_ZWFCLM,0.0017771485730544128,0.009711356427208556,0.012073048789508016,0.0017771485730544128,0.009711356427208556,0.012073048789508016
ID_VGMTRR,0.00016906398207630955,0.0003293217216669975,0.0004348562581137176,0.00016906398207630955,0.0003293217216669975,0.0004348562581137176
ID_5YECKD,0.00014671517876869378,7.896893650336426e-05,0.00011272831394565034,0.00014671517876869378,7.896893650336426e-05,0.00011272831394565034
ID_2149G2,5.3823221996594396e-05,0.0030549343006505006,0.026278341204590196,5.3823221996594396e-05,0.0030549343006505006,0.026278341204590196
ID_KIDIEK,2.6938939922284812e-05,0.0013545871873811906,0.011372325077272092,2.6938939922284812e-05,0.0013545871873811906,0.011372325077272092
ID_5KFOE3,6.800949758308631e-05,9.9861560396501e-05,0.0001220150590764129,6.800949758308631e-05,9.9861560396501e-05,0.0001220150590764129
ID_CJJFN7,2.4113029545472803e-05,3.339717762953258e-05,8.181839898945836e-05,2.4113029545472803e-05,3.339717762953258e-05,8.181839898945836e-05
ID_KMFM96,0.00014671517876869378,7.896893650336426e-05,0.00011272831394565034,0.00014671517876869378,7.896893650336426e-05,0.00011272831394565034
ID_XK9L0I,7.728561755014361e-05,0.00020571347017260745,0.0012228808238104864,7.728561755014361e-05,0.00020571347017260745,0.0012228808238104864
ID_06TUVJ,0.0017771485730544128,0.009711356427208556,0.012073048789508016,0.0017771485730544128,0.009711356427208556,0.012073048789508016
ID_XHG003,0.0017771485730544128,0.009711356427208556,0.012073048789508016,0.0017771485730544128,0.009711356427208556,0.012073048789508016
ID_NX5RVU,0.0026464747139242563,0.01449953754400066,0.02356399818368123,0.0026464747139242563,0.01449953754400066,0.02356399818368123
ID_9TQ75E,0.00014671517876869378,7.896893650336426e-05,0.00011272831394565034,0.00014671517876869378,7.896893650336426e-05,0.00011272831394565034
ID_N7FKWB,0.00016906398207630955,0.0003293217216669975,0.0004348562581137176,0.00016906398207630955,0.0003293217216669975,0.0004348562581137176
ID_6YYGIZ,0.0015817862756267974,0.008927871533411482,0.012082651615576227,0.0015817862756267974,0.008927871533411482,0.012082651615576227
ID_2FSC9D,0.0015817862756267974,0.008927871533411482,0.012082651615576227,0.0015817862756267974,0.008927871533411482,0.012082651615576227
ID_SJQSN7,0.00016906398207630955,0.0003293217216669975,0.0004348562581137176,0.00016906398207630955,0.0003293217216669975,0.0004348562581137176
ID_1D43WK,7.152421016643971e-05,0.0023255372903972452,0.012032206448093993,7.152421016643971e-05,0.0023255372903972452,0.012032206448093993
ID_UPPKDE,0.00016906398207630955,0.0003293217216669975,0.0004348562581137176,0.00016906398207630955,0.0003293217216669975,0.0004348562581137176
ID_WLOGY7,7.152421016643971e-05,0.0023255372903972452,0.012032206448093993,7.152421016643971e-05,0.0023255372903972452,0.012032206448093993
ID_6IE66T,0.0014047576668939164,0.0058506530259821,0.009180481309379401,0.0014047576668939164,0.0058506530259821,0.009180481309379401
ID_JLGA9S,2.472718858790086e-05,0.000549359649778016,0.0028174939628670998,2.472718858790086e-05,0.000549359649778016,0.0028174939628670998
ID_AWHF2K,0.0026464747139242563,0.01449953754400066,0.02356399818368123,0.0026464747139242563,0.01449953754400066,0.02356399818368123
ID_UHB821,0.0017771485730544128,0.009711356427208556,0.012073048789508016,0.0017771485730544128,0.009711356427208556,0.012073048789508016
ID_I1RLPK,6.800949758308631e-05,9.9861560396501e-05,0.0001220150590764129,6.800949758308631e-05,9.9861560396501e-05,0.0001220150590764129
ID_FZ714I,0.00014671517876869378,7.896893650336426e-05,0.00011272831394565034,0.00014671517876869378,7.896893650336426e-05,0.00011272831394565034
ID_BW2KFV,2.4113029545472803e-05,3.339717762953258e-05,8.181839898945836e-05,2.4113029545472803e-05,3.339717762953258e-05,8.181839898945836e-05
ID_WZ4ZLP,5.3823221996594396e-05,0.0030549343006505006,0.026278341204590196,5.3823221996594396e-05,0.0030549343006505006,0.026278341204590196
ID_A804C8,0.00014671517876869378,7.896893650336426e-05,0.00011272831394565034,0.00014671517876869378,7.896893650336426e-05,0.00011272831394565034
ID_O0SAC9,0.0002312374614412245,0.00012963452285248798,0.00038275935179405064,0.0002312374614412245,0.00012963452285248798,0.00038275935179405064
ID_2FZGUI,0.00014671517876869378,7.896893650336426e-05,0.00011272831394565034,0.00014671517876869378,7.896893650336426e-05,0.00011272831394565034
ID_048GQG,0.00014671517876869378,7.896893650336426e-05,0.00011272831394565034,0.00014671517876869378,7.896893650336426e-05,0.00011272831394565034
ID_J1UM6R,0.001444898425199136,0.008288820105899122,0.011631950190142255,0.001444898425199136,0.008288820105899122,0.011631950190142255
ID_T5VKMK,1.4114337235382446e-05,4.266684528101142e-05,3.841254145184775e-05,1.4114337235382446e-05,4.266684528101142e-05,3.841254145184775e-05
ID_0BYJ5N,8.794960780197992e-05,0.0002638994609893329,0.0003323140266802294,8.794960780197992e-05,0.0002638994609893329,0.0003323140266802294
ID_K8ESYM,7.082095851355454e-05,0.00011344099869979097,0.00012585422659606914,7.082095851355454e-05,0.00011344099869979097,0.00012585422659606914
ID_KNY5YG,1.766350071584051e-05,4.6372403263698356e-05,4.879722859649507e-05,1.766350071584051e-05,4.6372403263698356e-05,4.879722859649507e-05
ID_D2DLCV,9.882514217790185e-05,0.00010604501513297603,0.0001883376431714969,9.882514217790185e-05,0.00010604501513297603,0.0001883376431714969
ID_UYNICE,8.794960780197992e-05,0.0002638994609893329,0.0003323140266802294,8.794960780197992e-05,0.0002638994609893329,0.0003323140266802294
ID_G60X6Z,4.508270516288823e-05,0.00030887402254975373,0.00044903406196560676,4.508270516288823e-05,0.00030887402254975373,0.00044903406196560676
ID_HSPNIW,1.7723099654529654e-05,5.9626402917618325e-05,5.695659328825606e-05,1.7723099654529654e-05,5.9626402917618325e-05,5.695659328825606e-05
ID_5VE34C,5.344592237247076e-05,5.381164327329507e-05,0.0001149519011349865,5.344592237247076e-05,5.381164327329507e-05,0.0001149519011349865
ID_1UIH4F,0.001398704114958099,0.013130239572766383,0.01416003325669488,0.001398704114958099,0.013130239572766383,0.01416003325669488
ID_J6NXSU,4.508270516288823e-05,0.00030887402254975373,0.00044903406196560676,4.508270516288823e-05,0.00030887402254975373,0.00044903406196560676
ID_VBT4T1,1.7723099654529654e-05,5.9626402917618325e-05,5.695659328825606e-05,1.7723099654529654e-05,5.9626402917618325e-05,5.695659328825606e-05
ID_3A48N3,1.766350071584051e-05,4.6372403263698356e-05,4.879722859649507e-05,1.766350071584051e-05,4.6372403263698356e-05,4.879722859649507e-05
ID_8JDABW,0.0006733181851767772,0.002327477840691307,0.005280214333964058,0.0006733181851767772,0.002327477840691307,0.005280214333964058
ID_RXFZLF,1.5638396637654465e-05,2.7087550953593867e-05,4.146384126953413e-05,1.5638396637654465e-05,2.7087550953593867e-05,4.146384126953413e-05
ID_VFFFGX,0.0017919215210138503,0.01680818188272661,0.018897055459598237,0.0017919215210138503,0.01680818188272661,0.018897055459598237
ID_NFHSAZ,1.4114337235382446e-05,4.266684528101142e-05,3.841254145184775e-05,1.4114337235382446e-05,4.266684528101142e-05,3.841254145184775e-05
ID_7ZY0NG,5.344592237247076e-05,5.381164327329507e-05,0.0001149519011349865,5.344592237247076e-05,5.381164327329507e-05,0.0001149519011349865
ID_8QIBCL,4.508270516288823e-05,0.00030887402254975373,0.00044903406196560676,4.508270516288823e-05,0.00030887402254975373,0.00044903406196560676
ID_MNWT6P,1.4114337235382446e-05,4.266684528101142e-05,3.841254145184775e-05,1.4114337235382446e-05,4.266684528101142e-05,3.841254145184775e-05
ID_S8PJBH,1.4114337235382446e-05,4.266684528101142e-05,3.841254145184775e-05,1.4114337235382446e-05,4.266684528101142e-05,3.841254145184775e-05
ID_GSOEX8,5.344592237247076e-05,5.381164327329507e-05,0.0001149519011349865,5.344592237247076e-05,5.381164327329507e-05,0.0001149519011349865
ID_65S4A3,1.5638396637654465e-05,2.7087550953593867e-05,4.146384126953413e-05,1.5638396637654465e-05,2.7087550953593867e-05,4.146384126953413e-05
ID_01C6IY,1.2903919373613687e-05,5.611098023832144e-05,0.000116816711081035,1.2903919373613687e-05,5.611098023832144e-05,0.000116816711081035
ID_4QEIOH,5.344592237247076e-05,5.381164327329507e-05,0.0001149519011349865,5.344592237247076e-05,5.381164327329507e-05,0.0001149519011349865
ID_KQAT5X,1.5638396637654465e-05,2.7087550953593867e-05,4.146384126953413e-05,1.5638396637654465e-05,2.7087550953593867e-05,4.146384126953413e-05
ID_FHFMAM,9.882514217790185e-05,0.00010604501513297603,0.0001883376431714969,9.882514217790185e-05,0.00010604501513297603,0.0001883376431714969
ID_16IYHJ,1.4114337235382446e-05,4.266684528101142e-05,3.841254145184775e-05,1.4114337235382446e-05,4.266684528101142e-05,3.841254145184775e-05
ID_S2R9OO,1.766350071584051e-05,4.6372403263698356e-05,4.879722859649507e-05,1.766350071584051e-05,4.6372403263698356e-05,4.879722859649507e-05
ID_1YPD87,7.082095851355454e-05,0.00011344099869979097,0.00012585422659606914,7.082095851355454e-05,0.00011344099869979097,0.00012585422659606914
ID_IZPAAG,4.508270516288823e-05,0.00030887402254975373,0.00044903406196560676,4.508270516288823e-05,0.00030887402254975373,0.00044903406196560676
ID_LU1WVW,1.7723099654529654e-05,5.9626402917618325e-05,5.695659328825606e-05,1.7723099654529654e-05,5.9626402917618325e-05,5.695659328825606e-05
ID_JYWA52,0.001444898425199136,0.008288820105899122,0.011631950190142255,0.001444898425199136,0.008288820105899122,0.011631950190142255
ID_DAAUON,8.437608751165422e-05,0.0002284686339110107,0.00018380345939462956,8.437608751165422e-05,0.0002284686339110107,0.00018380345939462956
ID_63MA7T,9.882514217790185e-05,0.00010604501513297603,0.0001883376431714969,9.882514217790185e-05,0.00010604501513297603,0.0001883376431714969
ID_WPMWMW,1.3576009373854086e-05,3.377211164545895e-05,4.3750766972671936e-05,1.3576009373854086e-05,3.377211164545895e-05,4.3750766972671936e-05
ID_XWS3E2,4.676914106856699e-05,0.00017502823458399029,0.00026942352382621024,4.676914106856699e-05,0.00017502823458399029,0.00026942352382621024
ID_RQW2NY,4.508270516288823e-05,0.00030887402254975373,0.00044903406196560676,4.508270516288823e-05,0.00030887402254975373,0.00044903406196560676
ID_CF06U6,1.4114337235382446e-05,4.266684528101142e-05,3.841254145184775e-05,1.4114337235382446e-05,4.266684528101142e-05,3.841254145184775e-05
ID_K9GCJZ,0.0010252387704656972,0.00509927236487714,0.007223754501664336,0.0010252387704656972,0.00509927236487714,0.007223754501664336
ID_UDX6J6,5.344592237247076e-05,5.381164327329507e-05,0.0001149519011349865,5.344592237247076e-05,5.381164327329507e-05,0.0001149519011349865
ID_YEK3N6,1.3754681077936733e-05,6.166896411938344e-05,5.9763015454915834e-05,1.3754681077936733e-05,6.166896411938344e-05,5.9763015454915834e-05
ID_RZMYEA,5.344592237247076e-05,5.381164327329507e-05,0.0001149519011349865,5.344592237247076e-05,5.381164327329507e-05,0.0001149519011349865
ID_KGBQSU,0.0006733181851767772,0.002327477840691307,0.005280214333964058,0.0006733181851767772,0.002327477840691307,0.005280214333964058
ID_ANMF9T,5.344592237247076e-05,5.381164327329507e-05,0.0001149519011349865,5.344592237247076e-05,5.381164327329507e-05,0.0001149519011349865
ID_12IR7V,3.3997746478955966e-05,0.00015522498903597072,0.0001925825897607699,3.3997746478955966e-05,0.00015522498903597072,0.0001925825897607699
ID_7L6OKC,1.766350071584051e-05,4.6372403263698356e-05,4.879722859649507e-05,1.766350071584051e-05,4.6372403263698356e-05,4.879722859649507e-05
ID_L18EB0,0.001444898425199136,0.008288820105899122,0.011631950190142255,0.001444898425199136,0.008288820105899122,0.011631950190142255
ID_KS8ESR,8.794960780197992e-05,0.0002638994609893329,0.0003323140266802294,8.794960780197992e-05,0.0002638994609893329,0.0003323140266802294
ID_MGLJCN,5.344592237247076e-05,5.381164327329507e-05,0.0001149519011349865,5.344592237247076e-05,5.381164327329507e-05,0.0001149519011349865
ID_K6VD1U,1.766350071584051e-05,4.6372403263698356e-05,4.879722859649507e-05,1.766350071584051e-05,4.6372403263698356e-05,4.879722859649507e-05
ID_NBOI6E,9.882514217790185e-05,0.00010604501513297603,0.0001883376431714969,9.882514217790185e-05,0.00010604501513297603,0.0001883376431714969
ID_295N8V,1.3576009373854086e-05,3.377211164545895e-05,4.3750766972671936e-05,1.3576009373854086e-05,3.377211164545895e-05,4.3750766972671936e-05
ID_8GVR4A,1.4114337235382446e-05,4.266684528101142e-05,3.841254145184775e-05,1.4114337235382446e-05,4.266684528101142e-05,3.841254145184775e-05
ID_92ZY5Y,9.882514217790185e-05,0.00010604501513297603,0.0001883376431714969,9.882514217790185e-05,0.00010604501513297603,0.0001883376431714969
ID_UOTTW5,1.4114337235382446e-05,4.266684528101142e-05,3.841254145184775e-05,1.4114337235382446e-05,4.266684528101142e-05,3.841254145184775e-05
ID_NUS824,1.766350071584051e-05,4.6372403263698356e-05,4.879722859649507e-05,1.766350071584051e-05,4.6372403263698356e-05,4.879722859649507e-05
ID_6M47S2,1.4114337235382446e-05,4.266684528101142e-05,3.841254145184775e-05,1.4114337235382446e-05,4.266684528101142e-05,3.841254145184775e-05
ID_QU3QNZ,8.794960780197992e-05,0.0002638994609893329,0.0003323140266802294,8.794960780197992e-05,0.0002638994609893329,0.0003323140266802294
ID_V0BREC,8.794960780197992e-05,0.0002638994609893329,0.0003323140266802294,8.794960780197992e-05,0.0002638994609893329,0.0003323140266802294
ID_A6QKLH,8.794960780197992e-05,0.0002638994609893329,0.0003323140266802294,8.794960780197992e-05,0.0002638994609893329,0.0003323140266802294
ID_210G9G,1.7723099654529654e-05,5.9626402917618325e-05,5.695659328825606e-05,1.7723099654529654e-05,5.9626402917618325e-05,5.695659328825606e-05
ID_9RATZ5,8.437608751165422e-05,0.0002284686339110107,0.00018380345939462956,8.437608751165422e-05,0.0002284686339110107,0.00018380345939462956
ID_B0QCIA,8.794960780197992e-05,0.0002638994609893329,0.0003323140266802294,8.794960780197992e-05,0.0002638994609893329,0.0003323140266802294
ID_EPSM9H,7.082095851355454e-05,0.00011344099869979097,0.00012585422659606914,7.082095851355454e-05,0.00011344099869979097,0.00012585422659606914
ID_36E2M8,1.7723099654529654e-05,5.9626402917618325e-05,5.695659328825606e-05,1.7723099654529654e-05,5.9626402917618325e-05,5.695659328825606e-05
ID_XJB20Q,1.7723099654529654e-05,5.9626402917618325e-05,5.695659328825606e-05,1.7723099654529654e-05,5.9626402917618325e-05,5.695659328825606e-05
ID_V6J8WF,6.747227565874386e-05,0.0003096851003839727,0.0005725038521478831,6.747227565874386e-05,0.0003096851003839727,0.0005725038521478831
ID_B8PE1F,1.766350071584051e-05,4.6372403263698356e-05,4.879722859649507e-05,1.766350071584051e-05,4.6372403263698356e-05,4.879722859649507e-05
ID_D3HW6G,9.882514217790185e-05,0.00010604501513297603,0.0001883376431714969,9.882514217790185e-05,0.00010604501513297603,0.0001883376431714969
ID_8L8UWY,5.344592237247076e-05,5.381164327329507e-05,0.0001149519011349865,5.344592237247076e-05,5.381164327329507e-05,0.0001149519011349865
ID_C4XYDR,1.4114337235382446e-05,4.266684528101142e-05,3.841254145184775e-05,1.4114337235382446e-05,4.266684528101142e-05,3.841254145184775e-05
ID_9ZHQSC,1.766350071584051e-05,4.6372403263698356e-05,4.879722859649507e-05,1.766350071584051e-05,4.6372403263698356e-05,4.879722859649507e-05
ID_VV6B0Z,8.372669034203865e-05,0.003211360610990604,0.0035382004406772304,8.372669034203865e-05,0.003211360610990604,0.0035382004406772304
ID_LJ3UDV,0.0008545104948318505,0.028134482201190393,0.030794567336548014,0.0008545104948318505,0.028134482201190393,0.030794567336548014
ID_SMRPHF,0.00037176246046092144,0.14328472085287675,0.1215596579554683,0.00037176246046092144,0.14328472085287675,0.1215596579554683
ID_8P2W83,0.0005007802932251563,0.010578715741046324,0.009043783229970685,0.0005007802932251563,0.010578715741046324,0.009043783229970685
ID_9AOX8N,0.0006741214281483098,0.10832388708829817,0.11569229396645009,0.0006741214281483098,0.10832388708829817,0.11569229396645009
ID_0V4XZ0,0.0002383133565169099,0.047872389008729095,0.04262422153996957,0.0002383133565169099,0.047872389008729095,0.04262422153996957
ID_71YN0L,0.0001796391250424801,0.009293544589362265,0.007100326716154952,0.0001796391250424801,0.009293544589362265,0.007100326716154952
ID_BSCWO5,0.006726818131532903,0.008890784630306016,0.009753027062102963,0.006726818131532903,0.008890784630306016,0.009753027062102963
ID_1CJ5FO,0.006997830505509893,0.010433351785919837,0.012056334901139942,0.006997830505509893,0.010433351785919837,0.012056334901139942
ID_L620RV,0.0010137835430946499,0.0012891661748174687,0.002106151632346806,0.0010137835430946499,0.0012891661748174687,0.002106151632346806
ID_XQT8TW,0.0004075754010823002,0.00041093457993029265,0.0006550190574677771,0.0004075754010823002,0.00041093457993029265,0.0006550190574677771
ID_N5ZN4G,0.0010137835430946499,0.0012891661748174687,0.002106151632346806,0.0010137835430946499,0.0012891661748174687,0.002106151632346806
ID_V12YNL,0.006726818131532903,0.008890784630306016,0.009753027062102963,0.006726818131532903,0.008890784630306016,0.009753027062102963
ID_A3DNUK,0.006726818131532903,0.008890784630306016,0.009753027062102963,0.006726818131532903,0.008890784630306016,0.009753027062102963
ID_5B3NF6,0.006726818131532903,0.008890784630306016,0.009753027062102963,0.006726818131532903,0.008890784630306016,0.009753027062102963
ID_41NZ9C,0.006726818131532903,0.008890784630306016,0.009753027062102963,0.006726818131532903,0.008890784630306016,0.009753027062102963
ID_JDHBFC,0.006726818131532903,0.008890784630306016,0.009753027062102963,0.006726818131532903,0.008890784630306016,0.009753027062102963
ID_IY9L9I,0.006726818131532903,0.008890784630306016,0.009753027062102963,0.006726818131532903,0.008890784630306016,0.009753027062102963
ID_U2SJ08,0.006997830505509893,0.010433351785919837,0.012056334901139942,0.006997830505509893,0.010433351785919837,0.012056334901139942
ID_ESM8N8,0.006726818131532903,0.008890784630306016,0.009753027062102963,0.006726818131532903,0.008890784630306016,0.009753027062102963
ID_Y8LOYK,0.003196163926065491,0.00797230504814148,0.01520744290170801,0.003196163926065491,0.00797230504814148,0.01520744290170801
ID_B7XTJ9,0.0008073953974499382,0.0013493644816439732,0.0021135039809267574,0.0008073953974499382,0.0013493644816439732,0.0021135039809267574
ID_KE6EOH,0.0013005334760720876,0.002998318607946462,0.007397600134295185,0.0013005334760720876,0.002998318607946462,0.007397600134295185
ID_ZOEHP1,0.0008073953974499382,0.0013493644816439732,0.0021135039809267574,0.0008073953974499382,0.0013493644816439732,0.0021135039809267574
ID_OF19CG,0.006726818131532903,0.008890784630306016,0.009753027062102963,0.006726818131532903,0.008890784630306016,0.009753027062102963
ID_YUT4M4,0.006726818131532903,0.008890784630306016,0.009753027062102963,0.006726818131532903,0.008890784630306016,0.009753027062102963
ID_CWUZQ1,0.006997830505509893,0.010433351785919837,0.012056334901139942,0.006997830505509893,0.010433351785919837,0.012056334901139942
ID_6FWUC1,0.006997830505509893,0.010433351785919837,0.012056334901139942,0.006997830505509893,0.010433351785919837,0.012056334901139942
ID_4AWIOL,0.0004075754010823002,0.00041093457993029265,0.0006550190574677771,0.0004075754010823002,0.00041093457993029265,0.0006550190574677771
ID_MSJYWZ,0.0001855278430890011,0.0002845323114748328,0.0007896399977687827,0.0001855278430890011,0.0002845323114748328,0.0007896399977687827
ID_N9NW32,0.006726818131532903,0.008890784630306016,0.009753027062102963,0.006726818131532903,0.008890784630306016,0.009753027062102963
ID_STP6PQ,0.006726818131532903,0.008890784630306016,0.009753027062102963,0.006726818131532903,0.008890784630306016,0.009753027062102963
ID_2Q1AXB,0.006726818131532903,0.008890784630306016,0.009753027062102963,0.006726818131532903,0.008890784630306016,0.009753027062102963
ID_X8CXRN,0.006726818131532903,0.008890784630306016,0.009753027062102963,0.006726818131532903,0.008890784630306016,0.009753027062102963
ID_ZEJHY1,0.006726818131532903,0.008890784630306016,0.009753027062102963,0.006726818131532903,0.008890784630306016,0.009753027062102963
ID_JT0RBZ,0.0004075754010823002,0.00041093457993029265,0.0006550190574677771,0.0004075754010823002,0.00041093457993029265,0.0006550190574677771
ID_GXNTBL,0.0010137835430946499,0.0012891661748174687,0.002106151632346806,0.0010137835430946499,0.0012891661748174687,0.002106151632346806
ID_I4N3U4,0.0010137835430946499,0.0012891661748174687,0.002106151632346806,0.0010137835430946499,0.0012891661748174687,0.002106151632346806
ID_CFDN0Q,0.012216262117368749,0.010559178659414449,0.010530562766923664,0.012216262117368749,0.010559178659414449,0.010530562766923664
ID_6SL7FX,0.012216262117368749,0.010559178659414449,0.010530562766923664,0.012216262117368749,0.010559178659414449,0.010530562766923664
ID_D4UOPR,2.6407576550420517e-05,2.9765739099962406e-05,4.841301740243546e-05,2.6407576550420517e-05,2.9765739099962406e-05,4.841301740243546e-05
ID_V2FWTM,3.6075621173403495e-05,3.4636678266418086e-05,5.6756422158798584e-05,3.6075621173403495e-05,3.4636678266418086e-05,5.6756422158798584e-05
ID_XR61KW,0.10484690584665732,0.12014738336717934,0.09667405523285989,0.10484690584665732,0.12014738336717934,0.09667405523285989
ID_0LJATN,0.012216262117368749,0.010559178659414449,0.010530562766923664,0.012216262117368749,0.010559178659414449,0.010530562766923664
ID_81ZCO6,3.6075621173403495e-05,3.4636678266418086e-05,5.6756422158798584e-05,3.6075621173403495e-05,3.4636678266418086e-05,5.6756422158798584e-05
ID_T74SPZ,0.012216262117368749,0.010559178659414449,0.010530562766923664,0.012216262117368749,0.010559178659414449,0.010530562766923664
ID_2Q0H2I,0.00016628405184863576,0.0001173469014885583,0.0002492763650736305,0.00016628405184863576,0.0001173469014885583,0.0002492763650736305
ID_XZC1XA,5.584881897154538e-05,6.346133011476511e-05,0.00010791197636770885,5.584881897154538e-05,6.346133011476511e-05,0.00010791197636770885
ID_9EVQEO,0.10484690584665732,0.12014738336717934,0.09667405523285989,0.10484690584665732,0.12014738336717934,0.09667405523285989
ID_TBMDR7,0.00718392629218925,0.005672038868451876,0.005443739803798966,0.00718392629218925,0.005672038868451876,0.005443739803798966
ID_PX3V1E,3.318368399561545e-05,4.9153961131674854e-05,8.72390733923244e-05,3.318368399561545e-05,4.9153961131674854e-05,8.72390733923244e-05
ID_GFNMAQ,3.691806263772845e-05,0.00010252436471340864,0.0001415637836748737,3.691806263772845e-05,0.00010252436471340864,0.0001415637836748737
ID_4IKKFX,3.691806263772845e-05,0.00010252436471340864,0.0001415637836748737,3.691806263772845e-05,0.00010252436471340864,0.0001415637836748737
ID_PXX6LX,0.00718392629218925,0.005672038868451876,0.005443739803798966,0.00718392629218925,0.005672038868451876,0.005443739803798966
ID_9Y7QYI,0.012216262117368749,0.010559178659414449,0.010530562766923664,0.012216262117368749,0.010559178659414449,0.010530562766923664
ID_NCMGQO,3.691806263772845e-05,0.00010252436471340864,0.0001415637836748737,3.691806263772845e-05,0.00010252436471340864,0.0001415637836748737
ID_L1RS7T,0.00718392629218925,0.005672038868451876,0.005443739803798966,0.00718392629218925,0.005672038868451876,0.005443739803798966
ID_UBNAI1,0.012216262117368749,0.010559178659414449,0.010530562766923664,0.012216262117368749,0.010559178659414449,0.010530562766923664
ID_ZLFFSD,3.691806263772845e-05,0.00010252436471340864,0.0001415637836748737,3.691806263772845e-05,0.00010252436471340864,0.0001415637836748737
ID_89E64C,0.012216262117368749,0.010559178659414449,0.010530562766923664,0.012216262117368749,0.010559178659414449,0.010530562766923664
ID_ZGKPYC,0.10484690584665732,0.12014738336717934,0.09667405523285989,0.10484690584665732,0.12014738336717934,0.09667405523285989
ID_TQ2SKG,3.691806263772845e-05,0.00010252436471340864,0.0001415637836748737,3.691806263772845e-05,0.00010252436471340864,0.0001415637836748737
ID_SYXTO4,6.580632610586555e-05,8.363012654989617e-05,0.00015134802225210114,6.580632610586555e-05,8.363012654989617e-05,0.00015134802225210114
ID_4OJFGR,3.691806263772845e-05,0.00010252436471340864,0.0001415637836748737,3.691806263772845e-05,0.00010252436471340864,0.0001415637836748737
ID_RSKO1F,0.012216262117368749,0.010559178659414449,0.010530562766923664,0.012216262117368749,0.010559178659414449,0.010530562766923664
ID_H8UYPI,6.580632610586555e-05,8.363012654989617e-05,0.00015134802225210114,6.580632610586555e-05,8.363012654989617e-05,0.00015134802225210114
ID_8GEYYG,0.12749085646860778,0.05767039243882131,0.06341286440910907,0.12749085646860778,0.05767039243882131,0.06341286440910907
ID_P2D00R,0.00718392629218925,0.005672038868451876,0.005443739803798966,0.00718392629218925,0.005672038868451876,0.005443739803798966
ID_90GUIW,2.6407576550420517e-05,2.9765739099962406e-05,4.841301740243546e-05,2.6407576550420517e-05,2.9765739099962406e-05,4.841301740243546e-05
ID_T3J7SY,5.1568863984281937e-05,0.000170111196906846,0.00028955251315696185,5.1568863984281937e-05,0.000170111196906846,0.00028955251315696185
ID_2V5UEE,6.580632610586555e-05,8.363012654989617e-05,0.00015134802225210114,6.580632610586555e-05,8.363012654989617e-05,0.00015134802225210114
ID_E9CUC6,3.6075621173403495e-05,3.4636678266418086e-05,5.6756422158798584e-05,3.6075621173403495e-05,3.4636678266418086e-05,5.6756422158798584e-05
ID_5R7WSC,2.462622193457995e-05,2.435716740899857e-05,4.633865080184076e-05,2.462622193457995e-05,2.435716740899857e-05,4.633865080184076e-05
ID_OF67ZH,0.012216262117368749,0.010559178659414449,0.010530562766923664,0.012216262117368749,0.010559178659414449,0.010530562766923664
ID_0ZINW1,2.6407576550420517e-05,2.9765739099962406e-05,4.841301740243546e-05,2.6407576550420517e-05,2.9765739099962406e-05,4.841301740243546e-05
ID_XCZR6Z,0.012216262117368749,0.010559178659414449,0.010530562766923664,0.012216262117368749,0.010559178659414449,0.010530562766923664
ID_3J6JIM,2.462622193457995e-05,2.435716740899857e-05,4.633865080184076e-05,2.462622193457995e-05,2.435716740899857e-05,4.633865080184076e-05
ID_0KVUYB,0.012216262117368749,0.010559178659414449,0.010530562766923664,0.012216262117368749,0.010559178659414449,0.010530562766923664
ID_31AGWA,0.012216262117368749,0.010559178659414449,0.010530562766923664,0.012216262117368749,0.010559178659414449,0.010530562766923664
ID_JOHIEH,2.6407576550420517e-05,2.9765739099962406e-05,4.841301740243546e-05,2.6407576550420517e-05,2.9765739099962406e-05,4.841301740243546e-05
ID_SY5ACF,5.584881897154538e-05,6.346133011476511e-05,0.00010791197636770885,5.584881897154538e-05,6.346133011476511e-05,0.00010791197636770885
ID_51HR8B,3.6075621173403495e-05,3.4636678266418086e-05,5.6756422158798584e-05,3.6075621173403495e-05,3.4636678266418086e-05,5.6756422158798584e-05
ID_FBOIDY,3.6075621173403495e-05,3.4636678266418086e-05,5.6756422158798584e-05,3.6075621173403495e-05,3.4636678266418086e-05,5.6756422158798584e-05
ID_KXXYIZ,3.691806263772845e-05,0.00010252436471340864,0.0001415637836748737,3.691806263772845e-05,0.00010252436471340864,0.0001415637836748737
ID_7JDECQ,5.584881897154538e-05,6.346133011476511e-05,0.00010791197636770885,5.584881897154538e-05,6.346133011476511e-05,0.00010791197636770885
ID_ZNDJO0,2.462622193457995e-05,2.435716740899857e-05,4.633865080184076e-05,2.462622193457995e-05,2.435716740899857e-05,4.633865080184076e-05
ID_NO00XI,0.012216262117368749,0.010559178659414449,0.010530562766923664,0.012216262117368749,0.010559178659414449,0.010530562766923664
ID_MXVMHB,2.462622193457995e-05,2.435716740899857e-05,4.633865080184076e-05,2.462622193457995e-05,2.435716740899857e-05,4.633865080184076e-05
ID_47X9RR,2.6407576550420517e-05,2.9765739099962406e-05,4.841301740243546e-05,2.6407576550420517e-05,2.9765739099962406e-05,4.841301740243546e-05
ID_875Q3P,0.00718392629218925,0.005672038868451876,0.005443739803798966,0.00718392629218925,0.005672038868451876,0.005443739803798966
ID_0CP43G,3.0421468154915786e-05,6.934739701688395e-05,8.500446970202645e-05,3.0421468154915786e-05,6.934739701688395e-05,8.500446970202645e-05
ID_BLCTDI,5.584881897154538e-05,6.346133011476511e-05,0.00010791197636770885,5.584881897154538e-05,6.346133011476511e-05,0.00010791197636770885
ID_V7NFWN,0.00016628405184863576,0.0001173469014885583,0.0002492763650736305,0.00016628405184863576,0.0001173469014885583,0.0002492763650736305
ID_RZH309,2.6407576550420517e-05,2.9765739099962406e-05,4.841301740243546e-05,2.6407576550420517e-05,2.9765739099962406e-05,4.841301740243546e-05
ID_MKWIN3,0.012216262117368749,0.010559178659414449,0.010530562766923664,0.012216262117368749,0.010559178659414449,0.010530562766923664
ID_M5QVXA,6.824836199806217e-05,6.0303765540717476e-05,0.00013837446155411494,6.824836199806217e-05,6.0303765540717476e-05,0.00013837446155411494
ID_KEMXON,1.883331540159782e-05,2.474529504693089e-05,4.996237654403416e-05,1.883331540159782e-05,2.474529504693089e-05,4.996237654403416e-05
ID_UF64U6,0.00718392629218925,0.005672038868451876,0.005443739803798966,0.00718392629218925,0.005672038868451876,0.005443739803798966
ID_390VSL,2.6407576550420517e-05,2.9765739099962406e-05,4.841301740243546e-05,2.6407576550420517e-05,2.9765739099962406e-05,4.841301740243546e-05
ID_E1PRPX,6.580632610586555e-05,8.363012654989617e-05,0.00015134802225210114,6.580632610586555e-05,8.363012654989617e-05,0.00015134802225210114
ID_4XBB4P,3.691806263772845e-05,0.00010252436471340864,0.0001415637836748737,3.691806263772845e-05,0.00010252436471340864,0.0001415637836748737
ID_FDZWH6,3.691806263772845e-05,0.00010252436471340864,0.0001415637836748737,3.691806263772845e-05,0.00010252436471340864,0.0001415637836748737
ID_CYGOO8,5.584881897154538e-05,6.346133011476511e-05,0.00010791197636770885,5.584881897154538e-05,6.346133011476511e-05,0.00010791197636770885
ID_7ILHH1,2.462622193457995e-05,2.435716740899857e-05,4.633865080184076e-05,2.462622193457995e-05,2.435716740899857e-05,4.633865080184076e-05
ID_3J4B56,0.00718392629218925,0.005672038868451876,0.005443739803798966,0.00718392629218925,0.005672038868451876,0.005443739803798966
ID_Y5SQ1L,3.6075621173403495e-05,3.4636678266418086e-05,5.6756422158798584e-05,3.6075621173403495e-05,3.4636678266418086e-05,5.6756422158798584e-05
ID_LIBKDI,2.462622193457995e-05,2.435716740899857e-05,4.633865080184076e-05,2.462622193457995e-05,2.435716740899857e-05,4.633865080184076e-05
ID_6S3LGU,5.584881897154538e-05,6.346133011476511e-05,0.00010791197636770885,5.584881897154538e-05,6.346133011476511e-05,0.00010791197636770885
ID_CCL3L7,0.00022385142658285393,0.00018858809227161353,0.0004190713952135312,0.00022385142658285393,0.00018858809227161353,0.0004190713952135312
ID_N51IQT,0.00718392629218925,0.005672038868451876,0.005443739803798966,0.00718392629218925,0.005672038868451876,0.005443739803798966
ID_KVRLKK,5.1568863984281937e-05,0.000170111196906846,0.00028955251315696185,5.1568863984281937e-05,0.000170111196906846,0.00028955251315696185
ID_NH7ABP,3.691806263772845e-05,0.00010252436471340864,0.0001415637836748737,3.691806263772845e-05,0.00010252436471340864,0.0001415637836748737
ID_VTBHST,3.6075621173403495e-05,3.4636678266418086e-05,5.6756422158798584e-05,3.6075621173403495e-05,3.4636678266418086e-05,5.6756422158798584e-05
ID_4KV1ZV,2.462622193457995e-05,2.435716740899857e-05,4.633865080184076e-05,2.462622193457995e-05,2.435716740899857e-05,4.633865080184076e-05
ID_5Z1DAT,0.012216262117368749,0.010559178659414449,0.010530562766923664,0.012216262117368749,0.010559178659414449,0.010530562766923664
ID_ZXQRP1,6.580632610586555e-05,8.363012654989617e-05,0.00015134802225210114,6.580632610586555e-05,8.363012654989617e-05,0.00015134802225210114
ID_16O9TG,3.6075621173403495e-05,3.4636678266418086e-05,5.6756422158798584e-05,3.6075621173403495e-05,3.4636678266418086e-05,5.6756422158798584e-05
ID_86Z5BT,3.6075621173403495e-05,3.4636678266418086e-05,5.6756422158798584e-05,3.6075621173403495e-05,3.4636678266418086e-05,5.6756422158798584e-05
ID_02VGAQ,2.462622193457995e-05,2.435716740899857e-05,4.633865080184076e-05,2.462622193457995e-05,2.435716740899857e-05,4.633865080184076e-05
ID_7UZ111,3.6075621173403495e-05,3.4636678266418086e-05,5.6756422158798584e-05,3.6075621173403495e-05,3.4636678266418086e-05,5.6756422158798584e-05
ID_2X5YMF,5.584881897154538e-05,6.346133011476511e-05,0.00010791197636770885,5.584881897154538e-05,6.346133011476511e-05,0.00010791197636770885
ID_PPMQQ3,5.584881897154538e-05,6.346133011476511e-05,0.00010791197636770885,5.584881897154538e-05,6.346133011476511e-05,0.00010791197636770885
ID_IR01XD,3.691806263772845e-05,0.00010252436471340864,0.0001415637836748737,3.691806263772845e-05,0.00010252436471340864,0.0001415637836748737
ID_GEWJ3P,2.6407576550420517e-05,2.9765739099962406e-05,4.841301740243546e-05,2.6407576550420517e-05,2.9765739099962406e-05,4.841301740243546e-05
ID_H3GX6C,2.462622193457995e-05,2.435716740899857e-05,4.633865080184076e-05,2.462622193457995e-05,2.435716740899857e-05,4.633865080184076e-05
ID_DJ6NAP,2.462622193457995e-05,2.435716740899857e-05,4.633865080184076e-05,2.462622193457995e-05,2.435716740899857e-05,4.633865080184076e-05
ID_QLXTHH,0.012216262117368749,0.010559178659414449,0.010530562766923664,0.012216262117368749,0.010559178659414449,0.010530562766923664
ID_E1CQQL,2.462622193457995e-05,2.435716740899857e-05,4.633865080184076e-05,2.462622193457995e-05,2.435716740899857e-05,4.633865080184076e-05
ID_1LB0SW,6.824836199806217e-05,6.0303765540717476e-05,0.00013837446155411494,6.824836199806217e-05,6.0303765540717476e-05,0.00013837446155411494
ID_LRT2RR,3.6075621173403495e-05,3.4636678266418086e-05,5.6756422158798584e-05,3.6075621173403495e-05,3.4636678266418086e-05,5.6756422158798584e-05
ID_4OCPML,3.6075621173403495e-05,3.4636678266418086e-05,5.6756422158798584e-05,3.6075621173403495e-05,3.4636678266418086e-05,5.6756422158798584e-05
ID_3PPVTQ,2.462622193457995e-05,2.435716740899857e-05,4.633865080184076e-05,2.462622193457995e-05,2.435716740899857e-05,4.633865080184076e-05
ID_OHA3B2,0.00016628405184863576,0.0001173469014885583,0.0002492763650736305,0.00016628405184863576,0.0001173469014885583,0.0002492763650736305
ID_X2EZX0,3.6075621173403495e-05,3.4636678266418086e-05,5.6756422158798584e-05,3.6075621173403495e-05,3.4636678266418086e-05,5.6756422158798584e-05
ID_N7CKJM,0.012216262117368749,0.010559178659414449,0.010530562766923664,0.012216262117368749,0.010559178659414449,0.010530562766923664
ID_ED5XL6,5.584881897154538e-05,6.346133011476511e-05,0.00010791197636770885,5.584881897154538e-05,6.346133011476511e-05,0.00010791197636770885
ID_UPMG2P,0.012216262117368749,0.010559178659414449,0.010530562766923664,0.012216262117368749,0.010559178659414449,0.010530562766923664
ID_I8ZJUM,5.584881897154538e-05,6.346133011476511e-05,0.00010791197636770885,5.584881897154538e-05,6.346133011476511e-05,0.00010791197636770885
ID_T01X1E,6.824836199806217e-05,6.0303765540717476e-05,0.00013837446155411494,6.824836199806217e-05,6.0303765540717476e-05,0.00013837446155411494
ID_TX3T1U,6.580632610586555e-05,8.363012654989617e-05,0.00015134802225210114,6.580632610586555e-05,8.363012654989617e-05,0.00015134802225210114
ID_BK85LX,0.00016628405184863576,0.0001173469014885583,0.0002492763650736305,0.00016628405184863576,0.0001173469014885583,0.0002492763650736305
ID_I3EHXO,6.824836199806217e-05,6.0303765540717476e-05,0.00013837446155411494,6.824836199806217e-05,6.0303765540717476e-05,0.00013837446155411494
ID_S6GDVH,2.6407576550420517e-05,2.9765739099962406e-05,4.841301740243546e-05,2.6407576550420517e-05,2.9765739099962406e-05,4.841301740243546e-05
ID_Q29IAO,5.1568863984281937e-05,0.000170111196906846,0.00028955251315696185,5.1568863984281937e-05,0.000170111196906846,0.00028955251315696185
ID_CM5IWG,0.00016628405184863576,0.0001173469014885583,0.0002492763650736305,0.00016628405184863576,0.0001173469014885583,0.0002492763650736305
ID_Y0V2PI,5.584881897154538e-05,6.346133011476511e-05,0.00010791197636770885,5.584881897154538e-05,6.346133011476511e-05,0.00010791197636770885
ID_9QINRQ,0.00718392629218925,0.005672038868451876,0.005443739803798966,0.00718392629218925,0.005672038868451876,0.005443739803798966
ID_JFKDW9,0.012216262117368749,0.010559178659414449,0.010530562766923664,0.012216262117368749,0.010559178659414449,0.010530562766923664
ID_GO0M2G,0.012216262117368749,0.010559178659414449,0.010530562766923664,0.012216262117368749,0.010559178659414449,0.010530562766923664
ID_PIGI7K,6.580632610586555e-05,8.363012654989617e-05,0.00015134802225210114,6.580632610586555e-05,8.363012654989617e-05,0.00015134802225210114
ID_IJXCEY,6.580632610586555e-05,8.363012654989617e-05,0.00015134802225210114,6.580632610586555e-05,8.363012654989617e-05,0.00015134802225210114
ID_VI4U4R,3.6075621173403495e-05,3.4636678266418086e-05,5.6756422158798584e-05,3.6075621173403495e-05,3.4636678266418086e-05,5.6756422158798584e-05
ID_258MZC,2.462622193457995e-05,2.435716740899857e-05,4.633865080184076e-05,2.462622193457995e-05,2.435716740899857e-05,4.633865080184076e-05
ID_H18RCQ,5.1568863984281937e-05,0.000170111196906846,0.00028955251315696185,5.1568863984281937e-05,0.000170111196906846,0.00028955251315696185
ID_07BV8U,3.691806263772845e-05,0.00010252436471340864,0.0001415637836748737,3.691806263772845e-05,0.00010252436471340864,0.0001415637836748737
ID_VZICF1,0.00016628405184863576,0.0001173469014885583,0.0002492763650736305,0.00016628405184863576,0.0001173469014885583,0.0002492763650736305
ID_WRL982,2.462622193457995e-05,2.435716740899857e-05,4.633865080184076e-05,2.462622193457995e-05,2.435716740899857e-05,4.633865080184076e-05
ID_9YG2KN,0.012216262117368749,0.010559178659414449,0.010530562766923664,0.012216262117368749,0.010559178659414449,0.010530562766923664
ID_KERY7T,0.10484690584665732,0.12014738336717934,0.09667405523285989,0.10484690584665732,0.12014738336717934,0.09667405523285989
ID_SZCEKW,6.580632610586555e-05,8.363012654989617e-05,0.00015134802225210114,6.580632610586555e-05,8.363012654989617e-05,0.00015134802225210114
ID_6O5TR9,2.462622193457995e-05,2.435716740899857e-05,4.633865080184076e-05,2.462622193457995e-05,2.435716740899857e-05,4.633865080184076e-05
ID_2VWEN3,0.012216262117368749,0.010559178659414449,0.010530562766923664,0.012216262117368749,0.010559178659414449,0.010530562766923664
ID_390114,6.580632610586555e-05,8.363012654989617e-05,0.00015134802225210114,6.580632610586555e-05,8.363012654989617e-05,0.00015134802225210114
ID_414HOK,6.580632610586555e-05,8.363012654989617e-05,0.00015134802225210114,6.580632610586555e-05,8.363012654989617e-05,0.00015134802225210114
ID_OM9I7H,0.11841897003444175,0.17197652896033774,0.18763080493875597,0.11841897003444175,0.17197652896033774,0.18763080493875597
ID_UAFWJ8,0.03637566648229475,0.05154519316014265,0.06321895115166307,0.03637566648229475,0.05154519316014265,0.06321895115166307
ID_JEO0RE,2.9614616277296882e-05,2.562003290187349e-05,4.1413112081118785e-05,2.9614616277296882e-05,2.562003290187349e-05,4.1413112081118785e-05
ID_2FK7L8,2.1786995709175777e-05,6.84804004519825e-05,3.694998473395287e-05,2.1786995709175777e-05,6.84804004519825e-05,3.694998473395287e-05
ID_BR0ZVK,2.1786995709175777e-05,6.84804004519825e-05,3.694998473395287e-05,2.1786995709175777e-05,6.84804004519825e-05,3.694998473395287e-05
ID_4XW3SG,2.2273593677680243e-05,2.2475314387650127e-05,2.5213436454177457e-05,2.2273593677680243e-05,2.2475314387650127e-05,2.5213436454177457e-05
ID_ND0JUF,0.00193130290265343,0.002953805750830772,0.005098098851299175,0.00193130290265343,0.002953805750830772,0.005098098851299175
ID_LRK0VM,0.0021368470300440006,0.0032977486463692867,0.003407351216291793,0.0021368470300440006,0.0032977486463692867,0.003407351216291793
ID_F9LL3S,2.2392125666473516e-05,2.525929615541359e-05,4.3011396714338394e-05,2.2392125666473516e-05,2.525929615541359e-05,4.3011396714338394e-05
ID_QYNGUD,0.006623836797870359,0.011762330054094789,0.03127097597657203,0.006623836797870359,0.011762330054094789,0.03127097597657203
ID_RZE5NT,2.7330365790352883e-05,2.310050092065694e-05,2.5342874938410645e-05,2.7330365790352883e-05,2.310050092065694e-05,2.5342874938410645e-05
ID_Y3XGHG,2.7330365790352883e-05,2.310050092065694e-05,2.5342874938410645e-05,2.7330365790352883e-05,2.310050092065694e-05,2.5342874938410645e-05
ID_PAN2FG,2.2273593677680243e-05,2.2475314387650127e-05,2.5213436454177457e-05,2.2273593677680243e-05,2.2475314387650127e-05,2.5213436454177457e-05
ID_E1VE1N,3.3342762444039904e-05,4.106587959922837e-05,3.133149232362554e-05,3.3342762444039904e-05,4.106587959922837e-05,3.133149232362554e-05
ID_V9V15D,0.00703172206538012,0.016119334399150555,0.014620027873155129,0.00703172206538012,0.016119334399150555,0.014620027873155129
ID_6LSQM7,6.7837837515935e-05,5.120272633419372e-05,0.00011735198302837494,6.7837837515935e-05,5.120272633419372e-05,0.00011735198302837494
ID_O5CMPP,2.9602389503077607e-05,2.7163859722465192e-05,4.387328368348636e-05,2.9602389503077607e-05,2.7163859722465192e-05,4.387328368348636e-05
ID_7UEYP5,1.2340688810119488e-05,1.795706805925797e-05,2.0987695493832892e-05,1.2340688810119488e-05,1.795706805925797e-05,2.0987695493832892e-05
ID_GE4M9Q,2.7330365790352883e-05,2.310050092065694e-05,2.5342874938410645e-05,2.7330365790352883e-05,2.310050092065694e-05,2.5342874938410645e-05
ID_V2I3KR,2.9614616277296882e-05,2.562003290187349e-05,4.1413112081118785e-05,2.9614616277296882e-05,2.562003290187349e-05,4.1413112081118785e-05
ID_O59IL2,0.00703172206538012,0.016119334399150555,0.014620027873155129,0.00703172206538012,0.016119334399150555,0.014620027873155129
ID_2RX566,2.7330365790352883e-05,2.310050092065694e-05,2.5342874938410645e-05,2.7330365790352883e-05,2.310050092065694e-05,2.5342874938410645e-05
ID_3TZG4C,2.9614616277296882e-05,2.562003290187349e-05,4.1413112081118785e-05,2.9614616277296882e-05,2.562003290187349e-05,4.1413112081118785e-05
ID_QB7IZK,2.7330365790352883e-05,2.310050092065694e-05,2.5342874938410645e-05,2.7330365790352883e-05,2.310050092065694e-05,2.5342874938410645e-05
ID_XCQ47J,3.3342762444039904e-05,4.106587959922837e-05,3.133149232362554e-05,3.3342762444039904e-05,4.106587959922837e-05,3.133149232362554e-05
ID_GEIU3Q,0.01021315845147668,0.008562298913714888,0.011965164899913566,0.01021315845147668,0.008562298913714888,0.011965164899913566
ID_BAJPY0,0.0941064140297964,0.07781423502270261,0.10795546451431907,0.0941064140297964,0.07781423502270261,0.10795546451431907
ID_BSVNKG,2.5659170204500978e-05,4.919009838813566e-05,3.635107647683174e-05,2.5659170204500978e-05,4.919009838813566e-05,3.635107647683174e-05
ID_QM4O2S,3.3342762444039904e-05,4.106587959922837e-05,3.133149232362554e-05,3.3342762444039904e-05,4.106587959922837e-05,3.133149232362554e-05
ID_ZB10X6,2.2273593677680243e-05,2.2475314387650127e-05,2.5213436454177457e-05,2.2273593677680243e-05,2.2475314387650127e-05,2.5213436454177457e-05
ID_VLOALM,0.0021368470300440006,0.0032977486463692867,0.003407351216291793,0.0021368470300440006,0.0032977486463692867,0.003407351216291793
ID_CG3L2H,2.2273593677680243e-05,2.2475314387650127e-05,2.5213436454177457e-05,2.2273593677680243e-05,2.2475314387650127e-05,2.5213436454177457e-05
ID_VAG0Q5,0.019926813100604263,0.017782209871471777,0.03613487995436228,0.019926813100604263,0.017782209871471777,0.03613487995436228
ID_7J1S3Y,1.5118509074571302e-05,3.1723092174839384e-05,2.7716348344822046e-05,1.5118509074571302e-05,3.1723092174839384e-05,2.7716348344822046e-05
ID_JW1LBC,0.00703172206538012,0.016119334399150555,0.014620027873155129,0.00703172206538012,0.016119334399150555,0.014620027873155129
ID_083PSL,6.7837837515935e-05,5.120272633419372e-05,0.00011735198302837494,6.7837837515935e-05,5.120272633419372e-05,0.00011735198302837494
ID_EALA41,0.006623836797870359,0.011762330054094789,0.03127097597657203,0.006623836797870359,0.011762330054094789,0.03127097597657203
ID_3ZIHQR,9.071917374274176e-06,1.727593647497678e-05,2.0615514865749324e-05,9.071917374274176e-06,1.727593647497678e-05,2.0615514865749324e-05
ID_F5HANJ,0.24515783282336684,0.22096845425767744,0.3863020486731991,0.24515783282336684,0.22096845425767744,0.3863020486731991
ID_DHARBL,2.9614616277296882e-05,2.562003290187349e-05,4.1413112081118785e-05,2.9614616277296882e-05,2.562003290187349e-05,4.1413112081118785e-05
ID_H3K94A,2.9614616277296882e-05,2.562003290187349e-05,4.1413112081118785e-05,2.9614616277296882e-05,2.562003290187349e-05,4.1413112081118785e-05
ID_BV33ZV,3.3342762444039904e-05,4.106587959922837e-05,3.133149232362554e-05,3.3342762444039904e-05,4.106587959922837e-05,3.133149232362554e-05
ID_GOSZ8L,2.2273593677680243e-05,2.2475314387650127e-05,2.5213436454177457e-05,2.2273593677680243e-05,2.2475314387650127e-05,2.5213436454177457e-05
ID_S9JF8F,0.00703172206538012,0.016119334399150555,0.014620027873155129,0.00703172206538012,0.016119334399150555,0.014620027873155129
ID_UOLBI5,4.18033742683119e-05,3.179364175140769e-05,4.506454968304693e-05,4.18033742683119e-05,3.179364175140769e-05,4.506454968304693e-05
ID_K3PNUV,1.2340688810119488e-05,1.795706805925797e-05,2.0987695493832892e-05,1.2340688810119488e-05,1.795706805925797e-05,2.0987695493832892e-05
ID_ANWYJ9,2.7330365790352883e-05,2.310050092065694e-05,2.5342874938410645e-05,2.7330365790352883e-05,2.310050092065694e-05,2.5342874938410645e-05
ID_AMSE7R,2.2273593677680243e-05,2.2475314387650127e-05,2.5213436454177457e-05,2.2273593677680243e-05,2.2475314387650127e-05,2.5213436454177457e-05
ID_I88AP8,4.18033742683119e-05,3.179364175140769e-05,4.506454968304693e-05,4.18033742683119e-05,3.179364175140769e-05,4.506454968304693e-05
ID_NWA3L6,2.7330365790352883e-05,2.310050092065694e-05,2.5342874938410645e-05,2.7330365790352883e-05,2.310050092065694e-05,2.5342874938410645e-05
ID_BEJ4NZ,0.0021368470300440006,0.0032977486463692867,0.003407351216291793,0.0021368470300440006,0.0032977486463692867,0.003407351216291793
ID_QW38O7,2.9614616277296882e-05,2.562003290187349e-05,4.1413112081118785e-05,2.9614616277296882e-05,2.562003290187349e-05,4.1413112081118785e-05
ID_0BO03Q,0.004143567127837216,0.00526220593624808,0.010282883400471997,0.004143567127837216,0.00526220593624808,0.010282883400471997
ID_CKOUOI,0.01021315845147668,0.008562298913714888,0.011965164899913566,0.01021315845147668,0.008562298913714888,0.011965164899913566
ID_LB4MOB,6.7837837515935e-05,5.120272633419372e-05,0.00011735198302837494,6.7837837515935e-05,5.120272633419372e-05,0.00011735198302837494
ID_M3EGOP,0.006623836797870359,0.011762330054094789,0.03127097597657203,0.006623836797870359,0.011762330054094789,0.03127097597657203
ID_3DR3OC,4.144718042038121e-05,3.115946265801039e-05,4.113109271787775e-05,4.144718042038121e-05,3.115946265801039e-05,4.113109271787775e-05
ID_CII7S2,2.7334768589770356e-05,2.198713948447044e-05,2.4702089219435196e-05,2.7334768589770356e-05,2.198713948447044e-05,2.4702089219435196e-05
ID_PS36LP,3.3342762444039904e-05,4.106587959922837e-05,3.133149232362554e-05,3.3342762444039904e-05,4.106587959922837e-05,3.133149232362554e-05
ID_UMATGZ,2.9614616277296882e-05,2.562003290187349e-05,4.1413112081118785e-05,2.9614616277296882e-05,2.562003290187349e-05,4.1413112081118785e-05
ID_RZXWDX,7.639782511816422e-05,8.021523726984436e-05,0.0001380152532430558,7.639782511816422e-05,8.021523726984436e-05,0.0001380152532430558
ID_MBP2SR,2.7330365790352883e-05,2.310050092065694e-05,2.5342874938410645e-05,2.7330365790352883e-05,2.310050092065694e-05,2.5342874938410645e-05
ID_26D5YY,1.2340688810119488e-05,1.795706805925797e-05,2.0987695493832892e-05,1.2340688810119488e-05,1.795706805925797e-05,2.0987695493832892e-05
ID_F7H73Q,2.2273593677680243e-05,2.2475314387650127e-05,2.5213436454177457e-05,2.2273593677680243e-05,2.2475314387650127e-05,2.5213436454177457e-05
ID_W4PRR2,1.2340688810119488e-05,1.795706805925797e-05,2.0987695493832892e-05,1.2340688810119488e-05,1.795706805925797e-05,2.0987695493832892e-05
ID_UY4Z5F,2.7330365790352883e-05,2.310050092065694e-05,2.5342874938410645e-05,2.7330365790352883e-05,2.310050092065694e-05,2.5342874938410645e-05
ID_Y8KQBZ,0.2964665933777652,0.27297326587146475,0.3702993763413165,0.2964665933777652,0.27297326587146475,0.3702993763413165
ID_QVEUCL,0.00703172206538012,0.016119334399150555,0.014620027873155129,0.00703172206538012,0.016119334399150555,0.014620027873155129
ID_4ZRHI7,0.002567630573710734,0.003109137530997068,0.004584153545312307,0.002567630573710734,0.003109137530997068,0.004584153545312307
ID_WLTHN7,0.00193130290265343,0.002953805750830772,0.005098098851299175,0.00193130290265343,0.002953805750830772,0.005098098851299175
ID_1FYJNL,1.5118509074571302e-05,3.1723092174839384e-05,2.7716348344822046e-05,1.5118509074571302e-05,3.1723092174839384e-05,2.7716348344822046e-05
ID_D9L64Q,2.9614616277296882e-05,2.562003290187349e-05,4.1413112081118785e-05,2.9614616277296882e-05,2.562003290187349e-05,4.1413112081118785e-05
ID_86WW5J,2.5659170204500978e-05,4.919009838813566e-05,3.635107647683174e-05,2.5659170204500978e-05,4.919009838813566e-05,3.635107647683174e-05
ID_7Y6T5F,0.24515783282336684,0.22096845425767744,0.3863020486731991,0.24515783282336684,0.22096845425767744,0.3863020486731991
ID_H6BCXL,2.7330365790352883e-05,2.310050092065694e-05,2.5342874938410645e-05,2.7330365790352883e-05,2.310050092065694e-05,2.5342874938410645e-05
ID_HWUQNT,2.9602389503077607e-05,2.7163859722465192e-05,4.387328368348636e-05,2.9602389503077607e-05,2.7163859722465192e-05,4.387328368348636e-05
ID_42K0G3,2.9614616277296882e-05,2.562003290187349e-05,4.1413112081118785e-05,2.9614616277296882e-05,2.562003290187349e-05,4.1413112081118785e-05
ID_RJA1CY,2.5659170204500978e-05,4.919009838813566e-05,3.635107647683174e-05,2.5659170204500978e-05,4.919009838813566e-05,3.635107647683174e-05
ID_KUD6LS,3.3342762444039904e-05,4.106587959922837e-05,3.133149232362554e-05,3.3342762444039904e-05,4.106587959922837e-05,3.133149232362554e-05
ID_YF4XAS,0.00703172206538012,0.016119334399150555,0.014620027873155129,0.00703172206538012,0.016119334399150555,0.014620027873155129
ID_9L5QZW,2.2273593677680243e-05,2.2475314387650127e-05,2.5213436454177457e-05,2.2273593677680243e-05,2.2475314387650127e-05,2.5213436454177457e-05
ID_PKRBWM,2.2392125666473516e-05,2.525929615541359e-05,4.3011396714338394e-05,2.2392125666473516e-05,2.525929615541359e-05,4.3011396714338394e-05
ID_KV5X78,2.2380186399001115e-05,2.720122998583032e-05,4.637395762286634e-05,2.2380186399001115e-05,2.720122998583032e-05,4.637395762286634e-05
ID_K05FSC,9.071583019310853e-06,1.7479433627484458e-05,2.2287582856194365e-05,9.071583019310853e-06,1.7479433627484458e-05,2.2287582856194365e-05
ID_VKADHX,0.009998378845831522,0.012328644452560577,0.010454024530217937,0.009998378845831522,0.012328644452560577,0.010454024530217937
ID_FJ9WOU,0.002567630573710734,0.003109137530997068,0.004584153545312307,0.002567630573710734,0.003109137530997068,0.004584153545312307
ID_42T9XM,2.2273593677680243e-05,2.2475314387650127e-05,2.5213436454177457e-05,2.2273593677680243e-05,2.2475314387650127e-05,2.5213436454177457e-05
ID_9ZLKG2,1.2341023165082809e-05,1.7702399518812077e-05,2.044746803403497e-05,1.2341023165082809e-05,1.7702399518812077e-05,2.044746803403497e-05
ID_HXOU9G,0.03238587560878851,0.05376934987682486,0.03377930294097513,0.03238587560878851,0.05376934987682486,0.03377930294097513
ID_WB4AC6,2.9614616277296882e-05,2.562003290187349e-05,4.1413112081118785e-05,2.9614616277296882e-05,2.562003290187349e-05,4.1413112081118785e-05
ID_I62XI1,2.2392125666473516e-05,2.525929615541359e-05,4.3011396714338394e-05,2.2392125666473516e-05,2.525929615541359e-05,4.3011396714338394e-05
ID_3ZWI9L,9.071917374274176e-06,1.727593647497678e-05,2.0615514865749324e-05,9.071917374274176e-06,1.727593647497678e-05,2.0615514865749324e-05
ID_3SR2CY,0.00703172206538012,0.016119334399150555,0.014620027873155129,0.00703172206538012,0.016119334399150555,0.014620027873155129
ID_ZBZKT1,3.3342762444039904e-05,4.106587959922837e-05,3.133149232362554e-05,3.3342762444039904e-05,4.106587959922837e-05,3.133149232362554e-05
ID_O4VQ7G,1.2340688810119488e-05,1.795706805925797e-05,2.0987695493832892e-05,1.2340688810119488e-05,1.795706805925797e-05,2.0987695493832892e-05
ID_N744FI,2.7330365790352883e-05,2.310050092065694e-05,2.5342874938410645e-05,2.7330365790352883e-05,2.310050092065694e-05,2.5342874938410645e-05
ID_TV8IEH,3.3342762444039904e-05,4.106587959922837e-05,3.133149232362554e-05,3.3342762444039904e-05,4.106587959922837e-05,3.133149232362554e-05
ID_NMAF4Q,2.9614616277296882e-05,2.562003290187349e-05,4.1413112081118785e-05,2.9614616277296882e-05,2.562003290187349e-05,4.1413112081118785e-05
ID_K2ZCCX,3.5030336117316056e-05,6.438909455916862e-05,0.00017509513279438462,3.5030336117316056e-05,6.438909455916862e-05,0.00017509513279438462
ID_R18GZ6,1.2340688810119488e-05,1.795706805925797e-05,2.0987695493832892e-05,1.2340688810119488e-05,1.795706805925797e-05,2.0987695493832892e-05
ID_IFP722,2.7330365790352883e-05,2.310050092065694e-05,2.5342874938410645e-05,2.7330365790352883e-05,2.310050092065694e-05,2.5342874938410645e-05
ID_IR8CDY,0.0021368470300440006,0.0032977486463692867,0.003407351216291793,0.0021368470300440006,0.0032977486463692867,0.003407351216291793
ID_Z2I4JV,2.9614616277296882e-05,2.562003290187349e-05,4.1413112081118785e-05,2.9614616277296882e-05,2.562003290187349e-05,4.1413112081118785e-05
ID_6KEY2P,3.5030336117316056e-05,6.438909455916862e-05,0.00017509513279438462,3.5030336117316056e-05,6.438909455916862e-05,0.00017509513279438462
ID_5S0DH2,3.3342762444039904e-05,4.106587959922837e-05,3.133149232362554e-05,3.3342762444039904e-05,4.106587959922837e-05,3.133149232362554e-05
ID_XNJ95S,2.2273593677680243e-05,2.2475314387650127e-05,2.5213436454177457e-05,2.2273593677680243e-05,2.2475314387650127e-05,2.5213436454177457e-05
ID_H6CCOD,0.00019497051367060154,9.428581701610318e-05,0.00022174007109833629,0.00019497051367060154,9.428581701610318e-05,0.00022174007109833629
ID_WQCUST,0.006623836797870359,0.011762330054094789,0.03127097597657203,0.006623836797870359,0.011762330054094789,0.03127097597657203
ID_T75BT1,1.0085523879828633e-05,1.9283596483368884e-05,2.6266362705503953e-05,1.0085523879828633e-05,1.9283596483368884e-05,2.6266362705503953e-05
ID_XS9OXI,7.591337463837439e-06,1.2578611137253732e-05,1.4967415603404092e-05,7.591337463837439e-06,1.2578611137253732e-05,1.4967415603404092e-05
ID_EA1206,7.591337463837439e-06,1.2578611137253732e-05,1.4967415603404092e-05,7.591337463837439e-06,1.2578611137253732e-05,1.4967415603404092e-05
ID_YH37JO,0.00075699583936601,0.0010410849352511338,0.0020922635513413194,0.00075699583936601,0.0010410849352511338,0.0020922635513413194
ID_B8H7AK,7.591337463837439e-06,1.2578611137253732e-05,1.4967415603404092e-05,7.591337463837439e-06,1.2578611137253732e-05,1.4967415603404092e-05
ID_C09NJ3,1.4707063489064066e-05,2.3814413566631417e-05,2.325719105918802e-05,1.4707063489064066e-05,2.3814413566631417e-05,2.325719105918802e-05
ID_0P1U7I,9.356664170603641e-06,1.2176250793765878e-05,1.5162988859216785e-05,9.356664170603641e-06,1.2176250793765878e-05,1.5162988859216785e-05
ID_KJZGN2,7.591337463837439e-06,1.2578611137253732e-05,1.4967415603404092e-05,7.591337463837439e-06,1.2578611137253732e-05,1.4967415603404092e-05
ID_XBCJ33,7.591337463837439e-06,1.2578611137253732e-05,1.4967415603404092e-05,7.591337463837439e-06,1.2578611137253732e-05,1.4967415603404092e-05
ID_QPKPCR,1.0085523879828633e-05,1.9283596483368884e-05,2.6266362705503953e-05,1.0085523879828633e-05,1.9283596483368884e-05,2.6266362705503953e-05
ID_GAOAHL,3.83961014700762e-05,2.8223726509690848e-05,4.230647253606835e-05,3.83961014700762e-05,2.8223726509690848e-05,4.230647253606835e-05
ID_9KT6CB,1.1485364078930733e-05,1.659641115663896e-05,1.7352158181417928e-05,1.1485364078930733e-05,1.659641115663896e-05,1.7352158181417928e-05
ID_KUJ9FC,2.4954697921852393e-05,2.775966492322789e-05,4.553290117685696e-05,2.4954697921852393e-05,2.775966492322789e-05,4.553290117685696e-05
ID_I81UCW,1.0085523879828633e-05,1.9283596483368884e-05,2.6266362705503953e-05,1.0085523879828633e-05,1.9283596483368884e-05,2.6266362705503953e-05
ID_GB2SDS,3.83961014700762e-05,2.8223726509690848e-05,4.230647253606835e-05,3.83961014700762e-05,2.8223726509690848e-05,4.230647253606835e-05
ID_X9A4JH,1.8395883883184237e-05,2.3965929056263045e-05,2.4004886889506326e-05,1.8395883883184237e-05,2.3965929056263045e-05,2.4004886889506326e-05
ID_RTGELG,1.3775774025912097e-05,1.9395314771321726e-05,2.4078119491239354e-05,1.3775774025912097e-05,1.9395314771321726e-05,2.4078119491239354e-05
ID_HNXAGO,9.356664170603641e-06,1.2176250793765878e-05,1.5162988859216785e-05,9.356664170603641e-06,1.2176250793765878e-05,1.5162988859216785e-05
ID_5FC3QJ,0.000614813581044305,0.000985879182720082,0.001928945052010135,0.000614813581044305,0.000985879182720082,0.001928945052010135
ID_CWTFLH,9.356664170603641e-06,1.2176250793765878e-05,1.5162988859216785e-05,9.356664170603641e-06,1.2176250793765878e-05,1.5162988859216785e-05
ID_B38JUX,0.00075699583936601,0.0010410849352511338,0.0020922635513413194,0.00075699583936601,0.0010410849352511338,0.0020922635513413194
ID_UH1KTJ,0.00075699583936601,0.0010410849352511338,0.0020922635513413194,0.00075699583936601,0.0010410849352511338,0.0020922635513413194
ID_5LLHBD,1.3775774025912097e-05,1.9395314771321726e-05,2.4078119491239354e-05,1.3775774025912097e-05,1.9395314771321726e-05,2.4078119491239354e-05
ID_3YY9DP,1.3775774025912097e-05,1.9395314771321726e-05,2.4078119491239354e-05,1.3775774025912097e-05,1.9395314771321726e-05,2.4078119491239354e-05
ID_744ERE,1.3775774025912097e-05,1.9395314771321726e-05,2.4078119491239354e-05,1.3775774025912097e-05,1.9395314771321726e-05,2.4078119491239354e-05
ID_QV8YW3,1.3775774025912097e-05,1.9395314771321726e-05,2.4078119491239354e-05,1.3775774025912097e-05,1.9395314771321726e-05,2.4078119491239354e-05
ID_G5ERJR,1.5784980936501874e-05,1.6140674008011876e-05,1.7518580236784707e-05,1.5784980936501874e-05,1.6140674008011876e-05,1.7518580236784707e-05
ID_MNB1L3,3.83961014700762e-05,2.8223726509690848e-05,4.230647253606835e-05,3.83961014700762e-05,2.8223726509690848e-05,4.230647253606835e-05
ID_B84S8R,7.591337463837439e-06,1.2578611137253732e-05,1.4967415603404092e-05,7.591337463837439e-06,1.2578611137253732e-05,1.4967415603404092e-05
ID_VI1CDO,1.3775774025912097e-05,1.9395314771321726e-05,2.4078119491239354e-05,1.3775774025912097e-05,1.9395314771321726e-05,2.4078119491239354e-05
ID_31K8SP,7.591337463837439e-06,1.2578611137253732e-05,1.4967415603404092e-05,7.591337463837439e-06,1.2578611137253732e-05,1.4967415603404092e-05
ID_3F8T7O,1.3775774025912097e-05,1.9395314771321726e-05,2.4078119491239354e-05,1.3775774025912097e-05,1.9395314771321726e-05,2.4078119491239354e-05
ID_RW3Q5J,1.3775774025912097e-05,1.9395314771321726e-05,2.4078119491239354e-05,1.3775774025912097e-05,1.9395314771321726e-05,2.4078119491239354e-05
ID_T3FYEA,0.00075699583936601,0.0010410849352511338,0.0020922635513413194,0.00075699583936601,0.0010410849352511338,0.0020922635513413194
ID_OZU9F0,0.00075699583936601,0.0010410849352511338,0.0020922635513413194,0.00075699583936601,0.0010410849352511338,0.0020922635513413194
ID_JLNANL,1.8395883883184237e-05,2.3965929056263045e-05,2.4004886889506326e-05,1.8395883883184237e-05,2.3965929056263045e-05,2.4004886889506326e-05
ID_09QFQF,1.5784980936501874e-05,1.6140674008011876e-05,1.7518580236784707e-05,1.5784980936501874e-05,1.6140674008011876e-05,1.7518580236784707e-05
ID_CJR13W,1.3775774025912097e-05,1.9395314771321726e-05,2.4078119491239354e-05,1.3775774025912097e-05,1.9395314771321726e-05,2.4078119491239354e-05
ID_1U5ABT,1.5784980936501874e-05,1.6140674008011876e-05,1.7518580236784707e-05,1.5784980936501874e-05,1.6140674008011876e-05,1.7518580236784707e-05
ID_J3WB2P,1.3775774025912097e-05,1.9395314771321726e-05,2.4078119491239354e-05,1.3775774025912097e-05,1.9395314771321726e-05,2.4078119491239354e-05
ID_CYJMO0,1.3775774025912097e-05,1.9395314771321726e-05,2.4078119491239354e-05,1.3775774025912097e-05,1.9395314771321726e-05,2.4078119491239354e-05
ID_RIZD06,7.591337463837439e-06,1.2578611137253732e-05,1.4967415603404092e-05,7.591337463837439e-06,1.2578611137253732e-05,1.4967415603404092e-05
ID_K565PV,1.8395883883184237e-05,2.3965929056263045e-05,2.4004886889506326e-05,1.8395883883184237e-05,2.3965929056263045e-05,2.4004886889506326e-05
ID_KGPDZS,1.5784980936501874e-05,1.6140674008011876e-05,1.7518580236784707e-05,1.5784980936501874e-05,1.6140674008011876e-05,1.7518580236784707e-05
ID_PD7IH8,1.0085523879828633e-05,1.9283596483368884e-05,2.6266362705503953e-05,1.0085523879828633e-05,1.9283596483368884e-05,2.6266362705503953e-05
ID_FM7JHM,1.4707063489064066e-05,2.3814413566631417e-05,2.325719105918802e-05,1.4707063489064066e-05,2.3814413566631417e-05,2.325719105918802e-05
ID_JKUDBT,0.00075699583936601,0.0010410849352511338,0.0020922635513413194,0.00075699583936601,0.0010410849352511338,0.0020922635513413194
ID_ZSTDRG,1.3775774025912097e-05,1.9395314771321726e-05,2.4078119491239354e-05,1.3775774025912097e-05,1.9395314771321726e-05,2.4078119491239354e-05
ID_WM2OCW,7.591337463837439e-06,1.2578611137253732e-05,1.4967415603404092e-05,7.591337463837439e-06,1.2578611137253732e-05,1.4967415603404092e-05
ID_V2VKWX,1.5784980936501874e-05,1.6140674008011876e-05,1.7518580236784707e-05,1.5784980936501874e-05,1.6140674008011876e-05,1.7518580236784707e-05
ID_Z0V4IF,2.4954697921852393e-05,2.775966492322789e-05,4.553290117685696e-05,2.4954697921852393e-05,2.775966492322789e-05,4.553290117685696e-05
ID_ZKWY5H,0.00075699583936601,0.0010410849352511338,0.0020922635513413194,0.00075699583936601,0.0010410849352511338,0.0020922635513413194
ID_Y92YDT,1.3775774025912097e-05,1.9395314771321726e-05,2.4078119491239354e-05,1.3775774025912097e-05,1.9395314771321726e-05,2.4078119491239354e-05
ID_SUKNX3,1.3775774025912097e-05,1.9395314771321726e-05,2.4078119491239354e-05,1.3775774025912097e-05,1.9395314771321726e-05,2.4078119491239354e-05
ID_UQ2MN7,1.5784980936501874e-05,1.6140674008011876e-05,1.7518580236784707e-05,1.5784980936501874e-05,1.6140674008011876e-05,1.7518580236784707e-05
ID_R4B5Y3,0.000614813581044305,0.000985879182720082,0.001928945052010135,0.000614813581044305,0.000985879182720082,0.001928945052010135
ID_5FIQN2,1.3775774025912097e-05,1.9395314771321726e-05,2.4078119491239354e-05,1.3775774025912097e-05,1.9395314771321726e-05,2.4078119491239354e-05
ID_CK7R8V,1.3775774025912097e-05,1.9395314771321726e-05,2.4078119491239354e-05,1.3775774025912097e-05,1.9395314771321726e-05,2.4078119491239354e-05
ID_9CKT1G,0.00020804307497233532,0.0003212649547412483,0.0005770363886615055,0.00020804307497233532,0.0003212649547412483,0.0005770363886615055
ID_OP7PVS,1.1485364078930733e-05,1.659641115663896e-05,1.7352158181417928e-05,1.1485364078930733e-05,1.659641115663896e-05,1.7352158181417928e-05
ID_E958NN,1.4707063489064066e-05,2.3814413566631417e-05,2.325719105918802e-05,1.4707063489064066e-05,2.3814413566631417e-05,2.325719105918802e-05
ID_DEFSVV,2.4954697921852393e-05,2.775966492322789e-05,4.553290117685696e-05,2.4954697921852393e-05,2.775966492322789e-05,4.553290117685696e-05
ID_BKDCXA,1.3775774025912097e-05,1.9395314771321726e-05,2.4078119491239354e-05,1.3775774025912097e-05,1.9395314771321726e-05,2.4078119491239354e-05
ID_I0OGOO,7.591337463837439e-06,1.2578611137253732e-05,1.4967415603404092e-05,7.591337463837439e-06,1.2578611137253732e-05,1.4967415603404092e-05
ID_5A0PRD,1.1485364078930733e-05,1.659641115663896e-05,1.7352158181417928e-05,1.1485364078930733e-05,1.659641115663896e-05,1.7352158181417928e-05
ID_KEK3CV,1.0085523879828633e-05,1.9283596483368884e-05,2.6266362705503953e-05,1.0085523879828633e-05,1.9283596483368884e-05,2.6266362705503953e-05
ID_G5CBCM,2.4954697921852393e-05,2.775966492322789e-05,4.553290117685696e-05,2.4954697921852393e-05,2.775966492322789e-05,4.553290117685696e-05
ID_6K7MP9,1.3775774025912097e-05,1.9395314771321726e-05,2.4078119491239354e-05,1.3775774025912097e-05,1.9395314771321726e-05,2.4078119491239354e-05
ID_9972R1,1.5784980936501874e-05,1.6140674008011876e-05,1.7518580236784707e-05,1.5784980936501874e-05,1.6140674008011876e-05,1.7518580236784707e-05
ID_PNK92C,3.713285635322001e-05,5.354632577723044e-05,0.00015232115751049905,3.713285635322001e-05,5.354632577723044e-05,0.00015232115751049905
ID_W39B3I,3.713285635322001e-05,5.354632577723044e-05,0.00015232115751049905,3.713285635322001e-05,5.354632577723044e-05,0.00015232115751049905
ID_HD9ID6,3.713285635322001e-05,5.354632577723044e-05,0.00015232115751049905,3.713285635322001e-05,5.354632577723044e-05,0.00015232115751049905
ID_BN91DN,3.713285635322001e-05,5.354632577723044e-05,0.00015232115751049905,3.713285635322001e-05,5.354632577723044e-05,0.00015232115751049905
ID_3GOCN3,0.4416267957330059,0.4644923559745197,0.5356882536328185,0.4416267957330059,0.4644923559745197,0.5356882536328185
ID_ET6KNZ,0.4416267957330059,0.4644923559745197,0.5356882536328185,0.4416267957330059,0.4644923559745197,0.5356882536328185
ID_OTOWTK,0.00011713153295972712,8.895307573585185e-05,0.00012009054513172834,0.00011713153295972712,8.895307573585185e-05,0.00012009054513172834
ID_WX5YV9,3.713285635322001e-05,5.354632577723044e-05,0.00015232115751049905,3.713285635322001e-05,5.354632577723044e-05,0.00015232115751049905
ID_BKG1JJ,0.0001003133420024066,8.756103481522008e-05,0.000327795330196599,0.0001003133420024066,8.756103481522008e-05,0.000327795330196599
ID_N7EE5X,0.4416267957330059,0.4644923559745197,0.5356882536328185,0.4416267957330059,0.4644923559745197,0.5356882536328185
ID_3HJF2B,0.45075659273435376,0.4564140827820548,0.5340815982556224,0.45075659273435376,0.4564140827820548,0.5340815982556224
ID_L77EMA,3.713285635322001e-05,5.354632577723044e-05,0.00015232115751049905,3.713285635322001e-05,5.354632577723044e-05,0.00015232115751049905
ID_UONM6Q,3.713285635322001e-05,5.354632577723044e-05,0.00015232115751049905,3.713285635322001e-05,5.354632577723044e-05,0.00015232115751049905
ID_ZCOCP7,0.00011713153295972712,8.895307573585185e-05,0.00012009054513172834,0.00011713153295972712,8.895307573585185e-05,0.00012009054513172834
ID_9HPWEF,0.4416267957330059,0.4644923559745197,0.5356882536328185,0.4416267957330059,0.4644923559745197,0.5356882536328185
ID_48PTGW,3.713285635322001e-05,5.354632577723044e-05,0.00015232115751049905,3.713285635322001e-05,5.354632577723044e-05,0.00015232115751049905
ID_GSHF7X,3.713285635322001e-05,5.354632577723044e-05,0.00015232115751049905,3.713285635322001e-05,5.354632577723044e-05,0.00015232115751049905
ID_72DBE5,0.00011713153295972712,8.895307573585185e-05,0.00012009054513172834,0.00011713153295972712,8.895307573585185e-05,0.00012009054513172834
ID_H8FI6N,3.713285635322001e-05,5.354632577723044e-05,0.00015232115751049905,3.713285635322001e-05,5.354632577723044e-05,0.00015232115751049905
ID_897NU8,3.713285635322001e-05,5.354632577723044e-05,0.00015232115751049905,3.713285635322001e-05,5.354632577723044e-05,0.00015232115751049905
ID_PS57CR,3.713285635322001e-05,5.354632577723044e-05,0.00015232115751049905,3.713285635322001e-05,5.354632577723044e-05,0.00015232115751049905
ID_VLC084,3.713285635322001e-05,5.354632577723044e-05,0.00015232115751049905,3.713285635322001e-05,5.354632577723044e-05,0.00015232115751049905
ID_0TQQFQ,3.713285635322001e-05,5.354632577723044e-05,0.00015232115751049905,3.713285635322001e-05,5.354632577723044e-05,0.00015232115751049905
ID_E94KOM,0.45075659273435376,0.4564140827820548,0.5340815982556224,0.45075659273435376,0.4564140827820548,0.5340815982556224
ID_DBOXYC,3.713285635322001e-05,5.354632577723044e-05,0.00015232115751049905,3.713285635322001e-05,5.354632577723044e-05,0.00015232115751049905
ID_Z8WJLG,3.713285635322001e-05,5.354632577723044e-05,0.00015232115751049905,3.713285635322001e-05,5.354632577723044e-05,0.00015232115751049905
ID_D7H9P4,0.00011713153295972712,8.895307573585185e-05,0.00012009054513172834,0.00011713153295972712,8.895307573585185e-05,0.00012009054513172834
ID_HNBXAQ,3.713285635322001e-05,5.354632577723044e-05,0.00015232115751049905,3.713285635322001e-05,5.354632577723044e-05,0.00015232115751049905
ID_T0YIRE,3.713285635322001e-05,5.354632577723044e-05,0.00015232115751049905,3.713285635322001e-05,5.354632577723044e-05,0.00015232115751049905
ID_9PTBA8,0.45075659273435376,0.4564140827820548,0.5340815982556224,0.45075659273435376,0.4564140827820548,0.5340815982556224
ID_7GNPFS,0.4619729629593306,0.33691724811581747,0.36523474974826675,0.4619729629593306,0.33691724811581747,0.36523474974826675
ID_LDL582,3.713285635322001e-05,5.354632577723044e-05,0.00015232115751049905,3.713285635322001e-05,5.354632577723044e-05,0.00015232115751049905
ID_QDFKYG,9.729789176240932e-05,5.964624851003247e-05,7.598733768460894e-05,9.729789176240932e-05,5.964624851003247e-05,7.598733768460894e-05
ID_E9HXCI,4.761219663356944e-05,6.107070258713225e-05,6.773543315043368e-05,4.761219663356944e-05,6.107070258713225e-05,6.773543315043368e-05
ID_VXNUAB,9.729789176240932e-05,5.964624851003247e-05,7.598733768460894e-05,9.729789176240932e-05,5.964624851003247e-05,7.598733768460894e-05
ID_7X3ANU,6.800949758308631e-05,9.9861560396501e-05,0.0001220150590764129,6.800949758308631e-05,9.9861560396501e-05,0.0001220150590764129
ID_JHEJ6C,0.00047662834732345146,0.004210097163811612,0.013147028723036155,0.00047662834732345146,0.004210097163811612,0.013147028723036155
ID_PQEFSA,9.729789176240932e-05,5.964624851003247e-05,7.598733768460894e-05,9.729789176240932e-05,5.964624851003247e-05,7.598733768460894e-05
ID_74362O,5.383239404602748e-05,0.0001379696630956448,0.0004866732412062918,5.383239404602748e-05,0.0001379696630956448,0.0004866732412062918
ID_ZYEPM4,0.00047662834732345146,0.004210097163811612,0.013147028723036155,0.00047662834732345146,0.004210097163811612,0.013147028723036155
ID_NO41LI,2.092442139280104e-05,3.4528163839679615e-05,4.7602088166836525e-05,2.092442139280104e-05,3.4528163839679615e-05,4.7602088166836525e-05
ID_A1BP0L,9.729789176240932e-05,5.964624851003247e-05,7.598733768460894e-05,9.729789176240932e-05,5.964624851003247e-05,7.598733768460894e-05
ID_833EID,0.10456354609547058,0.3298527794855703,0.32790237820224566,0.10456354609547058,0.3298527794855703,0.32790237820224566
ID_QVFOVQ,1.4232237154235112e-05,3.1249449588390095e-05,7.538181858527604e-05,1.4232237154235112e-05,3.1249449588390095e-05,7.538181858527604e-05
ID_E8JXTE,0.12647935534098104,0.2840218378275191,0.38681080261557266,0.12647935534098104,0.2840218378275191,0.38681080261557266
ID_SW35TS,0.00047662834732345146,0.004210097163811612,0.013147028723036155,0.00047662834732345146,0.004210097163811612,0.013147028723036155
ID_UE2F8Y,9.729789176240932e-05,5.964624851003247e-05,7.598733768460894e-05,9.729789176240932e-05,5.964624851003247e-05,7.598733768460894e-05
ID_EW9NJ2,0.00047662834732345146,0.004210097163811612,0.013147028723036155,0.00047662834732345146,0.004210097163811612,0.013147028723036155
ID_J6FHL2,0.10456354609547058,0.3298527794855703,0.32790237820224566,0.10456354609547058,0.3298527794855703,0.32790237820224566
ID_UGEC57,1.530685309367155e-05,2.85215857901035e-05,4.7779508701109805e-05,1.530685309367155e-05,2.85215857901035e-05,4.7779508701109805e-05
ID_VSQBO6,2.092442139280104e-05,3.4528163839679615e-05,4.7602088166836525e-05,2.092442139280104e-05,3.4528163839679615e-05,4.7602088166836525e-05
ID_UVXMIM,0.00047662834732345146,0.004210097163811612,0.013147028723036155,0.00047662834732345146,0.004210097163811612,0.013147028723036155
ID_T058KG,9.15076741965106e-06,5.403811906465792e-05,0.00013322317749827763,9.15076741965106e-06,5.403811906465792e-05,0.00013322317749827763
ID_VACRZA,2.044802878135268e-05,0.0001682549478195723,0.00022031407577828964,2.044802878135268e-05,0.0001682549478195723,0.00022031407577828964
ID_Y56MW9,2.9649298211591966e-05,0.0001117260728614786,0.00023398150504668155,2.9649298211591966e-05,0.0001117260728614786,0.00023398150504668155
ID_0DPIA8,2.044802878135268e-05,0.0001682549478195723,0.00022031407577828964,2.044802878135268e-05,0.0001682549478195723,0.00022031407577828964
ID_3U9J6G,2.044802878135268e-05,0.0001682549478195723,0.00022031407577828964,2.044802878135268e-05,0.0001682549478195723,0.00022031407577828964
ID_EUSZBN,2.044802878135268e-05,0.0001682549478195723,0.00022031407577828964,2.044802878135268e-05,0.0001682549478195723,0.00022031407577828964
ID_9E5OMC,2.044802878135268e-05,0.0001682549478195723,0.00022031407577828964,2.044802878135268e-05,0.0001682549478195723,0.00022031407577828964
ID_3R6KBU,2.9649298211591966e-05,0.0001117260728614786,0.00023398150504668155,2.9649298211591966e-05,0.0001117260728614786,0.00023398150504668155
ID_4TGSZ9,2.0733564544253186e-05,0.00010319647607767795,0.0002187519051619282,2.0733564544253186e-05,0.00010319647607767795,0.0002187519051619282
ID_NX8EEE,0.0005847462765781839,0.002278321730826734,0.002855158027274467,0.0005847462765781839,0.002278321730826734,0.002855158027274467
ID_RWKSD3,1.5337930393954173e-05,2.9642644681592132e-05,3.7573871542701724e-05,1.5337930393954173e-05,2.9642644681592132e-05,3.7573871542701724e-05
ID_7X97V1,1.613978188220221e-05,5.251117253992573e-05,4.8470525154859935e-05,1.613978188220221e-05,5.251117253992573e-05,4.8470525154859935e-05
ID_2AFQRA,9.15076741965106e-06,5.403811906465792e-05,0.00013322317749827763,9.15076741965106e-06,5.403811906465792e-05,0.00013322317749827763
ID_Q1RU6X,2.0733564544253186e-05,0.00010319647607767795,0.0002187519051619282,2.0733564544253186e-05,0.00010319647607767795,0.0002187519051619282
ID_YC254M,1.3433506220220095e-05,0.0001457944234049961,0.00020414888245862353,1.3433506220220095e-05,0.0001457944234049961,0.00020414888245862353
ID_UNWPJB,2.044802878135268e-05,0.0001682549478195723,0.00022031407577828964,2.044802878135268e-05,0.0001682549478195723,0.00022031407577828964
ID_B660BU,1.3433506220220095e-05,0.0001457944234049961,0.00020414888245862353,1.3433506220220095e-05,0.0001457944234049961,0.00020414888245862353
ID_4ORCRP,9.15076741965106e-06,5.403811906465792e-05,0.00013322317749827763,9.15076741965106e-06,5.403811906465792e-05,0.00013322317749827763
ID_YFLCSJ,2.044802878135268e-05,0.0001682549478195723,0.00022031407577828964,2.044802878135268e-05,0.0001682549478195723,0.00022031407577828964
ID_733Z0L,1.3433506220220095e-05,0.0001457944234049961,0.00020414888245862353,1.3433506220220095e-05,0.0001457944234049961,0.00020414888245862353
ID_KB7EEN,2.044802878135268e-05,0.0001682549478195723,0.00022031407577828964,2.044802878135268e-05,0.0001682549478195723,0.00022031407577828964
ID_066CHB,1.53792859982541e-05,6.006978570930407e-05,0.00014255412842262483,1.53792859982541e-05,6.006978570930407e-05,0.00014255412842262483
ID_BEU1N6,2.044802878135268e-05,0.0001682549478195723,0.00022031407577828964,2.044802878135268e-05,0.0001682549478195723,0.00022031407577828964
ID_C8R4WH,1.3433506220220095e-05,0.0001457944234049961,0.00020414888245862353,1.3433506220220095e-05,0.0001457944234049961,0.00020414888245862353
ID_PI3I2J,9.15076741965106e-06,5.403811906465792e-05,0.00013322317749827763,9.15076741965106e-06,5.403811906465792e-05,0.00013322317749827763
ID_9PMVYR,1.3433506220220095e-05,0.0001457944234049961,0.00020414888245862353,1.3433506220220095e-05,0.0001457944234049961,0.00020414888245862353
ID_Q7EXXO,1.3433506220220095e-05,0.0001457944234049961,0.00020414888245862353,1.3433506220220095e-05,0.0001457944234049961,0.00020414888245862353
ID_CQKKBK,2.044802878135268e-05,0.0001682549478195723,0.00022031407577828964,2.044802878135268e-05,0.0001682549478195723,0.00022031407577828964
ID_9QR9WA,1.3433506220220095e-05,0.0001457944234049961,0.00020414888245862353,1.3433506220220095e-05,0.0001457944234049961,0.00020414888245862353
ID_FELSNU,1.3433506220220095e-05,0.0001457944234049961,0.00020414888245862353,1.3433506220220095e-05,0.0001457944234049961,0.00020414888245862353
ID_PNKANZ,1.5819954530598848e-05,4.0515371760879934e-05,4.4871416986886885e-05,1.5819954530598848e-05,4.0515371760879934e-05,4.4871416986886885e-05
ID_22JIZ1,1.5819954530598848e-05,4.0515371760879934e-05,4.4871416986886885e-05,1.5819954530598848e-05,4.0515371760879934e-05,4.4871416986886885e-05
ID_IRZOS2,0.0005847462765781839,0.002278321730826734,0.002855158027274467,0.0005847462765781839,0.002278321730826734,0.002855158027274467
ID_PHQQ0F,0.00011447055700328882,0.00584869814403873,0.006259607656423678,0.00011447055700328882,0.00584869814403873,0.006259607656423678
ID_IW2314,0.00011478442026731835,0.007200455456270532,0.00720834084707102,0.00011478442026731835,0.007200455456270532,0.00720834084707102
ID_8UX59T,1.4733040068604211e-05,2.7258508528080406e-05,3.1062679882956786e-05,1.4733040068604211e-05,2.7258508528080406e-05,3.1062679882956786e-05
ID_4VMFY1,1.1618510359811325e-05,1.2765453072475122e-05,2.225786012064204e-05,1.1618510359811325e-05,1.2765453072475122e-05,2.225786012064204e-05
ID_NAS5OH,1.3433506220220095e-05,0.0001457944234049961,0.00020414888245862353,1.3433506220220095e-05,0.0001457944234049961,0.00020414888245862353
ID_B5C6RJ,9.15076741965106e-06,5.403811906465792e-05,0.00013322317749827763,9.15076741965106e-06,5.403811906465792e-05,0.00013322317749827763
ID_PXCAKA,2.9649298211591966e-05,0.0001117260728614786,0.00023398150504668155,2.9649298211591966e-05,0.0001117260728614786,0.00023398150504668155
ID_T7JWJL,1.4733040068604211e-05,2.7258508528080406e-05,3.1062679882956786e-05,1.4733040068604211e-05,2.7258508528080406e-05,3.1062679882956786e-05
ID_Z40GIH,1.5337930393954173e-05,2.9642644681592132e-05,3.7573871542701724e-05,1.5337930393954173e-05,2.9642644681592132e-05,3.7573871542701724e-05
ID_7B6TSR,2.044802878135268e-05,0.0001682549478195723,0.00022031407577828964,2.044802878135268e-05,0.0001682549478195723,0.00022031407577828964
ID_T8UE85,2.9649298211591966e-05,0.0001117260728614786,0.00023398150504668155,2.9649298211591966e-05,0.0001117260728614786,0.00023398150504668155
ID_N2GA6J,1.3433506220220095e-05,0.0001457944234049961,0.00020414888245862353,1.3433506220220095e-05,0.0001457944234049961,0.00020414888245862353
ID_X7QNEK,0.00011478442026731835,0.007200455456270532,0.00720834084707102,0.00011478442026731835,0.007200455456270532,0.00720834084707102
ID_L03W0G,1.411122315164878e-05,4.158919963536152e-05,3.252397889576755e-05,1.411122315164878e-05,4.158919963536152e-05,3.252397889576755e-05
ID_5UDF18,9.15076741965106e-06,5.403811906465792e-05,0.00013322317749827763,9.15076741965106e-06,5.403811906465792e-05,0.00013322317749827763
ID_TT098H,1.3433506220220095e-05,0.0001457944234049961,0.00020414888245862353,1.3433506220220095e-05,0.0001457944234049961,0.00020414888245862353
ID_5QZP6R,1.762793628855477e-05,2.0958815079847842e-05,2.6645744754358966e-05,1.762793628855477e-05,2.0958815079847842e-05,2.6645744754358966e-05
ID_EH54DK,0.010926069607692263,0.017583377104889917,0.018735774545608562,0.010926069607692263,0.017583377104889917,0.018735774545608562
ID_PALW0Q,0.00011478442026731835,0.007200455456270532,0.00720834084707102,0.00011478442026731835,0.007200455456270532,0.00720834084707102
ID_KSA6SI,9.15076741965106e-06,5.403811906465792e-05,0.00013322317749827763,9.15076741965106e-06,5.403811906465792e-05,0.00013322317749827763
ID_YDQ1KZ,1.5337930393954173e-05,2.9642644681592132e-05,3.7573871542701724e-05,1.5337930393954173e-05,2.9642644681592132e-05,3.7573871542701724e-05
ID_7TRIGH,1.3433506220220095e-05,0.0001457944234049961,0.00020414888245862353,1.3433506220220095e-05,0.0001457944234049961,0.00020414888245862353
ID_T2KMPX,1.53792859982541e-05,6.006978570930407e-05,0.00014255412842262483,1.53792859982541e-05,6.006978570930407e-05,0.00014255412842262483
ID_W6H2GG,9.15076741965106e-06,5.403811906465792e-05,0.00013322317749827763,9.15076741965106e-06,5.403811906465792e-05,0.00013322317749827763
ID_CQOM1C,1.53792859982541e-05,6.006978570930407e-05,0.00014255412842262483,1.53792859982541e-05,6.006978570930407e-05,0.00014255412842262483
ID_V4PFS3,1.1157324536342244e-05,1.7913105449803413e-05,2.2121236882602462e-05,1.1157324536342244e-05,1.7913105449803413e-05,2.2121236882602462e-05
ID_7SSXA0,1.3433506220220095e-05,0.0001457944234049961,0.00020414888245862353,1.3433506220220095e-05,0.0001457944234049961,0.00020414888245862353
ID_904OMU,1.3433506220220095e-05,0.0001457944234049961,0.00020414888245862353,1.3433506220220095e-05,0.0001457944234049961,0.00020414888245862353
ID_UPD1SQ,1.762793628855477e-05,2.0958815079847842e-05,2.6645744754358966e-05,1.762793628855477e-05,2.0958815079847842e-05,2.6645744754358966e-05
ID_3BE6BK,1.2466459547695594e-05,2.0005686100327755e-05,2.342990957468051e-05,1.2466459547695594e-05,2.0005686100327755e-05,2.342990957468051e-05
ID_ROX1RX,2.044802878135268e-05,0.0001682549478195723,0.00022031407577828964,2.044802878135268e-05,0.0001682549478195723,0.00022031407577828964
ID_HJN7VE,2.044802878135268e-05,0.0001682549478195723,0.00022031407577828964,2.044802878135268e-05,0.0001682549478195723,0.00022031407577828964
ID_HQT8FR,0.0005847462765781839,0.002278321730826734,0.002855158027274467,0.0005847462765781839,0.002278321730826734,0.002855158027274467
ID_IT2HDM,1.5819954530598848e-05,4.0515371760879934e-05,4.4871416986886885e-05,1.5819954530598848e-05,4.0515371760879934e-05,4.4871416986886885e-05
ID_YNKD7B,0.00011478442026731835,0.007200455456270532,0.00720834084707102,0.00011478442026731835,0.007200455456270532,0.00720834084707102
ID_9QKC85,1.762793628855477e-05,2.0958815079847842e-05,2.6645744754358966e-05,1.762793628855477e-05,2.0958815079847842e-05,2.6645744754358966e-05
ID_QO4II7,2.044802878135268e-05,0.0001682549478195723,0.00022031407577828964,2.044802878135268e-05,0.0001682549478195723,0.00022031407577828964
ID_EXZ3UM,1.53792859982541e-05,6.006978570930407e-05,0.00014255412842262483,1.53792859982541e-05,6.006978570930407e-05,0.00014255412842262483
ID_REKC8W,2.9649298211591966e-05,0.0001117260728614786,0.00023398150504668155,2.9649298211591966e-05,0.0001117260728614786,0.00023398150504668155
ID_ATOZFV,1.762793628855477e-05,2.0958815079847842e-05,2.6645744754358966e-05,1.762793628855477e-05,2.0958815079847842e-05,2.6645744754358966e-05
ID_XUPA46,1.3812730457674085e-05,2.01496217032712e-05,2.7769264747873314e-05,1.3812730457674085e-05,2.01496217032712e-05,2.7769264747873314e-05
ID_BTIN8A,1.762793628855477e-05,2.0958815079847842e-05,2.6645744754358966e-05,1.762793628855477e-05,2.0958815079847842e-05,2.6645744754358966e-05
ID_4A8R3V,0.00010148008213234678,0.006744549968697211,0.004674642370899903,0.00010148008213234678,0.006744549968697211,0.004674642370899903
ID_QPZL6F,1.3433506220220095e-05,0.0001457944234049961,0.00020414888245862353,1.3433506220220095e-05,0.0001457944234049961,0.00020414888245862353
ID_45449H,1.3433506220220095e-05,0.0001457944234049961,0.00020414888245862353,1.3433506220220095e-05,0.0001457944234049961,0.00020414888245862353
ID_3QF1JY,1.0474295851160258e-05,1.4640055996593335e-05,1.576623846904889e-05,1.0474295851160258e-05,1.4640055996593335e-05,1.576623846904889e-05
ID_ZO8KHA,1.7002402763739976e-05,4.32639598809485e-05,4.448255532966317e-05,1.7002402763739976e-05,4.32639598809485e-05,4.448255532966317e-05
ID_K9PYT8,2.044802878135268e-05,0.0001682549478195723,0.00022031407577828964,2.044802878135268e-05,0.0001682549478195723,0.00022031407577828964
ID_QI8JG9,0.00010148008213234678,0.006744549968697211,0.004674642370899903,0.00010148008213234678,0.006744549968697211,0.004674642370899903
ID_QQTRMM,2.044802878135268e-05,0.0001682549478195723,0.00022031407577828964,2.044802878135268e-05,0.0001682549478195723,0.00022031407577828964
ID_TH808E,2.9649298211591966e-05,0.0001117260728614786,0.00023398150504668155,2.9649298211591966e-05,0.0001117260728614786,0.00023398150504668155
ID_LMWRAC,2.044802878135268e-05,0.0001682549478195723,0.00022031407577828964,2.044802878135268e-05,0.0001682549478195723,0.00022031407577828964
ID_AW91U7,1.3433506220220095e-05,0.0001457944234049961,0.00020414888245862353,1.3433506220220095e-05,0.0001457944234049961,0.00020414888245862353
ID_G90D2D,0.010926069607692263,0.017583377104889917,0.018735774545608562,0.010926069607692263,0.017583377104889917,0.018735774545608562
ID_RAVU77,1.3387166803772322e-05,2.7046606963186978e-05,2.9735258364823384e-05,1.3387166803772322e-05,2.7046606963186978e-05,2.9735258364823384e-05
ID_61GEC6,0.0005847462765781839,0.002278321730826734,0.002855158027274467,0.0005847462765781839,0.002278321730826734,0.002855158027274467
ID_MVNZ8F,0.00011478442026731835,0.007200455456270532,0.00720834084707102,0.00011478442026731835,0.007200455456270532,0.00720834084707102
ID_1QI418,1.0873513709532936e-05,2.2037973920008198e-05,2.4559937179743095e-05,1.0873513709532936e-05,2.2037973920008198e-05,2.4559937179743095e-05
ID_DQP75D,1.3433506220220095e-05,0.0001457944234049961,0.00020414888245862353,1.3433506220220095e-05,0.0001457944234049961,0.00020414888245862353
ID_TKOQON,1.762793628855477e-05,2.0958815079847842e-05,2.6645744754358966e-05,1.762793628855477e-05,2.0958815079847842e-05,2.6645744754358966e-05
ID_3HTFW1,0.0005060160448025561,0.0021442360198031148,0.002740987886892826,0.0005060160448025561,0.0021442360198031148,0.002740987886892826
ID_8KEJPH,2.044802878135268e-05,0.0001682549478195723,0.00022031407577828964,2.044802878135268e-05,0.0001682549478195723,0.00022031407577828964
ID_J8AEJ1,1.762793628855477e-05,2.0958815079847842e-05,2.6645744754358966e-05,1.762793628855477e-05,2.0958815079847842e-05,2.6645744754358966e-05
ID_ECH1M4,1.3387166803772322e-05,2.7046606963186978e-05,2.9735258364823384e-05,1.3387166803772322e-05,2.7046606963186978e-05,2.9735258364823384e-05
ID_D88GUO,1.3812730457674085e-05,2.01496217032712e-05,2.7769264747873314e-05,1.3812730457674085e-05,2.01496217032712e-05,2.7769264747873314e-05
ID_6U3FDV,1.762793628855477e-05,2.0958815079847842e-05,2.6645744754358966e-05,1.762793628855477e-05,2.0958815079847842e-05,2.6645744754358966e-05
ID_IITBB8,1.762793628855477e-05,2.0958815079847842e-05,2.6645744754358966e-05,1.762793628855477e-05,2.0958815079847842e-05,2.6645744754358966e-05
ID_1NH2JD,1.53792859982541e-05,6.006978570930407e-05,0.00014255412842262483,1.53792859982541e-05,6.006978570930407e-05,0.00014255412842262483
ID_83W49H,1.3433506220220095e-05,0.0001457944234049961,0.00020414888245862353,1.3433506220220095e-05,0.0001457944234049961,0.00020414888245862353
ID_W9M82U,2.9649298211591966e-05,0.0001117260728614786,0.00023398150504668155,2.9649298211591966e-05,0.0001117260728614786,0.00023398150504668155
ID_TJ3MK7,2.044802878135268e-05,0.0001682549478195723,0.00022031407577828964,2.044802878135268e-05,0.0001682549478195723,0.00022031407577828964
ID_45IHF3,1.411122315164878e-05,4.158919963536152e-05,3.252397889576755e-05,1.411122315164878e-05,4.158919963536152e-05,3.252397889576755e-05
ID_W9UTJU,1.3387166803772322e-05,2.7046606963186978e-05,2.9735258364823384e-05,1.3387166803772322e-05,2.7046606963186978e-05,2.9735258364823384e-05
ID_GFQSV3,1.762793628855477e-05,2.0958815079847842e-05,2.6645744754358966e-05,1.762793628855477e-05,2.0958815079847842e-05,2.6645744754358966e-05
ID_G8MQYI,1.5819954530598848e-05,4.0515371760879934e-05,4.4871416986886885e-05,1.5819954530598848e-05,4.0515371760879934e-05,4.4871416986886885e-05
ID_K9FWUG,7.636959606268024e-05,0.0061037077557135454,0.005548439891108758,7.636959606268024e-05,0.0061037077557135454,0.005548439891108758
ID_2CCRSP,2.044802878135268e-05,0.0001682549478195723,0.00022031407577828964,2.044802878135268e-05,0.0001682549478195723,0.00022031407577828964
ID_U1ST6M,9.15076741965106e-06,5.403811906465792e-05,0.00013322317749827763,9.15076741965106e-06,5.403811906465792e-05,0.00013322317749827763
ID_BIBW8E,2.044802878135268e-05,0.0001682549478195723,0.00022031407577828964,2.044802878135268e-05,0.0001682549478195723,0.00022031407577828964
ID_G1TRLN,2.9649298211591966e-05,0.0001117260728614786,0.00023398150504668155,2.9649298211591966e-05,0.0001117260728614786,0.00023398150504668155
ID_ZDCCE5,2.044802878135268e-05,0.0001682549478195723,0.00022031407577828964,2.044802878135268e-05,0.0001682549478195723,0.00022031407577828964
ID_GJ1X0Y,1.3755650119689687e-05,4.637404627624007e-05,4.287664929825013e-05,1.3755650119689687e-05,4.637404627624007e-05,4.287664929825013e-05
ID_6R8K2I,1.5819954530598848e-05,4.0515371760879934e-05,4.4871416986886885e-05,1.5819954530598848e-05,4.0515371760879934e-05,4.4871416986886885e-05
ID_SB5WMN,1.3812730457674085e-05,2.01496217032712e-05,2.7769264747873314e-05,1.3812730457674085e-05,2.01496217032712e-05,2.7769264747873314e-05
ID_IDNZZO,1.3387166803772322e-05,2.7046606963186978e-05,2.9735258364823384e-05,1.3387166803772322e-05,2.7046606963186978e-05,2.9735258364823384e-05
ID_1QOW1W,1.762793628855477e-05,2.0958815079847842e-05,2.6645744754358966e-05,1.762793628855477e-05,2.0958815079847842e-05,2.6645744754358966e-05
ID_8WP8VX,0.00010148008213234678,0.006744549968697211,0.004674642370899903,0.00010148008213234678,0.006744549968697211,0.004674642370899903
ID_XELVEF,1.3387166803772322e-05,2.7046606963186978e-05,2.9735258364823384e-05,1.3387166803772322e-05,2.7046606963186978e-05,2.9735258364823384e-05
ID_54OCQC,0.0019848365358218593,0.004187449145764531,0.009374219209897245,0.0019848365358218593,0.004187449145764531,0.009374219209897245
ID_8PAGNV,0.00013846847582606888,0.00424685241892288,0.004959820436239778,0.00013846847582606888,0.00424685241892288,0.004959820436239778
ID_GYR7IN,3.354123477169315e-05,0.0019734732502044946,0.0017477971036091154,3.354123477169315e-05,0.0019734732502044946,0.0017477971036091154
ID_FLBXIB,0.0019848365358218593,0.004187449145764531,0.009374219209897245,0.0019848365358218593,0.004187449145764531,0.009374219209897245
ID_5VQXP0,0.0004740162541641551,0.004885471490588455,0.006450691100229061,0.0004740162541641551,0.004885471490588455,0.006450691100229061
ID_C85QWY,0.031158800858550717,0.023912646054993745,0.02612778185965447,0.031158800858550717,0.023912646054993745,0.02612778185965447
ID_HMDPWN,0.00018526111923992256,0.00028300390956416204,0.0007895201566979522,0.00018526111923992256,0.00028300390956416204,0.0007895201566979522
ID_S213JS,3.75962373178878e-05,0.0003554492828981394,0.0004954965505374684,3.75962373178878e-05,0.0003554492828981394,0.0004954965505374684
ID_JJB0N9,0.031158800858550717,0.023912646054993745,0.02612778185965447,0.031158800858550717,0.023912646054993745,0.02612778185965447
ID_JI09Z4,0.00018526111923992256,0.00028300390956416204,0.0007895201566979522,0.00018526111923992256,0.00028300390956416204,0.0007895201566979522
ID_XQD518,0.00040375714232146985,0.0004054990034132854,0.0006548070035727253,0.00040375714232146985,0.0004054990034132854,0.0006548070035727253
ID_6WA8X2,2.6003651805317126e-05,0.00028301922155357737,0.00033952532561154285,2.6003651805317126e-05,0.00028301922155357737,0.00033952532561154285
ID_LV4Z3X,4.735301059066712e-05,0.00040577608146394084,0.00045209802219295495,4.735301059066712e-05,0.00040577608146394084,0.00045209802219295495
ID_HG6O68,3.75962373178878e-05,0.0003554492828981394,0.0004954965505374684,3.75962373178878e-05,0.0003554492828981394,0.0004954965505374684
ID_U5R2MX,0.00027619767972768375,0.0003671604557145225,0.0004922177522270614,0.00027619767972768375,0.0003671604557145225,0.0004922177522270614
ID_P91KWI,0.00040375714232146985,0.0004054990034132854,0.0006548070035727253,0.00040375714232146985,0.0004054990034132854,0.0006548070035727253
ID_1LR5GS,0.00018526111923992256,0.00028300390956416204,0.0007895201566979522,0.00018526111923992256,0.00028300390956416204,0.0007895201566979522
ID_4V99R0,0.00040375714232146985,0.0004054990034132854,0.0006548070035727253,0.00040375714232146985,0.0004054990034132854,0.0006548070035727253
ID_K7VOHK,0.09208911250244793,0.10036739003386459,0.11839101492246282,0.09208911250244793,0.10036739003386459,0.11839101492246282
ID_CW7BS0,0.00040375714232146985,0.0004054990034132854,0.0006548070035727253,0.00040375714232146985,0.0004054990034132854,0.0006548070035727253
ID_AFAB4R,0.00022435062551649662,0.00044408578234153806,0.0006038052255608031,0.00022435062551649662,0.00044408578234153806,0.0006038052255608031
ID_78AWWK,8.385120207296567e-05,6.5213121569493e-05,0.00013325626760711296,8.385120207296567e-05,6.5213121569493e-05,0.00013325626760711296
ID_STJEV5,5.555618682951817e-05,5.951700600203358e-05,0.00010434222962120722,5.555618682951817e-05,5.951700600203358e-05,0.00010434222962120722
ID_SNEFWM,0.00040375714232146985,0.0004054990034132854,0.0006548070035727253,0.00040375714232146985,0.0004054990034132854,0.0006548070035727253
ID_1Z5H24,4.251133522232546e-05,3.669553930884723e-05,9.167800193251723e-05,4.251133522232546e-05,3.669553930884723e-05,9.167800193251723e-05
ID_5Y7E9L,0.00040375714232146985,0.0004054990034132854,0.0006548070035727253,0.00040375714232146985,0.0004054990034132854,0.0006548070035727253
ID_SQPD1Y,1.890204080568499e-05,0.0002899055968898211,0.0003226876328547405,1.890204080568499e-05,0.0002899055968898211,0.0003226876328547405
ID_QGJOBR,0.00018526111923992256,0.00028300390956416204,0.0007895201566979522,0.00018526111923992256,0.00028300390956416204,0.0007895201566979522
ID_FK332O,0.00040375714232146985,0.0004054990034132854,0.0006548070035727253,0.00040375714232146985,0.0004054990034132854,0.0006548070035727253
ID_W4K932,8.385120207296567e-05,6.5213121569493e-05,0.00013325626760711296,8.385120207296567e-05,6.5213121569493e-05,0.00013325626760711296
ID_5C4970,0.00040375714232146985,0.0004054990034132854,0.0006548070035727253,0.00040375714232146985,0.0004054990034132854,0.0006548070035727253
ID_0QG01H,0.00040375714232146985,0.0004054990034132854,0.0006548070035727253,0.00040375714232146985,0.0004054990034132854,0.0006548070035727253
ID_E1URRC,0.00040375714232146985,0.0004054990034132854,0.0006548070035727253,0.00040375714232146985,0.0004054990034132854,0.0006548070035727253
ID_ND44I5,0.00018526111923992256,0.00028300390956416204,0.0007895201566979522,0.00018526111923992256,0.00028300390956416204,0.0007895201566979522
ID_MOKPZ9,9.807161704584865e-05,0.0002470977659398409,0.0003263384240715094,9.807161704584865e-05,0.0002470977659398409,0.0003263384240715094
ID_YKQU0Q,2.6003651805317126e-05,0.00028301922155357737,0.00033952532561154285,2.6003651805317126e-05,0.00028301922155357737,0.00033952532561154285
ID_20X7IL,2.6003651805317126e-05,0.00028301922155357737,0.00033952532561154285,2.6003651805317126e-05,0.00028301922155357737,0.00033952532561154285
ID_XNR8IL,0.00040375714232146985,0.0004054990034132854,0.0006548070035727253,0.00040375714232146985,0.0004054990034132854,0.0006548070035727253
ID_PKK3GF,0.00018526111923992256,0.00028300390956416204,0.0007895201566979522,0.00018526111923992256,0.00028300390956416204,0.0007895201566979522
ID_L8XKD7,2.6003651805317126e-05,0.00028301922155357737,0.00033952532561154285,2.6003651805317126e-05,0.00028301922155357737,0.00033952532561154285
ID_W6BRD9,9.807161704584865e-05,0.0002470977659398409,0.0003263384240715094,9.807161704584865e-05,0.0002470977659398409,0.0003263384240715094
ID_YR9NYE,2.6003651805317126e-05,0.00028301922155357737,0.00033952532561154285,2.6003651805317126e-05,0.00028301922155357737,0.00033952532561154285
ID_C9SGUI,0.00040375714232146985,0.0004054990034132854,0.0006548070035727253,0.00040375714232146985,0.0004054990034132854,0.0006548070035727253
ID_MTQKCA,8.385120207296567e-05,6.5213121569493e-05,0.00013325626760711296,8.385120207296567e-05,6.5213121569493e-05,0.00013325626760711296
ID_PVWOIW,0.00013511570146356594,0.0002774571466725057,0.0007207329335431131,0.00013511570146356594,0.0002774571466725057,0.0007207329335431131
ID_QE0PJR,0.00032028130466790945,0.0003636087176341871,0.0005869058526422517,0.00032028130466790945,0.0003636087176341871,0.0005869058526422517
ID_XFDKO4,0.00018526111923992256,0.00028300390956416204,0.0007895201566979522,0.00018526111923992256,0.00028300390956416204,0.0007895201566979522
ID_V3C88O,9.807161704584865e-05,0.0002470977659398409,0.0003263384240715094,9.807161704584865e-05,0.0002470977659398409,0.0003263384240715094
ID_HW2F25,9.687968820005602e-05,0.00020426434613941887,0.0002548950267468733,9.687968820005602e-05,0.00020426434613941887,0.0002548950267468733
ID_02IJBN,9.687968820005602e-05,0.00020426434613941887,0.0002548950267468733,9.687968820005602e-05,0.00020426434613941887,0.0002548950267468733
ID_N3R2G6,0.00018526111923992256,0.00028300390956416204,0.0007895201566979522,0.00018526111923992256,0.00028300390956416204,0.0007895201566979522
ID_MPKREV,0.00018526111923992256,0.00028300390956416204,0.0007895201566979522,0.00018526111923992256,0.00028300390956416204,0.0007895201566979522
ID_4NOKI6,2.6003651805317126e-05,0.00028301922155357737,0.00033952532561154285,2.6003651805317126e-05,0.00028301922155357737,0.00033952532561154285
ID_0UNLYT,0.00027619767972768375,0.0003671604557145225,0.0004922177522270614,0.00027619767972768375,0.0003671604557145225,0.0004922177522270614
ID_TYEL0C,3.75962373178878e-05,0.0003554492828981394,0.0004954965505374684,3.75962373178878e-05,0.0003554492828981394,0.0004954965505374684
ID_FEV7BL,3.75962373178878e-05,0.0003554492828981394,0.0004954965505374684,3.75962373178878e-05,0.0003554492828981394,0.0004954965505374684
ID_X1R31L,2.6003651805317126e-05,0.00028301922155357737,0.00033952532561154285,2.6003651805317126e-05,0.00028301922155357737,0.00033952532561154285
ID_XOOML1,0.00040375714232146985,0.0004054990034132854,0.0006548070035727253,0.00040375714232146985,0.0004054990034132854,0.0006548070035727253
ID_UHO4EX,0.00018526111923992256,0.00028300390956416204,0.0007895201566979522,0.00018526111923992256,0.00028300390956416204,0.0007895201566979522
ID_FREVOR,9.807161704584865e-05,0.0002470977659398409,0.0003263384240715094,9.807161704584865e-05,0.0002470977659398409,0.0003263384240715094
ID_KB7C08,8.385120207296567e-05,6.5213121569493e-05,0.00013325626760711296,8.385120207296567e-05,6.5213121569493e-05,0.00013325626760711296
ID_PTA13J,2.6003651805317126e-05,0.00028301922155357737,0.00033952532561154285,2.6003651805317126e-05,0.00028301922155357737,0.00033952532561154285
ID_PE2XKW,0.00040375714232146985,0.0004054990034132854,0.0006548070035727253,0.00040375714232146985,0.0004054990034132854,0.0006548070035727253
ID_D4AGS1,0.00018526111923992256,0.00028300390956416204,0.0007895201566979522,0.00018526111923992256,0.00028300390956416204,0.0007895201566979522
ID_8NHTDF,0.059524170994235084,0.04896608831138687,0.05236482925302586,0.059524170994235084,0.04896608831138687,0.05236482925302586
ID_HL6L8P,8.385120207296567e-05,6.5213121569493e-05,0.00013325626760711296,8.385120207296567e-05,6.5213121569493e-05,0.00013325626760711296
ID_2LQ63Z,0.00040375714232146985,0.0004054990034132854,0.0006548070035727253,0.00040375714232146985,0.0004054990034132854,0.0006548070035727253
ID_MRS220,0.00040375714232146985,0.0004054990034132854,0.0006548070035727253,0.00040375714232146985,0.0004054990034132854,0.0006548070035727253
ID_ZAG8Y6,0.00040375714232146985,0.0004054990034132854,0.0006548070035727253,0.00040375714232146985,0.0004054990034132854,0.0006548070035727253
ID_F9LA3J,0.009708403043766198,0.010502557719230117,0.011016547315325791,0.009708403043766198,0.010502557719230117,0.011016547315325791
ID_Y9DABF,0.00016506786069048896,0.00013927916596243677,0.0002356616026641187,0.00016506786069048896,0.00013927916596243677,0.0002356616026641187
ID_V3AI5Z,0.046121956955115236,0.025884812169953447,0.02527539703585796,0.046121956955115236,0.025884812169953447,0.02527539703585796
ID_88JV6U,0.0001341129319174974,0.00011270757254971955,0.00017900852317841268,0.0001341129319174974,0.00011270757254971955,0.00017900852317841268
ID_RNX724,0.0001341129319174974,0.00011270757254971955,0.00017900852317841268,0.0001341129319174974,0.00011270757254971955,0.00017900852317841268
ID_HGRAVW,0.0001341129319174974,0.00011270757254971955,0.00017900852317841268,0.0001341129319174974,0.00011270757254971955,0.00017900852317841268
ID_CJRB1K,5.0648216952740116e-05,7.628135700222757e-05,0.00017752095433037739,5.0648216952740116e-05,7.628135700222757e-05,0.00017752095433037739
ID_PTSP80,0.00016506786069048896,0.00013927916596243677,0.0002356616026641187,0.00016506786069048896,0.00013927916596243677,0.0002356616026641187
ID_9EAVDN,0.00016506786069048896,0.00013927916596243677,0.0002356616026641187,0.00016506786069048896,0.00013927916596243677,0.0002356616026641187
ID_YM45P0,5.0648216952740116e-05,7.628135700222757e-05,0.00017752095433037739,5.0648216952740116e-05,7.628135700222757e-05,0.00017752095433037739
ID_01A97D,0.00016506786069048896,0.00013927916596243677,0.0002356616026641187,0.00016506786069048896,0.00013927916596243677,0.0002356616026641187
ID_A1ECJZ,0.0001341129319174974,0.00011270757254971955,0.00017900852317841268,0.0001341129319174974,0.00011270757254971955,0.00017900852317841268
ID_JOQSKL,5.0648216952740116e-05,7.628135700222757e-05,0.00017752095433037739,5.0648216952740116e-05,7.628135700222757e-05,0.00017752095433037739
ID_C5CLUE,0.00016506786069048896,0.00013927916596243677,0.0002356616026641187,0.00016506786069048896,0.00013927916596243677,0.0002356616026641187
ID_0C8KZH,0.0059114058506379965,0.0330751789152689,0.027854244682668373,0.0059114058506379965,0.0330751789152689,0.027854244682668373
ID_YHO3I2,0.00016506786069048896,0.00013927916596243677,0.0002356616026641187,0.00016506786069048896,0.00013927916596243677,0.0002356616026641187
ID_AHK206,0.00017417375720966545,0.00013281263553916112,0.0002136000117916874,0.00017417375720966545,0.00013281263553916112,0.0002136000117916874
ID_ERLXBG,5.060943349008877e-05,9.09212805717601e-05,0.00014227549299893107,5.060943349008877e-05,9.09212805717601e-05,0.00014227549299893107
ID_3HL2C9,4.876292095197962e-05,0.00016125562771925503,0.0002667362442865653,4.876292095197962e-05,0.00016125562771925503,0.0002667362442865653
ID_5VE6UT,0.001705983267229022,0.0017819125566513286,0.0026833473945652828,0.001705983267229022,0.0017819125566513286,0.0026833473945652828
ID_3E2WXH,0.00017417375720966545,0.00013281263553916112,0.0002136000117916874,0.00017417375720966545,0.00013281263553916112,0.0002136000117916874
ID_1BWM6H,0.00017417375720966545,0.00013281263553916112,0.0002136000117916874,0.00017417375720966545,0.00013281263553916112,0.0002136000117916874
ID_NQVDII,0.0004200707087514461,0.0002355989444531009,0.0005160442624748604,0.0004200707087514461,0.0002355989444531009,0.0005160442624748604
ID_9MXZMG,4.876292095197962e-05,0.00016125562771925503,0.0002667362442865653,4.876292095197962e-05,0.00016125562771925503,0.0002667362442865653
ID_LVAH3V,0.0004200707087514461,0.0002355989444531009,0.0005160442624748604,0.0004200707087514461,0.0002355989444531009,0.0005160442624748604
ID_QA38KR,0.00017417375720966545,0.00013281263553916112,0.0002136000117916874,0.00017417375720966545,0.00013281263553916112,0.0002136000117916874
ID_QUPBR5,0.0004200707087514461,0.0002355989444531009,0.0005160442624748604,0.0004200707087514461,0.0002355989444531009,0.0005160442624748604
ID_7DOD5R,4.876292095197962e-05,0.00016125562771925503,0.0002667362442865653,4.876292095197962e-05,0.00016125562771925503,0.0002667362442865653
ID_VNBIPS,4.876292095197962e-05,0.00016125562771925503,0.0002667362442865653,4.876292095197962e-05,0.00016125562771925503,0.0002667362442865653
ID_6P7N3B,0.05970288533134695,0.11371113693048598,0.07396756786125519,0.05970288533134695,0.11371113693048598,0.07396756786125519
ID_ZO2QTR,0.0006975832428881381,0.0005658469077869242,0.0010183949350701326,0.0006975832428881381,0.0005658469077869242,0.0010183949350701326
ID_FYU27B,4.876292095197962e-05,0.00016125562771925503,0.0002667362442865653,4.876292095197962e-05,0.00016125562771925503,0.0002667362442865653
ID_DBX7DS,0.0006975832428881381,0.0005658469077869242,0.0010183949350701326,0.0006975832428881381,0.0005658469077869242,0.0010183949350701326
ID_W5VGS0,4.876292095197962e-05,0.00016125562771925503,0.0002667362442865653,4.876292095197962e-05,0.00016125562771925503,0.0002667362442865653
ID_DF3WU7,4.876292095197962e-05,0.00016125562771925503,0.0002667362442865653,4.876292095197962e-05,0.00016125562771925503,0.0002667362442865653
ID_I2M4VZ,0.00017417375720966545,0.00013281263553916112,0.0002136000117916874,0.00017417375720966545,0.00013281263553916112,0.0002136000117916874
ID_ERFJWP,0.0006975832428881381,0.0005658469077869242,0.0010183949350701326,0.0006975832428881381,0.0005658469077869242,0.0010183949350701326
ID_9P61Y7,0.00011090402792561924,0.00011169436311796242,0.00016273720717391473,0.00011090402792561924,0.00011169436311796242,0.00016273720717391473
ID_BF8224,8.591363041062637e-05,0.00012060846999133443,0.00031748524970640714,8.591363041062637e-05,0.00012060846999133443,0.00031748524970640714
ID_KNHULM,5.060943349008877e-05,9.09212805717601e-05,0.00014227549299893107,5.060943349008877e-05,9.09212805717601e-05,0.00014227549299893107
ID_WZ8Q7B,4.876292095197962e-05,0.00016125562771925503,0.0002667362442865653,4.876292095197962e-05,0.00016125562771925503,0.0002667362442865653
ID_D9GW24,0.0004200707087514461,0.0002355989444531009,0.0005160442624748604,0.0004200707087514461,0.0002355989444531009,0.0005160442624748604
ID_R6P82I,0.05970288533134695,0.11371113693048598,0.07396756786125519,0.05970288533134695,0.11371113693048598,0.07396756786125519
ID_OEPZP1,0.0006975832428881381,0.0005658469077869242,0.0010183949350701326,0.0006975832428881381,0.0005658469077869242,0.0010183949350701326
ID_AWGISG,0.00017417375720966545,0.00013281263553916112,0.0002136000117916874,0.00017417375720966545,0.00013281263553916112,0.0002136000117916874
ID_U5TTSQ,5.060943349008877e-05,9.09212805717601e-05,0.00014227549299893107,5.060943349008877e-05,9.09212805717601e-05,0.00014227549299893107
ID_58G5VW,0.0008630952646032445,0.0007562902618692046,0.0010496742335244092,0.0008630952646032445,0.0007562902618692046,0.0010496742335244092
ID_D53KBD,8.591363041062637e-05,0.00012060846999133443,0.00031748524970640714,8.591363041062637e-05,0.00012060846999133443,0.00031748524970640714
ID_L5XIHQ,5.060943349008877e-05,9.09212805717601e-05,0.00014227549299893107,5.060943349008877e-05,9.09212805717601e-05,0.00014227549299893107
ID_QJGRN9,0.0006975832428881381,0.0005658469077869242,0.0010183949350701326,0.0006975832428881381,0.0005658469077869242,0.0010183949350701326
ID_ANC2EL,0.0016148170502590798,0.0017865536889728167,0.0027847104178854035,0.0016148170502590798,0.0017865536889728167,0.0027847104178854035
ID_UND8Q0,0.0006975832428881381,0.0005658469077869242,0.0010183949350701326,0.0006975832428881381,0.0005658469077869242,0.0010183949350701326
ID_ZAKPQT,0.0006975832428881381,0.0005658469077869242,0.0010183949350701326,0.0006975832428881381,0.0005658469077869242,0.0010183949350701326
ID_V44OGQ,0.0006975832428881381,0.0005658469077869242,0.0010183949350701326,0.0006975832428881381,0.0005658469077869242,0.0010183949350701326
ID_RXMSOV,5.113642922286697e-05,8.746461909943487e-05,0.0001678272805884532,5.113642922286697e-05,8.746461909943487e-05,0.0001678272805884532
ID_RD8R38,5.060943349008877e-05,9.09212805717601e-05,0.00014227549299893107,5.060943349008877e-05,9.09212805717601e-05,0.00014227549299893107
ID_HPEF5S,5.060943349008877e-05,9.09212805717601e-05,0.00014227549299893107,5.060943349008877e-05,9.09212805717601e-05,0.00014227549299893107
ID_NY1UNI,5.060943349008877e-05,9.09212805717601e-05,0.00014227549299893107,5.060943349008877e-05,9.09212805717601e-05,0.00014227549299893107
ID_GS6HXS,0.04352617084853611,0.06215790177898787,0.03732156541303638,0.04352617084853611,0.06215790177898787,0.03732156541303638
ID_CPYKMJ,5.060943349008877e-05,9.09212805717601e-05,0.00014227549299893107,5.060943349008877e-05,9.09212805717601e-05,0.00014227549299893107
ID_V6RK3N,0.0006975832428881381,0.0005658469077869242,0.0010183949350701326,0.0006975832428881381,0.0005658469077869242,0.0010183949350701326
ID_VHNKKG,0.00017417375720966545,0.00013281263553916112,0.0002136000117916874,0.00017417375720966545,0.00013281263553916112,0.0002136000117916874
ID_912IN5,5.060943349008877e-05,9.09212805717601e-05,0.00014227549299893107,5.060943349008877e-05,9.09212805717601e-05,0.00014227549299893107
ID_XJ8UQJ,0.00017417375720966545,0.00013281263553916112,0.0002136000117916874,0.00017417375720966545,0.00013281263553916112,0.0002136000117916874
ID_SLUC5Z,0.0006975832428881381,0.0005658469077869242,0.0010183949350701326,0.0006975832428881381,0.0005658469077869242,0.0010183949350701326
ID_B3GS6V,4.876292095197962e-05,0.00016125562771925503,0.0002667362442865653,4.876292095197962e-05,0.00016125562771925503,0.0002667362442865653
ID_HCZVFD,4.876292095197962e-05,0.00016125562771925503,0.0002667362442865653,4.876292095197962e-05,0.00016125562771925503,0.0002667362442865653
ID_11LXBP,0.0006975832428881381,0.0005658469077869242,0.0010183949350701326,0.0006975832428881381,0.0005658469077869242,0.0010183949350701326
ID_943TOK,8.591363041062637e-05,0.00012060846999133443,0.00031748524970640714,8.591363041062637e-05,0.00012060846999133443,0.00031748524970640714
ID_98OF3U,0.0004200707087514461,0.0002355989444531009,0.0005160442624748604,0.0004200707087514461,0.0002355989444531009,0.0005160442624748604
ID_AIQRMM,0.0006975832428881381,0.0005658469077869242,0.0010183949350701326,0.0006975832428881381,0.0005658469077869242,0.0010183949350701326
ID_8AKZAI,0.05970288533134695,0.11371113693048598,0.07396756786125519,0.05970288533134695,0.11371113693048598,0.07396756786125519
ID_3ERPGD,0.0006975832428881381,0.0005658469077869242,0.0010183949350701326,0.0006975832428881381,0.0005658469077869242,0.0010183949350701326
ID_9N2BZ0,4.876292095197962e-05,0.00016125562771925503,0.0002667362442865653,4.876292095197962e-05,0.00016125562771925503,0.0002667362442865653
ID_ELGE1U,4.876292095197962e-05,0.00016125562771925503,0.0002667362442865653,4.876292095197962e-05,0.00016125562771925503,0.0002667362442865653
ID_NSSWZI,0.0006975832428881381,0.0005658469077869242,0.0010183949350701326,0.0006975832428881381,0.0005658469077869242,0.0010183949350701326
ID_RI54E7,0.0006975832428881381,0.0005658469077869242,0.0010183949350701326,0.0006975832428881381,0.0005658469077869242,0.0010183949350701326
ID_7E6BAM,4.876292095197962e-05,0.00016125562771925503,0.0002667362442865653,4.876292095197962e-05,0.00016125562771925503,0.0002667362442865653
ID_8T01EV,0.00011090402792561924,0.00011169436311796242,0.00016273720717391473,0.00011090402792561924,0.00011169436311796242,0.00016273720717391473
ID_XQNM9U,4.876292095197962e-05,0.00016125562771925503,0.0002667362442865653,4.876292095197962e-05,0.00016125562771925503,0.0002667362442865653
ID_5T9X89,5.060943349008877e-05,9.09212805717601e-05,0.00014227549299893107,5.060943349008877e-05,9.09212805717601e-05,0.00014227549299893107
ID_UNCSDQ,0.00017417375720966545,0.00013281263553916112,0.0002136000117916874,0.00017417375720966545,0.00013281263553916112,0.0002136000117916874
ID_NN5TUZ,0.05970288533134695,0.11371113693048598,0.07396756786125519,0.05970288533134695,0.11371113693048598,0.07396756786125519
ID_VRS6GC,0.04063338512096369,0.07700392650721358,0.05447151064336601,0.04063338512096369,0.07700392650721358,0.05447151064336601
ID_13DMQK,0.0016148170502590798,0.0017865536889728167,0.0027847104178854035,0.0016148170502590798,0.0017865536889728167,0.0027847104178854035
ID_ZP9WX2,5.060943349008877e-05,9.09212805717601e-05,0.00014227549299893107,5.060943349008877e-05,9.09212805717601e-05,0.00014227549299893107
ID_1I109E,4.876292095197962e-05,0.00016125562771925503,0.0002667362442865653,4.876292095197962e-05,0.00016125562771925503,0.0002667362442865653
ID_VSSJY6,5.060943349008877e-05,9.09212805717601e-05,0.00014227549299893107,5.060943349008877e-05,9.09212805717601e-05,0.00014227549299893107
ID_IEMM1P,0.0012649066478386925,0.000986755287158699,0.001347711055206278,0.0012649066478386925,0.000986755287158699,0.001347711055206278
ID_1ZVAM5,0.0008630952646032445,0.0007562902618692046,0.0010496742335244092,0.0008630952646032445,0.0007562902618692046,0.0010496742335244092
ID_YOQAQP,5.060943349008877e-05,9.09212805717601e-05,0.00014227549299893107,5.060943349008877e-05,9.09212805717601e-05,0.00014227549299893107
ID_ZHA6W2,5.113642922286697e-05,8.746461909943487e-05,0.0001678272805884532,5.113642922286697e-05,8.746461909943487e-05,0.0001678272805884532
ID_F3ZEOL,4.876292095197962e-05,0.00016125562771925503,0.0002667362442865653,4.876292095197962e-05,0.00016125562771925503,0.0002667362442865653
ID_4LITIF,4.876292095197962e-05,0.00016125562771925503,0.0002667362442865653,4.876292095197962e-05,0.00016125562771925503,0.0002667362442865653
ID_5ETGVM,0.00108040186937181,0.0015153178035452123,0.0016147792994904535,0.00108040186937181,0.0015153178035452123,0.0016147792994904535
ID_PQC182,0.05970288533134695,0.11371113693048598,0.07396756786125519,0.05970288533134695,0.11371113693048598,0.07396756786125519
ID_CS57AE,0.0006975832428881381,0.0005658469077869242,0.0010183949350701326,0.0006975832428881381,0.0005658469077869242,0.0010183949350701326
ID_9DOYYB,4.876292095197962e-05,0.00016125562771925503,0.0002667362442865653,4.876292095197962e-05,0.00016125562771925503,0.0002667362442865653
ID_3L5YZU,5.060943349008877e-05,9.09212805717601e-05,0.00014227549299893107,5.060943349008877e-05,9.09212805717601e-05,0.00014227549299893107
ID_6XOCO5,0.04063338512096369,0.07700392650721358,0.05447151064336601,0.04063338512096369,0.07700392650721358,0.05447151064336601
ID_9X5DUT,0.00017417375720966545,0.00013281263553916112,0.0002136000117916874,0.00017417375720966545,0.00013281263553916112,0.0002136000117916874
ID_SH20YB,0.001705983267229022,0.0017819125566513286,0.0026833473945652828,0.001705983267229022,0.0017819125566513286,0.0026833473945652828
ID_FHGVV9,0.0006975832428881381,0.0005658469077869242,0.0010183949350701326,0.0006975832428881381,0.0005658469077869242,0.0010183949350701326
ID_L4O697,0.00017417375720966545,0.00013281263553916112,0.0002136000117916874,0.00017417375720966545,0.00013281263553916112,0.0002136000117916874
ID_FC6AVA,0.0012649066478386925,0.000986755287158699,0.001347711055206278,0.0012649066478386925,0.000986755287158699,0.001347711055206278
ID_IX1XZE,0.00017417375720966545,0.00013281263553916112,0.0002136000117916874,0.00017417375720966545,0.00013281263553916112,0.0002136000117916874
ID_WLB3OY,5.060943349008877e-05,9.09212805717601e-05,0.00014227549299893107,5.060943349008877e-05,9.09212805717601e-05,0.00014227549299893107
ID_IVGM81,4.876292095197962e-05,0.00016125562771925503,0.0002667362442865653,4.876292095197962e-05,0.00016125562771925503,0.0002667362442865653
ID_OU57VU,0.04063338512096369,0.07700392650721358,0.05447151064336601,0.04063338512096369,0.07700392650721358,0.05447151064336601
ID_5ESG41,0.00017417375720966545,0.00013281263553916112,0.0002136000117916874,0.00017417375720966545,0.00013281263553916112,0.0002136000117916874
ID_J8UC33,2.252607778653415e-05,2.8234905122894042e-05,4.085157926906357e-05,2.252607778653415e-05,2.8234905122894042e-05,4.085157926906357e-05
ID_RZTGRM,2.7016327471329588e-05,7.420816377667883e-05,0.00019121533831270321,2.7016327471329588e-05,7.420816377667883e-05,0.00019121533831270321
ID_X20N3V,3.643950340438157e-05,3.6298715390995524e-05,5.351871793047488e-05,3.643950340438157e-05,3.6298715390995524e-05,5.351871793047488e-05
ID_FJEDHF,2.6138327282941748e-05,2.6960928833899218e-05,2.6538161982014992e-05,2.6138327282941748e-05,2.6960928833899218e-05,2.6538161982014992e-05
ID_SJE34O,4.359298848611905e-05,7.333329884188129e-05,0.0001317774427151455,4.359298848611905e-05,7.333329884188129e-05,0.0001317774427151455
ID_RZ9Y4F,0.004104589058628504,0.008607686202341957,0.011222143077200071,0.004104589058628504,0.008607686202341957,0.011222143077200071
ID_RS03YH,8.187004009709912e-05,8.36634763872917e-05,0.0001300288042479679,8.187004009709912e-05,8.36634763872917e-05,0.0001300288042479679
ID_T3ZPB4,2.3060269438105276e-05,0.0001954518170991275,0.0003610786170329305,2.3060269438105276e-05,0.0001954518170991275,0.0003610786170329305
ID_BKMKQW,2.3060269438105276e-05,0.0001954518170991275,0.0003610786170329305,2.3060269438105276e-05,0.0001954518170991275,0.0003610786170329305
ID_VR1KM6,0.004104589058628504,0.008607686202341957,0.011222143077200071,0.004104589058628504,0.008607686202341957,0.011222143077200071
ID_SVZ7XA,2.252607778653415e-05,2.8234905122894042e-05,4.085157926906357e-05,2.252607778653415e-05,2.8234905122894042e-05,4.085157926906357e-05
ID_FXZJ9P,2.2146516030345402e-05,2.279987677746961e-05,3.10893652624864e-05,2.2146516030345402e-05,2.279987677746961e-05,3.10893652624864e-05
ID_KNMLWQ,2.2146516030345402e-05,2.279987677746961e-05,3.10893652624864e-05,2.2146516030345402e-05,2.279987677746961e-05,3.10893652624864e-05
ID_IKARHH,2.0378234804070698e-05,3.0076507961903725e-05,4.37641517285305e-05,2.0378234804070698e-05,3.0076507961903725e-05,4.37641517285305e-05
ID_EG3WG1,2.6138327282941748e-05,2.6960928833899218e-05,2.6538161982014992e-05,2.6138327282941748e-05,2.6960928833899218e-05,2.6538161982014992e-05
ID_5YP67S,2.252607778653415e-05,2.8234905122894042e-05,4.085157926906357e-05,2.252607778653415e-05,2.8234905122894042e-05,4.085157926906357e-05
ID_KHCER6,2.6138327282941748e-05,2.6960928833899218e-05,2.6538161982014992e-05,2.6138327282941748e-05,2.6960928833899218e-05,2.6538161982014992e-05
ID_LB1ZVJ,2.252607778653415e-05,2.8234905122894042e-05,4.085157926906357e-05,2.252607778653415e-05,2.8234905122894042e-05,4.085157926906357e-05
ID_HXW1NS,6.541247310580187e-05,8.102671234610951e-05,0.00011981363248941617,6.541247310580187e-05,8.102671234610951e-05,0.00011981363248941617
ID_025265,0.014246523205162653,0.015841176623329248,0.01972652951487678,0.014246523205162653,0.015841176623329248,0.01972652951487678
ID_TUZVTJ,8.74067642247959e-06,1.97237088466821e-05,2.6204348137220127e-05,8.74067642247959e-06,1.97237088466821e-05,2.6204348137220127e-05
ID_8412IY,2.346876200833209e-05,2.703350397157008e-05,2.6207772822822066e-05,2.346876200833209e-05,2.703350397157008e-05,2.6207772822822066e-05
ID_YS28JJ,8.74067642247959e-06,1.97237088466821e-05,2.6204348137220127e-05,8.74067642247959e-06,1.97237088466821e-05,2.6204348137220127e-05
ID_KV57PL,0.014246523205162653,0.015841176623329248,0.01972652951487678,0.014246523205162653,0.015841176623329248,0.01972652951487678
ID_R7MUTH,3.643950340438157e-05,3.6298715390995524e-05,5.351871793047488e-05,3.643950340438157e-05,3.6298715390995524e-05,5.351871793047488e-05
ID_7W8OTR,2.2146516030345402e-05,2.279987677746961e-05,3.10893652624864e-05,2.2146516030345402e-05,2.279987677746961e-05,3.10893652624864e-05
ID_RLR27L,2.3060269438105276e-05,0.0001954518170991275,0.0003610786170329305,2.3060269438105276e-05,0.0001954518170991275,0.0003610786170329305
ID_K810PX,2.2146516030345402e-05,2.279987677746961e-05,3.10893652624864e-05,2.2146516030345402e-05,2.279987677746961e-05,3.10893652624864e-05
ID_IV0V7P,0.0035106911645726253,0.007957379925077826,0.009644332437332107,0.0035106911645726253,0.007957379925077826,0.009644332437332107
ID_JWVELH,2.3060269438105276e-05,0.0001954518170991275,0.0003610786170329305,2.3060269438105276e-05,0.0001954518170991275,0.0003610786170329305
ID_YK437J,2.992445193059195e-05,4.644862651859419e-05,7.801745643680336e-05,2.992445193059195e-05,4.644862651859419e-05,7.801745643680336e-05
ID_M8HQOP,2.3060269438105276e-05,0.0001954518170991275,0.0003610786170329305,2.3060269438105276e-05,0.0001954518170991275,0.0003610786170329305
ID_P53TGF,2.3060269438105276e-05,0.0001954518170991275,0.0003610786170329305,2.3060269438105276e-05,0.0001954518170991275,0.0003610786170329305
ID_0GMSEZ,2.2146516030345402e-05,2.279987677746961e-05,3.10893652624864e-05,2.2146516030345402e-05,2.279987677746961e-05,3.10893652624864e-05
ID_O8GCOX,2.6328851607532942e-05,7.297600811323041e-05,0.00015645819114818192,2.6328851607532942e-05,7.297600811323041e-05,0.00015645819114818192
ID_IZ6LA1,2.7016327471329588e-05,7.420816377667883e-05,0.00019121533831270321,2.7016327471329588e-05,7.420816377667883e-05,0.00019121533831270321
ID_BTYO7S,6.647589826191772e-05,0.00015625950871729622,0.0002269482547702476,6.647589826191772e-05,0.00015625950871729622,0.0002269482547702476
ID_C4SULL,2.992445193059195e-05,4.644862651859419e-05,7.801745643680336e-05,2.992445193059195e-05,4.644862651859419e-05,7.801745643680336e-05
ID_78O60N,0.0009681563260295412,0.0017219136856391408,0.0051806668543095515,0.0009681563260295412,0.0017219136856391408,0.0051806668543095515
ID_5PJW4M,2.2146516030345402e-05,2.279987677746961e-05,3.10893652624864e-05,2.2146516030345402e-05,2.279987677746961e-05,3.10893652624864e-05
ID_QW7JWQ,6.541247310580187e-05,8.102671234610951e-05,0.00011981363248941617,6.541247310580187e-05,8.102671234610951e-05,0.00011981363248941617
ID_6FCK76,4.469438248954212e-05,8.105226340156668e-05,0.00014473905123655516,4.469438248954212e-05,8.105226340156668e-05,0.00014473905123655516
ID_J5T35I,0.004104589058628504,0.008607686202341957,0.011222143077200071,0.004104589058628504,0.008607686202341957,0.011222143077200071
ID_FIKPR0,2.3060269438105276e-05,0.0001954518170991275,0.0003610786170329305,2.3060269438105276e-05,0.0001954518170991275,0.0003610786170329305
ID_U4XVP2,2.7016327471329588e-05,7.420816377667883e-05,0.00019121533831270321,2.7016327471329588e-05,7.420816377667883e-05,0.00019121533831270321
ID_5DLUXE,0.0009681563260295412,0.0017219136856391408,0.0051806668543095515,0.0009681563260295412,0.0017219136856391408,0.0051806668543095515
ID_X86LHN,0.0022249291719725903,0.004035465636859309,0.006955244640538855,0.0022249291719725903,0.004035465636859309,0.006955244640538855
ID_14Q6RD,2.2146516030345402e-05,2.279987677746961e-05,3.10893652624864e-05,2.2146516030345402e-05,2.279987677746961e-05,3.10893652624864e-05
ID_2X0LF9,2.6328851607532942e-05,7.297600811323041e-05,0.00015645819114818192,2.6328851607532942e-05,7.297600811323041e-05,0.00015645819114818192
ID_PZT1O4,2.7016327471329588e-05,7.420816377667883e-05,0.00019121533831270321,2.7016327471329588e-05,7.420816377667883e-05,0.00019121533831270321
ID_T0VXOC,3.7428540068318146e-05,0.0001519577538081828,0.0003204787288441787,3.7428540068318146e-05,0.0001519577538081828,0.0003204787288441787
ID_B8SSFI,2.252607778653415e-05,2.8234905122894042e-05,4.085157926906357e-05,2.252607778653415e-05,2.8234905122894042e-05,4.085157926906357e-05
ID_2P5Y4J,3.643950340438157e-05,3.6298715390995524e-05,5.351871793047488e-05,3.643950340438157e-05,3.6298715390995524e-05,5.351871793047488e-05
ID_X3NJBT,4.25422795867819e-05,5.197682416534106e-05,8.559700851816684e-05,4.25422795867819e-05,5.197682416534106e-05,8.559700851816684e-05
ID_KVD9F9,2.3812320031083328e-05,3.987699686146277e-05,8.474252821024728e-05,2.3812320031083328e-05,3.987699686146277e-05,8.474252821024728e-05
ID_IT07FQ,6.647589826191772e-05,0.00015625950871729622,0.0002269482547702476,6.647589826191772e-05,0.00015625950871729622,0.0002269482547702476
ID_USJ774,2.992445193059195e-05,4.644862651859419e-05,7.801745643680336e-05,2.992445193059195e-05,4.644862651859419e-05,7.801745643680336e-05
ID_88K33G,0.0022249291719725903,0.004035465636859309,0.006955244640538855,0.0022249291719725903,0.004035465636859309,0.006955244640538855
ID_QY83BU,0.000245185649811787,0.0005288073780183701,0.0014332613895304365,0.000245185649811787,0.0005288073780183701,0.0014332613895304365
ID_UF7243,0.014246523205162653,0.015841176623329248,0.01972652951487678,0.014246523205162653,0.015841176623329248,0.01972652951487678
ID_B6RUJE,2.2146516030345402e-05,2.279987677746961e-05,3.10893652624864e-05,2.2146516030345402e-05,2.279987677746961e-05,3.10893652624864e-05
ID_KVI6CR,2.2146516030345402e-05,2.279987677746961e-05,3.10893652624864e-05,2.2146516030345402e-05,2.279987677746961e-05,3.10893652624864e-05
ID_TCPBQ5,2.992445193059195e-05,4.644862651859419e-05,7.801745643680336e-05,2.992445193059195e-05,4.644862651859419e-05,7.801745643680336e-05
ID_0A3D61,3.643950340438157e-05,3.6298715390995524e-05,5.351871793047488e-05,3.643950340438157e-05,3.6298715390995524e-05,5.351871793047488e-05
ID_IUNS0S,2.2146516030345402e-05,2.279987677746961e-05,3.10893652624864e-05,2.2146516030345402e-05,2.279987677746961e-05,3.10893652624864e-05
ID_BAL7PW,2.2146516030345402e-05,2.279987677746961e-05,3.10893652624864e-05,2.2146516030345402e-05,2.279987677746961e-05,3.10893652624864e-05
ID_HIBJMU,2.6328851607532942e-05,7.297600811323041e-05,0.00015645819114818192,2.6328851607532942e-05,7.297600811323041e-05,0.00015645819114818192
ID_YA57G5,0.014246523205162653,0.015841176623329248,0.01972652951487678,0.014246523205162653,0.015841176623329248,0.01972652951487678
ID_TP1FM0,2.992445193059195e-05,4.644862651859419e-05,7.801745643680336e-05,2.992445193059195e-05,4.644862651859419e-05,7.801745643680336e-05
ID_NEHNAT,2.0470870099666747e-05,6.102760354073256e-05,0.0001210368931060859,2.0470870099666747e-05,6.102760354073256e-05,0.0001210368931060859
ID_GJ6EAI,2.2146516030345402e-05,2.279987677746961e-05,3.10893652624864e-05,2.2146516030345402e-05,2.279987677746961e-05,3.10893652624864e-05
ID_0CIEHB,2.346876200833209e-05,2.703350397157008e-05,2.6207772822822066e-05,2.346876200833209e-05,2.703350397157008e-05,2.6207772822822066e-05
ID_7Y89QF,9.039469895862839e-05,9.813148004543073e-05,0.0001534135858891062,9.039469895862839e-05,9.813148004543073e-05,0.0001534135858891062
ID_6T0VAE,1.6419390101365785e-05,2.2375136247742257e-05,2.88836538315812e-05,1.6419390101365785e-05,2.2375136247742257e-05,2.88836538315812e-05
ID_IKW38H,2.6138327282941748e-05,2.6960928833899218e-05,2.6538161982014992e-05,2.6138327282941748e-05,2.6960928833899218e-05,2.6538161982014992e-05
ID_ZML7ZV,0.00014434575551604796,0.00012527030825204766,0.00020399755922043735,0.00014434575551604796,0.00012527030825204766,0.00020399755922043735
ID_5UAGTH,2.6138327282941748e-05,2.6960928833899218e-05,2.6538161982014992e-05,2.6138327282941748e-05,2.6960928833899218e-05,2.6538161982014992e-05
ID_YKM2IB,3.643950340438157e-05,3.6298715390995524e-05,5.351871793047488e-05,3.643950340438157e-05,3.6298715390995524e-05,5.351871793047488e-05
ID_RNJTWY,2.992445193059195e-05,4.644862651859419e-05,7.801745643680336e-05,2.992445193059195e-05,4.644862651859419e-05,7.801745643680336e-05
ID_A33GZ8,2.2146516030345402e-05,2.279987677746961e-05,3.10893652624864e-05,2.2146516030345402e-05,2.279987677746961e-05,3.10893652624864e-05
ID_LO3Q82,4.25422795867819e-05,5.197682416534106e-05,8.559700851816684e-05,4.25422795867819e-05,5.197682416534106e-05,8.559700851816684e-05
ID_1QHERL,2.3060269438105276e-05,0.0001954518170991275,0.0003610786170329305,2.3060269438105276e-05,0.0001954518170991275,0.0003610786170329305
ID_LG9GE0,2.2146516030345402e-05,2.279987677746961e-05,3.10893652624864e-05,2.2146516030345402e-05,2.279987677746961e-05,3.10893652624864e-05
ID_VNZ3QZ,7.35974175583188e-05,0.00016190762480042674,0.000181470590944754,7.35974175583188e-05,0.00016190762480042674,0.000181470590944754
ID_LIDJSX,2.2146516030345402e-05,2.279987677746961e-05,3.10893652624864e-05,2.2146516030345402e-05,2.279987677746961e-05,3.10893652624864e-05
ID_KNMCFG,2.2146516030345402e-05,2.279987677746961e-05,3.10893652624864e-05,2.2146516030345402e-05,2.279987677746961e-05,3.10893652624864e-05
ID_GG3PR8,0.0022249291719725903,0.004035465636859309,0.006955244640538855,0.0022249291719725903,0.004035465636859309,0.006955244640538855
ID_5NP8O2,4.469438248954212e-05,8.105226340156668e-05,0.00014473905123655516,4.469438248954212e-05,8.105226340156668e-05,0.00014473905123655516
ID_RGOMLT,0.000245185649811787,0.0005288073780183701,0.0014332613895304365,0.000245185649811787,0.0005288073780183701,0.0014332613895304365
ID_P5VG1W,4.469438248954212e-05,8.105226340156668e-05,0.00014473905123655516,4.469438248954212e-05,8.105226340156668e-05,0.00014473905123655516
ID_0MM662,2.2146516030345402e-05,2.279987677746961e-05,3.10893652624864e-05,2.2146516030345402e-05,2.279987677746961e-05,3.10893652624864e-05
ID_J5Y7PU,2.992445193059195e-05,4.644862651859419e-05,7.801745643680336e-05,2.992445193059195e-05,4.644862651859419e-05,7.801745643680336e-05
ID_ZEHDY0,0.004104589058628504,0.008607686202341957,0.011222143077200071,0.004104589058628504,0.008607686202341957,0.011222143077200071
ID_RIZO46,2.6138327282941748e-05,2.6960928833899218e-05,2.6538161982014992e-05,2.6138327282941748e-05,2.6960928833899218e-05,2.6538161982014992e-05
ID_QSKCAZ,2.2146516030345402e-05,2.279987677746961e-05,3.10893652624864e-05,2.2146516030345402e-05,2.279987677746961e-05,3.10893652624864e-05
ID_JKMK9T,2.3060269438105276e-05,0.0001954518170991275,0.0003610786170329305,2.3060269438105276e-05,0.0001954518170991275,0.0003610786170329305
ID_3C2BK1,2.2146516030345402e-05,2.279987677746961e-05,3.10893652624864e-05,2.2146516030345402e-05,2.279987677746961e-05,3.10893652624864e-05
ID_86AMRV,2.2146516030345402e-05,2.279987677746961e-05,3.10893652624864e-05,2.2146516030345402e-05,2.279987677746961e-05,3.10893652624864e-05
ID_KKMWCT,2.252607778653415e-05,2.8234905122894042e-05,4.085157926906357e-05,2.252607778653415e-05,2.8234905122894042e-05,4.085157926906357e-05
ID_KFTO2Q,2.2146516030345402e-05,2.279987677746961e-05,3.10893652624864e-05,2.2146516030345402e-05,2.279987677746961e-05,3.10893652624864e-05
ID_C9EOF9,2.2146516030345402e-05,2.279987677746961e-05,3.10893652624864e-05,2.2146516030345402e-05,2.279987677746961e-05,3.10893652624864e-05
ID_VCCV99,2.2146516030345402e-05,2.279987677746961e-05,3.10893652624864e-05,2.2146516030345402e-05,2.279987677746961e-05,3.10893652624864e-05
ID_11L375,2.2146516030345402e-05,2.279987677746961e-05,3.10893652624864e-05,2.2146516030345402e-05,2.279987677746961e-05,3.10893652624864e-05
ID_Z0ZX8Q,2.7354553293513324e-05,3.792480749429432e-05,5.12347335569822e-05,2.7354553293513324e-05,3.792480749429432e-05,5.12347335569822e-05
ID_0XYW8F,2.2146516030345402e-05,2.279987677746961e-05,3.10893652624864e-05,2.2146516030345402e-05,2.279987677746961e-05,3.10893652624864e-05
ID_0221N3,2.2146516030345402e-05,2.279987677746961e-05,3.10893652624864e-05,2.2146516030345402e-05,2.279987677746961e-05,3.10893652624864e-05
ID_X5LN7Q,6.431431082063913e-05,0.0001802626789259229,0.0002595553047022343,6.431431082063913e-05,0.0001802626789259229,0.0002595553047022343
ID_TN8FUY,6.541247310580187e-05,8.102671234610951e-05,0.00011981363248941617,6.541247310580187e-05,8.102671234610951e-05,0.00011981363248941617
ID_3S3Q6C,2.3812320031083328e-05,3.987699686146277e-05,8.474252821024728e-05,2.3812320031083328e-05,3.987699686146277e-05,8.474252821024728e-05
ID_TQK7PN,2.7016327471329588e-05,7.420816377667883e-05,0.00019121533831270321,2.7016327471329588e-05,7.420816377667883e-05,0.00019121533831270321
ID_026QJO,3.643950340438157e-05,3.6298715390995524e-05,5.351871793047488e-05,3.643950340438157e-05,3.6298715390995524e-05,5.351871793047488e-05
ID_GI6XEF,2.2146516030345402e-05,2.279987677746961e-05,3.10893652624864e-05,2.2146516030345402e-05,2.279987677746961e-05,3.10893652624864e-05
ID_KQKFQH,4.359298848611905e-05,7.333329884188129e-05,0.0001317774427151455,4.359298848611905e-05,7.333329884188129e-05,0.0001317774427151455
ID_569S5F,2.2146516030345402e-05,2.279987677746961e-05,3.10893652624864e-05,2.2146516030345402e-05,2.279987677746961e-05,3.10893652624864e-05
ID_087YXO,2.2146516030345402e-05,2.279987677746961e-05,3.10893652624864e-05,2.2146516030345402e-05,2.279987677746961e-05,3.10893652624864e-05
ID_GHFIYF,4.304614506655746e-05,0.00014864596146294044,0.0002531732739472101,4.304614506655746e-05,0.00014864596146294044,0.0002531732739472101
ID_M2VJSV,3.643950340438157e-05,3.6298715390995524e-05,5.351871793047488e-05,3.643950340438157e-05,3.6298715390995524e-05,5.351871793047488e-05
ID_J41EOZ,1.0081971431820304e-05,1.888515693699591e-05,2.47304077083483e-05,1.0081971431820304e-05,1.888515693699591e-05,2.47304077083483e-05
ID_L9AYVK,2.252607778653415e-05,2.8234905122894042e-05,4.085157926906357e-05,2.252607778653415e-05,2.8234905122894042e-05,4.085157926906357e-05
ID_7LRO3G,2.2146516030345402e-05,2.279987677746961e-05,3.10893652624864e-05,2.2146516030345402e-05,2.279987677746961e-05,3.10893652624864e-05
ID_6FXFJ0,0.014246523205162653,0.015841176623329248,0.01972652951487678,0.014246523205162653,0.015841176623329248,0.01972652951487678
ID_99UIDN,0.17233736064823602,0.18347481690544426,0.2238751330969906,0.17233736064823602,0.18347481690544426,0.2238751330969906
ID_9ZXQCO,0.0301555427295509,0.04245461486662143,0.06557658285791591,0.0301555427295509,0.04245461486662143,0.06557658285791591
ID_KEVQ52,0.0002241566090606055,5.576831978609169e-05,6.118656769840786e-05,0.0002241566090606055,5.576831978609169e-05,6.118656769840786e-05
ID_4OHGZ7,0.04521166816614325,0.04498720290049074,0.08130202161358961,0.04521166816614325,0.04498720290049074,0.08130202161358961
ID_BTUU06,0.04521166816614325,0.04498720290049074,0.08130202161358961,0.04521166816614325,0.04498720290049074,0.08130202161358961
ID_G7Z3UK,2.7962803451710024e-05,4.995740820844328e-05,4.651955011441336e-05,2.7962803451710024e-05,4.995740820844328e-05,4.651955011441336e-05
ID_E5C3ZB,0.039371675862017945,0.08356629538682345,0.1273777677120343,0.039371675862017945,0.08356629538682345,0.1273777677120343
ID_EPH6A9,0.055924345380160466,0.07398092272209832,0.1156417343172101,0.055924345380160466,0.07398092272209832,0.1156417343172101
ID_Z0SOKW,0.0038554421298622058,0.01173597423338813,0.018358270609823042,0.0038554421298622058,0.01173597423338813,0.018358270609823042
ID_WNJ45A,0.00156795325197271,0.08910457382936184,0.09669852292957606,0.00156795325197271,0.08910457382936184,0.09669852292957606
ID_4E33DR,0.005704248240443183,0.01626601498969841,0.018721788794103904,0.005704248240443183,0.01626601498969841,0.018721788794103904
ID_NHY4V0,0.014086390570989302,0.027880291092480906,0.046053174742981526,0.014086390570989302,0.027880291092480906,0.046053174742981526
ID_NNBK1Y,0.06640879781606526,0.04718348001134545,0.07584262391589884,0.06640879781606526,0.04718348001134545,0.07584262391589884
ID_CV1BRR,0.04804399466482895,0.15853403067480107,0.2528466715273864,0.04804399466482895,0.15853403067480107,0.2528466715273864
ID_X70RUE,3.5712459396778864e-05,6.083357289091147e-05,4.733239389790722e-05,3.5712459396778864e-05,6.083357289091147e-05,4.733239389790722e-05
ID_ZYKJPD,0.35710458214745977,0.23052118236804411,0.2737157912591325,0.35710458214745977,0.23052118236804411,0.2737157912591325
ID_RFKV4T,0.0346459582641437,0.14457361121662965,0.16607373022436897,0.0346459582641437,0.14457361121662965,0.16607373022436897
ID_46V35V,0.00937407601778369,0.013585834692011762,0.02098812028946008,0.00937407601778369,0.013585834692011762,0.02098812028946008
ID_HXFJXO,0.0024155116414604936,0.07935680232437303,0.14665412133277794,0.0024155116414604936,0.07935680232437303,0.14665412133277794
ID_766C2X,0.06640879781606526,0.04718348001134545,0.07584262391589884,0.06640879781606526,0.04718348001134545,0.07584262391589884
ID_B522KP,0.6831159299682583,0.6489785880717591,0.6400523294685431,0.6831159299682583,0.6489785880717591,0.6400523294685431
ID_NNZRQ5,5.333097618549677e-05,0.00010299517574325513,0.00035513885590235416,5.333097618549677e-05,0.00010299517574325513,0.00035513885590235416
ID_6REZPV,5.383239404602748e-05,0.0001379696630956448,0.0004866732412062918,5.383239404602748e-05,0.0001379696630956448,0.0004866732412062918
ID_0B522U,0.0004518519235929334,0.0007513611159619505,0.017676041084151967,0.0004518519235929334,0.0007513611159619505,0.017676041084151967
ID_YDE5FQ,1.5292159055766257e-05,2.2390600514504125e-05,3.5753409835431706e-05,1.5292159055766257e-05,2.2390600514504125e-05,3.5753409835431706e-05
ID_QPQC3A,3.301540427519701e-05,8.622822629357287e-05,0.00020594872767753497,3.301540427519701e-05,8.622822629357287e-05,0.00020594872767753497
ID_QFC5OG,5.333097618549677e-05,0.00010299517574325513,0.00035513885590235416,5.333097618549677e-05,0.00010299517574325513,0.00035513885590235416
ID_RDR60H,0.0018654048549440639,0.011506291131900895,0.13657755880812117,0.0018654048549440639,0.011506291131900895,0.13657755880812117
ID_MIR1LK,5.333097618549677e-05,0.00010299517574325513,0.00035513885590235416,5.333097618549677e-05,0.00010299517574325513,0.00035513885590235416
ID_I3HT44,3.750511684708462e-05,0.00011494307780912985,0.0002403171564067684,3.750511684708462e-05,0.00011494307780912985,0.0002403171564067684
ID_OUCMMB,0.0018654048549440639,0.011506291131900895,0.13657755880812117,0.0018654048549440639,0.011506291131900895,0.13657755880812117
ID_K1OC1B,5.333097618549677e-05,0.00010299517574325513,0.00035513885590235416,5.333097618549677e-05,0.00010299517574325513,0.00035513885590235416
ID_KZ62H4,3.0078155421950994e-05,7.55892194732201e-05,0.00013947094548988524,3.0078155421950994e-05,7.55892194732201e-05,0.00013947094548988524
ID_UMT74G,0.0004518519235929334,0.0007513611159619505,0.017676041084151967,0.0004518519235929334,0.0007513611159619505,0.017676041084151967
ID_N8VDI6,5.383239404602748e-05,0.0001379696630956448,0.0004866732412062918,5.383239404602748e-05,0.0001379696630956448,0.0004866732412062918
ID_E2CZGL,0.00012852397896029818,0.0002288491818767116,0.00028348917496188406,0.00012852397896029818,0.0002288491818767116,0.00028348917496188406
ID_WFD1TM,5.333097618549677e-05,0.00010299517574325513,0.00035513885590235416,5.333097618549677e-05,0.00010299517574325513,0.00035513885590235416
ID_RNAW7W,7.708956365659895e-05,0.00011750743069596722,0.00048464722885208555,7.708956365659895e-05,0.00011750743069596722,0.00048464722885208555
ID_BD754O,4.532881476335945e-05,0.00014564814664631782,0.0002786047922571249,4.532881476335945e-05,0.00014564814664631782,0.0002786047922571249
ID_HAG65N,3.301540427519701e-05,8.622822629357287e-05,0.00020594872767753497,3.301540427519701e-05,8.622822629357287e-05,0.00020594872767753497
ID_92CEAO,0.0008298278620631798,0.0019196796398989386,0.03419111565480458,0.0008298278620631798,0.0019196796398989386,0.03419111565480458
ID_MO5XSX,4.532881476335945e-05,0.00014564814664631782,0.0002786047922571249,4.532881476335945e-05,0.00014564814664631782,0.0002786047922571249
ID_WDQMGW,0.00012852397896029818,0.0002288491818767116,0.00028348917496188406,0.00012852397896029818,0.0002288491818767116,0.00028348917496188406
ID_NCVJVG,0.00012852397896029818,0.0002288491818767116,0.00028348917496188406,0.00012852397896029818,0.0002288491818767116,0.00028348917496188406
ID_SE5AT9,0.00207953238620444,0.015212706145415342,0.050915527406300676,0.00207953238620444,0.015212706145415342,0.050915527406300676
ID_452A1U,3.301540427519701e-05,8.622822629357287e-05,0.00020594872767753497,3.301540427519701e-05,8.622822629357287e-05,0.00020594872767753497
ID_WY389E,0.0004518519235929334,0.0007513611159619505,0.017676041084151967,0.0004518519235929334,0.0007513611159619505,0.017676041084151967
ID_Z5G2VW,0.0004518519235929334,0.0007513611159619505,0.017676041084151967,0.0004518519235929334,0.0007513611159619505,0.017676041084151967
ID_8QW09D,0.000554567208121971,0.0010942623561878153,0.014261882631770851,0.000554567208121971,0.0010942623561878153,0.014261882631770851
ID_9W65RB,5.333097618549677e-05,0.00010299517574325513,0.00035513885590235416,5.333097618549677e-05,0.00010299517574325513,0.00035513885590235416
ID_IAR1TC,0.0018654048549440639,0.011506291131900895,0.13657755880812117,0.0018654048549440639,0.011506291131900895,0.13657755880812117
ID_2PVFDX,5.383239404602748e-05,0.0001379696630956448,0.0004866732412062918,5.383239404602748e-05,0.0001379696630956448,0.0004866732412062918
ID_T5TMGO,0.0018654048549440639,0.011506291131900895,0.13657755880812117,0.0018654048549440639,0.011506291131900895,0.13657755880812117
ID_IIJINI,0.0004518519235929334,0.0007513611159619505,0.017676041084151967,0.0004518519235929334,0.0007513611159619505,0.017676041084151967
ID_JYRV1A,0.0004518519235929334,0.0007513611159619505,0.017676041084151967,0.0004518519235929334,0.0007513611159619505,0.017676041084151967
ID_BRIWDT,0.0004518519235929334,0.0007513611159619505,0.017676041084151967,0.0004518519235929334,0.0007513611159619505,0.017676041084151967
ID_KVYYM5,3.301540427519701e-05,8.622822629357287e-05,0.00020594872767753497,3.301540427519701e-05,8.622822629357287e-05,0.00020594872767753497
ID_FMLX4W,1.6418912279201093e-05,2.7586788081086154e-05,4.411361655138206e-05,1.6418912279201093e-05,2.7586788081086154e-05,4.411361655138206e-05
ID_UX47K8,4.532881476335945e-05,0.00014564814664631782,0.0002786047922571249,4.532881476335945e-05,0.00014564814664631782,0.0002786047922571249
ID_QRS3Q0,7.708956365659895e-05,0.00011750743069596722,0.00048464722885208555,7.708956365659895e-05,0.00011750743069596722,0.00048464722885208555
ID_UU46AR,4.532881476335945e-05,0.00014564814664631782,0.0002786047922571249,4.532881476335945e-05,0.00014564814664631782,0.0002786047922571249
ID_FVZ6BG,4.532881476335945e-05,0.00014564814664631782,0.0002786047922571249,4.532881476335945e-05,0.00014564814664631782,0.0002786047922571249
ID_APXA0T,5.383239404602748e-05,0.0001379696630956448,0.0004866732412062918,5.383239404602748e-05,0.0001379696630956448,0.0004866732412062918
ID_JAUDVH,7.708956365659895e-05,0.00011750743069596722,0.00048464722885208555,7.708956365659895e-05,0.00011750743069596722,0.00048464722885208555
ID_78D5FE,0.0004518519235929334,0.0007513611159619505,0.017676041084151967,0.0004518519235929334,0.0007513611159619505,0.017676041084151967
ID_ZEPE89,7.708956365659895e-05,0.00011750743069596722,0.00048464722885208555,7.708956365659895e-05,0.00011750743069596722,0.00048464722885208555
ID_EGC3FR,0.0004518519235929334,0.0007513611159619505,0.017676041084151967,0.0004518519235929334,0.0007513611159619505,0.017676041084151967
ID_5VF785,0.0007381159934264977,0.00217435268162361,0.028136738999122217,0.0007381159934264977,0.00217435268162361,0.028136738999122217
ID_AFNCWF,5.383239404602748e-05,0.0001379696630956448,0.0004866732412062918,5.383239404602748e-05,0.0001379696630956448,0.0004866732412062918
ID_NO738V,5.383239404602748e-05,0.0001379696630956448,0.0004866732412062918,5.383239404602748e-05,0.0001379696630956448,0.0004866732412062918
ID_T24610,4.532881476335945e-05,0.00014564814664631782,0.0002786047922571249,4.532881476335945e-05,0.00014564814664631782,0.0002786047922571249
ID_B6UXCI,0.021363732599585013,0.0873965405480424,0.0501651797466383,0.021363732599585013,0.0873965405480424,0.0501651797466383
ID_G17P84,0.000554567208121971,0.0010942623561878153,0.014261882631770851,0.000554567208121971,0.0010942623561878153,0.014261882631770851
ID_I8PCQM,0.0004518519235929334,0.0007513611159619505,0.017676041084151967,0.0004518519235929334,0.0007513611159619505,0.017676041084151967
ID_LK2JX0,4.532881476335945e-05,0.00014564814664631782,0.0002786047922571249,4.532881476335945e-05,0.00014564814664631782,0.0002786047922571249
ID_A2QCM8,0.000554567208121971,0.0010942623561878153,0.014261882631770851,0.000554567208121971,0.0010942623561878153,0.014261882631770851
ID_B7QGQV,0.0004518519235929334,0.0007513611159619505,0.017676041084151967,0.0004518519235929334,0.0007513611159619505,0.017676041084151967
ID_NX6J76,3.301540427519701e-05,8.622822629357287e-05,0.00020594872767753497,3.301540427519701e-05,8.622822629357287e-05,0.00020594872767753497
ID_2L8F6L,0.001274208317438853,0.0019957329560811106,0.04167814487102868,0.001274208317438853,0.0019957329560811106,0.04167814487102868
ID_RNO3VS,3.301540427519701e-05,8.622822629357287e-05,0.00020594872767753497,3.301540427519701e-05,8.622822629357287e-05,0.00020594872767753497
ID_WNRVPK,5.383239404602748e-05,0.0001379696630956448,0.0004866732412062918,5.383239404602748e-05,0.0001379696630956448,0.0004866732412062918
ID_R6NB1B,0.000554567208121971,0.0010942623561878153,0.014261882631770851,0.000554567208121971,0.0010942623561878153,0.014261882631770851
ID_64SW9F,8.745881222344034e-05,0.00014438057773866647,0.00017047631123688246,8.745881222344034e-05,0.00014438057773866647,0.00017047631123688246
ID_4GDTVN,3.301540427519701e-05,8.622822629357287e-05,0.00020594872767753497,3.301540427519701e-05,8.622822629357287e-05,0.00020594872767753497
ID_TDEU9C,0.001274208317438853,0.0019957329560811106,0.04167814487102868,0.001274208317438853,0.0019957329560811106,0.04167814487102868
ID_SJVVC9,5.333097618549677e-05,0.00010299517574325513,0.00035513885590235416,5.333097618549677e-05,0.00010299517574325513,0.00035513885590235416
ID_25Z5FR,3.301540427519701e-05,8.622822629357287e-05,0.00020594872767753497,3.301540427519701e-05,8.622822629357287e-05,0.00020594872767753497
ID_L34AJW,5.383239404602748e-05,0.0001379696630956448,0.0004866732412062918,5.383239404602748e-05,0.0001379696630956448,0.0004866732412062918
ID_ZOSYAP,0.0004518519235929334,0.0007513611159619505,0.017676041084151967,0.0004518519235929334,0.0007513611159619505,0.017676041084151967
ID_CI0346,4.532881476335945e-05,0.00014564814664631782,0.0002786047922571249,4.532881476335945e-05,0.00014564814664631782,0.0002786047922571249
ID_VGEYOE,3.301540427519701e-05,8.622822629357287e-05,0.00020594872767753497,3.301540427519701e-05,8.622822629357287e-05,0.00020594872767753497
ID_O9X1LL,5.333097618549677e-05,0.00010299517574325513,0.00035513885590235416,5.333097618549677e-05,0.00010299517574325513,0.00035513885590235416
ID_M5NPEN,0.0004518519235929334,0.0007513611159619505,0.017676041084151967,0.0004518519235929334,0.0007513611159619505,0.017676041084151967
ID_YD2GMW,8.745881222344034e-05,0.00014438057773866647,0.00017047631123688246,8.745881222344034e-05,0.00014438057773866647,0.00017047631123688246
ID_ETCHDH,3.301540427519701e-05,8.622822629357287e-05,0.00020594872767753497,3.301540427519701e-05,8.622822629357287e-05,0.00020594872767753497
ID_J78U93,4.532881476335945e-05,0.00014564814664631782,0.0002786047922571249,4.532881476335945e-05,0.00014564814664631782,0.0002786047922571249
ID_5A0ZN0,5.333097618549677e-05,0.00010299517574325513,0.00035513885590235416,5.333097618549677e-05,0.00010299517574325513,0.00035513885590235416
ID_CY607Z,5.333097618549677e-05,0.00010299517574325513,0.00035513885590235416,5.333097618549677e-05,0.00010299517574325513,0.00035513885590235416
ID_KXY99G,5.333097618549677e-05,0.00010299517574325513,0.00035513885590235416,5.333097618549677e-05,0.00010299517574325513,0.00035513885590235416
ID_TJMU1U,5.383239404602748e-05,0.0001379696630956448,0.0004866732412062918,5.383239404602748e-05,0.0001379696630956448,0.0004866732412062918
ID_987N4I,5.383239404602748e-05,0.0001379696630956448,0.0004866732412062918,5.383239404602748e-05,0.0001379696630956448,0.0004866732412062918
ID_MV3Y4E,0.0007810191651514108,0.027962512168927128,0.03147932201997707,0.0007810191651514108,0.027962512168927128,0.03147932201997707
ID_G4C6ER,0.0007500422495556895,0.06117504909190559,0.04517276461439958,0.0007500422495556895,0.06117504909190559,0.04517276461439958
ID_QJEGY8,0.0007500422495556895,0.06117504909190559,0.04517276461439958,0.0007500422495556895,0.06117504909190559,0.04517276461439958
ID_F3SZAG,0.0007500422495556895,0.06117504909190559,0.04517276461439958,0.0007500422495556895,0.06117504909190559,0.04517276461439958
ID_SDLCZW,0.0005627343857169407,0.12004438854350001,0.10095082784103389,0.0005627343857169407,0.12004438854350001,0.10095082784103389
ID_8AQIX3,0.0005627343857169407,0.12004438854350001,0.10095082784103389,0.0005627343857169407,0.12004438854350001,0.10095082784103389
ID_CZ9O4I,0.0007810191651514108,0.027962512168927128,0.03147932201997707,0.0007810191651514108,0.027962512168927128,0.03147932201997707
ID_3J4A5T,2.1774088506081328e-05,0.0005439470245843742,0.0007059278722888145,2.1774088506081328e-05,0.0005439470245843742,0.0007059278722888145
ID_4PIPGN,0.0005627343857169407,0.12004438854350001,0.10095082784103389,0.0005627343857169407,0.12004438854350001,0.10095082784103389
ID_SVI077,0.0007500422495556895,0.06117504909190559,0.04517276461439958,0.0007500422495556895,0.06117504909190559,0.04517276461439958
ID_PCP2DX,0.002495288962350379,0.008613981937533847,0.006875914472060159,0.002495288962350379,0.008613981937533847,0.006875914472060159
ID_NHGKW9,0.0019665365857061082,0.04228512130986515,0.04268131402796372,0.0019665365857061082,0.04228512130986515,0.04268131402796372
ID_PJLFLZ,0.0005627343857169407,0.12004438854350001,0.10095082784103389,0.0005627343857169407,0.12004438854350001,0.10095082784103389
ID_UEI7E1,0.0007500422495556895,0.06117504909190559,0.04517276461439958,0.0007500422495556895,0.06117504909190559,0.04517276461439958
ID_6Q3C3P,0.0007500422495556895,0.06117504909190559,0.04517276461439958,0.0007500422495556895,0.06117504909190559,0.04517276461439958
ID_748PIZ,0.00010702628275191693,0.00032987955060072066,0.00041997895424181035,0.00010702628275191693,0.00032987955060072066,0.00041997895424181035
ID_05V8OI,0.004542018117909179,0.007520454374083505,0.006958778630738986,0.004542018117909179,0.007520454374083505,0.006958778630738986
ID_PB8UGU,0.0024009680324286035,0.00595441631471578,0.005516143926310114,0.0024009680324286035,0.00595441631471578,0.005516143926310114
ID_18BEK3,0.0005528567367785204,0.018886357497721648,0.016839214433112107,0.0005528567367785204,0.018886357497721648,0.016839214433112107
ID_AKH3DX,0.004542018117909179,0.007520454374083505,0.006958778630738986,0.004542018117909179,0.007520454374083505,0.006958778630738986
ID_PG1ZJ9,6.480504112339348e-05,5.912605097592173e-05,0.000130178566127633,6.480504112339348e-05,5.912605097592173e-05,0.000130178566127633
ID_U2N5AM,0.0032796144712810686,0.009189916032615248,0.016822664481660924,0.0032796144712810686,0.009189916032615248,0.016822664481660924
ID_ONDIOU,0.004542018117909179,0.007520454374083505,0.006958778630738986,0.004542018117909179,0.007520454374083505,0.006958778630738986
ID_8O0VLW,5.0477655171553306e-05,0.00013363150499047847,0.0002862595182639965,5.0477655171553306e-05,0.00013363150499047847,0.0002862595182639965
ID_24IP3N,8.181856852345509e-05,0.00023444895673729887,0.00031485935224532656,8.181856852345509e-05,0.00023444895673729887,0.00031485935224532656
ID_X9HSZT,0.00015510109176400613,0.00010751356323407885,0.00023835313267885284,0.00015510109176400613,0.00010751356323407885,0.00023835313267885284
ID_DEHJ7B,0.00010702628275191693,0.00032987955060072066,0.00041997895424181035,0.00010702628275191693,0.00032987955060072066,0.00041997895424181035
ID_V9REXI,5.0477655171553306e-05,0.00013363150499047847,0.0002862595182639965,5.0477655171553306e-05,0.00013363150499047847,0.0002862595182639965
ID_Q0JIB7,0.004542018117909179,0.007520454374083505,0.006958778630738986,0.004542018117909179,0.007520454374083505,0.006958778630738986
ID_4Q4645,0.005845236755686683,0.011339619945696133,0.019134678299078174,0.005845236755686683,0.011339619945696133,0.019134678299078174
ID_ZKTVQN,0.00010702628275191693,0.00032987955060072066,0.00041997895424181035,0.00010702628275191693,0.00032987955060072066,0.00041997895424181035
ID_HHOTC8,8.181856852345509e-05,0.00023444895673729887,0.00031485935224532656,8.181856852345509e-05,0.00023444895673729887,0.00031485935224532656
ID_2VK1VV,0.00010702628275191693,0.00032987955060072066,0.00041997895424181035,0.00010702628275191693,0.00032987955060072066,0.00041997895424181035
ID_1LR1PB,5.0477655171553306e-05,0.00013363150499047847,0.0002862595182639965,5.0477655171553306e-05,0.00013363150499047847,0.0002862595182639965
ID_UFG3WK,3.6575277521454935e-05,0.00042590985176224215,0.0004721718379628644,3.6575277521454935e-05,0.00042590985176224215,0.0004721718379628644
ID_30POCS,0.00010702628275191693,0.00032987955060072066,0.00041997895424181035,0.00010702628275191693,0.00032987955060072066,0.00041997895424181035
ID_O1JBTD,0.00015510109176400613,0.00010751356323407885,0.00023835313267885284,0.00015510109176400613,0.00010751356323407885,0.00023835313267885284
ID_L28R04,0.004542018117909179,0.007520454374083505,0.006958778630738986,0.004542018117909179,0.007520454374083505,0.006958778630738986
ID_4XQIY8,0.004542018117909179,0.007520454374083505,0.006958778630738986,0.004542018117909179,0.007520454374083505,0.006958778630738986
ID_6YKZ60,5.0477655171553306e-05,0.00013363150499047847,0.0002862595182639965,5.0477655171553306e-05,0.00013363150499047847,0.0002862595182639965
ID_SR4OPG,8.181856852345509e-05,0.00023444895673729887,0.00031485935224532656,8.181856852345509e-05,0.00023444895673729887,0.00031485935224532656
ID_7Y58VC,5.0477655171553306e-05,0.00013363150499047847,0.0002862595182639965,5.0477655171553306e-05,0.00013363150499047847,0.0002862595182639965
ID_MIGRJM,0.00010702628275191693,0.00032987955060072066,0.00041997895424181035,0.00010702628275191693,0.00032987955060072066,0.00041997895424181035
ID_MBHYWK,0.004542018117909179,0.007520454374083505,0.006958778630738986,0.004542018117909179,0.007520454374083505,0.006958778630738986
ID_R1RKC8,5.0477655171553306e-05,0.00013363150499047847,0.0002862595182639965,5.0477655171553306e-05,0.00013363150499047847,0.0002862595182639965
ID_042DMN,2.6480534265379164e-05,6.155466624636087e-05,0.00014900763061531845,2.6480534265379164e-05,6.155466624636087e-05,0.00014900763061531845
ID_76QVHP,0.004542018117909179,0.007520454374083505,0.006958778630738986,0.004542018117909179,0.007520454374083505,0.006958778630738986
ID_M7ZQB5,0.0009976391210660173,0.014799419441350778,0.012532435077754586,0.0009976391210660173,0.014799419441350778,0.012532435077754586
ID_EVURSU,0.004542018117909179,0.007520454374083505,0.006958778630738986,0.004542018117909179,0.007520454374083505,0.006958778630738986
ID_BR285V,0.0009976391210660173,0.014799419441350778,0.012532435077754586,0.0009976391210660173,0.014799419441350778,0.012532435077754586
ID_24TLS4,0.0009976391210660173,0.014799419441350778,0.012532435077754586,0.0009976391210660173,0.014799419441350778,0.012532435077754586
ID_J10FQO,0.004542018117909179,0.007520454374083505,0.006958778630738986,0.004542018117909179,0.007520454374083505,0.006958778630738986
ID_UPIF9C,0.00010702628275191693,0.00032987955060072066,0.00041997895424181035,0.00010702628275191693,0.00032987955060072066,0.00041997895424181035
ID_J2UW6P,2.6480534265379164e-05,6.155466624636087e-05,0.00014900763061531845,2.6480534265379164e-05,6.155466624636087e-05,0.00014900763061531845
ID_FECS1U,0.004542018117909179,0.007520454374083505,0.006958778630738986,0.004542018117909179,0.007520454374083505,0.006958778630738986
ID_ZLJNIO,0.004542018117909179,0.007520454374083505,0.006958778630738986,0.004542018117909179,0.007520454374083505,0.006958778630738986
ID_HM6F95,3.6575277521454935e-05,0.00042590985176224215,0.0004721718379628644,3.6575277521454935e-05,0.00042590985176224215,0.0004721718379628644
ID_S17LP1,0.004542018117909179,0.007520454374083505,0.006958778630738986,0.004542018117909179,0.007520454374083505,0.006958778630738986
ID_01FXDQ,0.00015510109176400613,0.00010751356323407885,0.00023835313267885284,0.00015510109176400613,0.00010751356323407885,0.00023835313267885284
ID_3IPYPF,0.004542018117909179,0.007520454374083505,0.006958778630738986,0.004542018117909179,0.007520454374083505,0.006958778630738986
ID_YWE7MS,0.004542018117909179,0.007520454374083505,0.006958778630738986,0.004542018117909179,0.007520454374083505,0.006958778630738986
ID_TCB67J,0.00010702628275191693,0.00032987955060072066,0.00041997895424181035,0.00010702628275191693,0.00032987955060072066,0.00041997895424181035
ID_XD9SHW,0.00010702628275191693,0.00032987955060072066,0.00041997895424181035,0.00010702628275191693,0.00032987955060072066,0.00041997895424181035
ID_3TL22U,0.0024009680324286035,0.00595441631471578,0.005516143926310114,0.0024009680324286035,0.00595441631471578,0.005516143926310114
ID_I19UPL,0.0009976391210660173,0.014799419441350778,0.012532435077754586,0.0009976391210660173,0.014799419441350778,0.012532435077754586
ID_29ISKS,5.0477655171553306e-05,0.00013363150499047847,0.0002862595182639965,5.0477655171553306e-05,0.00013363150499047847,0.0002862595182639965
ID_JGCMOM,9.570479527481247e-05,0.00023447984865863827,0.0003825728919228081,9.570479527481247e-05,0.00023447984865863827,0.0003825728919228081
ID_71UMTJ,0.0009976391210660173,0.014799419441350778,0.012532435077754586,0.0009976391210660173,0.014799419441350778,0.012532435077754586
ID_54K01O,0.004542018117909179,0.007520454374083505,0.006958778630738986,0.004542018117909179,0.007520454374083505,0.006958778630738986
ID_1YO3DO,5.0477655171553306e-05,0.00013363150499047847,0.0002862595182639965,5.0477655171553306e-05,0.00013363150499047847,0.0002862595182639965
ID_27PFIW,6.480504112339348e-05,5.912605097592173e-05,0.000130178566127633,6.480504112339348e-05,5.912605097592173e-05,0.000130178566127633
ID_BKVJQA,0.00010702628275191693,0.00032987955060072066,0.00041997895424181035,0.00010702628275191693,0.00032987955060072066,0.00041997895424181035
ID_PUB0ZI,0.00010702628275191693,0.00032987955060072066,0.00041997895424181035,0.00010702628275191693,0.00032987955060072066,0.00041997895424181035
ID_V6SMN3,0.004542018117909179,0.007520454374083505,0.006958778630738986,0.004542018117909179,0.007520454374083505,0.006958778630738986
ID_0ZOFHK,2.6480534265379164e-05,6.155466624636087e-05,0.00014900763061531845,2.6480534265379164e-05,6.155466624636087e-05,0.00014900763061531845
ID_M94TW1,3.3593045038945936e-05,0.0003211301211778274,0.0003889499839777016,3.3593045038945936e-05,0.0003211301211778274,0.0003889499839777016
ID_C823SH,0.00015510109176400613,0.00010751356323407885,0.00023835313267885284,0.00015510109176400613,0.00010751356323407885,0.00023835313267885284
ID_SC50OJ,5.671300027362037e-05,6.049281446889495e-05,0.00013420611392945837,5.671300027362037e-05,6.049281446889495e-05,0.00013420611392945837
ID_YAUV4R,4.3799248080159014e-05,0.00011829485111807506,0.00018445360462333225,4.3799248080159014e-05,0.00011829485111807506,0.00018445360462333225
ID_IOMDD3,5.0477655171553306e-05,0.00013363150499047847,0.0002862595182639965,5.0477655171553306e-05,0.00013363150499047847,0.0002862595182639965
ID_HE3Y73,0.0003716664032195789,0.015512636272705799,0.009472449549111452,0.0003716664032195789,0.015512636272705799,0.009472449549111452
ID_CAWMEQ,0.004542018117909179,0.007520454374083505,0.006958778630738986,0.004542018117909179,0.007520454374083505,0.006958778630738986
ID_81IJ38,6.783917845983861e-05,6.235830547968686e-05,0.00010101791853972708,6.783917845983861e-05,6.235830547968686e-05,0.00010101791853972708
ID_QFUX50,5.57299480533725e-05,0.00012161453908984903,0.0001451781007445781,5.57299480533725e-05,0.00012161453908984903,0.0001451781007445781
ID_U13QTT,4.3210002087948766e-05,0.00017343304582645073,0.00022163098308142725,4.3210002087948766e-05,0.00017343304582645073,0.00022163098308142725
ID_UEDSUL,0.00016800174298079232,0.00012782021833075086,0.00023713966719743018,0.00016800174298079232,0.00012782021833075086,0.00023713966719743018
ID_0TWM69,3.166133154031026e-05,5.330039186301843e-05,0.00011216119761941362,3.166133154031026e-05,5.330039186301843e-05,0.00011216119761941362
ID_CTIYZN,6.702810217965128e-05,7.443182850552277e-05,0.0001223873629283372,6.702810217965128e-05,7.443182850552277e-05,0.0001223873629283372
ID_5CERRE,4.3210002087948766e-05,0.00017343304582645073,0.00022163098308142725,4.3210002087948766e-05,0.00017343304582645073,0.00022163098308142725
ID_KC1ZNC,2.5548719055309175e-05,4.125871310333211e-05,8.435716081558167e-05,2.5548719055309175e-05,4.125871310333211e-05,8.435716081558167e-05
ID_8Q3LRH,2.6269445536730084e-05,6.136712175217109e-05,0.00012280500214846202,2.6269445536730084e-05,6.136712175217109e-05,0.00012280500214846202
ID_9CDLA5,0.4419402954131514,0.4609014033044711,0.4063360780568481,0.4419402954131514,0.4609014033044711,0.4063360780568481
ID_7HDOB8,1.3430946179049808e-05,2.5392399310549138e-05,2.707421523736857e-05,1.3430946179049808e-05,2.5392399310549138e-05,2.707421523736857e-05
ID_6B1SIE,0.0002815087772388206,0.00011756487342480368,0.0002394308548991588,0.0002815087772388206,0.00011756487342480368,0.0002394308548991588
ID_DVVRGO,5.57299480533725e-05,0.00012161453908984903,0.0001451781007445781,5.57299480533725e-05,0.00012161453908984903,0.0001451781007445781
ID_2QTOY9,0.0003469713796194226,0.0006098168212499112,0.0006070725010611552,0.0003469713796194226,0.0006098168212499112,0.0006070725010611552
ID_41UVG1,2.512834684822847e-05,4.835675091835702e-05,4.968096742114179e-05,2.512834684822847e-05,4.835675091835702e-05,4.968096742114179e-05
ID_8XSPVV,0.0003469713796194226,0.0006098168212499112,0.0006070725010611552,0.0003469713796194226,0.0006098168212499112,0.0006070725010611552
ID_8DRNO4,5.57299480533725e-05,0.00012161453908984903,0.0001451781007445781,5.57299480533725e-05,0.00012161453908984903,0.0001451781007445781
ID_IHC0B4,4.3210002087948766e-05,0.00017343304582645073,0.00022163098308142725,4.3210002087948766e-05,0.00017343304582645073,0.00022163098308142725
ID_UPSVCG,3.385385435216947e-05,0.00032718741976210685,0.00053001432928734,3.385385435216947e-05,0.00032718741976210685,0.00053001432928734
ID_V1EWHV,3.166133154031026e-05,5.330039186301843e-05,0.00011216119761941362,3.166133154031026e-05,5.330039186301843e-05,0.00011216119761941362
ID_EDRP5J,0.00016800174298079232,0.00012782021833075086,0.00023713966719743018,0.00016800174298079232,0.00012782021833075086,0.00023713966719743018
ID_6ZT49S,0.00016800174298079232,0.00012782021833075086,0.00023713966719743018,0.00016800174298079232,0.00012782021833075086,0.00023713966719743018
ID_688DSZ,3.4792643092462646e-05,6.936798819865366e-05,0.00010421416797906733,3.4792643092462646e-05,6.936798819865366e-05,0.00010421416797906733
ID_KTRS8U,0.0002815087772388206,0.00011756487342480368,0.0002394308548991588,0.0002815087772388206,0.00011756487342480368,0.0002394308548991588
ID_HAVFMX,1.3246460739169334e-05,3.068984101782291e-05,6.071446732401162e-05,1.3246460739169334e-05,3.068984101782291e-05,6.071446732401162e-05
ID_4OHSTT,1.5654111139403585e-05,0.000120708242249129,0.00031961758469831907,1.5654111139403585e-05,0.000120708242249129,0.00031961758469831907
ID_D14DB2,2.5231384317887677e-05,3.5761301274002286e-05,7.605872453270958e-05,2.5231384317887677e-05,3.5761301274002286e-05,7.605872453270958e-05
ID_DMKQ4R,3.1842122493195286e-05,2.9701901460357586e-05,0.00010954830921728607,3.1842122493195286e-05,2.9701901460357586e-05,0.00010954830921728607
ID_9EU6JS,6.254789082444098e-05,6.5288815742162e-05,0.0001455828188536456,6.254789082444098e-05,6.5288815742162e-05,0.0001455828188536456
ID_UPM0YG,6.254789082444098e-05,6.5288815742162e-05,0.0001455828188536456,6.254789082444098e-05,6.5288815742162e-05,0.0001455828188536456
ID_V86OOM,6.783917845983861e-05,6.235830547968686e-05,0.00010101791853972708,6.783917845983861e-05,6.235830547968686e-05,0.00010101791853972708
ID_FQ80WS,6.702810217965128e-05,7.443182850552277e-05,0.0001223873629283372,6.702810217965128e-05,7.443182850552277e-05,0.0001223873629283372
ID_RDEBO6,1.375355323226453e-05,3.966519905601836e-05,6.97918284726823e-05,1.375355323226453e-05,3.966519905601836e-05,6.97918284726823e-05
ID_NC8O5T,0.0533718481301238,0.05526947062957092,0.07021925737313064,0.0533718481301238,0.05526947062957092,0.07021925737313064
ID_HDPRVI,4.3210002087948766e-05,0.00017343304582645073,0.00022163098308142725,4.3210002087948766e-05,0.00017343304582645073,0.00022163098308142725
ID_N9EYVU,2.6269445536730084e-05,6.136712175217109e-05,0.00012280500214846202,2.6269445536730084e-05,6.136712175217109e-05,0.00012280500214846202
ID_JI8Q5T,2.6269445536730084e-05,6.136712175217109e-05,0.00012280500214846202,2.6269445536730084e-05,6.136712175217109e-05,0.00012280500214846202
ID_34Y9DR,6.783917845983861e-05,6.235830547968686e-05,0.00010101791853972708,6.783917845983861e-05,6.235830547968686e-05,0.00010101791853972708
ID_E8WY7K,6.036935398553804e-05,8.562435379170488e-05,0.00018246166651466947,6.036935398553804e-05,8.562435379170488e-05,0.00018246166651466947
ID_RW510L,1.912857377298369e-05,1.8793643402610772e-05,3.5312773561582876e-05,1.912857377298369e-05,1.8793643402610772e-05,3.5312773561582876e-05
ID_1H0I48,0.0002815087772388206,0.00011756487342480368,0.0002394308548991588,0.0002815087772388206,0.00011756487342480368,0.0002394308548991588
ID_EGA5JQ,3.4792643092462646e-05,6.936798819865366e-05,0.00010421416797906733,3.4792643092462646e-05,6.936798819865366e-05,0.00010421416797906733
ID_OTN1F3,7.406764474616098e-05,0.0001592705649217565,0.00022015212455910862,7.406764474616098e-05,0.0001592705649217565,0.00022015212455910862
ID_QDACDO,3.243990152913751e-05,4.2035585492122565e-05,4.5224199854668885e-05,3.243990152913751e-05,4.2035585492122565e-05,4.5224199854668885e-05
ID_ZEMQI5,3.166133154031026e-05,5.330039186301843e-05,0.00011216119761941362,3.166133154031026e-05,5.330039186301843e-05,0.00011216119761941362
ID_63M4X7,5.57299480533725e-05,0.00012161453908984903,0.0001451781007445781,5.57299480533725e-05,0.00012161453908984903,0.0001451781007445781
ID_KR841V,0.00016800174298079232,0.00012782021833075086,0.00023713966719743018,0.00016800174298079232,0.00012782021833075086,0.00023713966719743018
ID_WR0XZG,0.005098065220799415,0.008473490262667995,0.013710939526004533,0.005098065220799415,0.008473490262667995,0.013710939526004533
ID_Z70N5M,5.57299480533725e-05,0.00012161453908984903,0.0001451781007445781,5.57299480533725e-05,0.00012161453908984903,0.0001451781007445781
ID_PVJLRL,7.406764474616098e-05,0.0001592705649217565,0.00022015212455910862,7.406764474616098e-05,0.0001592705649217565,0.00022015212455910862
ID_7EDQMR,1.9494196151651386e-05,4.1971690508828815e-05,3.6956240644633245e-05,1.9494196151651386e-05,4.1971690508828815e-05,3.6956240644633245e-05
ID_BU5Z0R,3.4792643092462646e-05,6.936798819865366e-05,0.00010421416797906733,3.4792643092462646e-05,6.936798819865366e-05,0.00010421416797906733
ID_8MRLEX,7.406764474616098e-05,0.0001592705649217565,0.00022015212455910862,7.406764474616098e-05,0.0001592705649217565,0.00022015212455910862
ID_8JEWLP,3.166133154031026e-05,5.330039186301843e-05,0.00011216119761941362,3.166133154031026e-05,5.330039186301843e-05,0.00011216119761941362
ID_CSVCR9,1.9494196151651386e-05,4.1971690508828815e-05,3.6956240644633245e-05,1.9494196151651386e-05,4.1971690508828815e-05,3.6956240644633245e-05
ID_J8IE72,6.783917845983861e-05,6.235830547968686e-05,0.00010101791853972708,6.783917845983861e-05,6.235830547968686e-05,0.00010101791853972708
ID_U9P7FY,6.702810217965128e-05,7.443182850552277e-05,0.0001223873629283372,6.702810217965128e-05,7.443182850552277e-05,0.0001223873629283372
ID_WSV31O,0.0002815087772388206,0.00011756487342480368,0.0002394308548991588,0.0002815087772388206,0.00011756487342480368,0.0002394308548991588
ID_BBFEO3,2.512834684822847e-05,4.835675091835702e-05,4.968096742114179e-05,2.512834684822847e-05,4.835675091835702e-05,4.968096742114179e-05
ID_4LQISD,0.4419402954131514,0.4609014033044711,0.4063360780568481,0.4419402954131514,0.4609014033044711,0.4063360780568481
ID_N7X5SU,1.9494196151651386e-05,4.1971690508828815e-05,3.6956240644633245e-05,1.9494196151651386e-05,4.1971690508828815e-05,3.6956240644633245e-05
ID_CO0M1V,0.07261256700668864,0.0579660188434713,0.07550934727293064,0.07261256700668864,0.0579660188434713,0.07550934727293064
ID_1TX26Q,4.3210002087948766e-05,0.00017343304582645073,0.00022163098308142725,4.3210002087948766e-05,0.00017343304582645073,0.00022163098308142725
ID_YBOUBP,5.57299480533725e-05,0.00012161453908984903,0.0001451781007445781,5.57299480533725e-05,0.00012161453908984903,0.0001451781007445781
ID_TY7PYV,3.4792643092462646e-05,6.936798819865366e-05,0.00010421416797906733,3.4792643092462646e-05,6.936798819865366e-05,0.00010421416797906733
ID_GFJBOO,1.9494196151651386e-05,4.1971690508828815e-05,3.6956240644633245e-05,1.9494196151651386e-05,4.1971690508828815e-05,3.6956240644633245e-05
ID_0QIEVZ,3.243990152913751e-05,4.2035585492122565e-05,4.5224199854668885e-05,3.243990152913751e-05,4.2035585492122565e-05,4.5224199854668885e-05
ID_W7HMMW,2.512834684822847e-05,4.835675091835702e-05,4.968096742114179e-05,2.512834684822847e-05,4.835675091835702e-05,4.968096742114179e-05
ID_2KKV8S,0.03626208719138906,0.039113236818416657,0.05385596304344452,0.03626208719138906,0.039113236818416657,0.05385596304344452
ID_XPJCQ1,6.783917845983861e-05,6.235830547968686e-05,0.00010101791853972708,6.783917845983861e-05,6.235830547968686e-05,0.00010101791853972708
ID_8VQ82J,0.00016800174298079232,0.00012782021833075086,0.00023713966719743018,0.00016800174298079232,0.00012782021833075086,0.00023713966719743018
ID_7YOW0E,6.783917845983861e-05,6.235830547968686e-05,0.00010101791853972708,6.783917845983861e-05,6.235830547968686e-05,0.00010101791853972708
ID_LNZ9ED,3.4792643092462646e-05,6.936798819865366e-05,0.00010421416797906733,3.4792643092462646e-05,6.936798819865366e-05,0.00010421416797906733
ID_7M8G3A,5.57299480533725e-05,0.00012161453908984903,0.0001451781007445781,5.57299480533725e-05,0.00012161453908984903,0.0001451781007445781
ID_REY7Y4,3.243990152913751e-05,4.2035585492122565e-05,4.5224199854668885e-05,3.243990152913751e-05,4.2035585492122565e-05,4.5224199854668885e-05
ID_Y4B4O7,3.4792643092462646e-05,6.936798819865366e-05,0.00010421416797906733,3.4792643092462646e-05,6.936798819865366e-05,0.00010421416797906733
ID_71E57J,7.406764474616098e-05,0.0001592705649217565,0.00022015212455910862,7.406764474616098e-05,0.0001592705649217565,0.00022015212455910862
ID_YS77QO,4.3210002087948766e-05,0.00017343304582645073,0.00022163098308142725,4.3210002087948766e-05,0.00017343304582645073,0.00022163098308142725
ID_VP4TIY,5.57299480533725e-05,0.00012161453908984903,0.0001451781007445781,5.57299480533725e-05,0.00012161453908984903,0.0001451781007445781
ID_0ZSP1X,1.9494196151651386e-05,4.1971690508828815e-05,3.6956240644633245e-05,1.9494196151651386e-05,4.1971690508828815e-05,3.6956240644633245e-05
ID_EQ3DBB,3.243990152913751e-05,4.2035585492122565e-05,4.5224199854668885e-05,3.243990152913751e-05,4.2035585492122565e-05,4.5224199854668885e-05
ID_H173PI,3.243990152913751e-05,4.2035585492122565e-05,4.5224199854668885e-05,3.243990152913751e-05,4.2035585492122565e-05,4.5224199854668885e-05
ID_DP48N0,7.406764474616098e-05,0.0001592705649217565,0.00022015212455910862,7.406764474616098e-05,0.0001592705649217565,0.00022015212455910862
ID_NTGPZG,0.4419402954131514,0.4609014033044711,0.4063360780568481,0.4419402954131514,0.4609014033044711,0.4063360780568481
ID_R4BZEG,3.243990152913751e-05,4.2035585492122565e-05,4.5224199854668885e-05,3.243990152913751e-05,4.2035585492122565e-05,4.5224199854668885e-05
ID_F4C1ZX,3.4792643092462646e-05,6.936798819865366e-05,0.00010421416797906733,3.4792643092462646e-05,6.936798819865366e-05,0.00010421416797906733
ID_AR4HAO,2.5548719055309175e-05,4.125871310333211e-05,8.435716081558167e-05,2.5548719055309175e-05,4.125871310333211e-05,8.435716081558167e-05
ID_TJAXJ8,0.06540118484374609,0.05554392039867685,0.05070639289241102,0.06540118484374609,0.05554392039867685,0.05070639289241102
ID_TMKXE2,2.512834684822847e-05,4.835675091835702e-05,4.968096742114179e-05,2.512834684822847e-05,4.835675091835702e-05,4.968096742114179e-05
ID_XO28FQ,3.243990152913751e-05,4.2035585492122565e-05,4.5224199854668885e-05,3.243990152913751e-05,4.2035585492122565e-05,4.5224199854668885e-05
ID_UG6RWR,3.4792643092462646e-05,6.936798819865366e-05,0.00010421416797906733,3.4792643092462646e-05,6.936798819865366e-05,0.00010421416797906733
ID_MH9N99,3.243990152913751e-05,4.2035585492122565e-05,4.5224199854668885e-05,3.243990152913751e-05,4.2035585492122565e-05,4.5224199854668885e-05
ID_ZWWJ7W,2.5231384317887677e-05,3.5761301274002286e-05,7.605872453270958e-05,2.5231384317887677e-05,3.5761301274002286e-05,7.605872453270958e-05
ID_UVRWGM,0.0003469713796194226,0.0006098168212499112,0.0006070725010611552,0.0003469713796194226,0.0006098168212499112,0.0006070725010611552
ID_XKPJF3,6.783917845983861e-05,6.235830547968686e-05,0.00010101791853972708,6.783917845983861e-05,6.235830547968686e-05,0.00010101791853972708
ID_B66QBT,6.783917845983861e-05,6.235830547968686e-05,0.00010101791853972708,6.783917845983861e-05,6.235830547968686e-05,0.00010101791853972708
ID_868CQL,3.243990152913751e-05,4.2035585492122565e-05,4.5224199854668885e-05,3.243990152913751e-05,4.2035585492122565e-05,4.5224199854668885e-05
ID_PKPLAW,3.243990152913751e-05,4.2035585492122565e-05,4.5224199854668885e-05,3.243990152913751e-05,4.2035585492122565e-05,4.5224199854668885e-05
ID_Q3035H,6.036935398553804e-05,8.562435379170488e-05,0.00018246166651466947,6.036935398553804e-05,8.562435379170488e-05,0.00018246166651466947
ID_Z5AMC6,3.4792643092462646e-05,6.936798819865366e-05,0.00010421416797906733,3.4792643092462646e-05,6.936798819865366e-05,0.00010421416797906733
ID_W0DZUH,1.9494196151651386e-05,4.1971690508828815e-05,3.6956240644633245e-05,1.9494196151651386e-05,4.1971690508828815e-05,3.6956240644633245e-05
ID_HY51VX,0.06540118484374609,0.05554392039867685,0.05070639289241102,0.06540118484374609,0.05554392039867685,0.05070639289241102
ID_GOGWE0,1.9494196151651386e-05,4.1971690508828815e-05,3.6956240644633245e-05,1.9494196151651386e-05,4.1971690508828815e-05,3.6956240644633245e-05
ID_56RYGV,0.06540118484374609,0.05554392039867685,0.05070639289241102,0.06540118484374609,0.05554392039867685,0.05070639289241102
ID_S94Q2Y,3.166133154031026e-05,5.330039186301843e-05,0.00011216119761941362,3.166133154031026e-05,5.330039186301843e-05,0.00011216119761941362
ID_YZ2N8C,3.243990152913751e-05,4.2035585492122565e-05,4.5224199854668885e-05,3.243990152913751e-05,4.2035585492122565e-05,4.5224199854668885e-05
ID_UGRWIB,2.6269445536730084e-05,6.136712175217109e-05,0.00012280500214846202,2.6269445536730084e-05,6.136712175217109e-05,0.00012280500214846202
ID_N80HPR,2.512834684822847e-05,4.835675091835702e-05,4.968096742114179e-05,2.512834684822847e-05,4.835675091835702e-05,4.968096742114179e-05
ID_3CW0MI,5.57299480533725e-05,0.00012161453908984903,0.0001451781007445781,5.57299480533725e-05,0.00012161453908984903,0.0001451781007445781
ID_HDCRX0,1.3430946179049808e-05,2.5392399310549138e-05,2.707421523736857e-05,1.3430946179049808e-05,2.5392399310549138e-05,2.707421523736857e-05
ID_044W19,7.406764474616098e-05,0.0001592705649217565,0.00022015212455910862,7.406764474616098e-05,0.0001592705649217565,0.00022015212455910862
ID_R67PHH,6.702810217965128e-05,7.443182850552277e-05,0.0001223873629283372,6.702810217965128e-05,7.443182850552277e-05,0.0001223873629283372
ID_TIOYYB,6.702810217965128e-05,7.443182850552277e-05,0.0001223873629283372,6.702810217965128e-05,7.443182850552277e-05,0.0001223873629283372
ID_6AVKC3,7.406764474616098e-05,0.0001592705649217565,0.00022015212455910862,7.406764474616098e-05,0.0001592705649217565,0.00022015212455910862
ID_BEGWIW,5.57299480533725e-05,0.00012161453908984903,0.0001451781007445781,5.57299480533725e-05,0.00012161453908984903,0.0001451781007445781
ID_9NJBM8,6.036935398553804e-05,8.562435379170488e-05,0.00018246166651466947,6.036935398553804e-05,8.562435379170488e-05,0.00018246166651466947
ID_4C1Q9A,6.036935398553804e-05,8.562435379170488e-05,0.00018246166651466947,6.036935398553804e-05,8.562435379170488e-05,0.00018246166651466947
ID_8VXM2R,6.702810217965128e-05,7.443182850552277e-05,0.0001223873629283372,6.702810217965128e-05,7.443182850552277e-05,0.0001223873629283372
ID_Q617Y8,3.4792643092462646e-05,6.936798819865366e-05,0.00010421416797906733,3.4792643092462646e-05,6.936798819865366e-05,0.00010421416797906733
ID_DT00FS,0.07028895594027368,0.05511875477027106,0.06567132042448097,0.07028895594027368,0.05511875477027106,0.06567132042448097
ID_A9SOTW,6.702810217965128e-05,7.443182850552277e-05,0.0001223873629283372,6.702810217965128e-05,7.443182850552277e-05,0.0001223873629283372
ID_DYWKN3,3.4792643092462646e-05,6.936798819865366e-05,0.00010421416797906733,3.4792643092462646e-05,6.936798819865366e-05,0.00010421416797906733
ID_T5W7V2,0.06540118484374609,0.05554392039867685,0.05070639289241102,0.06540118484374609,0.05554392039867685,0.05070639289241102
ID_OYJ407,0.06540118484374609,0.05554392039867685,0.05070639289241102,0.06540118484374609,0.05554392039867685,0.05070639289241102
ID_4APUQG,6.702810217965128e-05,7.443182850552277e-05,0.0001223873629283372,6.702810217965128e-05,7.443182850552277e-05,0.0001223873629283372
ID_8X42H1,0.0002815087772388206,0.00011756487342480368,0.0002394308548991588,0.0002815087772388206,0.00011756487342480368,0.0002394308548991588
ID_QQLIOB,4.6320908446942506e-05,0.00029017261014600165,0.00025036663616552463,4.6320908446942506e-05,0.00029017261014600165,0.00025036663616552463
ID_49V07R,6.036935398553804e-05,8.562435379170488e-05,0.00018246166651466947,6.036935398553804e-05,8.562435379170488e-05,0.00018246166651466947
ID_LW7SED,6.036935398553804e-05,8.562435379170488e-05,0.00018246166651466947,6.036935398553804e-05,8.562435379170488e-05,0.00018246166651466947
ID_8ZC0YJ,6.254789082444098e-05,6.5288815742162e-05,0.0001455828188536456,6.254789082444098e-05,6.5288815742162e-05,0.0001455828188536456
ID_BLJHKO,0.07261256700668864,0.0579660188434713,0.07550934727293064,0.07261256700668864,0.0579660188434713,0.07550934727293064
ID_4YQQ0B,5.57299480533725e-05,0.00012161453908984903,0.0001451781007445781,5.57299480533725e-05,0.00012161453908984903,0.0001451781007445781
ID_YUWGLN,0.0003469713796194226,0.0006098168212499112,0.0006070725010611552,0.0003469713796194226,0.0006098168212499112,0.0006070725010611552
ID_D31ZVW,0.4419402954131514,0.4609014033044711,0.4063360780568481,0.4419402954131514,0.4609014033044711,0.4063360780568481
ID_P1YZ4X,3.243990152913751e-05,4.2035585492122565e-05,4.5224199854668885e-05,3.243990152913751e-05,4.2035585492122565e-05,4.5224199854668885e-05
ID_23SIGG,0.07028895594027368,0.05511875477027106,0.06567132042448097,0.07028895594027368,0.05511875477027106,0.06567132042448097
ID_AIAL8Y,0.06483890061026647,0.06237544173760855,0.059917385203667496,0.06483890061026647,0.06237544173760855,0.059917385203667496
ID_TA7IDX,3.243990152913751e-05,4.2035585492122565e-05,4.5224199854668885e-05,3.243990152913751e-05,4.2035585492122565e-05,4.5224199854668885e-05
ID_K4V6T1,6.036935398553804e-05,8.562435379170488e-05,0.00018246166651466947,6.036935398553804e-05,8.562435379170488e-05,0.00018246166651466947
ID_SFRXLD,3.4792643092462646e-05,6.936798819865366e-05,0.00010421416797906733,3.4792643092462646e-05,6.936798819865366e-05,0.00010421416797906733
ID_GI1C93,2.512834684822847e-05,4.835675091835702e-05,4.968096742114179e-05,2.512834684822847e-05,4.835675091835702e-05,4.968096742114179e-05
ID_WMD60I,3.4792643092462646e-05,6.936798819865366e-05,0.00010421416797906733,3.4792643092462646e-05,6.936798819865366e-05,0.00010421416797906733
ID_HADVCG,2.5548719055309175e-05,4.125871310333211e-05,8.435716081558167e-05,2.5548719055309175e-05,4.125871310333211e-05,8.435716081558167e-05
ID_IB0RDU,2.512834684822847e-05,4.835675091835702e-05,4.968096742114179e-05,2.512834684822847e-05,4.835675091835702e-05,4.968096742114179e-05
ID_QVH6R4,3.4792643092462646e-05,6.936798819865366e-05,0.00010421416797906733,3.4792643092462646e-05,6.936798819865366e-05,0.00010421416797906733
ID_C7RAXJ,7.406764474616098e-05,0.0001592705649217565,0.00022015212455910862,7.406764474616098e-05,0.0001592705649217565,0.00022015212455910862
ID_P2MHXW,6.702810217965128e-05,7.443182850552277e-05,0.0001223873629283372,6.702810217965128e-05,7.443182850552277e-05,0.0001223873629283372
ID_YT67RP,6.702810217965128e-05,7.443182850552277e-05,0.0001223873629283372,6.702810217965128e-05,7.443182850552277e-05,0.0001223873629283372
ID_G0I7ZK,6.036935398553804e-05,8.562435379170488e-05,0.00018246166651466947,6.036935398553804e-05,8.562435379170488e-05,0.00018246166651466947
ID_A43PS9,0.0533718481301238,0.05526947062957092,0.07021925737313064,0.0533718481301238,0.05526947062957092,0.07021925737313064
ID_04V1AG,0.06540118484374609,0.05554392039867685,0.05070639289241102,0.06540118484374609,0.05554392039867685,0.05070639289241102
ID_6KEAHS,2.512834684822847e-05,4.835675091835702e-05,4.968096742114179e-05,2.512834684822847e-05,4.835675091835702e-05,4.968096742114179e-05
ID_HTMQPW,6.702810217965128e-05,7.443182850552277e-05,0.0001223873629283372,6.702810217965128e-05,7.443182850552277e-05,0.0001223873629283372
ID_XF0297,3.1842122493195286e-05,2.9701901460357586e-05,0.00010954830921728607,3.1842122493195286e-05,2.9701901460357586e-05,0.00010954830921728607
ID_D9F7JY,1.375355323226453e-05,3.966519905601836e-05,6.97918284726823e-05,1.375355323226453e-05,3.966519905601836e-05,6.97918284726823e-05
ID_7M63MY,6.254789082444098e-05,6.5288815742162e-05,0.0001455828188536456,6.254789082444098e-05,6.5288815742162e-05,0.0001455828188536456
ID_ASOI1C,0.0001617011020077832,9.913491169093907e-05,0.00018154187688149988,0.0001617011020077832,9.913491169093907e-05,0.00018154187688149988
ID_QWK1QC,0.07261256700668864,0.0579660188434713,0.07550934727293064,0.07261256700668864,0.0579660188434713,0.07550934727293064
ID_K9FTZZ,0.0002815087772388206,0.00011756487342480368,0.0002394308548991588,0.0002815087772388206,0.00011756487342480368,0.0002394308548991588
ID_H8TZYV,2.5231384317887677e-05,3.5761301274002286e-05,7.605872453270958e-05,2.5231384317887677e-05,3.5761301274002286e-05,7.605872453270958e-05
ID_EMRQ4T,6.036935398553804e-05,8.562435379170488e-05,0.00018246166651466947,6.036935398553804e-05,8.562435379170488e-05,0.00018246166651466947
ID_HFVMM8,7.406764474616098e-05,0.0001592705649217565,0.00022015212455910862,7.406764474616098e-05,0.0001592705649217565,0.00022015212455910862
ID_3240TG,0.06483890061026647,0.06237544173760855,0.059917385203667496,0.06483890061026647,0.06237544173760855,0.059917385203667496
ID_YC9T6R,3.1842122493195286e-05,2.9701901460357586e-05,0.00010954830921728607,3.1842122493195286e-05,2.9701901460357586e-05,0.00010954830921728607
ID_QMXHOW,6.702810217965128e-05,7.443182850552277e-05,0.0001223873629283372,6.702810217965128e-05,7.443182850552277e-05,0.0001223873629283372
ID_49CDQ6,3.243990152913751e-05,4.2035585492122565e-05,4.5224199854668885e-05,3.243990152913751e-05,4.2035585492122565e-05,4.5224199854668885e-05
ID_5GE0S1,3.243990152913751e-05,4.2035585492122565e-05,4.5224199854668885e-05,3.243990152913751e-05,4.2035585492122565e-05,4.5224199854668885e-05
ID_OMU4UR,6.254789082444098e-05,6.5288815742162e-05,0.0001455828188536456,6.254789082444098e-05,6.5288815742162e-05,0.0001455828188536456
ID_G44DHO,3.243990152913751e-05,4.2035585492122565e-05,4.5224199854668885e-05,3.243990152913751e-05,4.2035585492122565e-05,4.5224199854668885e-05
ID_JU8JNI,2.6269445536730084e-05,6.136712175217109e-05,0.00012280500214846202,2.6269445536730084e-05,6.136712175217109e-05,0.00012280500214846202
ID_1C4G5E,0.0003469713796194226,0.0006098168212499112,0.0006070725010611552,0.0003469713796194226,0.0006098168212499112,0.0006070725010611552
ID_IWBKMP,4.3210002087948766e-05,0.00017343304582645073,0.00022163098308142725,4.3210002087948766e-05,0.00017343304582645073,0.00022163098308142725
ID_VKBJCE,3.243990152913751e-05,4.2035585492122565e-05,4.5224199854668885e-05,3.243990152913751e-05,4.2035585492122565e-05,4.5224199854668885e-05
ID_3H40OX,6.254789082444098e-05,6.5288815742162e-05,0.0001455828188536456,6.254789082444098e-05,6.5288815742162e-05,0.0001455828188536456
ID_8F3PFC,6.036935398553804e-05,8.562435379170488e-05,0.00018246166651466947,6.036935398553804e-05,8.562435379170488e-05,0.00018246166651466947
ID_F4HS1L,0.00016800174298079232,0.00012782021833075086,0.00023713966719743018,0.00016800174298079232,0.00012782021833075086,0.00023713966719743018
ID_BZWK10,5.57299480533725e-05,0.00012161453908984903,0.0001451781007445781,5.57299480533725e-05,0.00012161453908984903,0.0001451781007445781
ID_EEW8DG,6.702810217965128e-05,7.443182850552277e-05,0.0001223873629283372,6.702810217965128e-05,7.443182850552277e-05,0.0001223873629283372
ID_HTIWJ2,6.036935398553804e-05,8.562435379170488e-05,0.00018246166651466947,6.036935398553804e-05,8.562435379170488e-05,0.00018246166651466947
ID_ZCM6MI,6.783917845983861e-05,6.235830547968686e-05,0.00010101791853972708,6.783917845983861e-05,6.235830547968686e-05,0.00010101791853972708
ID_RMH9OL,6.036935398553804e-05,8.562435379170488e-05,0.00018246166651466947,6.036935398553804e-05,8.562435379170488e-05,0.00018246166651466947
ID_2TX4D4,3.166133154031026e-05,5.330039186301843e-05,0.00011216119761941362,3.166133154031026e-05,5.330039186301843e-05,0.00011216119761941362
ID_7D7P9D,3.243990152913751e-05,4.2035585492122565e-05,4.5224199854668885e-05,3.243990152913751e-05,4.2035585492122565e-05,4.5224199854668885e-05
ID_C43FWU,0.00018707341723085515,0.0002194173572635973,0.00026886937543122135,0.00018707341723085515,0.0002194173572635973,0.00026886937543122135
ID_42P9TZ,0.0002815087772388206,0.00011756487342480368,0.0002394308548991588,0.0002815087772388206,0.00011756487342480368,0.0002394308548991588
ID_NCE574,2.512834684822847e-05,4.835675091835702e-05,4.968096742114179e-05,2.512834684822847e-05,4.835675091835702e-05,4.968096742114179e-05
ID_ZJBV7B,6.702810217965128e-05,7.443182850552277e-05,0.0001223873629283372,6.702810217965128e-05,7.443182850552277e-05,0.0001223873629283372
ID_2IW233,3.4792643092462646e-05,6.936798819865366e-05,0.00010421416797906733,3.4792643092462646e-05,6.936798819865366e-05,0.00010421416797906733
ID_GQWO42,6.783917845983861e-05,6.235830547968686e-05,0.00010101791853972708,6.783917845983861e-05,6.235830547968686e-05,0.00010101791853972708
ID_R6M083,3.4792643092462646e-05,6.936798819865366e-05,0.00010421416797906733,3.4792643092462646e-05,6.936798819865366e-05,0.00010421416797906733
ID_TLY302,3.166133154031026e-05,5.330039186301843e-05,0.00011216119761941362,3.166133154031026e-05,5.330039186301843e-05,0.00011216119761941362
ID_LT6OU6,4.6320908446942506e-05,0.00029017261014600165,0.00025036663616552463,4.6320908446942506e-05,0.00029017261014600165,0.00025036663616552463
ID_0F7RHU,0.0016822404122985644,0.004600299532449994,0.005398219207150712,0.0016822404122985644,0.004600299532449994,0.005398219207150712
ID_EDMKFB,0.003800683079783796,0.011722195497755588,0.018485369060594184,0.003800683079783796,0.011722195497755588,0.018485369060594184
ID_25FHZZ,0.0685662367789169,0.0689518942089314,0.07155748688735461,0.0685662367789169,0.0689518942089314,0.07155748688735461
ID_1VP0UC,0.001363335460212291,0.0023652327924400408,0.002794362965194527,0.001363335460212291,0.0023652327924400408,0.002794362965194527
ID_MQ3635,0.0004952387455618032,0.0006084325236199797,0.0008680867256529938,0.0004952387455618032,0.0006084325236199797,0.0008680867256529938
ID_RHFPED,0.00013796603523433994,0.00028411150448892826,0.0010177665811172524,0.00013796603523433994,0.00028411150448892826,0.0010177665811172524
ID_RHJPOV,0.0016822404122985644,0.004600299532449994,0.005398219207150712,0.0016822404122985644,0.004600299532449994,0.005398219207150712
ID_8F379N,5.2895288045816455e-05,0.00013780098171210092,0.00047289996732174716,5.2895288045816455e-05,0.00013780098171210092,0.00047289996732174716
ID_LVX4OV,0.21821433655649441,0.27797143593216267,0.3269475609247579,0.21821433655649441,0.27797143593216267,0.3269475609247579
ID_H5M15A,0.0016822404122985644,0.004600299532449994,0.005398219207150712,0.0016822404122985644,0.004600299532449994,0.005398219207150712
ID_LEWKQY,5.7000143345077503e-05,0.00014432308000687197,0.0004836211721610715,5.7000143345077503e-05,0.00014432308000687197,0.0004836211721610715
ID_DY6IPH,0.21821433655649441,0.27797143593216267,0.3269475609247579,0.21821433655649441,0.27797143593216267,0.3269475609247579
ID_E4DAHN,0.0016822404122985644,0.004600299532449994,0.005398219207150712,0.0016822404122985644,0.004600299532449994,0.005398219207150712
ID_Z2FP8D,0.00013796603523433994,0.00028411150448892826,0.0010177665811172524,0.00013796603523433994,0.00028411150448892826,0.0010177665811172524
ID_3MQ2M6,0.00010273569131626046,0.0003006932831535005,0.000988679551685264,0.00010273569131626046,0.0003006932831535005,0.000988679551685264
ID_44QD5W,0.0452755897375949,0.07300117757256092,0.07444476532448144,0.0452755897375949,0.07300117757256092,0.07444476532448144
ID_41T2UA,0.0016916275884938225,0.004645299131258535,0.0050538968952908,0.0016916275884938225,0.004645299131258535,0.0050538968952908
ID_WKIX11,0.00013796603523433994,0.00028411150448892826,0.0010177665811172524,0.00013796603523433994,0.00028411150448892826,0.0010177665811172524
ID_LM76KQ,0.00016147652473405514,0.000845702307926551,0.0018738190224996173,0.00016147652473405514,0.000845702307926551,0.0018738190224996173
ID_0YXFYC,0.0016916275884938225,0.004645299131258535,0.0050538968952908,0.0016916275884938225,0.004645299131258535,0.0050538968952908
ID_WYY6XC,0.00013796603523433994,0.00028411150448892826,0.0010177665811172524,0.00013796603523433994,0.00028411150448892826,0.0010177665811172524
ID_1QBGM5,0.0016822404122985644,0.004600299532449994,0.005398219207150712,0.0016822404122985644,0.004600299532449994,0.005398219207150712
ID_L8X1MO,0.0685662367789169,0.0689518942089314,0.07155748688735461,0.0685662367789169,0.0689518942089314,0.07155748688735461
ID_Z8OE4O,0.0452755897375949,0.07300117757256092,0.07444476532448144,0.0452755897375949,0.07300117757256092,0.07444476532448144
ID_PFTRFZ,0.00013796603523433994,0.00028411150448892826,0.0010177665811172524,0.00013796603523433994,0.00028411150448892826,0.0010177665811172524
ID_WFLX1D,0.0016822404122985644,0.004600299532449994,0.005398219207150712,0.0016822404122985644,0.004600299532449994,0.005398219207150712
ID_3M1E7H,0.0002144975262758499,0.0013781165894353649,0.002527104844944807,0.0002144975262758499,0.0013781165894353649,0.002527104844944807
ID_QBGS5I,0.0016822404122985644,0.004600299532449994,0.005398219207150712,0.0016822404122985644,0.004600299532449994,0.005398219207150712
ID_YQA4VN,0.0004581944714172041,0.0005574997526734485,0.0007037301281178768,0.0004581944714172041,0.0005574997526734485,0.0007037301281178768
ID_F0GA7T,0.00010273569131626046,0.0003006932831535005,0.000988679551685264,0.00010273569131626046,0.0003006932831535005,0.000988679551685264
ID_HZO9J4,0.00013796603523433994,0.00028411150448892826,0.0010177665811172524,0.00013796603523433994,0.00028411150448892826,0.0010177665811172524
ID_ARK4JP,0.000357770352487505,0.0005508559248911486,0.0006431940439677609,0.000357770352487505,0.0005508559248911486,0.0006431940439677609
ID_A8N019,0.013073689046057626,0.012693046042309798,0.016572332985768323,0.013073689046057626,0.012693046042309798,0.016572332985768323
ID_62960A,0.0016822404122985644,0.004600299532449994,0.005398219207150712,0.0016822404122985644,0.004600299532449994,0.005398219207150712
ID_B8VYG3,0.00013796603523433994,0.00028411150448892826,0.0010177665811172524,0.00013796603523433994,0.00028411150448892826,0.0010177665811172524
ID_DUQWFQ,0.00028266619014485623,0.001224922537587701,0.002480396293222696,0.00028266619014485623,0.001224922537587701,0.002480396293222696
ID_S27JQO,0.0008423620691456234,0.0013350222959454033,0.001809937224031511,0.0008423620691456234,0.0013350222959454033,0.001809937224031511
ID_473RDP,5.2895288045816455e-05,0.00013780098171210092,0.00047289996732174716,5.2895288045816455e-05,0.00013780098171210092,0.00047289996732174716
ID_Z1D6V7,0.013073689046057626,0.012693046042309798,0.016572332985768323,0.013073689046057626,0.012693046042309798,0.016572332985768323
ID_YXCK0F,0.00013796603523433994,0.00028411150448892826,0.0010177665811172524,0.00013796603523433994,0.00028411150448892826,0.0010177665811172524
ID_KJ3TCA,0.0016916275884938225,0.004645299131258535,0.0050538968952908,0.0016916275884938225,0.004645299131258535,0.0050538968952908
ID_7Q07MF,0.00010273569131626046,0.0003006932831535005,0.000988679551685264,0.00010273569131626046,0.0003006932831535005,0.000988679551685264
ID_WO830L,0.00013796603523433994,0.00028411150448892826,0.0010177665811172524,0.00013796603523433994,0.00028411150448892826,0.0010177665811172524
ID_JD38LC,0.0685662367789169,0.0689518942089314,0.07155748688735461,0.0685662367789169,0.0689518942089314,0.07155748688735461
ID_4A6IYY,0.0006930230378595045,0.0006642857506436075,0.0009890481670950697,0.0006930230378595045,0.0006642857506436075,0.0009890481670950697
ID_75SAQ1,0.0004581944714172041,0.0005574997526734485,0.0007037301281178768,0.0004581944714172041,0.0005574997526734485,0.0007037301281178768
ID_5OFBIB,0.00013796603523433994,0.00028411150448892826,0.0010177665811172524,0.00013796603523433994,0.00028411150448892826,0.0010177665811172524
ID_ALY7ZZ,0.00013796603523433994,0.00028411150448892826,0.0010177665811172524,0.00013796603523433994,0.00028411150448892826,0.0010177665811172524
ID_00SYAM,0.00010273569131626046,0.0003006932831535005,0.000988679551685264,0.00010273569131626046,0.0003006932831535005,0.000988679551685264
ID_RNR77F,0.0016916275884938225,0.004645299131258535,0.0050538968952908,0.0016916275884938225,0.004645299131258535,0.0050538968952908
ID_ANWPH8,0.0016822404122985644,0.004600299532449994,0.005398219207150712,0.0016822404122985644,0.004600299532449994,0.005398219207150712
ID_U2WF21,5.7000143345077503e-05,0.00014432308000687197,0.0004836211721610715,5.7000143345077503e-05,0.00014432308000687197,0.0004836211721610715
ID_IC7OWJ,5.2895288045816455e-05,0.00013780098171210092,0.00047289996732174716,5.2895288045816455e-05,0.00013780098171210092,0.00047289996732174716
ID_5AS1RL,0.0016916275884938225,0.004645299131258535,0.0050538968952908,0.0016916275884938225,0.004645299131258535,0.0050538968952908
ID_2T7D9G,0.0002144975262758499,0.0013781165894353649,0.002527104844944807,0.0002144975262758499,0.0013781165894353649,0.002527104844944807
ID_HJ5KUJ,0.0016822404122985644,0.004600299532449994,0.005398219207150712,0.0016822404122985644,0.004600299532449994,0.005398219207150712
ID_3GOFCW,0.00013796603523433994,0.00028411150448892826,0.0010177665811172524,0.00013796603523433994,0.00028411150448892826,0.0010177665811172524
ID_7O1I32,5.7000143345077503e-05,0.00014432308000687197,0.0004836211721610715,5.7000143345077503e-05,0.00014432308000687197,0.0004836211721610715
ID_WYA35N,0.033555324883983204,0.02638358272487499,0.027538883987109908,0.033555324883983204,0.02638358272487499,0.027538883987109908
ID_W5DHJ2,0.00013796603523433994,0.00028411150448892826,0.0010177665811172524,0.00013796603523433994,0.00028411150448892826,0.0010177665811172524
ID_T05X66,0.0016916275884938225,0.004645299131258535,0.0050538968952908,0.0016916275884938225,0.004645299131258535,0.0050538968952908
ID_CRM4RV,0.21821433655649441,0.27797143593216267,0.3269475609247579,0.21821433655649441,0.27797143593216267,0.3269475609247579
ID_ITNBRH,0.0452755897375949,0.07300117757256092,0.07444476532448144,0.0452755897375949,0.07300117757256092,0.07444476532448144
ID_UYPZ03,0.0452755897375949,0.07300117757256092,0.07444476532448144,0.0452755897375949,0.07300117757256092,0.07444476532448144
ID_PNZ4JF,0.0004952387455618032,0.0006084325236199797,0.0008680867256529938,0.0004952387455618032,0.0006084325236199797,0.0008680867256529938
ID_F91RCT,0.0016822404122985644,0.004600299532449994,0.005398219207150712,0.0016822404122985644,0.004600299532449994,0.005398219207150712
ID_3XSANB,0.00013796603523433994,0.00028411150448892826,0.0010177665811172524,0.00013796603523433994,0.00028411150448892826,0.0010177665811172524
ID_6J7QV5,0.00013796603523433994,0.00028411150448892826,0.0010177665811172524,0.00013796603523433994,0.00028411150448892826,0.0010177665811172524
ID_P30MQ0,0.001363335460212291,0.0023652327924400408,0.002794362965194527,0.001363335460212291,0.0023652327924400408,0.002794362965194527
ID_JST03I,0.00013796603523433994,0.00028411150448892826,0.0010177665811172524,0.00013796603523433994,0.00028411150448892826,0.0010177665811172524
ID_Z94PSF,0.00013796603523433994,0.00028411150448892826,0.0010177665811172524,0.00013796603523433994,0.00028411150448892826,0.0010177665811172524
ID_OJ2LYR,0.0016916275884938225,0.004645299131258535,0.0050538968952908,0.0016916275884938225,0.004645299131258535,0.0050538968952908
ID_GZ2CK3,9.819277913832955e-05,0.00021782998601342843,0.0007264921006360324,9.819277913832955e-05,0.00021782998601342843,0.0007264921006360324
ID_KNUO6I,1.3104345338943804e-05,1.2094627523429439e-05,1.6515625709048254e-05,1.3104345338943804e-05,1.2094627523429439e-05,1.6515625709048254e-05
ID_DOW1PY,1.8296934796064485e-05,2.1673357765314133e-05,2.4783585778808912e-05,1.8296934796064485e-05,2.1673357765314133e-05,2.4783585778808912e-05
ID_HWML2X,2.151167905920348e-05,2.3616314721001747e-05,2.8424418673551805e-05,2.151167905920348e-05,2.3616314721001747e-05,2.8424418673551805e-05
ID_EVIF8F,1.8249158970765684e-05,1.758538952299599e-05,2.178895217886028e-05,1.8249158970765684e-05,1.758538952299599e-05,2.178895217886028e-05
ID_ENM2XK,1.3104345338943804e-05,1.2094627523429439e-05,1.6515625709048254e-05,1.3104345338943804e-05,1.2094627523429439e-05,1.6515625709048254e-05
ID_48WC8Z,6.572307739112711e-05,9.271085386313006e-05,0.00011952095419540931,6.572307739112711e-05,9.271085386313006e-05,0.00011952095419540931
ID_D326DS,3.0892717932035966e-05,3.0280224433927153e-05,3.0129853635828432e-05,3.0892717932035966e-05,3.0280224433927153e-05,3.0129853635828432e-05
ID_USYVL3,1.7550054000857696e-05,5.604697387242677e-05,0.000127571954620028,1.7550054000857696e-05,5.604697387242677e-05,0.000127571954620028
ID_5TKD3W,1.3104345338943804e-05,1.2094627523429439e-05,1.6515625709048254e-05,1.3104345338943804e-05,1.2094627523429439e-05,1.6515625709048254e-05
ID_0JC6LT,1.0112076872630426e-05,2.0689219396874306e-05,3.260733681811693e-05,1.0112076872630426e-05,2.0689219396874306e-05,3.260733681811693e-05
ID_INW8YA,6.572307739112711e-05,9.271085386313006e-05,0.00011952095419540931,6.572307739112711e-05,9.271085386313006e-05,0.00011952095419540931
ID_ICQGA8,0.00013354138813030013,9.245887665629048e-05,0.00018015549409528594,0.00013354138813030013,9.245887665629048e-05,0.00018015549409528594
ID_IWB0AZ,6.572307739112711e-05,9.271085386313006e-05,0.00011952095419540931,6.572307739112711e-05,9.271085386313006e-05,0.00011952095419540931
ID_GS6GIY,3.706918962270986e-05,4.8392001371618124e-05,3.371628148367851e-05,3.706918962270986e-05,4.8392001371618124e-05,3.371628148367851e-05
ID_YYMTTZ,0.00013354138813030013,9.245887665629048e-05,0.00018015549409528594,0.00013354138813030013,9.245887665629048e-05,0.00018015549409528594
ID_WNL2AW,3.709821371258069e-05,5.2583831271175214e-05,7.50555649131776e-05,3.709821371258069e-05,5.2583831271175214e-05,7.50555649131776e-05
ID_WIPE3M,1.0321319921667007e-05,1.231439770231701e-05,1.60157536819157e-05,1.0321319921667007e-05,1.231439770231701e-05,1.60157536819157e-05
ID_475RRJ,9.667636529402782e-06,1.9347672590430006e-05,2.1886377325682896e-05,9.667636529402782e-06,1.9347672590430006e-05,2.1886377325682896e-05
ID_78W3J6,3.918240486840815e-05,0.00011012408882528169,0.00022335765975791143,3.918240486840815e-05,0.00011012408882528169,0.00022335765975791143
ID_7I6AN6,0.003521991051932507,0.008199559199810707,0.014331291971196449,0.003521991051932507,0.008199559199810707,0.014331291971196449
ID_M32EDR,4.188541834679217e-05,3.614206203855208e-05,3.062506863563701e-05,4.188541834679217e-05,3.614206203855208e-05,3.062506863563701e-05
ID_9AIPRL,6.572307739112711e-05,9.271085386313006e-05,0.00011952095419540931,6.572307739112711e-05,9.271085386313006e-05,0.00011952095419540931
ID_LZ4OU6,1.710507736201896e-05,2.2570333895408666e-05,2.424799362922418e-05,1.710507736201896e-05,2.2570333895408666e-05,2.424799362922418e-05
ID_PR92PR,1.4886491165548999e-05,1.668582586802337e-05,2.0641323068093793e-05,1.4886491165548999e-05,1.668582586802337e-05,2.0641323068093793e-05
ID_6E3A6Z,1.0321319921667007e-05,1.231439770231701e-05,1.60157536819157e-05,1.0321319921667007e-05,1.231439770231701e-05,1.60157536819157e-05
ID_X41NOX,3.709821371258069e-05,5.2583831271175214e-05,7.50555649131776e-05,3.709821371258069e-05,5.2583831271175214e-05,7.50555649131776e-05
ID_FI825B,1.7550054000857696e-05,5.604697387242677e-05,0.000127571954620028,1.7550054000857696e-05,5.604697387242677e-05,0.000127571954620028
ID_89CEYW,1.8296934796064485e-05,2.1673357765314133e-05,2.4783585778808912e-05,1.8296934796064485e-05,2.1673357765314133e-05,2.4783585778808912e-05
ID_7BTHXK,2.151167905920348e-05,2.3616314721001747e-05,2.8424418673551805e-05,2.151167905920348e-05,2.3616314721001747e-05,2.8424418673551805e-05
ID_QZP05P,3.918240486840815e-05,0.00011012408882528169,0.00022335765975791143,3.918240486840815e-05,0.00011012408882528169,0.00022335765975791143
ID_PDTOSK,1.3104345338943804e-05,1.2094627523429439e-05,1.6515625709048254e-05,1.3104345338943804e-05,1.2094627523429439e-05,1.6515625709048254e-05
ID_JSWVHL,1.8296934796064485e-05,2.1673357765314133e-05,2.4783585778808912e-05,1.8296934796064485e-05,2.1673357765314133e-05,2.4783585778808912e-05
ID_0PDI5J,4.469438248954212e-05,8.105226340156668e-05,0.00014473905123655516,4.469438248954212e-05,8.105226340156668e-05,0.00014473905123655516
ID_B8EFZT,2.4855262431775064e-05,3.321037051897454e-05,5.3108989634844925e-05,2.4855262431775064e-05,3.321037051897454e-05,5.3108989634844925e-05
ID_2WABYN,3.918240486840815e-05,0.00011012408882528169,0.00022335765975791143,3.918240486840815e-05,0.00011012408882528169,0.00022335765975791143
ID_JG81AP,1.0321319921667007e-05,1.231439770231701e-05,1.60157536819157e-05,1.0321319921667007e-05,1.231439770231701e-05,1.60157536819157e-05
ID_HWS14O,3.709821371258069e-05,5.2583831271175214e-05,7.50555649131776e-05,3.709821371258069e-05,5.2583831271175214e-05,7.50555649131776e-05
ID_O4F4HX,6.572307739112711e-05,9.271085386313006e-05,0.00011952095419540931,6.572307739112711e-05,9.271085386313006e-05,0.00011952095419540931
ID_19G3H2,3.709821371258069e-05,5.2583831271175214e-05,7.50555649131776e-05,3.709821371258069e-05,5.2583831271175214e-05,7.50555649131776e-05
ID_DVT2Y2,4.469438248954212e-05,8.105226340156668e-05,0.00014473905123655516,4.469438248954212e-05,8.105226340156668e-05,0.00014473905123655516
ID_6R6JX6,3.709821371258069e-05,5.2583831271175214e-05,7.50555649131776e-05,3.709821371258069e-05,5.2583831271175214e-05,7.50555649131776e-05
ID_OWEKY6,1.3104345338943804e-05,1.2094627523429439e-05,1.6515625709048254e-05,1.3104345338943804e-05,1.2094627523429439e-05,1.6515625709048254e-05
ID_5CKDQ8,1.8249158970765684e-05,1.758538952299599e-05,2.178895217886028e-05,1.8249158970765684e-05,1.758538952299599e-05,2.178895217886028e-05
ID_OJSWXZ,1.0321319921667007e-05,1.231439770231701e-05,1.60157536819157e-05,1.0321319921667007e-05,1.231439770231701e-05,1.60157536819157e-05
ID_WH760F,3.709821371258069e-05,5.2583831271175214e-05,7.50555649131776e-05,3.709821371258069e-05,5.2583831271175214e-05,7.50555649131776e-05
ID_I2QI8W,4.469438248954212e-05,8.105226340156668e-05,0.00014473905123655516,4.469438248954212e-05,8.105226340156668e-05,0.00014473905123655516
ID_ZUZ5IB,1.3104345338943804e-05,1.2094627523429439e-05,1.6515625709048254e-05,1.3104345338943804e-05,1.2094627523429439e-05,1.6515625709048254e-05
ID_S21QRP,6.572307739112711e-05,9.271085386313006e-05,0.00011952095419540931,6.572307739112711e-05,9.271085386313006e-05,0.00011952095419540931
ID_NC0DIX,3.709821371258069e-05,5.2583831271175214e-05,7.50555649131776e-05,3.709821371258069e-05,5.2583831271175214e-05,7.50555649131776e-05
ID_R76V65,1.7550054000857696e-05,5.604697387242677e-05,0.000127571954620028,1.7550054000857696e-05,5.604697387242677e-05,0.000127571954620028
ID_HKYOVX,0.0002823570055484106,0.00017007120763980608,0.0003110614393740167,0.0002823570055484106,0.00017007120763980608,0.0003110614393740167
ID_EZT9L4,3.706918962270986e-05,4.8392001371618124e-05,3.371628148367851e-05,3.706918962270986e-05,4.8392001371618124e-05,3.371628148367851e-05
ID_I8C23T,3.709821371258069e-05,5.2583831271175214e-05,7.50555649131776e-05,3.709821371258069e-05,5.2583831271175214e-05,7.50555649131776e-05
ID_UCBT8P,3.709821371258069e-05,5.2583831271175214e-05,7.50555649131776e-05,3.709821371258069e-05,5.2583831271175214e-05,7.50555649131776e-05
ID_4EFHFH,1.3425228431398974e-05,1.735467196325069e-05,1.9760241345884254e-05,1.3425228431398974e-05,1.735467196325069e-05,1.9760241345884254e-05
ID_WJZODY,1.3104345338943804e-05,1.2094627523429439e-05,1.6515625709048254e-05,1.3104345338943804e-05,1.2094627523429439e-05,1.6515625709048254e-05
ID_5O4DK2,1.8249158970765684e-05,1.758538952299599e-05,2.178895217886028e-05,1.8249158970765684e-05,1.758538952299599e-05,2.178895217886028e-05
ID_1QQANC,3.709821371258069e-05,5.2583831271175214e-05,7.50555649131776e-05,3.709821371258069e-05,5.2583831271175214e-05,7.50555649131776e-05
ID_GW57CP,9.667636529402782e-06,1.9347672590430006e-05,2.1886377325682896e-05,9.667636529402782e-06,1.9347672590430006e-05,2.1886377325682896e-05
ID_V5IB8S,1.3104345338943804e-05,1.2094627523429439e-05,1.6515625709048254e-05,1.3104345338943804e-05,1.2094627523429439e-05,1.6515625709048254e-05
ID_6RK6HI,0.003521991051932507,0.008199559199810707,0.014331291971196449,0.003521991051932507,0.008199559199810707,0.014331291971196449
ID_WR3P0Q,3.918240486840815e-05,0.00011012408882528169,0.00022335765975791143,3.918240486840815e-05,0.00011012408882528169,0.00022335765975791143
ID_DHHPAZ,3.709821371258069e-05,5.2583831271175214e-05,7.50555649131776e-05,3.709821371258069e-05,5.2583831271175214e-05,7.50555649131776e-05
ID_0919CJ,3.709821371258069e-05,5.2583831271175214e-05,7.50555649131776e-05,3.709821371258069e-05,5.2583831271175214e-05,7.50555649131776e-05
ID_J841FF,3.709821371258069e-05,5.2583831271175214e-05,7.50555649131776e-05,3.709821371258069e-05,5.2583831271175214e-05,7.50555649131776e-05
ID_KL7CZ1,3.709821371258069e-05,5.2583831271175214e-05,7.50555649131776e-05,3.709821371258069e-05,5.2583831271175214e-05,7.50555649131776e-05
ID_N8STMV,1.8296934796064485e-05,2.1673357765314133e-05,2.4783585778808912e-05,1.8296934796064485e-05,2.1673357765314133e-05,2.4783585778808912e-05
ID_C1JCO4,1.8249158970765684e-05,1.758538952299599e-05,2.178895217886028e-05,1.8249158970765684e-05,1.758538952299599e-05,2.178895217886028e-05
ID_4KNGLU,9.667636529402782e-06,1.9347672590430006e-05,2.1886377325682896e-05,9.667636529402782e-06,1.9347672590430006e-05,2.1886377325682896e-05
ID_LJ63XA,1.3104345338943804e-05,1.2094627523429439e-05,1.6515625709048254e-05,1.3104345338943804e-05,1.2094627523429439e-05,1.6515625709048254e-05
ID_KI0M9B,6.572307739112711e-05,9.271085386313006e-05,0.00011952095419540931,6.572307739112711e-05,9.271085386313006e-05,0.00011952095419540931
ID_BMD6D9,3.918240486840815e-05,0.00011012408882528169,0.00022335765975791143,3.918240486840815e-05,0.00011012408882528169,0.00022335765975791143
ID_QSILOT,1.3104345338943804e-05,1.2094627523429439e-05,1.6515625709048254e-05,1.3104345338943804e-05,1.2094627523429439e-05,1.6515625709048254e-05
ID_K0TAT7,1.1377967117708828e-05,1.9769510011183097e-05,2.9483666937763295e-05,1.1377967117708828e-05,1.9769510011183097e-05,2.9483666937763295e-05
ID_ZM6SCU,1.3104345338943804e-05,1.2094627523429439e-05,1.6515625709048254e-05,1.3104345338943804e-05,1.2094627523429439e-05,1.6515625709048254e-05
ID_2EUTBC,4.469438248954212e-05,8.105226340156668e-05,0.00014473905123655516,4.469438248954212e-05,8.105226340156668e-05,0.00014473905123655516
ID_H4EEPQ,1.710507736201896e-05,2.2570333895408666e-05,2.424799362922418e-05,1.710507736201896e-05,2.2570333895408666e-05,2.424799362922418e-05
ID_GPGXMS,1.8296934796064485e-05,2.1673357765314133e-05,2.4783585778808912e-05,1.8296934796064485e-05,2.1673357765314133e-05,2.4783585778808912e-05
ID_OWB724,2.6974015888368742e-05,3.209781246138871e-05,4.863132094721524e-05,2.6974015888368742e-05,3.209781246138871e-05,4.863132094721524e-05
ID_8XK367,4.469438248954212e-05,8.105226340156668e-05,0.00014473905123655516,4.469438248954212e-05,8.105226340156668e-05,0.00014473905123655516
ID_11KV3S,3.709821371258069e-05,5.2583831271175214e-05,7.50555649131776e-05,3.709821371258069e-05,5.2583831271175214e-05,7.50555649131776e-05
ID_QWOZQ4,3.709821371258069e-05,5.2583831271175214e-05,7.50555649131776e-05,3.709821371258069e-05,5.2583831271175214e-05,7.50555649131776e-05
ID_F6BTEU,3.706918962270986e-05,4.8392001371618124e-05,3.371628148367851e-05,3.706918962270986e-05,4.8392001371618124e-05,3.371628148367851e-05
ID_WUQWL2,3.918240486840815e-05,0.00011012408882528169,0.00022335765975791143,3.918240486840815e-05,0.00011012408882528169,0.00022335765975791143
ID_2LDNB9,3.0892717932035966e-05,3.0280224433927153e-05,3.0129853635828432e-05,3.0892717932035966e-05,3.0280224433927153e-05,3.0129853635828432e-05
ID_CKGVN9,6.572307739112711e-05,9.271085386313006e-05,0.00011952095419540931,6.572307739112711e-05,9.271085386313006e-05,0.00011952095419540931
ID_BBB09D,1.4886491165548999e-05,1.668582586802337e-05,2.0641323068093793e-05,1.4886491165548999e-05,1.668582586802337e-05,2.0641323068093793e-05
ID_KF1S3W,0.01938673484906548,0.05870405057058964,0.10938172484379546,0.01938673484906548,0.05870405057058964,0.10938172484379546
ID_O79B2I,3.709821371258069e-05,5.2583831271175214e-05,7.50555649131776e-05,3.709821371258069e-05,5.2583831271175214e-05,7.50555649131776e-05
ID_VV9U6R,1.4886491165548999e-05,1.668582586802337e-05,2.0641323068093793e-05,1.4886491165548999e-05,1.668582586802337e-05,2.0641323068093793e-05
ID_YJYMCF,0.00013354138813030013,9.245887665629048e-05,0.00018015549409528594,0.00013354138813030013,9.245887665629048e-05,0.00018015549409528594
ID_JR89XU,1.3104345338943804e-05,1.2094627523429439e-05,1.6515625709048254e-05,1.3104345338943804e-05,1.2094627523429439e-05,1.6515625709048254e-05
ID_BKQMY3,1.3104345338943804e-05,1.2094627523429439e-05,1.6515625709048254e-05,1.3104345338943804e-05,1.2094627523429439e-05,1.6515625709048254e-05
ID_WGZT3N,4.469438248954212e-05,8.105226340156668e-05,0.00014473905123655516,4.469438248954212e-05,8.105226340156668e-05,0.00014473905123655516
ID_O53XSO,0.0002823570055484106,0.00017007120763980608,0.0003110614393740167,0.0002823570055484106,0.00017007120763980608,0.0003110614393740167
ID_4B4BTZ,3.709821371258069e-05,5.2583831271175214e-05,7.50555649131776e-05,3.709821371258069e-05,5.2583831271175214e-05,7.50555649131776e-05
ID_1UBHGG,1.8249158970765684e-05,1.758538952299599e-05,2.178895217886028e-05,1.8249158970765684e-05,1.758538952299599e-05,2.178895217886028e-05
ID_9TPR5H,1.3104345338943804e-05,1.2094627523429439e-05,1.6515625709048254e-05,1.3104345338943804e-05,1.2094627523429439e-05,1.6515625709048254e-05
ID_PHORWR,1.0112076872630426e-05,2.0689219396874306e-05,3.260733681811693e-05,1.0112076872630426e-05,2.0689219396874306e-05,3.260733681811693e-05
ID_8LZPFU,1.4699791769223589e-05,2.2923153463623425e-05,2.7551418123603718e-05,1.4699791769223589e-05,2.2923153463623425e-05,2.7551418123603718e-05
ID_EELQZS,1.8249158970765684e-05,1.758538952299599e-05,2.178895217886028e-05,1.8249158970765684e-05,1.758538952299599e-05,2.178895217886028e-05
ID_R92G3Q,6.572307739112711e-05,9.271085386313006e-05,0.00011952095419540931,6.572307739112711e-05,9.271085386313006e-05,0.00011952095419540931
ID_KT51IW,0.003521991051932507,0.008199559199810707,0.014331291971196449,0.003521991051932507,0.008199559199810707,0.014331291971196449
ID_Y5D83X,1.0321319921667007e-05,1.231439770231701e-05,1.60157536819157e-05,1.0321319921667007e-05,1.231439770231701e-05,1.60157536819157e-05
ID_NNYC99,1.710507736201896e-05,2.2570333895408666e-05,2.424799362922418e-05,1.710507736201896e-05,2.2570333895408666e-05,2.424799362922418e-05
ID_H7MJ3S,3.0892717932035966e-05,3.0280224433927153e-05,3.0129853635828432e-05,3.0892717932035966e-05,3.0280224433927153e-05,3.0129853635828432e-05
ID_CIHIWL,1.0321319921667007e-05,1.231439770231701e-05,1.60157536819157e-05,1.0321319921667007e-05,1.231439770231701e-05,1.60157536819157e-05
ID_ZYM82A,9.667636529402782e-06,1.9347672590430006e-05,2.1886377325682896e-05,9.667636529402782e-06,1.9347672590430006e-05,2.1886377325682896e-05
ID_HCCTFN,1.0112076872630426e-05,2.0689219396874306e-05,3.260733681811693e-05,1.0112076872630426e-05,2.0689219396874306e-05,3.260733681811693e-05
ID_71RVRZ,3.709821371258069e-05,5.2583831271175214e-05,7.50555649131776e-05,3.709821371258069e-05,5.2583831271175214e-05,7.50555649131776e-05
ID_PZHU8F,0.014633278618423489,0.02892463528802795,0.043223712059499306,0.014633278618423489,0.02892463528802795,0.043223712059499306
ID_1DWT84,0.003521991051932507,0.008199559199810707,0.014331291971196449,0.003521991051932507,0.008199559199810707,0.014331291971196449
ID_5I0I2K,1.3104345338943804e-05,1.2094627523429439e-05,1.6515625709048254e-05,1.3104345338943804e-05,1.2094627523429439e-05,1.6515625709048254e-05
ID_ZY3YB7,3.918240486840815e-05,0.00011012408882528169,0.00022335765975791143,3.918240486840815e-05,0.00011012408882528169,0.00022335765975791143
ID_OZV41J,3.709821371258069e-05,5.2583831271175214e-05,7.50555649131776e-05,3.709821371258069e-05,5.2583831271175214e-05,7.50555649131776e-05
ID_Q0SPQ2,1.3104345338943804e-05,1.2094627523429439e-05,1.6515625709048254e-05,1.3104345338943804e-05,1.2094627523429439e-05,1.6515625709048254e-05
ID_X5CALQ,1.710507736201896e-05,2.2570333895408666e-05,2.424799362922418e-05,1.710507736201896e-05,2.2570333895408666e-05,2.424799362922418e-05
ID_ZLSF1Q,1.8296934796064485e-05,2.1673357765314133e-05,2.4783585778808912e-05,1.8296934796064485e-05,2.1673357765314133e-05,2.4783585778808912e-05
ID_X0QGMF,3.706918962270986e-05,4.8392001371618124e-05,3.371628148367851e-05,3.706918962270986e-05,4.8392001371618124e-05,3.371628148367851e-05
ID_P3URU3,1.3104345338943804e-05,1.2094627523429439e-05,1.6515625709048254e-05,1.3104345338943804e-05,1.2094627523429439e-05,1.6515625709048254e-05
ID_WD7CSJ,4.469438248954212e-05,8.105226340156668e-05,0.00014473905123655516,4.469438248954212e-05,8.105226340156668e-05,0.00014473905123655516
ID_OP2YUN,3.709821371258069e-05,5.2583831271175214e-05,7.50555649131776e-05,3.709821371258069e-05,5.2583831271175214e-05,7.50555649131776e-05
ID_TS28A2,3.0892717932035966e-05,3.0280224433927153e-05,3.0129853635828432e-05,3.0892717932035966e-05,3.0280224433927153e-05,3.0129853635828432e-05
ID_EUSUFK,1.710507736201896e-05,2.2570333895408666e-05,2.424799362922418e-05,1.710507736201896e-05,2.2570333895408666e-05,2.424799362922418e-05
ID_VTZ497,0.01938673484906548,0.05870405057058964,0.10938172484379546,0.01938673484906548,0.05870405057058964,0.10938172484379546
ID_KJVX1G,3.918240486840815e-05,0.00011012408882528169,0.00022335765975791143,3.918240486840815e-05,0.00011012408882528169,0.00022335765975791143
ID_25E701,0.00013354138813030013,9.245887665629048e-05,0.00018015549409528594,0.00013354138813030013,9.245887665629048e-05,0.00018015549409528594
ID_U9FC9H,3.709821371258069e-05,5.2583831271175214e-05,7.50555649131776e-05,3.709821371258069e-05,5.2583831271175214e-05,7.50555649131776e-05
ID_0KWKO6,1.0112076872630426e-05,2.0689219396874306e-05,3.260733681811693e-05,1.0112076872630426e-05,2.0689219396874306e-05,3.260733681811693e-05
ID_NA80NQ,4.469438248954212e-05,8.105226340156668e-05,0.00014473905123655516,4.469438248954212e-05,8.105226340156668e-05,0.00014473905123655516
ID_SEZMK4,3.709821371258069e-05,5.2583831271175214e-05,7.50555649131776e-05,3.709821371258069e-05,5.2583831271175214e-05,7.50555649131776e-05
ID_EUISRV,4.188541834679217e-05,3.614206203855208e-05,3.062506863563701e-05,4.188541834679217e-05,3.614206203855208e-05,3.062506863563701e-05
ID_5XO6JY,1.8296934796064485e-05,2.1673357765314133e-05,2.4783585778808912e-05,1.8296934796064485e-05,2.1673357765314133e-05,2.4783585778808912e-05
ID_EK7ZWC,1.8296934796064485e-05,2.1673357765314133e-05,2.4783585778808912e-05,1.8296934796064485e-05,2.1673357765314133e-05,2.4783585778808912e-05
ID_V796K5,7.91572444401904e-05,9.052339844276947e-05,0.00018871496688084246,7.91572444401904e-05,9.052339844276947e-05,0.00018871496688084246
ID_Y827KG,7.91572444401904e-05,9.052339844276947e-05,0.00018871496688084246,7.91572444401904e-05,9.052339844276947e-05,0.00018871496688084246
ID_2HM4QW,7.91572444401904e-05,9.052339844276947e-05,0.00018871496688084246,7.91572444401904e-05,9.052339844276947e-05,0.00018871496688084246
ID_SCXJL3,7.91572444401904e-05,9.052339844276947e-05,0.00018871496688084246,7.91572444401904e-05,9.052339844276947e-05,0.00018871496688084246
ID_JZPTYE,7.91572444401904e-05,9.052339844276947e-05,0.00018871496688084246,7.91572444401904e-05,9.052339844276947e-05,0.00018871496688084246
ID_Q2IGYG,7.91572444401904e-05,9.052339844276947e-05,0.00018871496688084246,7.91572444401904e-05,9.052339844276947e-05,0.00018871496688084246
ID_M4NSBL,7.91572444401904e-05,9.052339844276947e-05,0.00018871496688084246,7.91572444401904e-05,9.052339844276947e-05,0.00018871496688084246
ID_ZEY77T,7.91572444401904e-05,9.052339844276947e-05,0.00018871496688084246,7.91572444401904e-05,9.052339844276947e-05,0.00018871496688084246
ID_0GZHJB,7.91572444401904e-05,9.052339844276947e-05,0.00018871496688084246,7.91572444401904e-05,9.052339844276947e-05,0.00018871496688084246
ID_O98AFI,7.91572444401904e-05,9.052339844276947e-05,0.00018871496688084246,7.91572444401904e-05,9.052339844276947e-05,0.00018871496688084246
ID_GTVZ8B,7.91572444401904e-05,9.052339844276947e-05,0.00018871496688084246,7.91572444401904e-05,9.052339844276947e-05,0.00018871496688084246
ID_TUWRO6,8.789414709590335e-05,0.00020867051902763271,0.00038400825567259076,8.789414709590335e-05,0.00020867051902763271,0.00038400825567259076
ID_53NI04,7.91572444401904e-05,9.052339844276947e-05,0.00018871496688084246,7.91572444401904e-05,9.052339844276947e-05,0.00018871496688084246
ID_G8ISGB,7.91572444401904e-05,9.052339844276947e-05,0.00018871496688084246,7.91572444401904e-05,9.052339844276947e-05,0.00018871496688084246
ID_NO0C5D,7.91572444401904e-05,9.052339844276947e-05,0.00018871496688084246,7.91572444401904e-05,9.052339844276947e-05,0.00018871496688084246
ID_HPAY1U,7.91572444401904e-05,9.052339844276947e-05,0.00018871496688084246,7.91572444401904e-05,9.052339844276947e-05,0.00018871496688084246
ID_VYY1I9,7.91572444401904e-05,9.052339844276947e-05,0.00018871496688084246,7.91572444401904e-05,9.052339844276947e-05,0.00018871496688084246
ID_05VYW1,7.91572444401904e-05,9.052339844276947e-05,0.00018871496688084246,7.91572444401904e-05,9.052339844276947e-05,0.00018871496688084246
ID_QMN5FR,7.91572444401904e-05,9.052339844276947e-05,0.00018871496688084246,7.91572444401904e-05,9.052339844276947e-05,0.00018871496688084246
ID_DTD1QY,8.789414709590335e-05,0.00020867051902763271,0.00038400825567259076,8.789414709590335e-05,0.00020867051902763271,0.00038400825567259076
ID_3HTURM,7.91572444401904e-05,9.052339844276947e-05,0.00018871496688084246,7.91572444401904e-05,9.052339844276947e-05,0.00018871496688084246
ID_58WL51,7.91572444401904e-05,9.052339844276947e-05,0.00018871496688084246,7.91572444401904e-05,9.052339844276947e-05,0.00018871496688084246
ID_EWS3VY,7.91572444401904e-05,9.052339844276947e-05,0.00018871496688084246,7.91572444401904e-05,9.052339844276947e-05,0.00018871496688084246
ID_WIZJEA,7.91572444401904e-05,9.052339844276947e-05,0.00018871496688084246,7.91572444401904e-05,9.052339844276947e-05,0.00018871496688084246
ID_3TOQ4O,7.91572444401904e-05,9.052339844276947e-05,0.00018871496688084246,7.91572444401904e-05,9.052339844276947e-05,0.00018871496688084246
ID_065SOK,0.08755267057274882,0.16528311345029306,0.27932964146339767,0.08755267057274882,0.16528311345029306,0.27932964146339767
ID_U016SO,0.023634101888045145,0.22490943132582908,0.6779593984816052,0.023634101888045145,0.22490943132582908,0.6779593984816052
ID_CNKSHK,0.31611747374533494,0.33360298477074185,0.4492862060843777,0.31611747374533494,0.33360298477074185,0.4492862060843777
ID_Z84N1L,0.08304514807184606,0.19398345785440324,0.24392604188270908,0.08304514807184606,0.19398345785440324,0.24392604188270908
ID_R0KEPU,0.08304514807184606,0.19398345785440324,0.24392604188270908,0.08304514807184606,0.19398345785440324,0.24392604188270908
ID_Y7BC44,0.3573353782346279,0.458137379743795,0.43670407268213945,0.3573353782346279,0.458137379743795,0.43670407268213945
ID_8TH4YE,0.08755267057274882,0.16528311345029306,0.27932964146339767,0.08755267057274882,0.16528311345029306,0.27932964146339767
ID_HRAQSM,0.00034205255057608757,0.00019353347329434568,0.00047361365406733155,0.00034205255057608757,0.00019353347329434568,0.00047361365406733155
ID_UZLDLE,0.00010357757335860947,0.0001291874864054922,0.0004218870262505562,0.00010357757335860947,0.0001291874864054922,0.0004218870262505562
ID_6IHIP0,0.00023496647093672606,0.00022293908849382952,0.001131548559612699,0.00023496647093672606,0.00022293908849382952,0.001131548559612699
ID_J0QHSL,0.00037907217040213575,0.00020623641887940327,0.0010044217251750898,0.00037907217040213575,0.00020623641887940327,0.0010044217251750898
ID_HBC5QX,0.00010357757335860947,0.0001291874864054922,0.0004218870262505562,0.00010357757335860947,0.0001291874864054922,0.0004218870262505562
ID_J3EJ0R,0.00034205255057608757,0.00019353347329434568,0.00047361365406733155,0.00034205255057608757,0.00019353347329434568,0.00047361365406733155
ID_HO7OER,0.00034205255057608757,0.00019353347329434568,0.00047361365406733155,0.00034205255057608757,0.00019353347329434568,0.00047361365406733155
ID_ZM023T,0.0001207443716937635,0.0001402695442616403,0.000421738285337329,0.0001207443716937635,0.0001402695442616403,0.000421738285337329
ID_1ANEBT,0.0004985031798021517,0.0006900408788763049,0.0017778342925369825,0.0004985031798021517,0.0006900408788763049,0.0017778342925369825
ID_OGR2VR,0.0001207443716937635,0.0001402695442616403,0.000421738285337329,0.0001207443716937635,0.0001402695442616403,0.000421738285337329
ID_9B87OV,0.27533597558080786,0.2938590828699551,0.3278786657385736,0.27533597558080786,0.2938590828699551,0.3278786657385736
ID_HJT0CJ,0.0004985031798021517,0.0006900408788763049,0.0017778342925369825,0.0004985031798021517,0.0006900408788763049,0.0017778342925369825
ID_775Y66,0.20569548138639396,0.28508797480891684,0.3279722453749131,0.20569548138639396,0.28508797480891684,0.3279722453749131
ID_Q04AX8,0.0003246872080840643,0.00041789288565203034,0.0009083342287154539,0.0003246872080840643,0.00041789288565203034,0.0009083342287154539
ID_VXCY4G,0.00023496647093672606,0.00022293908849382952,0.001131548559612699,0.00023496647093672606,0.00022293908849382952,0.001131548559612699
ID_SSO9SH,0.00023496647093672606,0.00022293908849382952,0.001131548559612699,0.00023496647093672606,0.00022293908849382952,0.001131548559612699
ID_RIZUYK,0.00010357757335860947,0.0001291874864054922,0.0004218870262505562,0.00010357757335860947,0.0001291874864054922,0.0004218870262505562
ID_S6WJDK,0.00010357757335860947,0.0001291874864054922,0.0004218870262505562,0.00010357757335860947,0.0001291874864054922,0.0004218870262505562
ID_K59VOO,0.00037907217040213575,0.00020623641887940327,0.0010044217251750898,0.00037907217040213575,0.00020623641887940327,0.0010044217251750898
ID_DHVX41,0.00010357757335860947,0.0001291874864054922,0.0004218870262505562,0.00010357757335860947,0.0001291874864054922,0.0004218870262505562
ID_GBOV5S,0.0001207443716937635,0.0001402695442616403,0.000421738285337329,0.0001207443716937635,0.0001402695442616403,0.000421738285337329
ID_06KAJU,0.34798199269464547,0.2684751558789676,0.27511824139828006,0.34798199269464547,0.2684751558789676,0.27511824139828006
ID_04DJLK,0.00023496647093672606,0.00022293908849382952,0.001131548559612699,0.00023496647093672606,0.00022293908849382952,0.001131548559612699
ID_I85AHY,0.00037907217040213575,0.00020623641887940327,0.0010044217251750898,0.00037907217040213575,0.00020623641887940327,0.0010044217251750898
ID_W5OFQ8,0.00034205255057608757,0.00019353347329434568,0.00047361365406733155,0.00034205255057608757,0.00019353347329434568,0.00047361365406733155
ID_ROZN49,0.00023496647093672606,0.00022293908849382952,0.001131548559612699,0.00023496647093672606,0.00022293908849382952,0.001131548559612699
ID_O99TDC,0.00023496647093672606,0.00022293908849382952,0.001131548559612699,0.00023496647093672606,0.00022293908849382952,0.001131548559612699
ID_9VAPA3,0.00023496647093672606,0.00022293908849382952,0.001131548559612699,0.00023496647093672606,0.00022293908849382952,0.001131548559612699
ID_9Q3QYV,0.00010357757335860947,0.0001291874864054922,0.0004218870262505562,0.00010357757335860947,0.0001291874864054922,0.0004218870262505562
ID_VCDH1M,0.0001207443716937635,0.0001402695442616403,0.000421738285337329,0.0001207443716937635,0.0001402695442616403,0.000421738285337329
ID_1UREW6,0.00023496647093672606,0.00022293908849382952,0.001131548559612699,0.00023496647093672606,0.00022293908849382952,0.001131548559612699
ID_NHXVVR,0.0001207443716937635,0.0001402695442616403,0.000421738285337329,0.0001207443716937635,0.0001402695442616403,0.000421738285337329
ID_HYYD9X,0.0003246872080840643,0.00041789288565203034,0.0009083342287154539,0.0003246872080840643,0.00041789288565203034,0.0009083342287154539
ID_S9EWZ6,0.00023496647093672606,0.00022293908849382952,0.001131548559612699,0.00023496647093672606,0.00022293908849382952,0.001131548559612699
ID_3OK7WP,0.00037907217040213575,0.00020623641887940327,0.0010044217251750898,0.00037907217040213575,0.00020623641887940327,0.0010044217251750898
ID_NZU26W,0.0004985031798021517,0.0006900408788763049,0.0017778342925369825,0.0004985031798021517,0.0006900408788763049,0.0017778342925369825
ID_QSKDPI,0.0001207443716937635,0.0001402695442616403,0.000421738285337329,0.0001207443716937635,0.0001402695442616403,0.000421738285337329
ID_AUEQB1,0.0003246872080840643,0.00041789288565203034,0.0009083342287154539,0.0003246872080840643,0.00041789288565203034,0.0009083342287154539
ID_1KJ6HF,0.00023496647093672606,0.00022293908849382952,0.001131548559612699,0.00023496647093672606,0.00022293908849382952,0.001131548559612699
ID_9T9YY4,0.0001207443716937635,0.0001402695442616403,0.000421738285337329,0.0001207443716937635,0.0001402695442616403,0.000421738285337329
ID_DCQ2HB,0.0001207443716937635,0.0001402695442616403,0.000421738285337329,0.0001207443716937635,0.0001402695442616403,0.000421738285337329
ID_ZNSKYP,0.0001207443716937635,0.0001402695442616403,0.000421738285337329,0.0001207443716937635,0.0001402695442616403,0.000421738285337329
ID_B97PWM,0.00037907217040213575,0.00020623641887940327,0.0010044217251750898,0.00037907217040213575,0.00020623641887940327,0.0010044217251750898
ID_SSTMBL,0.0001207443716937635,0.0001402695442616403,0.000421738285337329,0.0001207443716937635,0.0001402695442616403,0.000421738285337329
ID_UC68W2,0.00034205255057608757,0.00019353347329434568,0.00047361365406733155,0.00034205255057608757,0.00019353347329434568,0.00047361365406733155
ID_ABA2EL,0.0001207443716937635,0.0001402695442616403,0.000421738285337329,0.0001207443716937635,0.0001402695442616403,0.000421738285337329
ID_C2EX4C,0.0001207443716937635,0.0001402695442616403,0.000421738285337329,0.0001207443716937635,0.0001402695442616403,0.000421738285337329
ID_9A0ZFU,0.0001184893963306763,0.00011499979801470673,0.0002868590158781723,0.0001184893963306763,0.00011499979801470673,0.0002868590158781723
ID_1SUIYY,0.00037907217040213575,0.00020623641887940327,0.0010044217251750898,0.00037907217040213575,0.00020623641887940327,0.0010044217251750898
ID_OYD76O,0.0001207443716937635,0.0001402695442616403,0.000421738285337329,0.0001207443716937635,0.0001402695442616403,0.000421738285337329
ID_KB433X,0.00010357757335860947,0.0001291874864054922,0.0004218870262505562,0.00010357757335860947,0.0001291874864054922,0.0004218870262505562
ID_ZQLRCB,0.20569548138639396,0.28508797480891684,0.3279722453749131,0.20569548138639396,0.28508797480891684,0.3279722453749131
ID_B52MTK,0.0001207443716937635,0.0001402695442616403,0.000421738285337329,0.0001207443716937635,0.0001402695442616403,0.000421738285337329
ID_TH3FZH,0.0001207443716937635,0.0001402695442616403,0.000421738285337329,0.0001207443716937635,0.0001402695442616403,0.000421738285337329
ID_F6UFCA,0.00010357757335860947,0.0001291874864054922,0.0004218870262505562,0.00010357757335860947,0.0001291874864054922,0.0004218870262505562
ID_M460YA,0.0001368596428748373,0.00025834670139814964,0.0008421225236560053,0.0001368596428748373,0.00025834670139814964,0.0008421225236560053
ID_RGMKFC,0.0001207443716937635,0.0001402695442616403,0.000421738285337329,0.0001207443716937635,0.0001402695442616403,0.000421738285337329
ID_HYF240,0.00034205255057608757,0.00019353347329434568,0.00047361365406733155,0.00034205255057608757,0.00019353347329434568,0.00047361365406733155
ID_F4Z9QP,0.0003246872080840643,0.00041789288565203034,0.0009083342287154539,0.0003246872080840643,0.00041789288565203034,0.0009083342287154539
ID_NP3XTP,0.00037907217040213575,0.00020623641887940327,0.0010044217251750898,0.00037907217040213575,0.00020623641887940327,0.0010044217251750898
ID_4RB4RW,0.0001207443716937635,0.0001402695442616403,0.000421738285337329,0.0001207443716937635,0.0001402695442616403,0.000421738285337329
ID_28Y3QD,0.0001207443716937635,0.0001402695442616403,0.000421738285337329,0.0001207443716937635,0.0001402695442616403,0.000421738285337329
ID_8V1UTS,0.00037907217040213575,0.00020623641887940327,0.0010044217251750898,0.00037907217040213575,0.00020623641887940327,0.0010044217251750898
ID_Y3B64A,0.00034205255057608757,0.00019353347329434568,0.00047361365406733155,0.00034205255057608757,0.00019353347329434568,0.00047361365406733155
ID_U3CTLW,0.0001207443716937635,0.0001402695442616403,0.000421738285337329,0.0001207443716937635,0.0001402695442616403,0.000421738285337329
ID_HIYHM9,0.00037907217040213575,0.00020623641887940327,0.0010044217251750898,0.00037907217040213575,0.00020623641887940327,0.0010044217251750898
ID_0LI4KO,0.0003246872080840643,0.00041789288565203034,0.0009083342287154539,0.0003246872080840643,0.00041789288565203034,0.0009083342287154539
ID_WZY98V,0.0001207443716937635,0.0001402695442616403,0.000421738285337329,0.0001207443716937635,0.0001402695442616403,0.000421738285337329
ID_D3WNMR,0.0001207443716937635,0.0001402695442616403,0.000421738285337329,0.0001207443716937635,0.0001402695442616403,0.000421738285337329
ID_C4A9AI,0.0001368596428748373,0.00025834670139814964,0.0008421225236560053,0.0001368596428748373,0.00025834670139814964,0.0008421225236560053
ID_9DMQEB,6.875783407174565e-05,0.00011061139492403265,0.00013649572710966424,6.875783407174565e-05,0.00011061139492403265,0.00013649572710966424
ID_WYTA25,2.477754939177814e-05,7.203438211301238e-05,0.00019919322367348166,2.477754939177814e-05,7.203438211301238e-05,0.00019919322367348166
ID_ZJP4KO,2.477754939177814e-05,7.203438211301238e-05,0.00019919322367348166,2.477754939177814e-05,7.203438211301238e-05,0.00019919322367348166
ID_48E1RE,2.477754939177814e-05,7.203438211301238e-05,0.00019919322367348166,2.477754939177814e-05,7.203438211301238e-05,0.00019919322367348166
ID_2Q7ZYF,0.00014076715596288904,0.0001775665579531704,0.00014779536725026993,0.00014076715596288904,0.0001775665579531704,0.00014779536725026993
ID_M3E6DB,0.00014076715596288904,0.0001775665579531704,0.00014779536725026993,0.00014076715596288904,0.0001775665579531704,0.00014779536725026993
ID_RBQL63,6.875783407174565e-05,0.00011061139492403265,0.00013649572710966424,6.875783407174565e-05,0.00011061139492403265,0.00013649572710966424
ID_I06XZJ,2.477754939177814e-05,7.203438211301238e-05,0.00019919322367348166,2.477754939177814e-05,7.203438211301238e-05,0.00019919322367348166
ID_LHAJ16,3.099095467925411e-05,0.00011083691599229117,0.0005042828231101344,3.099095467925411e-05,0.00011083691599229117,0.0005042828231101344
ID_XRH4M1,2.5760935862817642e-05,8.114520261220112e-05,0.0001674923602754369,2.5760935862817642e-05,8.114520261220112e-05,0.0001674923602754369
ID_L6E64E,2.477754939177814e-05,7.203438211301238e-05,0.00019919322367348166,2.477754939177814e-05,7.203438211301238e-05,0.00019919322367348166
ID_9FOGDZ,0.00017757050809514798,0.0001670208641667534,0.00012220663031201794,0.00017757050809514798,0.0001670208641667534,0.00012220663031201794
ID_CQUX2K,3.70429213060855e-05,0.00016128732841408076,0.0002603253849476271,3.70429213060855e-05,0.00016128732841408076,0.0002603253849476271
ID_4VKQYU,2.258059322462673e-05,0.00012900194966573462,0.00020996738999224567,2.258059322462673e-05,0.00012900194966573462,0.00020996738999224567
ID_KNBOAS,2.5438637460147008e-05,6.145269515986222e-05,0.00022145991119763546,2.5438637460147008e-05,6.145269515986222e-05,0.00022145991119763546
ID_Y3QY4K,3.099095467925411e-05,0.00011083691599229117,0.0005042828231101344,3.099095467925411e-05,0.00011083691599229117,0.0005042828231101344
ID_UHZ22Y,1.9894495742812147e-05,6.441203240217898e-05,0.00011860265001499455,1.9894495742812147e-05,6.441203240217898e-05,0.00011860265001499455
ID_WVHSDA,0.00014076715596288904,0.0001775665579531704,0.00014779536725026993,0.00014076715596288904,0.0001775665579531704,0.00014779536725026993
ID_LDDHLU,4.889134800739278e-05,0.00010344307658438142,9.150104571526129e-05,4.889134800739278e-05,0.00010344307658438142,9.150104571526129e-05
ID_AGSGHY,2.3685313039148915e-05,3.977267362052614e-05,8.438581659363448e-05,2.3685313039148915e-05,3.977267362052614e-05,8.438581659363448e-05
ID_X2SDKG,3.099095467925411e-05,0.00011083691599229117,0.0005042828231101344,3.099095467925411e-05,0.00011083691599229117,0.0005042828231101344
ID_S90MML,3.439510391191863e-05,5.836846418071812e-05,0.00047182478760506393,3.439510391191863e-05,5.836846418071812e-05,0.00047182478760506393
ID_MG05UN,2.477754939177814e-05,7.203438211301238e-05,0.00019919322367348166,2.477754939177814e-05,7.203438211301238e-05,0.00019919322367348166
ID_O973KK,3.099095467925411e-05,0.00011083691599229117,0.0005042828231101344,3.099095467925411e-05,0.00011083691599229117,0.0005042828231101344
ID_ZPW7TK,2.477754939177814e-05,7.203438211301238e-05,0.00019919322367348166,2.477754939177814e-05,7.203438211301238e-05,0.00019919322367348166
ID_PJJ2OK,3.099095467925411e-05,0.00011083691599229117,0.0005042828231101344,3.099095467925411e-05,0.00011083691599229117,0.0005042828231101344
ID_KEZP3H,2.477754939177814e-05,7.203438211301238e-05,0.00019919322367348166,2.477754939177814e-05,7.203438211301238e-05,0.00019919322367348166
ID_82XV8F,2.258059322462673e-05,0.00012900194966573462,0.00020996738999224567,2.258059322462673e-05,0.00012900194966573462,0.00020996738999224567
ID_KHQLO9,2.7111019880806628e-05,0.0001138548588284526,0.00012655107664319743,2.7111019880806628e-05,0.0001138548588284526,0.00012655107664319743
ID_BOVGVS,2.258059322462673e-05,0.00012900194966573462,0.00020996738999224567,2.258059322462673e-05,0.00012900194966573462,0.00020996738999224567
ID_1FCLJQ,2.5438637460147008e-05,6.145269515986222e-05,0.00022145991119763546,2.5438637460147008e-05,6.145269515986222e-05,0.00022145991119763546
ID_MLL86Y,0.00017757050809514798,0.0001670208641667534,0.00012220663031201794,0.00017757050809514798,0.0001670208641667534,0.00012220663031201794
ID_HCWZN6,2.5438637460147008e-05,6.145269515986222e-05,0.00022145991119763546,2.5438637460147008e-05,6.145269515986222e-05,0.00022145991119763546
ID_607D9L,0.00019290298658346505,0.00589946824935945,0.010624589830178516,0.00019290298658346505,0.00589946824935945,0.010624589830178516
ID_7L24AW,2.477754939177814e-05,7.203438211301238e-05,0.00019919322367348166,2.477754939177814e-05,7.203438211301238e-05,0.00019919322367348166
ID_1I1DP1,3.099095467925411e-05,0.00011083691599229117,0.0005042828231101344,3.099095467925411e-05,0.00011083691599229117,0.0005042828231101344
ID_Q7IOB2,0.0002823787047484132,0.000360883240570772,0.0003020678543549779,0.0002823787047484132,0.000360883240570772,0.0003020678543549779
ID_S1PMMH,2.5438637460147008e-05,6.145269515986222e-05,0.00022145991119763546,2.5438637460147008e-05,6.145269515986222e-05,0.00022145991119763546
ID_0BCHBA,0.00014076715596288904,0.0001775665579531704,0.00014779536725026993,0.00014076715596288904,0.0001775665579531704,0.00014779536725026993
ID_7YF5AP,3.70429213060855e-05,0.00016128732841408076,0.0002603253849476271,3.70429213060855e-05,0.00016128732841408076,0.0002603253849476271
ID_MQJX8F,9.255478041394956e-05,0.00015588847483506831,0.00017497759162969867,9.255478041394956e-05,0.00015588847483506831,0.00017497759162969867
ID_SW0MA1,2.477754939177814e-05,7.203438211301238e-05,0.00019919322367348166,2.477754939177814e-05,7.203438211301238e-05,0.00019919322367348166
ID_1F0IDO,2.7111019880806628e-05,0.0001138548588284526,0.00012655107664319743,2.7111019880806628e-05,0.0001138548588284526,0.00012655107664319743
ID_ZCWDBM,2.258059322462673e-05,0.00012900194966573462,0.00020996738999224567,2.258059322462673e-05,0.00012900194966573462,0.00020996738999224567
ID_BYW2CL,0.00010267003733642766,0.00016157864917258028,0.0001251200309483801,0.00010267003733642766,0.00016157864917258028,0.0001251200309483801
ID_CGSEQY,3.198107890497365e-05,9.763219520293311e-05,0.00013983424230371743,3.198107890497365e-05,9.763219520293311e-05,0.00013983424230371743
ID_MM2BWN,2.8665678311056196e-05,0.0001437197998654576,0.00023343288201863876,2.8665678311056196e-05,0.0001437197998654576,0.00023343288201863876
ID_PR6GCS,2.5760935862817642e-05,8.114520261220112e-05,0.0001674923602754369,2.5760935862817642e-05,8.114520261220112e-05,0.0001674923602754369
ID_5T6WFW,3.099095467925411e-05,0.00011083691599229117,0.0005042828231101344,3.099095467925411e-05,0.00011083691599229117,0.0005042828231101344
ID_VT7750,2.7111019880806628e-05,0.0001138548588284526,0.00012655107664319743,2.7111019880806628e-05,0.0001138548588284526,0.00012655107664319743
ID_URURAN,3.150716770171815e-05,4.005605822834753e-05,8.703672216026033e-05,3.150716770171815e-05,4.005605822834753e-05,8.703672216026033e-05
ID_FQKEBR,2.5438637460147008e-05,6.145269515986222e-05,0.00022145991119763546,2.5438637460147008e-05,6.145269515986222e-05,0.00022145991119763546
ID_XC2X41,2.5760935862817642e-05,8.114520261220112e-05,0.0001674923602754369,2.5760935862817642e-05,8.114520261220112e-05,0.0001674923602754369
ID_T8SKEP,2.477754939177814e-05,7.203438211301238e-05,0.00019919322367348166,2.477754939177814e-05,7.203438211301238e-05,0.00019919322367348166
ID_ZD760Q,2.5760935862817642e-05,8.114520261220112e-05,0.0001674923602754369,2.5760935862817642e-05,8.114520261220112e-05,0.0001674923602754369
ID_ZDW4YS,2.477754939177814e-05,7.203438211301238e-05,0.00019919322367348166,2.477754939177814e-05,7.203438211301238e-05,0.00019919322367348166
ID_4SE3OH,3.150716770171815e-05,4.005605822834753e-05,8.703672216026033e-05,3.150716770171815e-05,4.005605822834753e-05,8.703672216026033e-05
ID_8ZJKZ8,3.439510391191863e-05,5.836846418071812e-05,0.00047182478760506393,3.439510391191863e-05,5.836846418071812e-05,0.00047182478760506393
ID_C0J4MJ,3.099095467925411e-05,0.00011083691599229117,0.0005042828231101344,3.099095467925411e-05,0.00011083691599229117,0.0005042828231101344
ID_OBWYEH,0.00025402033764301206,0.007153532051975148,0.021724306790202964,0.00025402033764301206,0.007153532051975148,0.021724306790202964
ID_RWRYQ1,6.875783407174565e-05,0.00011061139492403265,0.00013649572710966424,6.875783407174565e-05,0.00011061139492403265,0.00013649572710966424
ID_HIMNTK,3.70429213060855e-05,0.00016128732841408076,0.0002603253849476271,3.70429213060855e-05,0.00016128732841408076,0.0002603253849476271
ID_VHRU3S,2.5760935862817642e-05,8.114520261220112e-05,0.0001674923602754369,2.5760935862817642e-05,8.114520261220112e-05,0.0001674923602754369
ID_DUKW5I,2.477754939177814e-05,7.203438211301238e-05,0.00019919322367348166,2.477754939177814e-05,7.203438211301238e-05,0.00019919322367348166
ID_RGBU2B,3.439510391191863e-05,5.836846418071812e-05,0.00047182478760506393,3.439510391191863e-05,5.836846418071812e-05,0.00047182478760506393
ID_6OROO2,2.5438637460147008e-05,6.145269515986222e-05,0.00022145991119763546,2.5438637460147008e-05,6.145269515986222e-05,0.00022145991119763546
ID_E01AVW,2.477754939177814e-05,7.203438211301238e-05,0.00019919322367348166,2.477754939177814e-05,7.203438211301238e-05,0.00019919322367348166
ID_0G0M3Z,3.099095467925411e-05,0.00011083691599229117,0.0005042828231101344,3.099095467925411e-05,0.00011083691599229117,0.0005042828231101344
ID_75ZEAY,1.9894495742812147e-05,6.441203240217898e-05,0.00011860265001499455,1.9894495742812147e-05,6.441203240217898e-05,0.00011860265001499455
ID_OBGCTB,0.00025402033764301206,0.007153532051975148,0.021724306790202964,0.00025402033764301206,0.007153532051975148,0.021724306790202964
ID_BSI938,2.8665678311056196e-05,0.0001437197998654576,0.00023343288201863876,2.8665678311056196e-05,0.0001437197998654576,0.00023343288201863876
ID_OD3P35,3.439510391191863e-05,5.836846418071812e-05,0.00047182478760506393,3.439510391191863e-05,5.836846418071812e-05,0.00047182478760506393
ID_LPR3IG,2.5760935862817642e-05,8.114520261220112e-05,0.0001674923602754369,2.5760935862817642e-05,8.114520261220112e-05,0.0001674923602754369
ID_WW98MI,4.404713986030678e-05,6.841662017750122e-05,0.0002706934866756064,4.404713986030678e-05,6.841662017750122e-05,0.0002706934866756064
ID_LKUGYH,2.586323004651114e-05,3.5159237382955625e-05,5.855638323385069e-05,2.586323004651114e-05,3.5159237382955625e-05,5.855638323385069e-05
ID_8V3O49,1.668229372693792e-05,2.556291680411314e-05,4.9111219669288e-05,1.668229372693792e-05,2.556291680411314e-05,4.9111219669288e-05
ID_NGO91I,4.404713986030678e-05,6.841662017750122e-05,0.0002706934866756064,4.404713986030678e-05,6.841662017750122e-05,0.0002706934866756064
ID_3STNLD,0.002480958548906506,0.023272602199585053,0.0507132411713516,0.002480958548906506,0.023272602199585053,0.0507132411713516
ID_D2HYNU,7.296878450660872e-05,7.621640048637401e-05,0.00020864106543105315,7.296878450660872e-05,7.621640048637401e-05,0.00020864106543105315
ID_PSEHFM,4.404713986030678e-05,6.841662017750122e-05,0.0002706934866756064,4.404713986030678e-05,6.841662017750122e-05,0.0002706934866756064
ID_REZOW5,1.2644144993710358e-05,2.7553615526059052e-05,5.72950396632173e-05,1.2644144993710358e-05,2.7553615526059052e-05,5.72950396632173e-05
ID_S64QFC,1.4699501608398069e-05,2.6049391322784467e-05,4.5094745198284765e-05,1.4699501608398069e-05,2.6049391322784467e-05,4.5094745198284765e-05
ID_9O5TIS,1.668229372693792e-05,2.556291680411314e-05,4.9111219669288e-05,1.668229372693792e-05,2.556291680411314e-05,4.9111219669288e-05
ID_KFKH2L,1.668229372693792e-05,2.556291680411314e-05,4.9111219669288e-05,1.668229372693792e-05,2.556291680411314e-05,4.9111219669288e-05
ID_3F0GYV,7.296878450660872e-05,7.621640048637401e-05,0.00020864106543105315,7.296878450660872e-05,7.621640048637401e-05,0.00020864106543105315
ID_EPPMFG,0.006404214347338205,0.052437181699359715,0.06739699405787972,0.006404214347338205,0.052437181699359715,0.06739699405787972
ID_WPHAGI,7.296878450660872e-05,7.621640048637401e-05,0.00020864106543105315,7.296878450660872e-05,7.621640048637401e-05,0.00020864106543105315
ID_4Y0VT3,1.7675866316816047e-05,1.9726245554604825e-05,3.813110584319097e-05,1.7675866316816047e-05,1.9726245554604825e-05,3.813110584319097e-05
ID_WULH1Z,4.404713986030678e-05,6.841662017750122e-05,0.0002706934866756064,4.404713986030678e-05,6.841662017750122e-05,0.0002706934866756064
ID_E0WVVY,1.668229372693792e-05,2.556291680411314e-05,4.9111219669288e-05,1.668229372693792e-05,2.556291680411314e-05,4.9111219669288e-05
ID_0RYNOK,7.296878450660872e-05,7.621640048637401e-05,0.00020864106543105315,7.296878450660872e-05,7.621640048637401e-05,0.00020864106543105315
ID_WE8RKW,7.296878450660872e-05,7.621640048637401e-05,0.00020864106543105315,7.296878450660872e-05,7.621640048637401e-05,0.00020864106543105315
ID_XJJHEX,7.296878450660872e-05,7.621640048637401e-05,0.00020864106543105315,7.296878450660872e-05,7.621640048637401e-05,0.00020864106543105315
ID_E44382,2.586323004651114e-05,3.5159237382955625e-05,5.855638323385069e-05,2.586323004651114e-05,3.5159237382955625e-05,5.855638323385069e-05
ID_D4HUAW,1.4064659468277827e-05,2.6372853969334884e-05,5.4312230692589825e-05,1.4064659468277827e-05,2.6372853969334884e-05,5.4312230692589825e-05
ID_9BLHQS,7.296878450660872e-05,7.621640048637401e-05,0.00020864106543105315,7.296878450660872e-05,7.621640048637401e-05,0.00020864106543105315
ID_0PABFC,1.4699501608398069e-05,2.6049391322784467e-05,4.5094745198284765e-05,1.4699501608398069e-05,2.6049391322784467e-05,4.5094745198284765e-05
ID_V5A80P,2.4824075680888787e-05,3.0274759894921495e-05,4.5963137226266415e-05,2.4824075680888787e-05,3.0274759894921495e-05,4.5963137226266415e-05
ID_WLI35N,4.404713986030678e-05,6.841662017750122e-05,0.0002706934866756064,4.404713986030678e-05,6.841662017750122e-05,0.0002706934866756064
ID_CAKGEL,1.2611847066485587e-05,1.9574033602212548e-05,4.367465707411108e-05,1.2611847066485587e-05,1.9574033602212548e-05,4.367465707411108e-05
ID_L4EYKT,2.0074024737589802e-05,3.336093762465995e-05,5.9232420897103e-05,2.0074024737589802e-05,3.336093762465995e-05,5.9232420897103e-05
ID_BS8T6P,7.296878450660872e-05,7.621640048637401e-05,0.00020864106543105315,7.296878450660872e-05,7.621640048637401e-05,0.00020864106543105315
ID_Z43O7Z,1.6031479040516757e-05,2.7898149200822012e-05,4.739040288504776e-05,1.6031479040516757e-05,2.7898149200822012e-05,4.739040288504776e-05
ID_NUI8UC,1.142032330985666e-05,2.660223233692844e-05,5.765579742960872e-05,1.142032330985666e-05,2.660223233692844e-05,5.765579742960872e-05
ID_IT01YY,4.404713986030678e-05,6.841662017750122e-05,0.0002706934866756064,4.404713986030678e-05,6.841662017750122e-05,0.0002706934866756064
ID_PHKKLQ,2.4824075680888787e-05,3.0274759894921495e-05,4.5963137226266415e-05,2.4824075680888787e-05,3.0274759894921495e-05,4.5963137226266415e-05
ID_R8M8SS,0.011001845668463916,0.06204921024801815,0.06813448088009395,0.011001845668463916,0.06204921024801815,0.06813448088009395
ID_B6ZZ5P,2.2615651884257576e-05,3.283488857496206e-05,4.0451373988407215e-05,2.2615651884257576e-05,3.283488857496206e-05,4.0451373988407215e-05
ID_4IYAMD,7.296878450660872e-05,7.621640048637401e-05,0.00020864106543105315,7.296878450660872e-05,7.621640048637401e-05,0.00020864106543105315
ID_T6IF0T,4.404713986030678e-05,6.841662017750122e-05,0.0002706934866756064,4.404713986030678e-05,6.841662017750122e-05,0.0002706934866756064
ID_FB09FY,7.296878450660872e-05,7.621640048637401e-05,0.00020864106543105315,7.296878450660872e-05,7.621640048637401e-05,0.00020864106543105315
ID_MA8GLI,1.3780868213682655e-05,2.4120237183158923e-05,3.556296389080833e-05,1.3780868213682655e-05,2.4120237183158923e-05,3.556296389080833e-05
ID_IFIIGQ,7.296878450660872e-05,7.621640048637401e-05,0.00020864106543105315,7.296878450660872e-05,7.621640048637401e-05,0.00020864106543105315
ID_ZARKQN,4.404713986030678e-05,6.841662017750122e-05,0.0002706934866756064,4.404713986030678e-05,6.841662017750122e-05,0.0002706934866756064
ID_7DYR0J,1.795717769634274e-05,2.8081125797688666e-05,4.8057188035059546e-05,1.795717769634274e-05,2.8081125797688666e-05,4.8057188035059546e-05
ID_QVSE4F,2.4824075680888787e-05,3.0274759894921495e-05,4.5963137226266415e-05,2.4824075680888787e-05,3.0274759894921495e-05,4.5963137226266415e-05
ID_ZUVHL8,7.296878450660872e-05,7.621640048637401e-05,0.00020864106543105315,7.296878450660872e-05,7.621640048637401e-05,0.00020864106543105315
ID_6LI3EJ,1.4699501608398069e-05,2.6049391322784467e-05,4.5094745198284765e-05,1.4699501608398069e-05,2.6049391322784467e-05,4.5094745198284765e-05
ID_N8UK21,2.586323004651114e-05,3.5159237382955625e-05,5.855638323385069e-05,2.586323004651114e-05,3.5159237382955625e-05,5.855638323385069e-05
ID_W3KIQI,7.296878450660872e-05,7.621640048637401e-05,0.00020864106543105315,7.296878450660872e-05,7.621640048637401e-05,0.00020864106543105315
ID_L9IPGA,1.142032330985666e-05,2.660223233692844e-05,5.765579742960872e-05,1.142032330985666e-05,2.660223233692844e-05,5.765579742960872e-05
ID_LRLRQB,0.006404214347338205,0.052437181699359715,0.06739699405787972,0.006404214347338205,0.052437181699359715,0.06739699405787972
ID_Q5H34E,4.404713986030678e-05,6.841662017750122e-05,0.0002706934866756064,4.404713986030678e-05,6.841662017750122e-05,0.0002706934866756064
ID_TL6ULM,1.668229372693792e-05,2.556291680411314e-05,4.9111219669288e-05,1.668229372693792e-05,2.556291680411314e-05,4.9111219669288e-05
ID_BAHEHY,4.404713986030678e-05,6.841662017750122e-05,0.0002706934866756064,4.404713986030678e-05,6.841662017750122e-05,0.0002706934866756064
ID_IU4G95,7.296878450660872e-05,7.621640048637401e-05,0.00020864106543105315,7.296878450660872e-05,7.621640048637401e-05,0.00020864106543105315
ID_ABFR5T,2.0074024737589802e-05,3.336093762465995e-05,5.9232420897103e-05,2.0074024737589802e-05,3.336093762465995e-05,5.9232420897103e-05
ID_BXIN9D,7.296878450660872e-05,7.621640048637401e-05,0.00020864106543105315,7.296878450660872e-05,7.621640048637401e-05,0.00020864106543105315
ID_8FWX6I,0.009877224237705302,0.06543873305131953,0.06754892417821654,0.009877224237705302,0.06543873305131953,0.06754892417821654
ID_5UXMEN,2.4824075680888787e-05,3.0274759894921495e-05,4.5963137226266415e-05,2.4824075680888787e-05,3.0274759894921495e-05,4.5963137226266415e-05
ID_6ALABP,7.296878450660872e-05,7.621640048637401e-05,0.00020864106543105315,7.296878450660872e-05,7.621640048637401e-05,0.00020864106543105315
ID_YMZWV2,7.296878450660872e-05,7.621640048637401e-05,0.00020864106543105315,7.296878450660872e-05,7.621640048637401e-05,0.00020864106543105315
ID_CAXC7H,1.142032330985666e-05,2.660223233692844e-05,5.765579742960872e-05,1.142032330985666e-05,2.660223233692844e-05,5.765579742960872e-05
ID_JBLH5N,2.2237007847784116e-05,2.9866031347835618e-05,4.646880415337775e-05,2.2237007847784116e-05,2.9866031347835618e-05,4.646880415337775e-05
ID_F4L75C,2.586323004651114e-05,3.5159237382955625e-05,5.855638323385069e-05,2.586323004651114e-05,3.5159237382955625e-05,5.855638323385069e-05
ID_TBE38Z,1.795717769634274e-05,2.8081125797688666e-05,4.8057188035059546e-05,1.795717769634274e-05,2.8081125797688666e-05,4.8057188035059546e-05
ID_6GRKUL,1.795717769634274e-05,2.8081125797688666e-05,4.8057188035059546e-05,1.795717769634274e-05,2.8081125797688666e-05,4.8057188035059546e-05
ID_13GQDW,4.404713986030678e-05,6.841662017750122e-05,0.0002706934866756064,4.404713986030678e-05,6.841662017750122e-05,0.0002706934866756064
ID_KQCZIM,7.296878450660872e-05,7.621640048637401e-05,0.00020864106543105315,7.296878450660872e-05,7.621640048637401e-05,0.00020864106543105315
ID_KACN6Q,7.296878450660872e-05,7.621640048637401e-05,0.00020864106543105315,7.296878450660872e-05,7.621640048637401e-05,0.00020864106543105315
ID_LPBHAQ,1.7675866316816047e-05,1.9726245554604825e-05,3.813110584319097e-05,1.7675866316816047e-05,1.9726245554604825e-05,3.813110584319097e-05
ID_1S1KBW,1.4699501608398069e-05,2.6049391322784467e-05,4.5094745198284765e-05,1.4699501608398069e-05,2.6049391322784467e-05,4.5094745198284765e-05
ID_IUCQZS,7.296878450660872e-05,7.621640048637401e-05,0.00020864106543105315,7.296878450660872e-05,7.621640048637401e-05,0.00020864106543105315
ID_62NNPA,1.4699501608398069e-05,2.6049391322784467e-05,4.5094745198284765e-05,1.4699501608398069e-05,2.6049391322784467e-05,4.5094745198284765e-05
ID_V22VHT,2.2615651884257576e-05,3.283488857496206e-05,4.0451373988407215e-05,2.2615651884257576e-05,3.283488857496206e-05,4.0451373988407215e-05
ID_HG2OAS,4.404713986030678e-05,6.841662017750122e-05,0.0002706934866756064,4.404713986030678e-05,6.841662017750122e-05,0.0002706934866756064
ID_XEC1UB,1.142032330985666e-05,2.660223233692844e-05,5.765579742960872e-05,1.142032330985666e-05,2.660223233692844e-05,5.765579742960872e-05
ID_OYIYH6,4.404713986030678e-05,6.841662017750122e-05,0.0002706934866756064,4.404713986030678e-05,6.841662017750122e-05,0.0002706934866756064
ID_B87F80,3.477280375003542e-05,0.0002653736436265174,0.0005977606921647989,3.477280375003542e-05,0.0002653736436265174,0.0005977606921647989
ID_0GT5MY,2.1774088506081328e-05,0.0005439470245843742,0.0007059278722888145,2.1774088506081328e-05,0.0005439470245843742,0.0007059278722888145
ID_3542I1,0.008543198722176425,0.005227437576774302,0.007104169301432833,0.008543198722176425,0.005227437576774302,0.007104169301432833
ID_XIPX8S,3.477280375003542e-05,0.0002653736436265174,0.0005977606921647989,3.477280375003542e-05,0.0002653736436265174,0.0005977606921647989
ID_60GIV7,3.477280375003542e-05,0.0002653736436265174,0.0005977606921647989,3.477280375003542e-05,0.0002653736436265174,0.0005977606921647989
ID_K5QXSD,0.002465858654072342,0.0038925685511423287,0.005421378845799776,0.002465858654072342,0.0038925685511423287,0.005421378845799776
ID_IMWQJR,3.477280375003542e-05,0.0002653736436265174,0.0005977606921647989,3.477280375003542e-05,0.0002653736436265174,0.0005977606921647989
ID_YKDMVB,0.008543198722176425,0.005227437576774302,0.007104169301432833,0.008543198722176425,0.005227437576774302,0.007104169301432833
ID_DJLRHI,2.1774088506081328e-05,0.0005439470245843742,0.0007059278722888145,2.1774088506081328e-05,0.0005439470245843742,0.0007059278722888145
ID_AA0TBB,0.004085960889243088,0.007150807645685757,0.008635737265958498,0.004085960889243088,0.007150807645685757,0.008635737265958498
ID_QQILOV,3.477280375003542e-05,0.0002653736436265174,0.0005977606921647989,3.477280375003542e-05,0.0002653736436265174,0.0005977606921647989
ID_GU8TDA,3.477280375003542e-05,0.0002653736436265174,0.0005977606921647989,3.477280375003542e-05,0.0002653736436265174,0.0005977606921647989
ID_GYA6QV,0.008543198722176425,0.005227437576774302,0.007104169301432833,0.008543198722176425,0.005227437576774302,0.007104169301432833
ID_SR9UQ2,0.0006077561296630687,0.014883331723692491,0.008093313131583789,0.0006077561296630687,0.014883331723692491,0.008093313131583789
ID_MG1GRK,3.477280375003542e-05,0.0002653736436265174,0.0005977606921647989,3.477280375003542e-05,0.0002653736436265174,0.0005977606921647989
ID_E8MNFZ,3.477280375003542e-05,0.0002653736436265174,0.0005977606921647989,3.477280375003542e-05,0.0002653736436265174,0.0005977606921647989
ID_90ES1C,3.477280375003542e-05,0.0002653736436265174,0.0005977606921647989,3.477280375003542e-05,0.0002653736436265174,0.0005977606921647989
ID_SBTN25,2.1774088506081328e-05,0.0005439470245843742,0.0007059278722888145,2.1774088506081328e-05,0.0005439470245843742,0.0007059278722888145
ID_2IT3ZQ,0.0016178204666313146,0.00665435734223938,0.004075374764811279,0.0016178204666313146,0.00665435734223938,0.004075374764811279
ID_POM94C,0.0009520467020595466,0.028289679483322082,0.021064910881330133,0.0009520467020595466,0.028289679483322082,0.021064910881330133
ID_8WSJY9,0.0016178204666313146,0.00665435734223938,0.004075374764811279,0.0016178204666313146,0.00665435734223938,0.004075374764811279
ID_PISRX6,3.477280375003542e-05,0.0002653736436265174,0.0005977606921647989,3.477280375003542e-05,0.0002653736436265174,0.0005977606921647989
ID_Z548DO,3.477280375003542e-05,0.0002653736436265174,0.0005977606921647989,3.477280375003542e-05,0.0002653736436265174,0.0005977606921647989
ID_HN86UX,3.477280375003542e-05,0.0002653736436265174,0.0005977606921647989,3.477280375003542e-05,0.0002653736436265174,0.0005977606921647989
ID_ENZCKW,3.477280375003542e-05,0.0002653736436265174,0.0005977606921647989,3.477280375003542e-05,0.0002653736436265174,0.0005977606921647989
ID_NNXHZJ,3.477280375003542e-05,0.0002653736436265174,0.0005977606921647989,3.477280375003542e-05,0.0002653736436265174,0.0005977606921647989
ID_PWTIJ9,3.477280375003542e-05,0.0002653736436265174,0.0005977606921647989,3.477280375003542e-05,0.0002653736436265174,0.0005977606921647989
ID_Q2SMTQ,0.003533997716930308,0.012652250872298687,0.006797405647433694,0.003533997716930308,0.012652250872298687,0.006797405647433694
ID_3MCOUT,3.477280375003542e-05,0.0002653736436265174,0.0005977606921647989,3.477280375003542e-05,0.0002653736436265174,0.0005977606921647989
ID_G7Z1L3,0.004085960889243088,0.007150807645685757,0.008635737265958498,0.004085960889243088,0.007150807645685757,0.008635737265958498
ID_J5L7RD,3.477280375003542e-05,0.0002653736436265174,0.0005977606921647989,3.477280375003542e-05,0.0002653736436265174,0.0005977606921647989
ID_JXG6HY,2.3222426683686076e-05,3.568018846125787e-05,3.7849080287861466e-05,2.3222426683686076e-05,3.568018846125787e-05,3.7849080287861466e-05
ID_XLV5BF,8.047247512969886e-05,0.0005404118095726685,0.0005184635093143789,8.047247512969886e-05,0.0005404118095726685,0.0005184635093143789
ID_GBKQ4A,0.00018682926510518242,0.0001575813259009937,0.0001258771982142954,0.00018682926510518242,0.0001575813259009937,0.0001258771982142954
ID_0RNKFD,9.768979403723449e-05,0.00011132126366431881,0.00012315536296995534,9.768979403723449e-05,0.00011132126366431881,0.00012315536296995534
ID_RNZHE5,5.221145768005712e-05,3.911700786759748e-05,3.925675007910803e-05,5.221145768005712e-05,3.911700786759748e-05,3.925675007910803e-05
ID_O2NKGF,5.221145768005712e-05,3.911700786759748e-05,3.925675007910803e-05,5.221145768005712e-05,3.911700786759748e-05,3.925675007910803e-05
ID_RPS26Y,4.803348229549559e-05,8.728480242837337e-05,9.944758452857603e-05,4.803348229549559e-05,8.728480242837337e-05,9.944758452857603e-05
ID_K1CKSA,4.803348229549559e-05,8.728480242837337e-05,9.944758452857603e-05,4.803348229549559e-05,8.728480242837337e-05,9.944758452857603e-05
ID_K0MGYR,2.0473325410692043e-05,6.694170219735702e-05,9.667588305776278e-05,2.0473325410692043e-05,6.694170219735702e-05,9.667588305776278e-05
ID_U0SR28,3.725531674636207e-05,3.3873370369534845e-05,2.4599403535563166e-05,3.725531674636207e-05,3.3873370369534845e-05,2.4599403535563166e-05
ID_YDH96X,1.1057626217279484e-05,3.794878919981206e-05,8.48942923457313e-05,1.1057626217279484e-05,3.794878919981206e-05,8.48942923457313e-05
ID_YHP6IW,6.0081602325782224e-05,0.00015227243311943662,0.00021518838083028576,6.0081602325782224e-05,0.00015227243311943662,0.00021518838083028576
ID_IG1LYN,1.1057626217279484e-05,3.794878919981206e-05,8.48942923457313e-05,1.1057626217279484e-05,3.794878919981206e-05,8.48942923457313e-05
ID_T4NKV6,4.457499307518007e-05,0.00041334879396876114,0.0005899714935774535,4.457499307518007e-05,0.00041334879396876114,0.0005899714935774535
ID_6711DS,8.047247512969886e-05,0.0005404118095726685,0.0005184635093143789,8.047247512969886e-05,0.0005404118095726685,0.0005184635093143789
ID_FUJOIH,6.0081602325782224e-05,0.00015227243311943662,0.00021518838083028576,6.0081602325782224e-05,0.00015227243311943662,0.00021518838083028576
ID_Q1AOTZ,5.221145768005712e-05,3.911700786759748e-05,3.925675007910803e-05,5.221145768005712e-05,3.911700786759748e-05,3.925675007910803e-05
ID_ZM9CVR,4.7802209473097885e-05,5.96791423522636e-05,5.0573756274508524e-05,4.7802209473097885e-05,5.96791423522636e-05,5.0573756274508524e-05
ID_8AYBAW,8.047247512969886e-05,0.0005404118095726685,0.0005184635093143789,8.047247512969886e-05,0.0005404118095726685,0.0005184635093143789
ID_B1G5TP,5.221145768005712e-05,3.911700786759748e-05,3.925675007910803e-05,5.221145768005712e-05,3.911700786759748e-05,3.925675007910803e-05
ID_568IE8,1.1057626217279484e-05,3.794878919981206e-05,8.48942923457313e-05,1.1057626217279484e-05,3.794878919981206e-05,8.48942923457313e-05
ID_JOWST8,8.047247512969886e-05,0.0005404118095726685,0.0005184635093143789,8.047247512969886e-05,0.0005404118095726685,0.0005184635093143789
ID_FVI9F8,8.047247512969886e-05,0.0005404118095726685,0.0005184635093143789,8.047247512969886e-05,0.0005404118095726685,0.0005184635093143789
ID_74OIAW,4.7802209473097885e-05,5.96791423522636e-05,5.0573756274508524e-05,4.7802209473097885e-05,5.96791423522636e-05,5.0573756274508524e-05
ID_XMWVMP,2.4456907836293517e-05,2.473583612671787e-05,3.2164236757442175e-05,2.4456907836293517e-05,2.473583612671787e-05,3.2164236757442175e-05
ID_6TS54L,4.7802209473097885e-05,5.96791423522636e-05,5.0573756274508524e-05,4.7802209473097885e-05,5.96791423522636e-05,5.0573756274508524e-05
ID_8AII57,4.457499307518007e-05,0.00041334879396876114,0.0005899714935774535,4.457499307518007e-05,0.00041334879396876114,0.0005899714935774535
ID_RJS1VA,4.803348229549559e-05,8.728480242837337e-05,9.944758452857603e-05,4.803348229549559e-05,8.728480242837337e-05,9.944758452857603e-05
ID_DM8ZXW,1.7722193115390094e-05,5.1121043703632585e-05,5.4633134026871765e-05,1.7722193115390094e-05,5.1121043703632585e-05,5.4633134026871765e-05
ID_5CJYZP,0.0015880588143023365,0.023618713502800693,0.030629191903192195,0.0015880588143023365,0.023618713502800693,0.030629191903192195
ID_JBXMIO,8.047247512969886e-05,0.0005404118095726685,0.0005184635093143789,8.047247512969886e-05,0.0005404118095726685,0.0005184635093143789
ID_4TGOWM,6.0081602325782224e-05,0.00015227243311943662,0.00021518838083028576,6.0081602325782224e-05,0.00015227243311943662,0.00021518838083028576
ID_0RHXLP,4.1088099005102345e-05,4.1199853041352626e-05,3.4021866427559125e-05,4.1088099005102345e-05,4.1199853041352626e-05,3.4021866427559125e-05
ID_NA6WHB,5.987450237333808e-05,0.00014361691176710163,0.00018422788292041784,5.987450237333808e-05,0.00014361691176710163,0.00018422788292041784
ID_KKQ9JS,3.56352265010935e-05,6.113962385852628e-05,8.72121391616154e-05,3.56352265010935e-05,6.113962385852628e-05,8.72121391616154e-05
ID_KCZDMC,3.461920516528525e-05,7.447829004489393e-05,0.00010799765321587061,3.461920516528525e-05,7.447829004489393e-05,0.00010799765321587061
ID_JHKAO1,4.803348229549559e-05,8.728480242837337e-05,9.944758452857603e-05,4.803348229549559e-05,8.728480242837337e-05,9.944758452857603e-05
ID_EWRTK0,6.0081602325782224e-05,0.00015227243311943662,0.00021518838083028576,6.0081602325782224e-05,0.00015227243311943662,0.00021518838083028576
ID_D0XOZS,4.7802209473097885e-05,5.96791423522636e-05,5.0573756274508524e-05,4.7802209473097885e-05,5.96791423522636e-05,5.0573756274508524e-05
ID_I4CLRD,6.0081602325782224e-05,0.00015227243311943662,0.00021518838083028576,6.0081602325782224e-05,0.00015227243311943662,0.00021518838083028576
ID_5OGH64,4.803348229549559e-05,8.728480242837337e-05,9.944758452857603e-05,4.803348229549559e-05,8.728480242837337e-05,9.944758452857603e-05
ID_KA4RGT,5.221145768005712e-05,3.911700786759748e-05,3.925675007910803e-05,5.221145768005712e-05,3.911700786759748e-05,3.925675007910803e-05
ID_HK8NQI,4.1088099005102345e-05,4.1199853041352626e-05,3.4021866427559125e-05,4.1088099005102345e-05,4.1199853041352626e-05,3.4021866427559125e-05
ID_CZC128,4.803348229549559e-05,8.728480242837337e-05,9.944758452857603e-05,4.803348229549559e-05,8.728480242837337e-05,9.944758452857603e-05
ID_CFEXKG,0.0015880588143023365,0.023618713502800693,0.030629191903192195,0.0015880588143023365,0.023618713502800693,0.030629191903192195
ID_3UF9YW,3.461920516528525e-05,7.447829004489393e-05,0.00010799765321587061,3.461920516528525e-05,7.447829004489393e-05,0.00010799765321587061
ID_4T4T5J,1.0439778203852698e-05,2.869384636473571e-05,5.79284990626055e-05,1.0439778203852698e-05,2.869384636473571e-05,5.79284990626055e-05
ID_UZSIPN,5.221145768005712e-05,3.911700786759748e-05,3.925675007910803e-05,5.221145768005712e-05,3.911700786759748e-05,3.925675007910803e-05
ID_ZCSVH8,8.047247512969886e-05,0.0005404118095726685,0.0005184635093143789,8.047247512969886e-05,0.0005404118095726685,0.0005184635093143789
ID_BKIDXK,4.803348229549559e-05,8.728480242837337e-05,9.944758452857603e-05,4.803348229549559e-05,8.728480242837337e-05,9.944758452857603e-05
ID_5BWCPJ,8.841643668023785e-06,4.0107990241669046e-05,6.693596346789723e-05,8.841643668023785e-06,4.0107990241669046e-05,6.693596346789723e-05
ID_R372RI,3.160458531211213e-05,0.00023464794367367294,0.0003243029256065716,3.160458531211213e-05,0.00023464794367367294,0.0003243029256065716
ID_MWPK2X,4.457499307518007e-05,0.00041334879396876114,0.0005899714935774535,4.457499307518007e-05,0.00041334879396876114,0.0005899714935774535
ID_TZP781,1.9245219128547145e-05,2.356916773233705e-05,2.714633061510579e-05,1.9245219128547145e-05,2.356916773233705e-05,2.714633061510579e-05
ID_Q6P63K,3.56352265010935e-05,6.113962385852628e-05,8.72121391616154e-05,3.56352265010935e-05,6.113962385852628e-05,8.72121391616154e-05
ID_PFF9X5,2.0473325410692043e-05,6.694170219735702e-05,9.667588305776278e-05,2.0473325410692043e-05,6.694170219735702e-05,9.667588305776278e-05
ID_L4WIOX,4.803348229549559e-05,8.728480242837337e-05,9.944758452857603e-05,4.803348229549559e-05,8.728480242837337e-05,9.944758452857603e-05
ID_S9103X,4.803348229549559e-05,8.728480242837337e-05,9.944758452857603e-05,4.803348229549559e-05,8.728480242837337e-05,9.944758452857603e-05
ID_RI0O6J,9.217204533007101e-06,1.8831075092344564e-05,2.386124389562026e-05,9.217204533007101e-06,1.8831075092344564e-05,2.386124389562026e-05
ID_VLCS86,9.807161704584865e-05,0.0002470977659398409,0.0003263384240715094,9.807161704584865e-05,0.0002470977659398409,0.0003263384240715094
ID_ED3ISP,6.0081602325782224e-05,0.00015227243311943662,0.00021518838083028576,6.0081602325782224e-05,0.00015227243311943662,0.00021518838083028576
ID_KCI4WE,8.047247512969886e-05,0.0005404118095726685,0.0005184635093143789,8.047247512969886e-05,0.0005404118095726685,0.0005184635093143789
ID_M5X6WA,4.803348229549559e-05,8.728480242837337e-05,9.944758452857603e-05,4.803348229549559e-05,8.728480242837337e-05,9.944758452857603e-05
ID_22VI0T,5.221145768005712e-05,3.911700786759748e-05,3.925675007910803e-05,5.221145768005712e-05,3.911700786759748e-05,3.925675007910803e-05
ID_EJYLK4,5.221145768005712e-05,3.911700786759748e-05,3.925675007910803e-05,5.221145768005712e-05,3.911700786759748e-05,3.925675007910803e-05
ID_ILTCSC,0.0015173445696543418,0.08685565125975771,0.07927202123336906,0.0015173445696543418,0.08685565125975771,0.07927202123336906
ID_QOIH7K,0.0028734759528015676,0.027531139425890007,0.04332811289642249,0.0028734759528015676,0.027531139425890007,0.04332811289642249
ID_QOTY6K,4.1088099005102345e-05,4.1199853041352626e-05,3.4021866427559125e-05,4.1088099005102345e-05,4.1199853041352626e-05,3.4021866427559125e-05
ID_EJW3LT,6.0081602325782224e-05,0.00015227243311943662,0.00021518838083028576,6.0081602325782224e-05,0.00015227243311943662,0.00021518838083028576
ID_M8HQVC,1.1057626217279484e-05,3.794878919981206e-05,8.48942923457313e-05,1.1057626217279484e-05,3.794878919981206e-05,8.48942923457313e-05
ID_LU4HLB,4.457499307518007e-05,0.00041334879396876114,0.0005899714935774535,4.457499307518007e-05,0.00041334879396876114,0.0005899714935774535
ID_E88WHP,9.768979403723449e-05,0.00011132126366431881,0.00012315536296995534,9.768979403723449e-05,0.00011132126366431881,0.00012315536296995534
ID_P1L1VI,8.047247512969886e-05,0.0005404118095726685,0.0005184635093143789,8.047247512969886e-05,0.0005404118095726685,0.0005184635093143789
ID_LF7K1G,3.725531674636207e-05,3.3873370369534845e-05,2.4599403535563166e-05,3.725531674636207e-05,3.3873370369534845e-05,2.4599403535563166e-05
ID_HUF4P7,4.1088099005102345e-05,4.1199853041352626e-05,3.4021866427559125e-05,4.1088099005102345e-05,4.1199853041352626e-05,3.4021866427559125e-05
ID_64W76C,4.803348229549559e-05,8.728480242837337e-05,9.944758452857603e-05,4.803348229549559e-05,8.728480242837337e-05,9.944758452857603e-05
ID_6QJT3U,0.0028734759528015676,0.027531139425890007,0.04332811289642249,0.0028734759528015676,0.027531139425890007,0.04332811289642249
ID_OCC1JG,6.0081602325782224e-05,0.00015227243311943662,0.00021518838083028576,6.0081602325782224e-05,0.00015227243311943662,0.00021518838083028576
ID_XQBSGS,6.0081602325782224e-05,0.00015227243311943662,0.00021518838083028576,6.0081602325782224e-05,0.00015227243311943662,0.00021518838083028576
ID_RIH2IY,1.0781013443045114e-05,2.5159883161472584e-05,4.3101810185430774e-05,1.0781013443045114e-05,2.5159883161472584e-05,4.3101810185430774e-05
ID_K7P1AA,6.0081602325782224e-05,0.00015227243311943662,0.00021518838083028576,6.0081602325782224e-05,0.00015227243311943662,0.00021518838083028576
ID_3KN8NF,0.00018682926510518242,0.0001575813259009937,0.0001258771982142954,0.00018682926510518242,0.0001575813259009937,0.0001258771982142954
ID_ANX289,4.803348229549559e-05,8.728480242837337e-05,9.944758452857603e-05,4.803348229549559e-05,8.728480242837337e-05,9.944758452857603e-05
ID_I8VO8O,8.047247512969886e-05,0.0005404118095726685,0.0005184635093143789,8.047247512969886e-05,0.0005404118095726685,0.0005184635093143789
ID_V9S8P2,6.0081602325782224e-05,0.00015227243311943662,0.00021518838083028576,6.0081602325782224e-05,0.00015227243311943662,0.00021518838083028576
ID_OTNE3W,4.457499307518007e-05,0.00041334879396876114,0.0005899714935774535,4.457499307518007e-05,0.00041334879396876114,0.0005899714935774535
ID_0YXO2D,5.221145768005712e-05,3.911700786759748e-05,3.925675007910803e-05,5.221145768005712e-05,3.911700786759748e-05,3.925675007910803e-05
ID_87V10L,6.0081602325782224e-05,0.00015227243311943662,0.00021518838083028576,6.0081602325782224e-05,0.00015227243311943662,0.00021518838083028576
ID_CV5P86,4.803348229549559e-05,8.728480242837337e-05,9.944758452857603e-05,4.803348229549559e-05,8.728480242837337e-05,9.944758452857603e-05
ID_C8HFHN,6.0081602325782224e-05,0.00015227243311943662,0.00021518838083028576,6.0081602325782224e-05,0.00015227243311943662,0.00021518838083028576
ID_V7WQM1,4.803348229549559e-05,8.728480242837337e-05,9.944758452857603e-05,4.803348229549559e-05,8.728480242837337e-05,9.944758452857603e-05
ID_ULO27X,0.00018682926510518242,0.0001575813259009937,0.0001258771982142954,0.00018682926510518242,0.0001575813259009937,0.0001258771982142954
ID_NQ0HE6,0.002392022256839695,0.14232803322040763,0.10903590116606632,0.002392022256839695,0.14232803322040763,0.10903590116606632
ID_4EDUOF,0.00018682926510518242,0.0001575813259009937,0.0001258771982142954,0.00018682926510518242,0.0001575813259009937,0.0001258771982142954
ID_46O9EK,4.457499307518007e-05,0.00041334879396876114,0.0005899714935774535,4.457499307518007e-05,0.00041334879396876114,0.0005899714935774535
ID_2JRV0O,5.221145768005712e-05,3.911700786759748e-05,3.925675007910803e-05,5.221145768005712e-05,3.911700786759748e-05,3.925675007910803e-05
ID_4TY6TR,5.221145768005712e-05,3.911700786759748e-05,3.925675007910803e-05,5.221145768005712e-05,3.911700786759748e-05,3.925675007910803e-05
ID_XMQ25Y,0.002392022256839695,0.14232803322040763,0.10903590116606632,0.002392022256839695,0.14232803322040763,0.10903590116606632
ID_GBNTZ0,5.221145768005712e-05,3.911700786759748e-05,3.925675007910803e-05,5.221145768005712e-05,3.911700786759748e-05,3.925675007910803e-05
ID_Y99CP1,6.0081602325782224e-05,0.00015227243311943662,0.00021518838083028576,6.0081602325782224e-05,0.00015227243311943662,0.00021518838083028576
ID_ORVW1B,1.1057626217279484e-05,3.794878919981206e-05,8.48942923457313e-05,1.1057626217279484e-05,3.794878919981206e-05,8.48942923457313e-05
ID_WMO3QN,1.1057626217279484e-05,3.794878919981206e-05,8.48942923457313e-05,1.1057626217279484e-05,3.794878919981206e-05,8.48942923457313e-05
ID_28T7NF,6.0081602325782224e-05,0.00015227243311943662,0.00021518838083028576,6.0081602325782224e-05,0.00015227243311943662,0.00021518838083028576
ID_PXDYR8,9.807161704584865e-05,0.0002470977659398409,0.0003263384240715094,9.807161704584865e-05,0.0002470977659398409,0.0003263384240715094
ID_8RJBND,4.765670024618349e-05,0.0001234143502113975,0.00022853948584904507,4.765670024618349e-05,0.0001234143502113975,0.00022853948584904507
ID_DJU36N,8.047247512969886e-05,0.0005404118095726685,0.0005184635093143789,8.047247512969886e-05,0.0005404118095726685,0.0005184635093143789
ID_EVO7GL,5.221145768005712e-05,3.911700786759748e-05,3.925675007910803e-05,5.221145768005712e-05,3.911700786759748e-05,3.925675007910803e-05
ID_V1PMY3,6.0081602325782224e-05,0.00015227243311943662,0.00021518838083028576,6.0081602325782224e-05,0.00015227243311943662,0.00021518838083028576
ID_IK4PH0,4.7802209473097885e-05,5.96791423522636e-05,5.0573756274508524e-05,4.7802209473097885e-05,5.96791423522636e-05,5.0573756274508524e-05
ID_P86HSN,2.206458247953109e-05,4.334681827473429e-05,4.477787961550308e-05,2.206458247953109e-05,4.334681827473429e-05,4.477787961550308e-05
ID_6DDVP2,4.803348229549559e-05,8.728480242837337e-05,9.944758452857603e-05,4.803348229549559e-05,8.728480242837337e-05,9.944758452857603e-05
ID_9V09AE,3.725531674636207e-05,3.3873370369534845e-05,2.4599403535563166e-05,3.725531674636207e-05,3.3873370369534845e-05,2.4599403535563166e-05
ID_EL2RHW,9.807161704584865e-05,0.0002470977659398409,0.0003263384240715094,9.807161704584865e-05,0.0002470977659398409,0.0003263384240715094
ID_TDIL0H,8.325398615509501e-06,2.1861982526310657e-05,1.9675890332976385e-05,8.325398615509501e-06,2.1861982526310657e-05,1.9675890332976385e-05
ID_UEPV67,4.1088099005102345e-05,4.1199853041352626e-05,3.4021866427559125e-05,4.1088099005102345e-05,4.1199853041352626e-05,3.4021866427559125e-05
ID_MLFWEC,2.4456907836293517e-05,2.473583612671787e-05,3.2164236757442175e-05,2.4456907836293517e-05,2.473583612671787e-05,3.2164236757442175e-05
ID_Q8OTC2,1.0439778203852698e-05,2.869384636473571e-05,5.79284990626055e-05,1.0439778203852698e-05,2.869384636473571e-05,5.79284990626055e-05
ID_Q31MDT,1.7722193115390094e-05,5.1121043703632585e-05,5.4633134026871765e-05,1.7722193115390094e-05,5.1121043703632585e-05,5.4633134026871765e-05
ID_10D3G1,0.0028734759528015676,0.027531139425890007,0.04332811289642249,0.0028734759528015676,0.027531139425890007,0.04332811289642249
ID_RE7SCV,3.56352265010935e-05,6.113962385852628e-05,8.72121391616154e-05,3.56352265010935e-05,6.113962385852628e-05,8.72121391616154e-05
ID_K4Q8V0,0.00018682926510518242,0.0001575813259009937,0.0001258771982142954,0.00018682926510518242,0.0001575813259009937,0.0001258771982142954
ID_KCL7CV,5.221145768005712e-05,3.911700786759748e-05,3.925675007910803e-05,5.221145768005712e-05,3.911700786759748e-05,3.925675007910803e-05
ID_J05HUM,3.446612007878083e-05,7.954894444316645e-05,8.418403359945212e-05,3.446612007878083e-05,7.954894444316645e-05,8.418403359945212e-05
ID_LQCAHB,9.768979403723449e-05,0.00011132126366431881,0.00012315536296995534,9.768979403723449e-05,0.00011132126366431881,0.00012315536296995534
ID_CL4OVC,4.7802209473097885e-05,5.96791423522636e-05,5.0573756274508524e-05,4.7802209473097885e-05,5.96791423522636e-05,5.0573756274508524e-05
ID_8KA0CX,4.803348229549559e-05,8.728480242837337e-05,9.944758452857603e-05,4.803348229549559e-05,8.728480242837337e-05,9.944758452857603e-05
ID_3SOK7O,4.1088099005102345e-05,4.1199853041352626e-05,3.4021866427559125e-05,4.1088099005102345e-05,4.1199853041352626e-05,3.4021866427559125e-05
ID_2V1U3K,4.7802209473097885e-05,5.96791423522636e-05,5.0573756274508524e-05,4.7802209473097885e-05,5.96791423522636e-05,5.0573756274508524e-05
ID_GZEIYE,6.0081602325782224e-05,0.00015227243311943662,0.00021518838083028576,6.0081602325782224e-05,0.00015227243311943662,0.00021518838083028576
ID_WSG62Z,4.803348229549559e-05,8.728480242837337e-05,9.944758452857603e-05,4.803348229549559e-05,8.728480242837337e-05,9.944758452857603e-05
ID_AQLJD9,5.221145768005712e-05,3.911700786759748e-05,3.925675007910803e-05,5.221145768005712e-05,3.911700786759748e-05,3.925675007910803e-05
ID_2JBYR0,6.0081602325782224e-05,0.00015227243311943662,0.00021518838083028576,6.0081602325782224e-05,0.00015227243311943662,0.00021518838083028576
ID_HQG7S5,1.1229118416547054e-05,2.707005591744199e-05,3.2334158106937555e-05,1.1229118416547054e-05,2.707005591744199e-05,3.2334158106937555e-05
ID_J9X62N,5.377555156431302e-05,5.34962239826994e-05,5.888704568359628e-05,5.377555156431302e-05,5.34962239826994e-05,5.888704568359628e-05
ID_J30HVX,2.7314759092092488e-05,7.108845844434865e-05,5.4379330736789195e-05,2.7314759092092488e-05,7.108845844434865e-05,5.4379330736789195e-05
ID_8HCCLB,3.462149583046515e-05,8.257256478231424e-05,7.015416706701202e-05,3.462149583046515e-05,8.257256478231424e-05,7.015416706701202e-05
ID_K7TUMS,0.007117110181370313,0.017506753721483324,0.016322346726460307,0.007117110181370313,0.017506753721483324,0.016322346726460307
ID_2U0TW8,1.1400741381207516e-05,2.0066345732235877e-05,2.9532059051836837e-05,1.1400741381207516e-05,2.0066345732235877e-05,2.9532059051836837e-05
ID_5KMQFT,2.1604144125661975e-05,2.761015424034138e-05,3.388675376559083e-05,2.1604144125661975e-05,2.761015424034138e-05,3.388675376559083e-05
ID_QK8WP2,2.671724197183326e-05,3.907877456886617e-05,5.533792415915431e-05,2.671724197183326e-05,3.907877456886617e-05,5.533792415915431e-05
ID_O2QO7X,2.80010090838694e-05,9.390074580686019e-05,8.335398018602338e-05,2.80010090838694e-05,9.390074580686019e-05,8.335398018602338e-05
ID_ZQ48WV,1.1400741381207516e-05,2.0066345732235877e-05,2.9532059051836837e-05,1.1400741381207516e-05,2.0066345732235877e-05,2.9532059051836837e-05
ID_8HU32W,2.80010090838694e-05,9.390074580686019e-05,8.335398018602338e-05,2.80010090838694e-05,9.390074580686019e-05,8.335398018602338e-05
ID_4UJ6I0,3.381051267348292e-05,4.422047540348745e-05,5.281030680566948e-05,3.381051267348292e-05,4.422047540348745e-05,5.281030680566948e-05
ID_C45TQX,1.1400741381207516e-05,2.0066345732235877e-05,2.9532059051836837e-05,1.1400741381207516e-05,2.0066345732235877e-05,2.9532059051836837e-05
ID_6CNKK3,8.11413037413136e-05,0.0001263393260978529,0.00010544970945888221,8.11413037413136e-05,0.0001263393260978529,0.00010544970945888221
ID_3D6P1W,2.1604144125661975e-05,2.761015424034138e-05,3.388675376559083e-05,2.1604144125661975e-05,2.761015424034138e-05,3.388675376559083e-05
ID_W4LB98,1.1400741381207516e-05,2.0066345732235877e-05,2.9532059051836837e-05,1.1400741381207516e-05,2.0066345732235877e-05,2.9532059051836837e-05
ID_7S0G4C,2.2385164836279466e-05,7.747602642851076e-05,5.891297762978806e-05,2.2385164836279466e-05,7.747602642851076e-05,5.891297762978806e-05
ID_OOZHOC,8.11413037413136e-05,0.0001263393260978529,0.00010544970945888221,8.11413037413136e-05,0.0001263393260978529,0.00010544970945888221
ID_ANAD68,2.2385164836279466e-05,7.747602642851076e-05,5.891297762978806e-05,2.2385164836279466e-05,7.747602642851076e-05,5.891297762978806e-05
ID_ZYBEDD,2.671724197183326e-05,3.907877456886617e-05,5.533792415915431e-05,2.671724197183326e-05,3.907877456886617e-05,5.533792415915431e-05
ID_AZ8323,3.462149583046515e-05,8.257256478231424e-05,7.015416706701202e-05,3.462149583046515e-05,8.257256478231424e-05,7.015416706701202e-05
ID_PDZB8M,0.0014099121014952323,0.0027408850558401287,0.0034638633197047373,0.0014099121014952323,0.0027408850558401287,0.0034638633197047373
ID_N90VSA,1.1400741381207516e-05,2.0066345732235877e-05,2.9532059051836837e-05,1.1400741381207516e-05,2.0066345732235877e-05,2.9532059051836837e-05
ID_4IHET8,0.003974977943045523,0.004776927100323633,0.004814085371216423,0.003974977943045523,0.004776927100323633,0.004814085371216423
ID_2DZRF6,5.377555156431302e-05,5.34962239826994e-05,5.888704568359628e-05,5.377555156431302e-05,5.34962239826994e-05,5.888704568359628e-05
ID_DHD7VN,2.0043948720818178e-05,5.4382392256079894e-05,4.484012848637666e-05,2.0043948720818178e-05,5.4382392256079894e-05,4.484012848637666e-05
ID_9KA6N0,2.80010090838694e-05,9.390074580686019e-05,8.335398018602338e-05,2.80010090838694e-05,9.390074580686019e-05,8.335398018602338e-05
ID_39VHVT,3.462149583046515e-05,8.257256478231424e-05,7.015416706701202e-05,3.462149583046515e-05,8.257256478231424e-05,7.015416706701202e-05
ID_6M3VS9,2.80010090838694e-05,9.390074580686019e-05,8.335398018602338e-05,2.80010090838694e-05,9.390074580686019e-05,8.335398018602338e-05
ID_8BASDE,3.235366910386352e-05,6.297386996373692e-05,6.372484914728739e-05,3.235366910386352e-05,6.297386996373692e-05,6.372484914728739e-05
ID_L11QW6,1.1400741381207516e-05,2.0066345732235877e-05,2.9532059051836837e-05,1.1400741381207516e-05,2.0066345732235877e-05,2.9532059051836837e-05
ID_ZC52OO,1.1400741381207516e-05,2.0066345732235877e-05,2.9532059051836837e-05,1.1400741381207516e-05,2.0066345732235877e-05,2.9532059051836837e-05
ID_W4WHIW,1.1400741381207516e-05,2.0066345732235877e-05,2.9532059051836837e-05,1.1400741381207516e-05,2.0066345732235877e-05,2.9532059051836837e-05
ID_XSQ9IH,1.1400741381207516e-05,2.0066345732235877e-05,2.9532059051836837e-05,1.1400741381207516e-05,2.0066345732235877e-05,2.9532059051836837e-05
ID_1DUVNN,1.1400741381207516e-05,2.0066345732235877e-05,2.9532059051836837e-05,1.1400741381207516e-05,2.0066345732235877e-05,2.9532059051836837e-05
ID_1EP7ZJ,2.7314759092092488e-05,7.108845844434865e-05,5.4379330736789195e-05,2.7314759092092488e-05,7.108845844434865e-05,5.4379330736789195e-05
ID_EH58J1,1.1400741381207516e-05,2.0066345732235877e-05,2.9532059051836837e-05,1.1400741381207516e-05,2.0066345732235877e-05,2.9532059051836837e-05
ID_CTI20D,1.1400741381207516e-05,2.0066345732235877e-05,2.9532059051836837e-05,1.1400741381207516e-05,2.0066345732235877e-05,2.9532059051836837e-05
ID_0IB50G,2.80010090838694e-05,9.390074580686019e-05,8.335398018602338e-05,2.80010090838694e-05,9.390074580686019e-05,8.335398018602338e-05
ID_4NDO8O,3.233749916425074e-05,6.3732968364842e-05,7.580935502890887e-05,3.233749916425074e-05,6.3732968364842e-05,7.580935502890887e-05
ID_NSH0DU,5.377555156431302e-05,5.34962239826994e-05,5.888704568359628e-05,5.377555156431302e-05,5.34962239826994e-05,5.888704568359628e-05
ID_XXUVDP,2.671724197183326e-05,3.907877456886617e-05,5.533792415915431e-05,2.671724197183326e-05,3.907877456886617e-05,5.533792415915431e-05
ID_WUM26R,0.009211269819341847,0.02014242893417183,0.018134817722787737,0.009211269819341847,0.02014242893417183,0.018134817722787737
ID_JL9J80,3.462149583046515e-05,8.257256478231424e-05,7.015416706701202e-05,3.462149583046515e-05,8.257256478231424e-05,7.015416706701202e-05
ID_68D45A,2.0356869169459465e-05,5.569622348988255e-05,5.981278668741744e-05,2.0356869169459465e-05,5.569622348988255e-05,5.981278668741744e-05
ID_VYD2TV,3.462149583046515e-05,8.257256478231424e-05,7.015416706701202e-05,3.462149583046515e-05,8.257256478231424e-05,7.015416706701202e-05
ID_CIW99P,2.1604144125661975e-05,2.761015424034138e-05,3.388675376559083e-05,2.1604144125661975e-05,2.761015424034138e-05,3.388675376559083e-05
ID_D51DUQ,2.80010090838694e-05,9.390074580686019e-05,8.335398018602338e-05,2.80010090838694e-05,9.390074580686019e-05,8.335398018602338e-05
ID_3BGZSO,2.80010090838694e-05,9.390074580686019e-05,8.335398018602338e-05,2.80010090838694e-05,9.390074580686019e-05,8.335398018602338e-05
ID_2EPRTP,1.0119588843052573e-05,2.0940076420119754e-05,3.264498606416221e-05,1.0119588843052573e-05,2.0940076420119754e-05,3.264498606416221e-05
ID_XD3292,1.4804290775515964e-05,2.581650578738401e-05,3.1741762799479885e-05,1.4804290775515964e-05,2.581650578738401e-05,3.1741762799479885e-05
ID_NIFVOQ,2.0645534545080217e-05,3.069057014545009e-05,3.762584499258265e-05,2.0645534545080217e-05,3.069057014545009e-05,3.762584499258265e-05
ID_ZU5SYR,2.80010090838694e-05,9.390074580686019e-05,8.335398018602338e-05,2.80010090838694e-05,9.390074580686019e-05,8.335398018602338e-05
ID_Y4PE30,0.0007044973535454836,0.001211328279682914,0.0027739966885386266,0.0007044973535454836,0.001211328279682914,0.0027739966885386266
ID_T2OK2R,8.11413037413136e-05,0.0001263393260978529,0.00010544970945888221,8.11413037413136e-05,0.0001263393260978529,0.00010544970945888221
ID_SP8RIP,1.1400741381207516e-05,2.0066345732235877e-05,2.9532059051836837e-05,1.1400741381207516e-05,2.0066345732235877e-05,2.9532059051836837e-05
ID_VQ9S5D,2.0043948720818178e-05,5.4382392256079894e-05,4.484012848637666e-05,2.0043948720818178e-05,5.4382392256079894e-05,4.484012848637666e-05
ID_0JVF3K,0.0028269920411050486,0.0036379450829010867,0.0056846595780152605,0.0028269920411050486,0.0036379450829010867,0.0056846595780152605
ID_7KU1OB,0.009211269819341847,0.02014242893417183,0.018134817722787737,0.009211269819341847,0.02014242893417183,0.018134817722787737
ID_7UYLNU,0.007736134664698883,0.01694742995838964,0.012944901856664585,0.007736134664698883,0.01694742995838964,0.012944901856664585
ID_7YBJBN,0.00010537057565094693,0.0002315435521451984,0.00016415361720713355,0.00010537057565094693,0.0002315435521451984,0.00016415361720713355
ID_CLJ4A6,2.671724197183326e-05,3.907877456886617e-05,5.533792415915431e-05,2.671724197183326e-05,3.907877456886617e-05,5.533792415915431e-05
ID_USIVUY,3.462149583046515e-05,8.257256478231424e-05,7.015416706701202e-05,3.462149583046515e-05,8.257256478231424e-05,7.015416706701202e-05
ID_SWNDPS,8.11413037413136e-05,0.0001263393260978529,0.00010544970945888221,8.11413037413136e-05,0.0001263393260978529,0.00010544970945888221
ID_781KAZ,2.1877561341321483e-05,3.589911867398969e-05,5.1612299726378245e-05,2.1877561341321483e-05,3.589911867398969e-05,5.1612299726378245e-05
ID_QGCAPM,2.671724197183326e-05,3.907877456886617e-05,5.533792415915431e-05,2.671724197183326e-05,3.907877456886617e-05,5.533792415915431e-05
ID_BK64SS,2.80010090838694e-05,9.390074580686019e-05,8.335398018602338e-05,2.80010090838694e-05,9.390074580686019e-05,8.335398018602338e-05
ID_0HVBH9,3.462149583046515e-05,8.257256478231424e-05,7.015416706701202e-05,3.462149583046515e-05,8.257256478231424e-05,7.015416706701202e-05
ID_BAFM4T,3.297336720062829e-05,4.740325552228938e-05,4.446410747483311e-05,3.297336720062829e-05,4.740325552228938e-05,4.446410747483311e-05
ID_3R5UNN,2.3719163130847526e-05,3.398119899865363e-05,4.967283322835392e-05,2.3719163130847526e-05,3.398119899865363e-05,4.967283322835392e-05
ID_S09JZ1,2.671724197183326e-05,3.907877456886617e-05,5.533792415915431e-05,2.671724197183326e-05,3.907877456886617e-05,5.533792415915431e-05
ID_2Z02YG,0.00010537057565094693,0.0002315435521451984,0.00016415361720713355,0.00010537057565094693,0.0002315435521451984,0.00016415361720713355
ID_9NSFQV,8.11413037413136e-05,0.0001263393260978529,0.00010544970945888221,8.11413037413136e-05,0.0001263393260978529,0.00010544970945888221
ID_MP6MPH,0.0007044973535454836,0.001211328279682914,0.0027739966885386266,0.0007044973535454836,0.001211328279682914,0.0027739966885386266
ID_88VJLH,0.0007044973535454836,0.001211328279682914,0.0027739966885386266,0.0007044973535454836,0.001211328279682914,0.0027739966885386266
ID_I3EOVL,0.0028269920411050486,0.0036379450829010867,0.0056846595780152605,0.0028269920411050486,0.0036379450829010867,0.0056846595780152605
ID_TJIJM7,3.381051267348292e-05,4.422047540348745e-05,5.281030680566948e-05,3.381051267348292e-05,4.422047540348745e-05,5.281030680566948e-05
ID_3OB2PY,2.80010090838694e-05,9.390074580686019e-05,8.335398018602338e-05,2.80010090838694e-05,9.390074580686019e-05,8.335398018602338e-05
ID_IWPNJZ,2.1877561341321483e-05,3.589911867398969e-05,5.1612299726378245e-05,2.1877561341321483e-05,3.589911867398969e-05,5.1612299726378245e-05
ID_8NFKCL,2.685770206186724e-05,6.136555726217744e-05,5.1552323141817805e-05,2.685770206186724e-05,6.136555726217744e-05,5.1552323141817805e-05
ID_THH1UR,0.0028269920411050486,0.0036379450829010867,0.0056846595780152605,0.0028269920411050486,0.0036379450829010867,0.0056846595780152605
ID_DIGB5C,0.00010537057565094693,0.0002315435521451984,0.00016415361720713355,0.00010537057565094693,0.0002315435521451984,0.00016415361720713355
ID_RI8Y4C,2.2385164836279466e-05,7.747602642851076e-05,5.891297762978806e-05,2.2385164836279466e-05,7.747602642851076e-05,5.891297762978806e-05
ID_GGVJTH,0.003974977943045523,0.004776927100323633,0.004814085371216423,0.003974977943045523,0.004776927100323633,0.004814085371216423
ID_LOIPDR,2.2385164836279466e-05,7.747602642851076e-05,5.891297762978806e-05,2.2385164836279466e-05,7.747602642851076e-05,5.891297762978806e-05
ID_M9K91E,0.009211269819341847,0.02014242893417183,0.018134817722787737,0.009211269819341847,0.02014242893417183,0.018134817722787737
ID_2TZLAV,0.0007044973535454836,0.001211328279682914,0.0027739966885386266,0.0007044973535454836,0.001211328279682914,0.0027739966885386266
ID_1HUSLA,1.1400741381207516e-05,2.0066345732235877e-05,2.9532059051836837e-05,1.1400741381207516e-05,2.0066345732235877e-05,2.9532059051836837e-05
ID_I7R7TF,2.0043948720818178e-05,5.4382392256079894e-05,4.484012848637666e-05,2.0043948720818178e-05,5.4382392256079894e-05,4.484012848637666e-05
ID_V586YJ,5.377555156431302e-05,5.34962239826994e-05,5.888704568359628e-05,5.377555156431302e-05,5.34962239826994e-05,5.888704568359628e-05
ID_MXWQQ6,2.685770206186724e-05,6.136555726217744e-05,5.1552323141817805e-05,2.685770206186724e-05,6.136555726217744e-05,5.1552323141817805e-05
ID_VFMFNH,3.462149583046515e-05,8.257256478231424e-05,7.015416706701202e-05,3.462149583046515e-05,8.257256478231424e-05,7.015416706701202e-05
ID_745OT8,2.80010090838694e-05,9.390074580686019e-05,8.335398018602338e-05,2.80010090838694e-05,9.390074580686019e-05,8.335398018602338e-05
ID_N1RPR3,3.462149583046515e-05,8.257256478231424e-05,7.015416706701202e-05,3.462149583046515e-05,8.257256478231424e-05,7.015416706701202e-05
ID_34D3MN,5.377555156431302e-05,5.34962239826994e-05,5.888704568359628e-05,5.377555156431302e-05,5.34962239826994e-05,5.888704568359628e-05
ID_MSZ3TQ,2.685770206186724e-05,6.136555726217744e-05,5.1552323141817805e-05,2.685770206186724e-05,6.136555726217744e-05,5.1552323141817805e-05
ID_SB3Z4O,2.0356869169459465e-05,5.569622348988255e-05,5.981278668741744e-05,2.0356869169459465e-05,5.569622348988255e-05,5.981278668741744e-05
ID_4JJJZB,2.0043948720818178e-05,5.4382392256079894e-05,4.484012848637666e-05,2.0043948720818178e-05,5.4382392256079894e-05,4.484012848637666e-05
ID_IVHQHJ,0.003974977943045523,0.004776927100323633,0.004814085371216423,0.003974977943045523,0.004776927100323633,0.004814085371216423
ID_3XTXFX,3.235366910386352e-05,6.297386996373692e-05,6.372484914728739e-05,3.235366910386352e-05,6.297386996373692e-05,6.372484914728739e-05
ID_1DVLLY,0.009211269819341847,0.02014242893417183,0.018134817722787737,0.009211269819341847,0.02014242893417183,0.018134817722787737
ID_G7CMRV,0.0007321450466751713,0.0011514345936937606,0.0026229803176276087,0.0007321450466751713,0.0011514345936937606,0.0026229803176276087
ID_PBV8NL,3.462149583046515e-05,8.257256478231424e-05,7.015416706701202e-05,3.462149583046515e-05,8.257256478231424e-05,7.015416706701202e-05
ID_DO3ZD4,2.671724197183326e-05,3.907877456886617e-05,5.533792415915431e-05,2.671724197183326e-05,3.907877456886617e-05,5.533792415915431e-05
ID_BXFZX7,2.685770206186724e-05,6.136555726217744e-05,5.1552323141817805e-05,2.685770206186724e-05,6.136555726217744e-05,5.1552323141817805e-05
ID_K5JUQC,0.00010537057565094693,0.0002315435521451984,0.00016415361720713355,0.00010537057565094693,0.0002315435521451984,0.00016415361720713355
ID_JQIX21,2.3719163130847526e-05,3.398119899865363e-05,4.967283322835392e-05,2.3719163130847526e-05,3.398119899865363e-05,4.967283322835392e-05
ID_2ZX8MJ,2.0043948720818178e-05,5.4382392256079894e-05,4.484012848637666e-05,2.0043948720818178e-05,5.4382392256079894e-05,4.484012848637666e-05
ID_3WIPGV,3.462149583046515e-05,8.257256478231424e-05,7.015416706701202e-05,3.462149583046515e-05,8.257256478231424e-05,7.015416706701202e-05
ID_ISHX3X,2.671724197183326e-05,3.907877456886617e-05,5.533792415915431e-05,2.671724197183326e-05,3.907877456886617e-05,5.533792415915431e-05
ID_FBFZMG,1.1400741381207516e-05,2.0066345732235877e-05,2.9532059051836837e-05,1.1400741381207516e-05,2.0066345732235877e-05,2.9532059051836837e-05
ID_RHD6O4,3.462149583046515e-05,8.257256478231424e-05,7.015416706701202e-05,3.462149583046515e-05,8.257256478231424e-05,7.015416706701202e-05
ID_P6QK23,2.80010090838694e-05,9.390074580686019e-05,8.335398018602338e-05,2.80010090838694e-05,9.390074580686019e-05,8.335398018602338e-05
ID_8NS4P8,2.671724197183326e-05,3.907877456886617e-05,5.533792415915431e-05,2.671724197183326e-05,3.907877456886617e-05,5.533792415915431e-05
ID_YXAL4N,2.2385164836279466e-05,7.747602642851076e-05,5.891297762978806e-05,2.2385164836279466e-05,7.747602642851076e-05,5.891297762978806e-05
ID_FHRLXM,2.80010090838694e-05,9.390074580686019e-05,8.335398018602338e-05,2.80010090838694e-05,9.390074580686019e-05,8.335398018602338e-05
ID_4LDI6N,2.1877561341321483e-05,3.589911867398969e-05,5.1612299726378245e-05,2.1877561341321483e-05,3.589911867398969e-05,5.1612299726378245e-05
ID_U30UU9,0.003974977943045523,0.004776927100323633,0.004814085371216423,0.003974977943045523,0.004776927100323633,0.004814085371216423
ID_BIVVQ5,8.11413037413136e-05,0.0001263393260978529,0.00010544970945888221,8.11413037413136e-05,0.0001263393260978529,0.00010544970945888221
ID_V3FU4W,3.462149583046515e-05,8.257256478231424e-05,7.015416706701202e-05,3.462149583046515e-05,8.257256478231424e-05,7.015416706701202e-05
ID_ZBT2OF,3.462149583046515e-05,8.257256478231424e-05,7.015416706701202e-05,3.462149583046515e-05,8.257256478231424e-05,7.015416706701202e-05
ID_U2YCJS,2.685770206186724e-05,6.136555726217744e-05,5.1552323141817805e-05,2.685770206186724e-05,6.136555726217744e-05,5.1552323141817805e-05
ID_AR0M29,2.671724197183326e-05,3.907877456886617e-05,5.533792415915431e-05,2.671724197183326e-05,3.907877456886617e-05,5.533792415915431e-05
ID_KGELXP,3.462149583046515e-05,8.257256478231424e-05,7.015416706701202e-05,3.462149583046515e-05,8.257256478231424e-05,7.015416706701202e-05
ID_ICMGAL,1.4877043789371321e-05,2.565365668417404e-05,3.199884818008531e-05,1.4877043789371321e-05,2.565365668417404e-05,3.199884818008531e-05
ID_SATA0V,1.1400741381207516e-05,2.0066345732235877e-05,2.9532059051836837e-05,1.1400741381207516e-05,2.0066345732235877e-05,2.9532059051836837e-05
ID_KLG612,2.1604144125661975e-05,2.761015424034138e-05,3.388675376559083e-05,2.1604144125661975e-05,2.761015424034138e-05,3.388675376559083e-05
ID_0K6BDO,2.80010090838694e-05,9.390074580686019e-05,8.335398018602338e-05,2.80010090838694e-05,9.390074580686019e-05,8.335398018602338e-05
ID_3GMYTY,2.80010090838694e-05,9.390074580686019e-05,8.335398018602338e-05,2.80010090838694e-05,9.390074580686019e-05,8.335398018602338e-05
ID_75LBON,5.377555156431302e-05,5.34962239826994e-05,5.888704568359628e-05,5.377555156431302e-05,5.34962239826994e-05,5.888704568359628e-05
ID_2XFJZU,0.00010537057565094693,0.0002315435521451984,0.00016415361720713355,0.00010537057565094693,0.0002315435521451984,0.00016415361720713355
ID_DH1QTQ,3.462149583046515e-05,8.257256478231424e-05,7.015416706701202e-05,3.462149583046515e-05,8.257256478231424e-05,7.015416706701202e-05
ID_VCTNE2,2.2385164836279466e-05,7.747602642851076e-05,5.891297762978806e-05,2.2385164836279466e-05,7.747602642851076e-05,5.891297762978806e-05
ID_TQKOQ0,1.1400741381207516e-05,2.0066345732235877e-05,2.9532059051836837e-05,1.1400741381207516e-05,2.0066345732235877e-05,2.9532059051836837e-05
ID_O4VUD4,2.80010090838694e-05,9.390074580686019e-05,8.335398018602338e-05,2.80010090838694e-05,9.390074580686019e-05,8.335398018602338e-05
ID_5PJ9XO,0.009211269819341847,0.02014242893417183,0.018134817722787737,0.009211269819341847,0.02014242893417183,0.018134817722787737
ID_5BHS0I,5.377555156431302e-05,5.34962239826994e-05,5.888704568359628e-05,5.377555156431302e-05,5.34962239826994e-05,5.888704568359628e-05
ID_UED7H0,1.1400741381207516e-05,2.0066345732235877e-05,2.9532059051836837e-05,1.1400741381207516e-05,2.0066345732235877e-05,2.9532059051836837e-05
ID_7PNRDI,1.1400741381207516e-05,2.0066345732235877e-05,2.9532059051836837e-05,1.1400741381207516e-05,2.0066345732235877e-05,2.9532059051836837e-05
ID_XZXOS2,2.7314759092092488e-05,7.108845844434865e-05,5.4379330736789195e-05,2.7314759092092488e-05,7.108845844434865e-05,5.4379330736789195e-05
ID_GKDTYW,3.297336720062829e-05,4.740325552228938e-05,4.446410747483311e-05,3.297336720062829e-05,4.740325552228938e-05,4.446410747483311e-05
ID_XGKFJ2,0.00010537057565094693,0.0002315435521451984,0.00016415361720713355,0.00010537057565094693,0.0002315435521451984,0.00016415361720713355
ID_M0HTKQ,3.381051267348292e-05,4.422047540348745e-05,5.281030680566948e-05,3.381051267348292e-05,4.422047540348745e-05,5.281030680566948e-05
ID_LTDZIO,2.671724197183326e-05,3.907877456886617e-05,5.533792415915431e-05,2.671724197183326e-05,3.907877456886617e-05,5.533792415915431e-05
ID_GLYI5H,3.462149583046515e-05,8.257256478231424e-05,7.015416706701202e-05,3.462149583046515e-05,8.257256478231424e-05,7.015416706701202e-05
ID_8R5FFI,3.462149583046515e-05,8.257256478231424e-05,7.015416706701202e-05,3.462149583046515e-05,8.257256478231424e-05,7.015416706701202e-05
ID_T8RWY3,5.377555156431302e-05,5.34962239826994e-05,5.888704568359628e-05,5.377555156431302e-05,5.34962239826994e-05,5.888704568359628e-05
ID_YUMD4O,3.462149583046515e-05,8.257256478231424e-05,7.015416706701202e-05,3.462149583046515e-05,8.257256478231424e-05,7.015416706701202e-05
ID_V4CJKG,2.80010090838694e-05,9.390074580686019e-05,8.335398018602338e-05,2.80010090838694e-05,9.390074580686019e-05,8.335398018602338e-05
ID_PD844Y,2.2385164836279466e-05,7.747602642851076e-05,5.891297762978806e-05,2.2385164836279466e-05,7.747602642851076e-05,5.891297762978806e-05
ID_1FJE68,2.1877561341321483e-05,3.589911867398969e-05,5.1612299726378245e-05,2.1877561341321483e-05,3.589911867398969e-05,5.1612299726378245e-05
ID_RTAF36,5.377555156431302e-05,5.34962239826994e-05,5.888704568359628e-05,5.377555156431302e-05,5.34962239826994e-05,5.888704568359628e-05
ID_0Q0ASG,0.002724397724136865,0.004477912022235054,0.004872039253275163,0.002724397724136865,0.004477912022235054,0.004872039253275163
ID_WOQ9RN,2.2385164836279466e-05,7.747602642851076e-05,5.891297762978806e-05,2.2385164836279466e-05,7.747602642851076e-05,5.891297762978806e-05
ID_40HUN8,0.0028269920411050486,0.0036379450829010867,0.0056846595780152605,0.0028269920411050486,0.0036379450829010867,0.0056846595780152605
ID_KP9MAP,5.377555156431302e-05,5.34962239826994e-05,5.888704568359628e-05,5.377555156431302e-05,5.34962239826994e-05,5.888704568359628e-05
ID_9TOISM,2.1877561341321483e-05,3.589911867398969e-05,5.1612299726378245e-05,2.1877561341321483e-05,3.589911867398969e-05,5.1612299726378245e-05
ID_604ZNT,0.009211269819341847,0.02014242893417183,0.018134817722787737,0.009211269819341847,0.02014242893417183,0.018134817722787737
ID_R8L0ZF,1.1400741381207516e-05,2.0066345732235877e-05,2.9532059051836837e-05,1.1400741381207516e-05,2.0066345732235877e-05,2.9532059051836837e-05
ID_NEWEUH,0.00010537057565094693,0.0002315435521451984,0.00016415361720713355,0.00010537057565094693,0.0002315435521451984,0.00016415361720713355
ID_POEBAW,2.80010090838694e-05,9.390074580686019e-05,8.335398018602338e-05,2.80010090838694e-05,9.390074580686019e-05,8.335398018602338e-05
ID_M074K8,0.0028269920411050486,0.0036379450829010867,0.0056846595780152605,0.0028269920411050486,0.0036379450829010867,0.0056846595780152605
ID_A0HXDC,2.80010090838694e-05,9.390074580686019e-05,8.335398018602338e-05,2.80010090838694e-05,9.390074580686019e-05,8.335398018602338e-05
ID_SLG2I5,0.00010537057565094693,0.0002315435521451984,0.00016415361720713355,0.00010537057565094693,0.0002315435521451984,0.00016415361720713355
ID_0ZWEL6,3.462149583046515e-05,8.257256478231424e-05,7.015416706701202e-05,3.462149583046515e-05,8.257256478231424e-05,7.015416706701202e-05
ID_5W8IQ2,2.685770206186724e-05,6.136555726217744e-05,5.1552323141817805e-05,2.685770206186724e-05,6.136555726217744e-05,5.1552323141817805e-05
ID_X1JF4P,0.00010537057565094693,0.0002315435521451984,0.00016415361720713355,0.00010537057565094693,0.0002315435521451984,0.00016415361720713355
ID_OKPFDW,2.671724197183326e-05,3.907877456886617e-05,5.533792415915431e-05,2.671724197183326e-05,3.907877456886617e-05,5.533792415915431e-05
ID_BG41I8,2.671724197183326e-05,3.907877456886617e-05,5.533792415915431e-05,2.671724197183326e-05,3.907877456886617e-05,5.533792415915431e-05
ID_WLJAHR,5.377555156431302e-05,5.34962239826994e-05,5.888704568359628e-05,5.377555156431302e-05,5.34962239826994e-05,5.888704568359628e-05
ID_CWIW49,2.7314759092092488e-05,7.108845844434865e-05,5.4379330736789195e-05,2.7314759092092488e-05,7.108845844434865e-05,5.4379330736789195e-05
ID_KPIEP6,8.11413037413136e-05,0.0001263393260978529,0.00010544970945888221,8.11413037413136e-05,0.0001263393260978529,0.00010544970945888221
ID_BIPIY7,0.0028269920411050486,0.0036379450829010867,0.0056846595780152605,0.0028269920411050486,0.0036379450829010867,0.0056846595780152605
ID_OV4128,2.80010090838694e-05,9.390074580686019e-05,8.335398018602338e-05,2.80010090838694e-05,9.390074580686019e-05,8.335398018602338e-05
ID_KM14WW,3.786243017937924e-05,4.697491217600828e-05,5.2474001208041546e-05,3.786243017937924e-05,4.697491217600828e-05,5.2474001208041546e-05
ID_ZR9LL7,3.381051267348292e-05,4.422047540348745e-05,5.281030680566948e-05,3.381051267348292e-05,4.422047540348745e-05,5.281030680566948e-05
ID_MN7JHJ,2.3719163130847526e-05,3.398119899865363e-05,4.967283322835392e-05,2.3719163130847526e-05,3.398119899865363e-05,4.967283322835392e-05
ID_1YP6FS,2.2385164836279466e-05,7.747602642851076e-05,5.891297762978806e-05,2.2385164836279466e-05,7.747602642851076e-05,5.891297762978806e-05
ID_LY0FR7,3.462149583046515e-05,8.257256478231424e-05,7.015416706701202e-05,3.462149583046515e-05,8.257256478231424e-05,7.015416706701202e-05
ID_VA8YS0,0.007117110181370313,0.017506753721483324,0.016322346726460307,0.007117110181370313,0.017506753721483324,0.016322346726460307
ID_MGX9C4,3.462149583046515e-05,8.257256478231424e-05,7.015416706701202e-05,3.462149583046515e-05,8.257256478231424e-05,7.015416706701202e-05
ID_ODWSBV,3.462149583046515e-05,8.257256478231424e-05,7.015416706701202e-05,3.462149583046515e-05,8.257256478231424e-05,7.015416706701202e-05
ID_VIB8R6,3.235366910386352e-05,6.297386996373692e-05,6.372484914728739e-05,3.235366910386352e-05,6.297386996373692e-05,6.372484914728739e-05
ID_O3271L,0.007736134664698883,0.01694742995838964,0.012944901856664585,0.007736134664698883,0.01694742995838964,0.012944901856664585
ID_IA7XNG,6.802170909487477e-05,6.73103980423291e-05,4.725039507343456e-05,6.802170909487477e-05,6.73103980423291e-05,4.725039507343456e-05
ID_G5YFIJ,2.6114144499845128e-05,2.2006157111615468e-05,2.3177580847473504e-05,2.6114144499845128e-05,2.2006157111615468e-05,2.3177580847473504e-05
ID_8EA5ZH,2.6114144499845128e-05,2.2006157111615468e-05,2.3177580847473504e-05,2.6114144499845128e-05,2.2006157111615468e-05,2.3177580847473504e-05
ID_VUB2RU,1.640302895982422e-05,1.76669405915515e-05,1.654945189900186e-05,1.640302895982422e-05,1.76669405915515e-05,1.654945189900186e-05
ID_869AS8,2.6114144499845128e-05,2.2006157111615468e-05,2.3177580847473504e-05,2.6114144499845128e-05,2.2006157111615468e-05,2.3177580847473504e-05
ID_TIBN4U,1.774133499783236e-05,2.0822932836472582e-05,1.9362718207716337e-05,1.774133499783236e-05,2.0822932836472582e-05,1.9362718207716337e-05
ID_WQ3JF5,2.6114144499845128e-05,2.2006157111615468e-05,2.3177580847473504e-05,2.6114144499845128e-05,2.2006157111615468e-05,2.3177580847473504e-05
ID_5RBXPX,1.774133499783236e-05,2.0822932836472582e-05,1.9362718207716337e-05,1.774133499783236e-05,2.0822932836472582e-05,1.9362718207716337e-05
ID_5HD5ZA,1.640302895982422e-05,1.76669405915515e-05,1.654945189900186e-05,1.640302895982422e-05,1.76669405915515e-05,1.654945189900186e-05
ID_2S5VX6,1.774133499783236e-05,2.0822932836472582e-05,1.9362718207716337e-05,1.774133499783236e-05,2.0822932836472582e-05,1.9362718207716337e-05
ID_5A16YM,1.640302895982422e-05,1.76669405915515e-05,1.654945189900186e-05,1.640302895982422e-05,1.76669405915515e-05,1.654945189900186e-05
ID_9HWS96,2.6114144499845128e-05,2.2006157111615468e-05,2.3177580847473504e-05,2.6114144499845128e-05,2.2006157111615468e-05,2.3177580847473504e-05
ID_XSG0T2,2.4309788789658387e-05,2.1868527006334532e-05,2.2663102033373534e-05,2.4309788789658387e-05,2.1868527006334532e-05,2.2663102033373534e-05
ID_GKA6X5,1.774133499783236e-05,2.0822932836472582e-05,1.9362718207716337e-05,1.774133499783236e-05,2.0822932836472582e-05,1.9362718207716337e-05
ID_IADFLZ,1.774133499783236e-05,2.0822932836472582e-05,1.9362718207716337e-05,1.774133499783236e-05,2.0822932836472582e-05,1.9362718207716337e-05
ID_85I0GR,2.4309788789658387e-05,2.1868527006334532e-05,2.2663102033373534e-05,2.4309788789658387e-05,2.1868527006334532e-05,2.2663102033373534e-05
ID_MIJTEW,2.6114144499845128e-05,2.2006157111615468e-05,2.3177580847473504e-05,2.6114144499845128e-05,2.2006157111615468e-05,2.3177580847473504e-05
ID_B8BL0O,2.4309788789658387e-05,2.1868527006334532e-05,2.2663102033373534e-05,2.4309788789658387e-05,2.1868527006334532e-05,2.2663102033373534e-05
ID_QC1WRZ,1.774133499783236e-05,2.0822932836472582e-05,1.9362718207716337e-05,1.774133499783236e-05,2.0822932836472582e-05,1.9362718207716337e-05
ID_6UT7IC,2.6114144499845128e-05,2.2006157111615468e-05,2.3177580847473504e-05,2.6114144499845128e-05,2.2006157111615468e-05,2.3177580847473504e-05
ID_54JX22,2.6114144499845128e-05,2.2006157111615468e-05,2.3177580847473504e-05,2.6114144499845128e-05,2.2006157111615468e-05,2.3177580847473504e-05
ID_6TKU5R,2.6114144499845128e-05,2.2006157111615468e-05,2.3177580847473504e-05,2.6114144499845128e-05,2.2006157111615468e-05,2.3177580847473504e-05
ID_1JA2MK,2.6114144499845128e-05,2.2006157111615468e-05,2.3177580847473504e-05,2.6114144499845128e-05,2.2006157111615468e-05,2.3177580847473504e-05
ID_SJWY6D,2.6114144499845128e-05,2.2006157111615468e-05,2.3177580847473504e-05,2.6114144499845128e-05,2.2006157111615468e-05,2.3177580847473504e-05
ID_GIYG6G,2.4309788789658387e-05,2.1868527006334532e-05,2.2663102033373534e-05,2.4309788789658387e-05,2.1868527006334532e-05,2.2663102033373534e-05
ID_LJS85L,2.6114144499845128e-05,2.2006157111615468e-05,2.3177580847473504e-05,2.6114144499845128e-05,2.2006157111615468e-05,2.3177580847473504e-05
ID_TQNBDG,1.774133499783236e-05,2.0822932836472582e-05,1.9362718207716337e-05,1.774133499783236e-05,2.0822932836472582e-05,1.9362718207716337e-05
ID_XARP7Q,1.774133499783236e-05,2.0822932836472582e-05,1.9362718207716337e-05,1.774133499783236e-05,2.0822932836472582e-05,1.9362718207716337e-05
ID_BMEQA2,1.774133499783236e-05,2.0822932836472582e-05,1.9362718207716337e-05,1.774133499783236e-05,2.0822932836472582e-05,1.9362718207716337e-05
ID_O9717W,2.6114144499845128e-05,2.2006157111615468e-05,2.3177580847473504e-05,2.6114144499845128e-05,2.2006157111615468e-05,2.3177580847473504e-05
ID_7A9IEF,0.00018970195909156698,0.0007247979119887895,0.0016816096677647792,0.00018970195909156698,0.0007247979119887895,0.0016816096677647792
ID_YGG57K,7.82658973441561e-05,0.0005734562752711268,0.0010344169061015447,7.82658973441561e-05,0.0005734562752711268,0.0010344169061015447
ID_QI4XP9,0.00018970195909156698,0.0007247979119887895,0.0016816096677647792,0.00018970195909156698,0.0007247979119887895,0.0016816096677647792
ID_Q18N3W,0.00018970195909156698,0.0007247979119887895,0.0016816096677647792,0.00018970195909156698,0.0007247979119887895,0.0016816096677647792
ID_4VVCQH,0.00023818865744119807,0.0008951746280432156,0.0016659435083126422,0.00023818865744119807,0.0008951746280432156,0.0016659435083126422
ID_XE4IEV,4.938574297766636e-05,9.934991236642556e-05,0.0002299895749217221,4.938574297766636e-05,9.934991236642556e-05,0.0002299895749217221
ID_K3MAY0,0.00023818865744119807,0.0008951746280432156,0.0016659435083126422,0.00023818865744119807,0.0008951746280432156,0.0016659435083126422
ID_HW0LWU,0.00021038571690974614,0.0012052726782345283,0.0038480634445556966,0.00021038571690974614,0.0012052726782345283,0.0038480634445556966
ID_UCWQS1,4.938574297766636e-05,9.934991236642556e-05,0.0002299895749217221,4.938574297766636e-05,9.934991236642556e-05,0.0002299895749217221
ID_MZ5E9B,7.296466840799737e-05,8.310238306165842e-05,5.852273754722255e-05,7.296466840799737e-05,8.310238306165842e-05,5.852273754722255e-05
ID_C1K50D,0.00015224421404935864,0.0006421779154770753,0.0023096155368575342,0.00015224421404935864,0.0006421779154770753,0.0023096155368575342
ID_MC4KWW,0.1672502451063244,0.12937550288982408,0.11959525603430479,0.1672502451063244,0.12937550288982408,0.11959525603430479
ID_RH99WO,0.00022246569302331612,0.0008750477559103402,0.004168452730135763,0.00022246569302331612,0.0008750477559103402,0.004168452730135763
ID_744B0S,0.00010795111605695407,7.306728099087245e-05,5.48306249695186e-05,0.00010795111605695407,7.306728099087245e-05,5.48306249695186e-05
ID_G76EJJ,4.091979756264421e-05,4.4518627450321514e-05,2.690030057380881e-05,4.091979756264421e-05,4.4518627450321514e-05,2.690030057380881e-05
ID_W3FLE5,0.00011829395786672498,0.0006054676004771797,0.0010351902770791167,0.00011829395786672498,0.0006054676004771797,0.0010351902770791167
ID_EH2GC9,0.00023818865744119807,0.0008951746280432156,0.0016659435083126422,0.00023818865744119807,0.0008951746280432156,0.0016659435083126422
ID_VA32M2,0.00018970195909156698,0.0007247979119887895,0.0016816096677647792,0.00018970195909156698,0.0007247979119887895,0.0016816096677647792
ID_614OQG,0.00015224421404935864,0.0006421779154770753,0.0023096155368575342,0.00015224421404935864,0.0006421779154770753,0.0023096155368575342
ID_3XYEKG,0.00021098098186604102,0.0012603132739747078,0.004700956622687892,0.00021098098186604102,0.0012603132739747078,0.004700956622687892
ID_0NEH7M,7.296466840799737e-05,8.310238306165842e-05,5.852273754722255e-05,7.296466840799737e-05,8.310238306165842e-05,5.852273754722255e-05
ID_X56U7A,0.00011829395786672498,0.0006054676004771797,0.0010351902770791167,0.00011829395786672498,0.0006054676004771797,0.0010351902770791167
ID_LVGS8N,0.00011829395786672498,0.0006054676004771797,0.0010351902770791167,0.00011829395786672498,0.0006054676004771797,0.0010351902770791167
ID_8OM0HC,0.00011829395786672498,0.0006054676004771797,0.0010351902770791167,0.00011829395786672498,0.0006054676004771797,0.0010351902770791167
ID_ZF76R9,4.938574297766636e-05,9.934991236642556e-05,0.0002299895749217221,4.938574297766636e-05,9.934991236642556e-05,0.0002299895749217221
ID_38Z3AF,2.8838535055233752e-05,5.716357894396595e-05,7.453915579085706e-05,2.8838535055233752e-05,5.716357894396595e-05,7.453915579085706e-05
ID_MI871Y,4.5439705567310276e-05,6.076821153803829e-05,7.743662790179391e-05,4.5439705567310276e-05,6.076821153803829e-05,7.743662790179391e-05
ID_Z2O6G6,4.5439705567310276e-05,6.076821153803829e-05,7.743662790179391e-05,4.5439705567310276e-05,6.076821153803829e-05,7.743662790179391e-05
ID_N4NA0B,0.00023818865744119807,0.0008951746280432156,0.0016659435083126422,0.00023818865744119807,0.0008951746280432156,0.0016659435083126422
ID_CXGCMA,4.938574297766636e-05,9.934991236642556e-05,0.0002299895749217221,4.938574297766636e-05,9.934991236642556e-05,0.0002299895749217221
ID_S02NWF,0.00018970195909156698,0.0007247979119887895,0.0016816096677647792,0.00018970195909156698,0.0007247979119887895,0.0016816096677647792
ID_STYUQH,0.00015224421404935864,0.0006421779154770753,0.0023096155368575342,0.00015224421404935864,0.0006421779154770753,0.0023096155368575342
ID_OQ0NNL,0.00015224421404935864,0.0006421779154770753,0.0023096155368575342,0.00015224421404935864,0.0006421779154770753,0.0023096155368575342
ID_LMECJK,0.00015224421404935864,0.0006421779154770753,0.0023096155368575342,0.00015224421404935864,0.0006421779154770753,0.0023096155368575342
ID_D7R1NQ,0.00021098098186604102,0.0012603132739747078,0.004700956622687892,0.00021098098186604102,0.0012603132739747078,0.004700956622687892
ID_7XQ792,4.938574297766636e-05,9.934991236642556e-05,0.0002299895749217221,4.938574297766636e-05,9.934991236642556e-05,0.0002299895749217221
ID_U8RC44,0.00015224421404935864,0.0006421779154770753,0.0023096155368575342,0.00015224421404935864,0.0006421779154770753,0.0023096155368575342
ID_EBNFRL,0.00022246569302331612,0.0008750477559103402,0.004168452730135763,0.00022246569302331612,0.0008750477559103402,0.004168452730135763
ID_GKQ47Z,0.00015224421404935864,0.0006421779154770753,0.0023096155368575342,0.00015224421404935864,0.0006421779154770753,0.0023096155368575342
ID_YE5B6S,0.00021098098186604102,0.0012603132739747078,0.004700956622687892,0.00021098098186604102,0.0012603132739747078,0.004700956622687892
ID_W45VF7,0.00023818865744119807,0.0008951746280432156,0.0016659435083126422,0.00023818865744119807,0.0008951746280432156,0.0016659435083126422
ID_1RUKP4,0.00021098098186604102,0.0012603132739747078,0.004700956622687892,0.00021098098186604102,0.0012603132739747078,0.004700956622687892
ID_Q4TH3I,0.00010795111605695407,7.306728099087245e-05,5.48306249695186e-05,0.00010795111605695407,7.306728099087245e-05,5.48306249695186e-05
ID_DPVS20,0.00023818865744119807,0.0008951746280432156,0.0016659435083126422,0.00023818865744119807,0.0008951746280432156,0.0016659435083126422
ID_22KHLA,7.82658973441561e-05,0.0005734562752711268,0.0010344169061015447,7.82658973441561e-05,0.0005734562752711268,0.0010344169061015447
ID_S9QE4Q,0.00011829395786672498,0.0006054676004771797,0.0010351902770791167,0.00011829395786672498,0.0006054676004771797,0.0010351902770791167
ID_E7MX6C,0.00021098098186604102,0.0012603132739747078,0.004700956622687892,0.00021098098186604102,0.0012603132739747078,0.004700956622687892
ID_U3INRH,7.82658973441561e-05,0.0005734562752711268,0.0010344169061015447,7.82658973441561e-05,0.0005734562752711268,0.0010344169061015447
ID_DI7YTA,0.00021098098186604102,0.0012603132739747078,0.004700956622687892,0.00021098098186604102,0.0012603132739747078,0.004700956622687892
ID_RCOAWN,0.00015224421404935864,0.0006421779154770753,0.0023096155368575342,0.00015224421404935864,0.0006421779154770753,0.0023096155368575342
ID_Z1LRYM,0.0001894293693726863,0.0016551366603734352,0.004778911130362151,0.0001894293693726863,0.0016551366603734352,0.004778911130362151
ID_C2LJ70,0.0001304837919030678,0.0009537018506985456,0.002157093246253413,0.0001304837919030678,0.0009537018506985456,0.002157093246253413
ID_GIVEZ4,0.00022246569302331612,0.0008750477559103402,0.004168452730135763,0.00022246569302331612,0.0008750477559103402,0.004168452730135763
ID_ELDV2E,0.00023818865744119807,0.0008951746280432156,0.0016659435083126422,0.00023818865744119807,0.0008951746280432156,0.0016659435083126422
ID_2BSLWL,0.00015224421404935864,0.0006421779154770753,0.0023096155368575342,0.00015224421404935864,0.0006421779154770753,0.0023096155368575342
ID_SEXM8V,0.00021098098186604102,0.0012603132739747078,0.004700956622687892,0.00021098098186604102,0.0012603132739747078,0.004700956622687892
ID_MOIYPK,0.03983986040017555,0.04338438123979109,0.036091106473940655,0.03983986040017555,0.04338438123979109,0.036091106473940655
ID_G5NRPK,7.82658973441561e-05,0.0005734562752711268,0.0010344169061015447,7.82658973441561e-05,0.0005734562752711268,0.0010344169061015447
ID_JFVGSJ,4.938574297766636e-05,9.934991236642556e-05,0.0002299895749217221,4.938574297766636e-05,9.934991236642556e-05,0.0002299895749217221
ID_XWS7HQ,0.1672502451063244,0.12937550288982408,0.11959525603430479,0.1672502451063244,0.12937550288982408,0.11959525603430479
ID_4OYZV6,0.0015212813894002674,0.003574955281579829,0.0067925580726859395,0.0015212813894002674,0.003574955281579829,0.0067925580726859395
ID_01RP2A,4.938574297766636e-05,9.934991236642556e-05,0.0002299895749217221,4.938574297766636e-05,9.934991236642556e-05,0.0002299895749217221
ID_5PPY2G,0.00018970195909156698,0.0007247979119887895,0.0016816096677647792,0.00018970195909156698,0.0007247979119887895,0.0016816096677647792
ID_CSM246,0.00018970195909156698,0.0007247979119887895,0.0016816096677647792,0.00018970195909156698,0.0007247979119887895,0.0016816096677647792
ID_UJJ1IK,0.00018970195909156698,0.0007247979119887895,0.0016816096677647792,0.00018970195909156698,0.0007247979119887895,0.0016816096677647792
ID_XBI5K6,0.00021098098186604102,0.0012603132739747078,0.004700956622687892,0.00021098098186604102,0.0012603132739747078,0.004700956622687892
ID_WJ9PEO,0.00018970195909156698,0.0007247979119887895,0.0016816096677647792,0.00018970195909156698,0.0007247979119887895,0.0016816096677647792
ID_WY9EAI,7.82658973441561e-05,0.0005734562752711268,0.0010344169061015447,7.82658973441561e-05,0.0005734562752711268,0.0010344169061015447
ID_UR5OFA,4.938574297766636e-05,9.934991236642556e-05,0.0002299895749217221,4.938574297766636e-05,9.934991236642556e-05,0.0002299895749217221
ID_VXVK0E,4.938574297766636e-05,9.934991236642556e-05,0.0002299895749217221,4.938574297766636e-05,9.934991236642556e-05,0.0002299895749217221
ID_LKHDH9,0.00018970195909156698,0.0007247979119887895,0.0016816096677647792,0.00018970195909156698,0.0007247979119887895,0.0016816096677647792
ID_FS84JN,0.00022246569302331612,0.0008750477559103402,0.004168452730135763,0.00022246569302331612,0.0008750477559103402,0.004168452730135763
ID_Q08FAJ,0.0001304837919030678,0.0009537018506985456,0.002157093246253413,0.0001304837919030678,0.0009537018506985456,0.002157093246253413
ID_SRKWYT,0.00018970195909156698,0.0007247979119887895,0.0016816096677647792,0.00018970195909156698,0.0007247979119887895,0.0016816096677647792
ID_6ZEMZN,2.8838535055233752e-05,5.716357894396595e-05,7.453915579085706e-05,2.8838535055233752e-05,5.716357894396595e-05,7.453915579085706e-05
ID_0OW07A,4.938574297766636e-05,9.934991236642556e-05,0.0002299895749217221,4.938574297766636e-05,9.934991236642556e-05,0.0002299895749217221
ID_CI8CH1,0.00015224421404935864,0.0006421779154770753,0.0023096155368575342,0.00015224421404935864,0.0006421779154770753,0.0023096155368575342
ID_9FI442,0.00018970195909156698,0.0007247979119887895,0.0016816096677647792,0.00018970195909156698,0.0007247979119887895,0.0016816096677647792
ID_SO0DHO,0.00015224421404935864,0.0006421779154770753,0.0023096155368575342,0.00015224421404935864,0.0006421779154770753,0.0023096155368575342
ID_I3TWPN,0.00015224421404935864,0.0006421779154770753,0.0023096155368575342,0.00015224421404935864,0.0006421779154770753,0.0023096155368575342
ID_PRTLQO,2.6549855265796955e-05,3.6196436727487816e-05,3.101662113900952e-05,2.6549855265796955e-05,3.6196436727487816e-05,3.101662113900952e-05
ID_DLJ036,2.8838535055233752e-05,5.716357894396595e-05,7.453915579085706e-05,2.8838535055233752e-05,5.716357894396595e-05,7.453915579085706e-05
ID_1KRPQG,0.00022246569302331612,0.0008750477559103402,0.004168452730135763,0.00022246569302331612,0.0008750477559103402,0.004168452730135763
ID_ER9JGI,0.00015224421404935864,0.0006421779154770753,0.0023096155368575342,0.00015224421404935864,0.0006421779154770753,0.0023096155368575342
ID_URRD8K,0.00023818865744119807,0.0008951746280432156,0.0016659435083126422,0.00023818865744119807,0.0008951746280432156,0.0016659435083126422
ID_LLP2C0,7.82658973441561e-05,0.0005734562752711268,0.0010344169061015447,7.82658973441561e-05,0.0005734562752711268,0.0010344169061015447
ID_W15EIN,0.018493762315239467,0.035195243681943454,0.03729628338789604,0.018493762315239467,0.035195243681943454,0.03729628338789604
ID_CZ0VWL,0.00010795111605695407,7.306728099087245e-05,5.48306249695186e-05,0.00010795111605695407,7.306728099087245e-05,5.48306249695186e-05
ID_OEUEBT,0.00018970195909156698,0.0007247979119887895,0.0016816096677647792,0.00018970195909156698,0.0007247979119887895,0.0016816096677647792
ID_LXTW02,0.00010795111605695407,7.306728099087245e-05,5.48306249695186e-05,0.00010795111605695407,7.306728099087245e-05,5.48306249695186e-05
ID_N94SDP,0.00023818865744119807,0.0008951746280432156,0.0016659435083126422,0.00023818865744119807,0.0008951746280432156,0.0016659435083126422
ID_N0AWM0,0.00021098098186604102,0.0012603132739747078,0.004700956622687892,0.00021098098186604102,0.0012603132739747078,0.004700956622687892
ID_42NPIG,0.5981503570004837,0.509354385778921,0.46120432890017976,0.5981503570004837,0.509354385778921,0.46120432890017976
ID_NSS5HS,0.00021038571690974614,0.0012052726782345283,0.0038480634445556966,0.00021038571690974614,0.0012052726782345283,0.0038480634445556966
ID_ETVXZ7,0.00011829395786672498,0.0006054676004771797,0.0010351902770791167,0.00011829395786672498,0.0006054676004771797,0.0010351902770791167
ID_VEAIU7,6.943084718086245e-05,7.385641361499966e-05,4.654191292313264e-05,6.943084718086245e-05,7.385641361499966e-05,4.654191292313264e-05
ID_FJN84X,0.00015224421404935864,0.0006421779154770753,0.0023096155368575342,0.00015224421404935864,0.0006421779154770753,0.0023096155368575342
ID_HD7QTN,0.00018970195909156698,0.0007247979119887895,0.0016816096677647792,0.00018970195909156698,0.0007247979119887895,0.0016816096677647792
ID_NTR8YK,4.5439705567310276e-05,6.076821153803829e-05,7.743662790179391e-05,4.5439705567310276e-05,6.076821153803829e-05,7.743662790179391e-05
ID_9856FP,6.943084718086245e-05,7.385641361499966e-05,4.654191292313264e-05,6.943084718086245e-05,7.385641361499966e-05,4.654191292313264e-05
ID_69NK4X,0.00018970195909156698,0.0007247979119887895,0.0016816096677647792,0.00018970195909156698,0.0007247979119887895,0.0016816096677647792
ID_UVABGX,0.00015224421404935864,0.0006421779154770753,0.0023096155368575342,0.00015224421404935864,0.0006421779154770753,0.0023096155368575342
ID_S5C90U,0.1672502451063244,0.12937550288982408,0.11959525603430479,0.1672502451063244,0.12937550288982408,0.11959525603430479
ID_X0NOSD,4.5439705567310276e-05,6.076821153803829e-05,7.743662790179391e-05,4.5439705567310276e-05,6.076821153803829e-05,7.743662790179391e-05
ID_IJCE63,0.00022246569302331612,0.0008750477559103402,0.004168452730135763,0.00022246569302331612,0.0008750477559103402,0.004168452730135763
ID_ME1YJI,0.00022246569302331612,0.0008750477559103402,0.004168452730135763,0.00022246569302331612,0.0008750477559103402,0.004168452730135763
ID_CZIO8P,4.5439705567310276e-05,6.076821153803829e-05,7.743662790179391e-05,4.5439705567310276e-05,6.076821153803829e-05,7.743662790179391e-05
ID_GQKCKG,0.00021098098186604102,0.0012603132739747078,0.004700956622687892,0.00021098098186604102,0.0012603132739747078,0.004700956622687892
ID_CDDM41,0.00015224421404935864,0.0006421779154770753,0.0023096155368575342,0.00015224421404935864,0.0006421779154770753,0.0023096155368575342
ID_HOITR8,0.00018970195909156698,0.0007247979119887895,0.0016816096677647792,0.00018970195909156698,0.0007247979119887895,0.0016816096677647792
ID_MWGUUP,0.00018970195909156698,0.0007247979119887895,0.0016816096677647792,0.00018970195909156698,0.0007247979119887895,0.0016816096677647792
ID_TNZJLJ,4.938574297766636e-05,9.934991236642556e-05,0.0002299895749217221,4.938574297766636e-05,9.934991236642556e-05,0.0002299895749217221
ID_4RHCTV,4.5439705567310276e-05,6.076821153803829e-05,7.743662790179391e-05,4.5439705567310276e-05,6.076821153803829e-05,7.743662790179391e-05
ID_3D546N,3.8244988004913975e-05,6.40849075405581e-05,0.0001254031368148326,3.8244988004913975e-05,6.40849075405581e-05,0.0001254031368148326
ID_G3G8F2,0.0358837460088783,0.042401258947980955,0.03702961903600215,0.0358837460088783,0.042401258947980955,0.03702961903600215
ID_R3EVVT,0.00022246569302331612,0.0008750477559103402,0.004168452730135763,0.00022246569302331612,0.0008750477559103402,0.004168452730135763
ID_QEM6RQ,0.00022246569302331612,0.0008750477559103402,0.004168452730135763,0.00022246569302331612,0.0008750477559103402,0.004168452730135763
ID_NTVN8F,1.8720971092579986e-05,2.4277455159145496e-05,2.708494939704754e-05,1.8720971092579986e-05,2.4277455159145496e-05,2.708494939704754e-05
ID_AQTW5A,1.8720971092579986e-05,2.4277455159145496e-05,2.708494939704754e-05,1.8720971092579986e-05,2.4277455159145496e-05,2.708494939704754e-05
ID_2BK28V,1.8720971092579986e-05,2.4277455159145496e-05,2.708494939704754e-05,1.8720971092579986e-05,2.4277455159145496e-05,2.708494939704754e-05
ID_PXLHVB,1.8720971092579986e-05,2.4277455159145496e-05,2.708494939704754e-05,1.8720971092579986e-05,2.4277455159145496e-05,2.708494939704754e-05
ID_BTGNHS,1.8720971092579986e-05,2.4277455159145496e-05,2.708494939704754e-05,1.8720971092579986e-05,2.4277455159145496e-05,2.708494939704754e-05
ID_1T7417,1.1893387611462342e-05,2.3987205278363433e-05,2.6309752236817678e-05,1.1893387611462342e-05,2.3987205278363433e-05,2.6309752236817678e-05
ID_5IHZMO,1.1893387611462342e-05,2.3987205278363433e-05,2.6309752236817678e-05,1.1893387611462342e-05,2.3987205278363433e-05,2.6309752236817678e-05
ID_B1UDBV,1.8720971092579986e-05,2.4277455159145496e-05,2.708494939704754e-05,1.8720971092579986e-05,2.4277455159145496e-05,2.708494939704754e-05
ID_8HARO9,1.8720971092579986e-05,2.4277455159145496e-05,2.708494939704754e-05,1.8720971092579986e-05,2.4277455159145496e-05,2.708494939704754e-05
ID_SZOUS9,1.1893387611462342e-05,2.3987205278363433e-05,2.6309752236817678e-05,1.1893387611462342e-05,2.3987205278363433e-05,2.6309752236817678e-05
ID_BB770Y,1.1893387611462342e-05,2.3987205278363433e-05,2.6309752236817678e-05,1.1893387611462342e-05,2.3987205278363433e-05,2.6309752236817678e-05
ID_JUTR7C,1.8720971092579986e-05,2.4277455159145496e-05,2.708494939704754e-05,1.8720971092579986e-05,2.4277455159145496e-05,2.708494939704754e-05
ID_O1K46G,7.494893147011934e-05,7.613827099188285e-05,0.00013491609912345107,7.494893147011934e-05,7.613827099188285e-05,0.00013491609912345107
ID_IP98ON,1.8720971092579986e-05,2.4277455159145496e-05,2.708494939704754e-05,1.8720971092579986e-05,2.4277455159145496e-05,2.708494939704754e-05
ID_EXAG19,1.8720971092579986e-05,2.4277455159145496e-05,2.708494939704754e-05,1.8720971092579986e-05,2.4277455159145496e-05,2.708494939704754e-05
ID_9BDORD,0.00025095081529917035,0.00016671879341501977,0.00032839806374297095,0.00025095081529917035,0.00016671879341501977,0.00032839806374297095
ID_1T2JQX,0.0001090618654098418,0.0001123758199087168,0.00019698360962087813,0.0001090618654098418,0.0001123758199087168,0.00019698360962087813
ID_9EYMB0,1.8720971092579986e-05,2.4277455159145496e-05,2.708494939704754e-05,1.8720971092579986e-05,2.4277455159145496e-05,2.708494939704754e-05
ID_1HXO1D,1.1893387611462342e-05,2.3987205278363433e-05,2.6309752236817678e-05,1.1893387611462342e-05,2.3987205278363433e-05,2.6309752236817678e-05
ID_4TOC5J,1.8720971092579986e-05,2.4277455159145496e-05,2.708494939704754e-05,1.8720971092579986e-05,2.4277455159145496e-05,2.708494939704754e-05
ID_8IY1R3,1.8720971092579986e-05,2.4277455159145496e-05,2.708494939704754e-05,1.8720971092579986e-05,2.4277455159145496e-05,2.708494939704754e-05
ID_LYOJCT,1.1893387611462342e-05,2.3987205278363433e-05,2.6309752236817678e-05,1.1893387611462342e-05,2.3987205278363433e-05,2.6309752236817678e-05
ID_GN7SOH,1.1893387611462342e-05,2.3987205278363433e-05,2.6309752236817678e-05,1.1893387611462342e-05,2.3987205278363433e-05,2.6309752236817678e-05
ID_CBFIEN,0.0001090618654098418,0.0001123758199087168,0.00019698360962087813,0.0001090618654098418,0.0001123758199087168,0.00019698360962087813
ID_CLLIH7,0.0001090618654098418,0.0001123758199087168,0.00019698360962087813,0.0001090618654098418,0.0001123758199087168,0.00019698360962087813
ID_ZBZ0JX,4.928926122075847e-05,9.257179861336818e-05,0.0002492063913015763,4.928926122075847e-05,9.257179861336818e-05,0.0002492063913015763
ID_XCTTUN,1.1893387611462342e-05,2.3987205278363433e-05,2.6309752236817678e-05,1.1893387611462342e-05,2.3987205278363433e-05,2.6309752236817678e-05
ID_XPCFD0,1.8720971092579986e-05,2.4277455159145496e-05,2.708494939704754e-05,1.8720971092579986e-05,2.4277455159145496e-05,2.708494939704754e-05
ID_XLZ4P7,1.1893387611462342e-05,2.3987205278363433e-05,2.6309752236817678e-05,1.1893387611462342e-05,2.3987205278363433e-05,2.6309752236817678e-05
ID_JY1YPW,1.8720971092579986e-05,2.4277455159145496e-05,2.708494939704754e-05,1.8720971092579986e-05,2.4277455159145496e-05,2.708494939704754e-05
ID_ZTGLQD,1.8720971092579986e-05,2.4277455159145496e-05,2.708494939704754e-05,1.8720971092579986e-05,2.4277455159145496e-05,2.708494939704754e-05
ID_1QRN17,1.1893387611462342e-05,2.3987205278363433e-05,2.6309752236817678e-05,1.1893387611462342e-05,2.3987205278363433e-05,2.6309752236817678e-05
ID_2EA5JN,1.8720971092579986e-05,2.4277455159145496e-05,2.708494939704754e-05,1.8720971092579986e-05,2.4277455159145496e-05,2.708494939704754e-05
ID_MSKW1O,4.928926122075847e-05,9.257179861336818e-05,0.0002492063913015763,4.928926122075847e-05,9.257179861336818e-05,0.0002492063913015763
ID_2X1SZI,1.8720971092579986e-05,2.4277455159145496e-05,2.708494939704754e-05,1.8720971092579986e-05,2.4277455159145496e-05,2.708494939704754e-05
ID_5HSQYT,1.1893387611462342e-05,2.3987205278363433e-05,2.6309752236817678e-05,1.1893387611462342e-05,2.3987205278363433e-05,2.6309752236817678e-05
ID_3VOPJI,4.928926122075847e-05,9.257179861336818e-05,0.0002492063913015763,4.928926122075847e-05,9.257179861336818e-05,0.0002492063913015763
ID_71ZROQ,1.1893387611462342e-05,2.3987205278363433e-05,2.6309752236817678e-05,1.1893387611462342e-05,2.3987205278363433e-05,2.6309752236817678e-05
ID_IPWW84,1.8720971092579986e-05,2.4277455159145496e-05,2.708494939704754e-05,1.8720971092579986e-05,2.4277455159145496e-05,2.708494939704754e-05
ID_1WDZJ3,1.8720971092579986e-05,2.4277455159145496e-05,2.708494939704754e-05,1.8720971092579986e-05,2.4277455159145496e-05,2.708494939704754e-05
ID_X6FV99,0.00014312341198781015,0.00044134598197601547,0.0006345871686837207,0.00014312341198781015,0.00044134598197601547,0.0006345871686837207
ID_VM4SKC,0.00010760153180497435,0.00010729595003242656,0.00016532720598410054,0.00010760153180497435,0.00010729595003242656,0.00016532720598410054
ID_D785R6,0.00010760153180497435,0.00010729595003242656,0.00016532720598410054,0.00010760153180497435,0.00010729595003242656,0.00016532720598410054
ID_UWASJQ,0.00010760153180497435,0.00010729595003242656,0.00016532720598410054,0.00010760153180497435,0.00010729595003242656,0.00016532720598410054
ID_KOHT88,0.00014312341198781015,0.00044134598197601547,0.0006345871686837207,0.00014312341198781015,0.00044134598197601547,0.0006345871686837207
ID_OVJNUH,0.00014312341198781015,0.00044134598197601547,0.0006345871686837207,0.00014312341198781015,0.00044134598197601547,0.0006345871686837207
ID_G6R4XS,0.00010760153180497435,0.00010729595003242656,0.00016532720598410054,0.00010760153180497435,0.00010729595003242656,0.00016532720598410054
ID_KXVGAS,0.00010757000221546886,0.00018787771960689456,0.00022625905725604783,0.00010757000221546886,0.00018787771960689456,0.00022625905725604783
ID_RB8D8D,0.00010760153180497435,0.00010729595003242656,0.00016532720598410054,0.00010760153180497435,0.00010729595003242656,0.00016532720598410054
ID_X6E89R,0.00010760153180497435,0.00010729595003242656,0.00016532720598410054,0.00010760153180497435,0.00010729595003242656,0.00016532720598410054
ID_TA9PM5,0.00014312341198781015,0.00044134598197601547,0.0006345871686837207,0.00014312341198781015,0.00044134598197601547,0.0006345871686837207
ID_SU7MFU,0.00010760153180497435,0.00010729595003242656,0.00016532720598410054,0.00010760153180497435,0.00010729595003242656,0.00016532720598410054
ID_DMS7D1,0.00014312341198781015,0.00044134598197601547,0.0006345871686837207,0.00014312341198781015,0.00044134598197601547,0.0006345871686837207
ID_RUC06M,0.00010760153180497435,0.00010729595003242656,0.00016532720598410054,0.00010760153180497435,0.00010729595003242656,0.00016532720598410054
ID_11E7A7,0.00010760153180497435,0.00010729595003242656,0.00016532720598410054,0.00010760153180497435,0.00010729595003242656,0.00016532720598410054
ID_GJSBDX,0.00014312341198781015,0.00044134598197601547,0.0006345871686837207,0.00014312341198781015,0.00044134598197601547,0.0006345871686837207
ID_OK44US,0.00010760153180497435,0.00010729595003242656,0.00016532720598410054,0.00010760153180497435,0.00010729595003242656,0.00016532720598410054
ID_C8ZEBX,0.00010760153180497435,0.00010729595003242656,0.00016532720598410054,0.00010760153180497435,0.00010729595003242656,0.00016532720598410054
ID_J34RHZ,0.00010760153180497435,0.00010729595003242656,0.00016532720598410054,0.00010760153180497435,0.00010729595003242656,0.00016532720598410054
ID_A2Q37K,0.00013663459699287496,0.00010879373874916342,0.0002974841504109009,0.00013663459699287496,0.00010879373874916342,0.0002974841504109009
ID_FE7367,0.00010760153180497435,0.00010729595003242656,0.00016532720598410054,0.00010760153180497435,0.00010729595003242656,0.00016532720598410054
ID_IKDMI9,0.00014312341198781015,0.00044134598197601547,0.0006345871686837207,0.00014312341198781015,0.00044134598197601547,0.0006345871686837207
ID_UG0NCP,0.00010760153180497435,0.00010729595003242656,0.00016532720598410054,0.00010760153180497435,0.00010729595003242656,0.00016532720598410054
ID_Z695T3,0.00014312341198781015,0.00044134598197601547,0.0006345871686837207,0.00014312341198781015,0.00044134598197601547,0.0006345871686837207
ID_P3LV6I,0.00010760153180497435,0.00010729595003242656,0.00016532720598410054,0.00010760153180497435,0.00010729595003242656,0.00016532720598410054
ID_NWA63L,0.00010760153180497435,0.00010729595003242656,0.00016532720598410054,0.00010760153180497435,0.00010729595003242656,0.00016532720598410054
ID_V32HHY,0.00014312341198781015,0.00044134598197601547,0.0006345871686837207,0.00014312341198781015,0.00044134598197601547,0.0006345871686837207
ID_J4IIGE,0.00013663459699287496,0.00010879373874916342,0.0002974841504109009,0.00013663459699287496,0.00010879373874916342,0.0002974841504109009
ID_PMM0MA,0.00010760153180497435,0.00010729595003242656,0.00016532720598410054,0.00010760153180497435,0.00010729595003242656,0.00016532720598410054
ID_AQG7O8,0.00014312341198781015,0.00044134598197601547,0.0006345871686837207,0.00014312341198781015,0.00044134598197601547,0.0006345871686837207
ID_ZNN0U3,0.00013663459699287496,0.00010879373874916342,0.0002974841504109009,0.00013663459699287496,0.00010879373874916342,0.0002974841504109009
ID_25V33D,0.00013663459699287496,0.00010879373874916342,0.0002974841504109009,0.00013663459699287496,0.00010879373874916342,0.0002974841504109009
ID_BIKMDL,0.00013663459699287496,0.00010879373874916342,0.0002974841504109009,0.00013663459699287496,0.00010879373874916342,0.0002974841504109009
ID_XU2Y8E,0.00010757000221546886,0.00018787771960689456,0.00022625905725604783,0.00010757000221546886,0.00018787771960689456,0.00022625905725604783
ID_STGN0X,0.00014312341198781015,0.00044134598197601547,0.0006345871686837207,0.00014312341198781015,0.00044134598197601547,0.0006345871686837207
ID_JEKWX9,0.00010760153180497435,0.00010729595003242656,0.00016532720598410054,0.00010760153180497435,0.00010729595003242656,0.00016532720598410054
ID_1DT5V6,0.00014312341198781015,0.00044134598197601547,0.0006345871686837207,0.00014312341198781015,0.00044134598197601547,0.0006345871686837207
ID_EA0FL1,4.621785505706911e-05,0.00030638458342478265,0.0004153386419657072,4.621785505706911e-05,0.00030638458342478265,0.0004153386419657072
ID_7XDH6X,4.621785505706911e-05,0.00030638458342478265,0.0004153386419657072,4.621785505706911e-05,0.00030638458342478265,0.0004153386419657072
ID_X7UEWP,4.621785505706911e-05,0.00030638458342478265,0.0004153386419657072,4.621785505706911e-05,0.00030638458342478265,0.0004153386419657072
ID_OYG8BU,4.621785505706911e-05,0.00030638458342478265,0.0004153386419657072,4.621785505706911e-05,0.00030638458342478265,0.0004153386419657072
ID_ADNSWV,4.621785505706911e-05,0.00030638458342478265,0.0004153386419657072,4.621785505706911e-05,0.00030638458342478265,0.0004153386419657072
ID_V8G394,4.621785505706911e-05,0.00030638458342478265,0.0004153386419657072,4.621785505706911e-05,0.00030638458342478265,0.0004153386419657072
ID_HYSZML,4.621785505706911e-05,0.00030638458342478265,0.0004153386419657072,4.621785505706911e-05,0.00030638458342478265,0.0004153386419657072
ID_ELFXTH,4.621785505706911e-05,0.00030638458342478265,0.0004153386419657072,4.621785505706911e-05,0.00030638458342478265,0.0004153386419657072
ID_4L5H4Z,0.13416092975932903,0.13162797168994614,0.16968693581190286,0.13416092975932903,0.13162797168994614,0.16968693581190286
ID_65FJEN,0.015411654231894684,0.422709725765924,0.4332075692158366,0.015411654231894684,0.422709725765924,0.4332075692158366
ID_J055PC,0.054755064900578444,0.2981202803961179,0.27560801923248024,0.054755064900578444,0.2981202803961179,0.27560801923248024
ID_0EW874,0.07929948956032387,0.145267973326281,0.16377888524445705,0.07929948956032387,0.145267973326281,0.16377888524445705
ID_GWFNDL,0.005699093857191405,0.0027773055682765776,0.005600344005692813,0.005699093857191405,0.0027773055682765776,0.005600344005692813
ID_FKP6WX,0.01606130795758954,0.5408878508378715,0.4829522772391271,0.01606130795758954,0.5408878508378715,0.4829522772391271
ID_Q3569K,0.054755064900578444,0.2981202803961179,0.27560801923248024,0.054755064900578444,0.2981202803961179,0.27560801923248024
ID_VKIX04,0.054755064900578444,0.2981202803961179,0.27560801923248024,0.054755064900578444,0.2981202803961179,0.27560801923248024
ID_4BV3VQ,0.0799726596502203,0.08490122922519727,0.08418223458117743,0.0799726596502203,0.08490122922519727,0.08418223458117743
ID_D243HP,0.015411654231894684,0.422709725765924,0.4332075692158366,0.015411654231894684,0.422709725765924,0.4332075692158366
ID_ENNMFX,0.13416092975932903,0.13162797168994614,0.16968693581190286,0.13416092975932903,0.13162797168994614,0.16968693581190286
ID_56YK11,0.1939460462194119,0.15258936936326922,0.2002876024528221,0.1939460462194119,0.15258936936326922,0.2002876024528221
ID_ZDRSG4,0.01606130795758954,0.5408878508378715,0.4829522772391271,0.01606130795758954,0.5408878508378715,0.4829522772391271
ID_L5M3EC,0.07929948956032387,0.145267973326281,0.16377888524445705,0.07929948956032387,0.145267973326281,0.16377888524445705
ID_JF1SSX,0.054755064900578444,0.2981202803961179,0.27560801923248024,0.054755064900578444,0.2981202803961179,0.27560801923248024
ID_MSLQC3,0.015411654231894684,0.422709725765924,0.4332075692158366,0.015411654231894684,0.422709725765924,0.4332075692158366
ID_AH9Q0K,0.015411654231894684,0.422709725765924,0.4332075692158366,0.015411654231894684,0.422709725765924,0.4332075692158366
ID_FNREC1,0.036756690655855975,0.18253132742732403,0.19959112040571445,0.036756690655855975,0.18253132742732403,0.19959112040571445
ID_NAP7H7,0.028619697064021926,0.13838566305432884,0.15862472655939727,0.028619697064021926,0.13838566305432884,0.15862472655939727
ID_N4FDS5,0.00028335517592849925,0.00017554803310111298,0.0003237030730180175,0.00028335517592849925,0.00017554803310111298,0.0003237030730180175
ID_9JNJ9F,0.0002297838996138064,0.00024123176755355696,0.0004898294162894972,0.0002297838996138064,0.00024123176755355696,0.0004898294162894972
ID_ZA03TJ,0.20965319872107643,0.28028009081332805,0.3121913564972714,0.20965319872107643,0.28028009081332805,0.3121913564972714
ID_J6VA25,0.00014395829000383948,0.0004306989199391589,0.0018621464410647124,0.00014395829000383948,0.0004306989199391589,0.0018621464410647124
ID_L1ALDL,0.7238930883766845,0.7738666995962633,0.6749600427909372,0.7238930883766845,0.7738666995962633,0.6749600427909372
ID_VUKG4F,0.00028335517592849925,0.00017554803310111298,0.0003237030730180175,0.00028335517592849925,0.00017554803310111298,0.0003237030730180175
ID_5O53M7,0.7238930883766845,0.7738666995962633,0.6749600427909372,0.7238930883766845,0.7738666995962633,0.6749600427909372
ID_I7DW67,0.4492367599143582,0.44863352715586247,0.49024028820633514,0.4492367599143582,0.44863352715586247,0.49024028820633514
ID_XWNBF6,0.0002297838996138064,0.00024123176755355696,0.0004898294162894972,0.0002297838996138064,0.00024123176755355696,0.0004898294162894972
ID_BC5JMO,0.0005655335629023586,0.0006331589709509053,0.003054227520206644,0.0005655335629023586,0.0006331589709509053,0.003054227520206644
ID_FW0L11,0.00014395829000383948,0.0004306989199391589,0.0018621464410647124,0.00014395829000383948,0.0004306989199391589,0.0018621464410647124
ID_EAJN9C,0.0005655335629023586,0.0006331589709509053,0.003054227520206644,0.0005655335629023586,0.0006331589709509053,0.003054227520206644
ID_VWWM1B,0.3103770240335469,0.29840817896873817,0.32988057893378464,0.3103770240335469,0.29840817896873817,0.32988057893378464
ID_ACHKGT,0.3361957872954059,0.27415725786024736,0.30612550549688294,0.3361957872954059,0.27415725786024736,0.30612550549688294
ID_IF01BZ,0.37412581832405156,0.2967956660180854,0.32864659244584704,0.37412581832405156,0.2967956660180854,0.32864659244584704
ID_352OA7,0.00033430884378062465,0.0003701935718999015,0.0012157407282637985,0.00033430884378062465,0.0003701935718999015,0.0012157407282637985
ID_OAR02I,0.00033430884378062465,0.0003701935718999015,0.0012157407282637985,0.00033430884378062465,0.0003701935718999015,0.0012157407282637985
ID_QT0C2S,0.0005655335629023586,0.0006331589709509053,0.003054227520206644,0.0005655335629023586,0.0006331589709509053,0.003054227520206644
ID_RJI8NC,0.201796801427042,0.24119607879448482,0.31127753100543154,0.201796801427042,0.24119607879448482,0.31127753100543154
ID_TYJBEE,0.3361957872954059,0.27415725786024736,0.30612550549688294,0.3361957872954059,0.27415725786024736,0.30612550549688294
ID_X4ZZMV,0.693801662946086,0.5182184438391015,0.4166803899148223,0.693801662946086,0.5182184438391015,0.4166803899148223
ID_TOVXGP,0.0002297838996138064,0.00024123176755355696,0.0004898294162894972,0.0002297838996138064,0.00024123176755355696,0.0004898294162894972
ID_3U6HHR,0.0005655335629023586,0.0006331589709509053,0.003054227520206644,0.0005655335629023586,0.0006331589709509053,0.003054227520206644
ID_27AIBY,0.3361957872954059,0.27415725786024736,0.30612550549688294,0.3361957872954059,0.27415725786024736,0.30612550549688294
ID_A7AZEH,0.0005655335629023586,0.0006331589709509053,0.003054227520206644,0.0005655335629023586,0.0006331589709509053,0.003054227520206644
ID_BPO1ZS,0.00028335517592849925,0.00017554803310111298,0.0003237030730180175,0.00028335517592849925,0.00017554803310111298,0.0003237030730180175
ID_WPRF92,0.0005655335629023586,0.0006331589709509053,0.003054227520206644,0.0005655335629023586,0.0006331589709509053,0.003054227520206644
ID_JV6D5V,0.0002297838996138064,0.00024123176755355696,0.0004898294162894972,0.0002297838996138064,0.00024123176755355696,0.0004898294162894972
ID_H5U4U0,0.2317625052467108,0.26851183668700174,0.3318386841089501,0.2317625052467108,0.26851183668700174,0.3318386841089501
ID_TMYMBX,0.00014395829000383948,0.0004306989199391589,0.0018621464410647124,0.00014395829000383948,0.0004306989199391589,0.0018621464410647124
ID_X2SPAZ,0.00014395829000383948,0.0004306989199391589,0.0018621464410647124,0.00014395829000383948,0.0004306989199391589,0.0018621464410647124
ID_UHGZ8K,0.00033430884378062465,0.0003701935718999015,0.0012157407282637985,0.00033430884378062465,0.0003701935718999015,0.0012157407282637985
ID_WGGUI2,0.0002297838996138064,0.00024123176755355696,0.0004898294162894972,0.0002297838996138064,0.00024123176755355696,0.0004898294162894972
ID_3BPFHK,0.6924003030121179,0.45723153241274783,0.4169316581756549,0.6924003030121179,0.45723153241274783,0.4169316581756549
ID_LZH474,0.0005655335629023586,0.0006331589709509053,0.003054227520206644,0.0005655335629023586,0.0006331589709509053,0.003054227520206644
ID_NQHCHL,0.3361957872954059,0.27415725786024736,0.30612550549688294,0.3361957872954059,0.27415725786024736,0.30612550549688294
ID_UUZS7P,0.2317625052467108,0.26851183668700174,0.3318386841089501,0.2317625052467108,0.26851183668700174,0.3318386841089501
ID_E9X5DZ,0.00014395829000383948,0.0004306989199391589,0.0018621464410647124,0.00014395829000383948,0.0004306989199391589,0.0018621464410647124
ID_TWO5KW,0.00033430884378062465,0.0003701935718999015,0.0012157407282637985,0.00033430884378062465,0.0003701935718999015,0.0012157407282637985
ID_OVMB93,0.0005655335629023586,0.0006331589709509053,0.003054227520206644,0.0005655335629023586,0.0006331589709509053,0.003054227520206644
ID_KMRABQ,0.0005655335629023586,0.0006331589709509053,0.003054227520206644,0.0005655335629023586,0.0006331589709509053,0.003054227520206644
ID_BH79J9,0.00014395829000383948,0.0004306989199391589,0.0018621464410647124,0.00014395829000383948,0.0004306989199391589,0.0018621464410647124
ID_E8TVW6,0.0002297838996138064,0.00024123176755355696,0.0004898294162894972,0.0002297838996138064,0.00024123176755355696,0.0004898294162894972
ID_20E17F,0.0005655335629023586,0.0006331589709509053,0.003054227520206644,0.0005655335629023586,0.0006331589709509053,0.003054227520206644
ID_SIQFI1,0.5149660921657182,0.5160482921840571,0.5419232435621614,0.5149660921657182,0.5160482921840571,0.5419232435621614
ID_41NA8W,0.00014395829000383948,0.0004306989199391589,0.0018621464410647124,0.00014395829000383948,0.0004306989199391589,0.0018621464410647124
ID_WGVQO0,0.00033430884378062465,0.0003701935718999015,0.0012157407282637985,0.00033430884378062465,0.0003701935718999015,0.0012157407282637985
ID_LGQONB,0.00011284076379338947,0.00010332891331918808,0.00018698985941168806,0.00011284076379338947,0.00010332891331918808,0.00018698985941168806
ID_8LIA1C,0.00033430884378062465,0.0003701935718999015,0.0012157407282637985,0.00033430884378062465,0.0003701935718999015,0.0012157407282637985
ID_CXKAZG,0.2317625052467108,0.26851183668700174,0.3318386841089501,0.2317625052467108,0.26851183668700174,0.3318386841089501
ID_BI2AKY,0.0005655335629023586,0.0006331589709509053,0.003054227520206644,0.0005655335629023586,0.0006331589709509053,0.003054227520206644
ID_Z2J1B3,0.0005655335629023586,0.0006331589709509053,0.003054227520206644,0.0005655335629023586,0.0006331589709509053,0.003054227520206644
ID_V2UWES,0.00014395829000383948,0.0004306989199391589,0.0018621464410647124,0.00014395829000383948,0.0004306989199391589,0.0018621464410647124
ID_AMLGLN,0.0002297838996138064,0.00024123176755355696,0.0004898294162894972,0.0002297838996138064,0.00024123176755355696,0.0004898294162894972
ID_GSJHB8,0.00014395829000383948,0.0004306989199391589,0.0018621464410647124,0.00014395829000383948,0.0004306989199391589,0.0018621464410647124
ID_307KZ4,0.00028335517592849925,0.00017554803310111298,0.0003237030730180175,0.00028335517592849925,0.00017554803310111298,0.0003237030730180175
ID_GVIHSB,0.00028335517592849925,0.00017554803310111298,0.0003237030730180175,0.00028335517592849925,0.00017554803310111298,0.0003237030730180175
ID_YRLG4Z,0.47646671394453766,0.6226497521739,0.560087779641757,0.47646671394453766,0.6226497521739,0.560087779641757
ID_IYKBYV,0.7576584810250035,0.7318749486937822,0.69526716391985,0.7576584810250035,0.7318749486937822,0.69526716391985
ID_YU27DG,0.8881978581286892,0.7585167638290748,0.7038802125536088,0.8881978581286892,0.7585167638290748,0.7038802125536088
ID_YYEH5O,0.2317625052467108,0.26851183668700174,0.3318386841089501,0.2317625052467108,0.26851183668700174,0.3318386841089501
ID_HQCYED,0.20965319872107643,0.28028009081332805,0.3121913564972714,0.20965319872107643,0.28028009081332805,0.3121913564972714
ID_5UY94I,0.4091487743648884,0.30630214050767784,0.3336393765191211,0.4091487743648884,0.30630214050767784,0.3336393765191211
ID_DBNNI7,0.0002297838996138064,0.00024123176755355696,0.0004898294162894972,0.0002297838996138064,0.00024123176755355696,0.0004898294162894972
ID_3D6XKC,0.00011284076379338947,0.00010332891331918808,0.00018698985941168806,0.00011284076379338947,0.00010332891331918808,0.00018698985941168806
ID_513OKE,0.00014395829000383948,0.0004306989199391589,0.0018621464410647124,0.00014395829000383948,0.0004306989199391589,0.0018621464410647124
ID_MISHT0,0.9115714783765743,0.8309877260506331,0.7231583875894604,0.9115714783765743,0.8309877260506331,0.7231583875894604
ID_MUUQ2D,0.0005655335629023586,0.0006331589709509053,0.003054227520206644,0.0005655335629023586,0.0006331589709509053,0.003054227520206644
ID_AIEZLX,0.3361957872954059,0.27415725786024736,0.30612550549688294,0.3361957872954059,0.27415725786024736,0.30612550549688294
ID_MZIUA6,0.00014395829000383948,0.0004306989199391589,0.0018621464410647124,0.00014395829000383948,0.0004306989199391589,0.0018621464410647124
ID_ANHYB9,0.20965319872107643,0.28028009081332805,0.3121913564972714,0.20965319872107643,0.28028009081332805,0.3121913564972714
ID_7TC22K,0.0005106328169255491,0.0005789259626359598,0.000688829926628526,0.0005106328169255491,0.0005789259626359598,0.000688829926628526
ID_WECC7T,0.7731362343408023,0.7293426276970514,0.6627394898353569,0.7731362343408023,0.7293426276970514,0.6627394898353569
ID_3E044A,1.2660218024610004e-05,1.83404884484993e-05,2.4178865290488805e-05,1.2660218024610004e-05,1.83404884484993e-05,2.4178865290488805e-05
ID_AOJ7HM,0.5255070074489108,0.5469427431426022,0.5309037271814108,0.5255070074489108,0.5469427431426022,0.5309037271814108
ID_ITWWC2,2.9883055966131928e-05,6.483293294122677e-05,7.678883457376372e-05,2.9883055966131928e-05,6.483293294122677e-05,7.678883457376372e-05
ID_P76XAE,0.2494222226985153,0.3225202731013896,0.26790730491589787,0.2494222226985153,0.3225202731013896,0.26790730491589787
ID_8ALEJI,0.630347870793512,0.48773060331273854,0.4371036942532383,0.630347870793512,0.48773060331273854,0.4371036942532383
ID_X1U8KM,2.5979593556471534e-05,0.0001376796836839291,0.0001330481519110114,2.5979593556471534e-05,0.0001376796836839291,0.0001330481519110114
ID_INJW15,2.5979593556471534e-05,0.0001376796836839291,0.0001330481519110114,2.5979593556471534e-05,0.0001376796836839291,0.0001330481519110114
ID_DYA9YK,2.74155848100493e-05,0.00014820899456064653,0.00017050949809420204,2.74155848100493e-05,0.00014820899456064653,0.00017050949809420204
ID_6DVPR4,0.00026196128967294693,0.0004768185328609023,0.0010713163686917827,0.00026196128967294693,0.0004768185328609023,0.0010713163686917827
ID_MDBOL8,2.7975245129762516e-05,0.00036573160137156897,0.0008783895665475404,2.7975245129762516e-05,0.00036573160137156897,0.0008783895665475404
ID_MLPWMW,2.74155848100493e-05,0.00014820899456064653,0.00017050949809420204,2.74155848100493e-05,0.00014820899456064653,0.00017050949809420204
ID_MD9VVM,0.1017178912434126,0.20651836884986602,0.1516467727783735,0.1017178912434126,0.20651836884986602,0.1516467727783735
ID_3BAARO,2.5979593556471534e-05,0.0001376796836839291,0.0001330481519110114,2.5979593556471534e-05,0.0001376796836839291,0.0001330481519110114
ID_YFUXFB,0.0005106328169255491,0.0005789259626359598,0.000688829926628526,0.0005106328169255491,0.0005789259626359598,0.000688829926628526
ID_X6CKBA,2.6970511309403157e-05,8.53330148900843e-05,0.00011042213289103208,2.6970511309403157e-05,8.53330148900843e-05,0.00011042213289103208
ID_I5WORJ,3.3345684821905706e-05,0.00018036293168399584,0.0002011742639477404,3.3345684821905706e-05,0.00018036293168399584,0.0002011742639477404
ID_TDDKA4,2.9883055966131928e-05,6.483293294122677e-05,7.678883457376372e-05,2.9883055966131928e-05,6.483293294122677e-05,7.678883457376372e-05
ID_EE9QVY,2.8424847596382083e-05,5.1765660761882584e-05,8.036406264325872e-05,2.8424847596382083e-05,5.1765660761882584e-05,8.036406264325872e-05
ID_PW51BS,1.4400629548308023e-05,2.321086876069745e-05,2.3679951726047247e-05,1.4400629548308023e-05,2.321086876069745e-05,2.3679951726047247e-05
ID_EWE6FR,3.319233017261758e-05,7.421987853537034e-05,7.780744926282914e-05,3.319233017261758e-05,7.421987853537034e-05,7.780744926282914e-05
ID_QNIOX3,1.6186740690626445e-05,3.304395058462583e-05,2.9685205731170396e-05,1.6186740690626445e-05,3.304395058462583e-05,2.9685205731170396e-05
ID_K0L9RN,1.6201262367762488e-05,2.1088515682265585e-05,2.6681185264470852e-05,1.6201262367762488e-05,2.1088515682265585e-05,2.6681185264470852e-05
ID_P5OY4C,0.7731362343408023,0.7293426276970514,0.6627394898353569,0.7731362343408023,0.7293426276970514,0.6627394898353569
ID_QN361E,0.2494222226985153,0.3225202731013896,0.26790730491589787,0.2494222226985153,0.3225202731013896,0.26790730491589787
ID_DEH5S2,1.4400629548308023e-05,2.321086876069745e-05,2.3679951726047247e-05,1.4400629548308023e-05,2.321086876069745e-05,2.3679951726047247e-05
ID_SPM44L,0.41333941794227635,0.2466352711832091,0.25275508493463583,0.41333941794227635,0.2466352711832091,0.25275508493463583
ID_U7XEK7,1.4400629548308023e-05,2.321086876069745e-05,2.3679951726047247e-05,1.4400629548308023e-05,2.321086876069745e-05,2.3679951726047247e-05
ID_XZPS7Z,0.2494222226985153,0.3225202731013896,0.26790730491589787,0.2494222226985153,0.3225202731013896,0.26790730491589787
ID_ROYJU2,2.5979593556471534e-05,0.0001376796836839291,0.0001330481519110114,2.5979593556471534e-05,0.0001376796836839291,0.0001330481519110114
ID_5UY3S5,1.2861810714492273e-05,2.101929369067838e-05,3.223409709570104e-05,1.2861810714492273e-05,2.101929369067838e-05,3.223409709570104e-05
ID_ABL5U6,0.0007909736353921278,0.0006474136227249797,0.001048839313866174,0.0007909736353921278,0.0006474136227249797,0.001048839313866174
ID_75GT5C,1.2660218024610004e-05,1.83404884484993e-05,2.4178865290488805e-05,1.2660218024610004e-05,1.83404884484993e-05,2.4178865290488805e-05
ID_SJ6E5C,1.2861810714492273e-05,2.101929369067838e-05,3.223409709570104e-05,1.2861810714492273e-05,2.101929369067838e-05,3.223409709570104e-05
ID_EOCGGW,2.232669540900307e-05,7.161034510642357e-05,0.00010344269794735367,2.232669540900307e-05,7.161034510642357e-05,0.00010344269794735367
ID_1X408O,0.1017178912434126,0.20651836884986602,0.1516467727783735,0.1017178912434126,0.20651836884986602,0.1516467727783735
ID_85M9K8,2.5979593556471534e-05,0.0001376796836839291,0.0001330481519110114,2.5979593556471534e-05,0.0001376796836839291,0.0001330481519110114
ID_U1UDRT,1.0198955803111093e-05,1.722888888861008e-05,2.4363921160451333e-05,1.0198955803111093e-05,1.722888888861008e-05,2.4363921160451333e-05
ID_3CP868,1.4667150438306742e-05,1.9303873013996524e-05,2.577862680778733e-05,1.4667150438306742e-05,1.9303873013996524e-05,2.577862680778733e-05
ID_T9Y63Y,0.0007909736353921278,0.0006474136227249797,0.001048839313866174,0.0007909736353921278,0.0006474136227249797,0.001048839313866174
ID_UFQUML,0.0011311973988430274,0.0017040994311426714,0.002178773222692833,0.0011311973988430274,0.0017040994311426714,0.002178773222692833
ID_NIBT23,3.3345684821905706e-05,0.00018036293168399584,0.0002011742639477404,3.3345684821905706e-05,0.00018036293168399584,0.0002011742639477404
ID_TGLY44,2.8424847596382083e-05,5.1765660761882584e-05,8.036406264325872e-05,2.8424847596382083e-05,5.1765660761882584e-05,8.036406264325872e-05
ID_4SFQ8P,3.182487507263049e-05,0.00010545699122163066,0.00013586855523365499,3.182487507263049e-05,0.00010545699122163066,0.00013586855523365499
ID_0N9HPQ,2.3969192716618658e-05,9.591350807439163e-05,0.00013140355578938225,2.3969192716618658e-05,9.591350807439163e-05,0.00013140355578938225
ID_99E1R1,0.0004976184560175576,0.0004654277189503296,0.000539646035915143,0.0004976184560175576,0.0004654277189503296,0.000539646035915143
ID_C72Q1W,0.00028558545445798,0.0005022190192119583,0.00211091533190074,0.00028558545445798,0.0005022190192119583,0.00211091533190074
ID_UI7AWA,0.14491925756819427,0.10691823842024917,0.10476938955572668,0.14491925756819427,0.10691823842024917,0.10476938955572668
ID_2AELK0,3.182487507263049e-05,0.00010545699122163066,0.00013586855523365499,3.182487507263049e-05,0.00010545699122163066,0.00013586855523365499
ID_ER5H2G,2.8424847596382083e-05,5.1765660761882584e-05,8.036406264325872e-05,2.8424847596382083e-05,5.1765660761882584e-05,8.036406264325872e-05
ID_R4G747,2.74155848100493e-05,0.00014820899456064653,0.00017050949809420204,2.74155848100493e-05,0.00014820899456064653,0.00017050949809420204
ID_G7GMXZ,0.0005106328169255491,0.0005789259626359598,0.000688829926628526,0.0005106328169255491,0.0005789259626359598,0.000688829926628526
ID_F2QJQL,3.103918442582837e-05,4.8084841941761144e-05,5.690407227147365e-05,3.103918442582837e-05,4.8084841941761144e-05,5.690407227147365e-05
ID_L0L85S,2.8424847596382083e-05,5.1765660761882584e-05,8.036406264325872e-05,2.8424847596382083e-05,5.1765660761882584e-05,8.036406264325872e-05
ID_9T98SO,0.00028558545445798,0.0005022190192119583,0.00211091533190074,0.00028558545445798,0.0005022190192119583,0.00211091533190074
ID_QH4YLI,2.9069949334602712e-05,6.288796263284779e-05,9.685556185919154e-05,2.9069949334602712e-05,6.288796263284779e-05,9.685556185919154e-05
ID_BPRVML,3.103918442582837e-05,4.8084841941761144e-05,5.690407227147365e-05,3.103918442582837e-05,4.8084841941761144e-05,5.690407227147365e-05
ID_6CG8VP,2.8498661529210782e-05,5.6750472129558915e-05,5.5677795326227506e-05,2.8498661529210782e-05,5.6750472129558915e-05,5.5677795326227506e-05
ID_C5D1GT,3.319233017261758e-05,7.421987853537034e-05,7.780744926282914e-05,3.319233017261758e-05,7.421987853537034e-05,7.780744926282914e-05
ID_YLK0WQ,2.8424847596382083e-05,5.1765660761882584e-05,8.036406264325872e-05,2.8424847596382083e-05,5.1765660761882584e-05,8.036406264325872e-05
ID_OGE0SN,0.00032494457319760155,0.00032406343682801536,0.0011762382280410513,0.00032494457319760155,0.00032406343682801536,0.0011762382280410513
ID_LNBIPO,2.8424847596382083e-05,5.1765660761882584e-05,8.036406264325872e-05,2.8424847596382083e-05,5.1765660761882584e-05,8.036406264325872e-05
ID_Y4XYBA,0.0007909736353921278,0.0006474136227249797,0.001048839313866174,0.0007909736353921278,0.0006474136227249797,0.001048839313866174
ID_B9HQBN,2.3969192716618658e-05,9.591350807439163e-05,0.00013140355578938225,2.3969192716618658e-05,9.591350807439163e-05,0.00013140355578938225
ID_UTLIIA,3.059493453325319e-05,0.00015378682969524778,0.00020118373532435744,3.059493453325319e-05,0.00015378682969524778,0.00020118373532435744
ID_9RMHEL,0.0007909736353921278,0.0006474136227249797,0.001048839313866174,0.0007909736353921278,0.0006474136227249797,0.001048839313866174
ID_55N807,1.2660218024610004e-05,1.83404884484993e-05,2.4178865290488805e-05,1.2660218024610004e-05,1.83404884484993e-05,2.4178865290488805e-05
ID_S6BK0F,0.0007909736353921278,0.0006474136227249797,0.001048839313866174,0.0007909736353921278,0.0006474136227249797,0.001048839313866174
ID_RC60JC,2.8424847596382083e-05,5.1765660761882584e-05,8.036406264325872e-05,2.8424847596382083e-05,5.1765660761882584e-05,8.036406264325872e-05
ID_IWMYMJ,3.319233017261758e-05,7.421987853537034e-05,7.780744926282914e-05,3.319233017261758e-05,7.421987853537034e-05,7.780744926282914e-05
ID_BNX7SF,0.41333941794227635,0.2466352711832091,0.25275508493463583,0.41333941794227635,0.2466352711832091,0.25275508493463583
ID_GB2USC,2.74155848100493e-05,0.00014820899456064653,0.00017050949809420204,2.74155848100493e-05,0.00014820899456064653,0.00017050949809420204
ID_85E6LK,2.9883055966131928e-05,6.483293294122677e-05,7.678883457376372e-05,2.9883055966131928e-05,6.483293294122677e-05,7.678883457376372e-05
ID_N4BPLD,6.886781623368702e-05,7.140692472937975e-05,8.959197136658053e-05,6.886781623368702e-05,7.140692472937975e-05,8.959197136658053e-05
ID_GZ4MXV,3.2701444935053045e-05,4.819414385017476e-05,6.841371350287446e-05,3.2701444935053045e-05,4.819414385017476e-05,6.841371350287446e-05
ID_63SFM4,2.74155848100493e-05,0.00014820899456064653,0.00017050949809420204,2.74155848100493e-05,0.00014820899456064653,0.00017050949809420204
ID_YBCHN4,0.5596648067034058,0.5350184833053652,0.5214387741425341,0.5596648067034058,0.5350184833053652,0.5214387741425341
ID_T0CW21,0.0007909736353921278,0.0006474136227249797,0.001048839313866174,0.0007909736353921278,0.0006474136227249797,0.001048839313866174
ID_EEA7EO,0.2494222226985153,0.3225202731013896,0.26790730491589787,0.2494222226985153,0.3225202731013896,0.26790730491589787
ID_49IRAX,2.8424847596382083e-05,5.1765660761882584e-05,8.036406264325872e-05,2.8424847596382083e-05,5.1765660761882584e-05,8.036406264325872e-05
ID_N90DWX,0.0007909736353921278,0.0006474136227249797,0.001048839313866174,0.0007909736353921278,0.0006474136227249797,0.001048839313866174
ID_VE17EN,1.6201262367762488e-05,2.1088515682265585e-05,2.6681185264470852e-05,1.6201262367762488e-05,2.1088515682265585e-05,2.6681185264470852e-05
ID_LUR5VG,2.8424847596382083e-05,5.1765660761882584e-05,8.036406264325872e-05,2.8424847596382083e-05,5.1765660761882584e-05,8.036406264325872e-05
ID_EDUPDW,0.0007909736353921278,0.0006474136227249797,0.001048839313866174,0.0007909736353921278,0.0006474136227249797,0.001048839313866174
ID_IIPHYO,1.4667150438306742e-05,1.9303873013996524e-05,2.577862680778733e-05,1.4667150438306742e-05,1.9303873013996524e-05,2.577862680778733e-05
ID_XYU1T2,1.6186740690626445e-05,3.304395058462583e-05,2.9685205731170396e-05,1.6186740690626445e-05,3.304395058462583e-05,2.9685205731170396e-05
ID_YACX3K,2.92623563579438e-05,0.00023148776638067138,0.00024759473812729167,2.92623563579438e-05,0.00023148776638067138,0.00024759473812729167
ID_U004UL,0.0007909736353921278,0.0006474136227249797,0.001048839313866174,0.0007909736353921278,0.0006474136227249797,0.001048839313866174
ID_XXU6IK,2.9883055966131928e-05,6.483293294122677e-05,7.678883457376372e-05,2.9883055966131928e-05,6.483293294122677e-05,7.678883457376372e-05
ID_KA5MGI,2.8424847596382083e-05,5.1765660761882584e-05,8.036406264325872e-05,2.8424847596382083e-05,5.1765660761882584e-05,8.036406264325872e-05
ID_IX1VNT,0.7731362343408023,0.7293426276970514,0.6627394898353569,0.7731362343408023,0.7293426276970514,0.6627394898353569
ID_O55L76,2.74155848100493e-05,0.00014820899456064653,0.00017050949809420204,2.74155848100493e-05,0.00014820899456064653,0.00017050949809420204
ID_K9MJH1,0.0007909736353921278,0.0006474136227249797,0.001048839313866174,0.0007909736353921278,0.0006474136227249797,0.001048839313866174
ID_OH3I7S,2.3969192716618658e-05,9.591350807439163e-05,0.00013140355578938225,2.3969192716618658e-05,9.591350807439163e-05,0.00013140355578938225
ID_XJKE63,1.6186740690626445e-05,3.304395058462583e-05,2.9685205731170396e-05,1.6186740690626445e-05,3.304395058462583e-05,2.9685205731170396e-05
ID_A4LTP3,0.0004976184560175576,0.0004654277189503296,0.000539646035915143,0.0004976184560175576,0.0004654277189503296,0.000539646035915143
ID_LVSOMI,0.0007909736353921278,0.0006474136227249797,0.001048839313866174,0.0007909736353921278,0.0006474136227249797,0.001048839313866174
ID_EZJR6X,1.2861810714492273e-05,2.101929369067838e-05,3.223409709570104e-05,1.2861810714492273e-05,2.101929369067838e-05,3.223409709570104e-05
ID_NM6OXC,2.7975245129762516e-05,0.00036573160137156897,0.0008783895665475404,2.7975245129762516e-05,0.00036573160137156897,0.0008783895665475404
ID_G44S2G,0.00039544107173586417,0.00023727627500043927,0.0005734423423330395,0.00039544107173586417,0.00023727627500043927,0.0005734423423330395
ID_AG0A6S,0.15138192863406458,0.15845040228604654,0.15656238971337794,0.15138192863406458,0.15845040228604654,0.15656238971337794
ID_VMQVWY,3.0732716091633923e-05,0.00011840618839261668,0.00014685607924880552,3.0732716091633923e-05,0.00011840618839261668,0.00014685607924880552
ID_00893S,2.7975245129762516e-05,0.00036573160137156897,0.0008783895665475404,2.7975245129762516e-05,0.00036573160137156897,0.0008783895665475404
ID_SLD7P4,0.0007909736353921278,0.0006474136227249797,0.001048839313866174,0.0007909736353921278,0.0006474136227249797,0.001048839313866174
ID_0U1FIH,2.9883055966131928e-05,6.483293294122677e-05,7.678883457376372e-05,2.9883055966131928e-05,6.483293294122677e-05,7.678883457376372e-05
ID_4I4AGU,2.74155848100493e-05,0.00014820899456064653,0.00017050949809420204,2.74155848100493e-05,0.00014820899456064653,0.00017050949809420204
ID_MDUH2H,2.8424847596382083e-05,5.1765660761882584e-05,8.036406264325872e-05,2.8424847596382083e-05,5.1765660761882584e-05,8.036406264325872e-05
ID_0I4S28,2.7975245129762516e-05,0.00036573160137156897,0.0008783895665475404,2.7975245129762516e-05,0.00036573160137156897,0.0008783895665475404
ID_C9Z8BM,0.0005106328169255491,0.0005789259626359598,0.000688829926628526,0.0005106328169255491,0.0005789259626359598,0.000688829926628526
ID_9CS181,2.8498661529210782e-05,5.6750472129558915e-05,5.5677795326227506e-05,2.8498661529210782e-05,5.6750472129558915e-05,5.5677795326227506e-05
ID_NPWZU6,5.502934477026837e-05,7.814608942167565e-05,7.859738695744067e-05,5.502934477026837e-05,7.814608942167565e-05,7.859738695744067e-05
ID_BMM6XG,2.8424847596382083e-05,5.1765660761882584e-05,8.036406264325872e-05,2.8424847596382083e-05,5.1765660761882584e-05,8.036406264325872e-05
ID_QFE2RJ,0.0007909736353921278,0.0006474136227249797,0.001048839313866174,0.0007909736353921278,0.0006474136227249797,0.001048839313866174
ID_ZWRUMN,2.74155848100493e-05,0.00014820899456064653,0.00017050949809420204,2.74155848100493e-05,0.00014820899456064653,0.00017050949809420204
ID_N038XC,2.3969192716618658e-05,9.591350807439163e-05,0.00013140355578938225,2.3969192716618658e-05,9.591350807439163e-05,0.00013140355578938225
ID_3L5LS3,2.74155848100493e-05,0.00014820899456064653,0.00017050949809420204,2.74155848100493e-05,0.00014820899456064653,0.00017050949809420204
ID_Z173PH,2.5979593556471534e-05,0.0001376796836839291,0.0001330481519110114,2.5979593556471534e-05,0.0001376796836839291,0.0001330481519110114
ID_YF7UVA,2.3969192716618658e-05,9.591350807439163e-05,0.00013140355578938225,2.3969192716618658e-05,9.591350807439163e-05,0.00013140355578938225
ID_84GSJO,1.4400629548308023e-05,2.321086876069745e-05,2.3679951726047247e-05,1.4400629548308023e-05,2.321086876069745e-05,2.3679951726047247e-05
ID_89LK5U,1.2291939542780764e-05,1.5056399476795355e-05,3.8294463340636925e-05,1.2291939542780764e-05,1.5056399476795355e-05,3.8294463340636925e-05
ID_QN303I,2.8424847596382083e-05,5.1765660761882584e-05,8.036406264325872e-05,2.8424847596382083e-05,5.1765660761882584e-05,8.036406264325872e-05
ID_HWSMLL,1.9186268557137865e-05,2.0779545428472206e-05,2.42097044899535e-05,1.9186268557137865e-05,2.0779545428472206e-05,2.42097044899535e-05
ID_5A6ZTS,2.8424847596382083e-05,5.1765660761882584e-05,8.036406264325872e-05,2.8424847596382083e-05,5.1765660761882584e-05,8.036406264325872e-05
ID_9DN1JJ,0.12493003365777997,0.17072985197844473,0.14164708901139056,0.12493003365777997,0.17072985197844473,0.14164708901139056
ID_MEHAVR,2.8424847596382083e-05,5.1765660761882584e-05,8.036406264325872e-05,2.8424847596382083e-05,5.1765660761882584e-05,8.036406264325872e-05
ID_YYZUDP,2.74155848100493e-05,0.00014820899456064653,0.00017050949809420204,2.74155848100493e-05,0.00014820899456064653,0.00017050949809420204
ID_EGXW68,3.3345684821905706e-05,0.00018036293168399584,0.0002011742639477404,3.3345684821905706e-05,0.00018036293168399584,0.0002011742639477404
ID_14AZQV,0.14491925756819427,0.10691823842024917,0.10476938955572668,0.14491925756819427,0.10691823842024917,0.10476938955572668
ID_3HUETZ,1.6186740690626445e-05,3.304395058462583e-05,2.9685205731170396e-05,1.6186740690626445e-05,3.304395058462583e-05,2.9685205731170396e-05
ID_MB89IP,1.6186740690626445e-05,3.304395058462583e-05,2.9685205731170396e-05,1.6186740690626445e-05,3.304395058462583e-05,2.9685205731170396e-05
ID_9V3JSL,2.8424847596382083e-05,5.1765660761882584e-05,8.036406264325872e-05,2.8424847596382083e-05,5.1765660761882584e-05,8.036406264325872e-05
ID_U5RHRN,2.9069949334602712e-05,6.288796263284779e-05,9.685556185919154e-05,2.9069949334602712e-05,6.288796263284779e-05,9.685556185919154e-05
ID_4POIK6,3.0732716091633923e-05,0.00011840618839261668,0.00014685607924880552,3.0732716091633923e-05,0.00011840618839261668,0.00014685607924880552
ID_34CCQR,2.74155848100493e-05,0.00014820899456064653,0.00017050949809420204,2.74155848100493e-05,0.00014820899456064653,0.00017050949809420204
ID_8D2UXI,3.0732716091633923e-05,0.00011840618839261668,0.00014685607924880552,3.0732716091633923e-05,0.00011840618839261668,0.00014685607924880552
ID_HGV8W6,0.00028558545445798,0.0005022190192119583,0.00211091533190074,0.00028558545445798,0.0005022190192119583,0.00211091533190074
ID_TM22AO,2.3969192716618658e-05,9.591350807439163e-05,0.00013140355578938225,2.3969192716618658e-05,9.591350807439163e-05,0.00013140355578938225
ID_B33LO0,2.5710171670552437e-05,8.38185958021109e-05,0.00011501939751509016,2.5710171670552437e-05,8.38185958021109e-05,0.00011501939751509016
ID_NBXN98,3.059493453325319e-05,0.00015378682969524778,0.00020118373532435744,3.059493453325319e-05,0.00015378682969524778,0.00020118373532435744
ID_04A56B,0.5604616620621793,0.4258022622943868,0.4685338982893835,0.5604616620621793,0.4258022622943868,0.4685338982893835
ID_34N7CE,2.8424847596382083e-05,5.1765660761882584e-05,8.036406264325872e-05,2.8424847596382083e-05,5.1765660761882584e-05,8.036406264325872e-05
ID_970K1N,1.6186740690626445e-05,3.304395058462583e-05,2.9685205731170396e-05,1.6186740690626445e-05,3.304395058462583e-05,2.9685205731170396e-05
ID_XROC09,3.3345684821905706e-05,0.00018036293168399584,0.0002011742639477404,3.3345684821905706e-05,0.00018036293168399584,0.0002011742639477404
ID_RXQO8E,0.0005106328169255491,0.0005789259626359598,0.000688829926628526,0.0005106328169255491,0.0005789259626359598,0.000688829926628526
ID_9NQ4B6,2.7975245129762516e-05,0.00036573160137156897,0.0008783895665475404,2.7975245129762516e-05,0.00036573160137156897,0.0008783895665475404
ID_VU6X9A,3.3345684821905706e-05,0.00018036293168399584,0.0002011742639477404,3.3345684821905706e-05,0.00018036293168399584,0.0002011742639477404
ID_ALZ6BK,1.9186268557137865e-05,2.0779545428472206e-05,2.42097044899535e-05,1.9186268557137865e-05,2.0779545428472206e-05,2.42097044899535e-05
ID_PC7E7E,0.2494222226985153,0.3225202731013896,0.26790730491589787,0.2494222226985153,0.3225202731013896,0.26790730491589787
ID_I0BZX6,2.74155848100493e-05,0.00014820899456064653,0.00017050949809420204,2.74155848100493e-05,0.00014820899456064653,0.00017050949809420204
ID_6O0K2M,0.0007909736353921278,0.0006474136227249797,0.001048839313866174,0.0007909736353921278,0.0006474136227249797,0.001048839313866174
ID_KMW5EI,2.8424847596382083e-05,5.1765660761882584e-05,8.036406264325872e-05,2.8424847596382083e-05,5.1765660761882584e-05,8.036406264325872e-05
ID_WRY1CP,0.1017178912434126,0.20651836884986602,0.1516467727783735,0.1017178912434126,0.20651836884986602,0.1516467727783735
ID_W555RS,2.8424847596382083e-05,5.1765660761882584e-05,8.036406264325872e-05,2.8424847596382083e-05,5.1765660761882584e-05,8.036406264325872e-05
ID_YIM0GX,1.0198955803111093e-05,1.722888888861008e-05,2.4363921160451333e-05,1.0198955803111093e-05,1.722888888861008e-05,2.4363921160451333e-05
ID_22B3GC,0.0007909736353921278,0.0006474136227249797,0.001048839313866174,0.0007909736353921278,0.0006474136227249797,0.001048839313866174
ID_OQ6420,3.2701444935053045e-05,4.819414385017476e-05,6.841371350287446e-05,3.2701444935053045e-05,4.819414385017476e-05,6.841371350287446e-05
ID_EIJSRA,3.182487507263049e-05,0.00010545699122163066,0.00013586855523365499,3.182487507263049e-05,0.00010545699122163066,0.00013586855523365499
ID_Z5199X,0.15138192863406458,0.15845040228604654,0.15656238971337794,0.15138192863406458,0.15845040228604654,0.15656238971337794
ID_4RU15B,2.74155848100493e-05,0.00014820899456064653,0.00017050949809420204,2.74155848100493e-05,0.00014820899456064653,0.00017050949809420204
ID_UKXKPY,0.2494222226985153,0.3225202731013896,0.26790730491589787,0.2494222226985153,0.3225202731013896,0.26790730491589787
ID_2IMX6W,0.0005106328169255491,0.0005789259626359598,0.000688829926628526,0.0005106328169255491,0.0005789259626359598,0.000688829926628526
ID_9JAOHA,2.9883055966131928e-05,6.483293294122677e-05,7.678883457376372e-05,2.9883055966131928e-05,6.483293294122677e-05,7.678883457376372e-05
ID_EVUXO1,1.9186268557137865e-05,2.0779545428472206e-05,2.42097044899535e-05,1.9186268557137865e-05,2.0779545428472206e-05,2.42097044899535e-05
ID_9U47O4,2.7975245129762516e-05,0.00036573160137156897,0.0008783895665475404,2.7975245129762516e-05,0.00036573160137156897,0.0008783895665475404
ID_152UY7,0.0007909736353921278,0.0006474136227249797,0.001048839313866174,0.0007909736353921278,0.0006474136227249797,0.001048839313866174
ID_BS70GA,0.5630042813887224,0.6358037890381819,0.6187448742667037,0.5630042813887224,0.6358037890381819,0.6187448742667037
ID_VE9E3I,2.7975245129762516e-05,0.00036573160137156897,0.0008783895665475404,2.7975245129762516e-05,0.00036573160137156897,0.0008783895665475404
ID_T2WVBK,3.3345684821905706e-05,0.00018036293168399584,0.0002011742639477404,3.3345684821905706e-05,0.00018036293168399584,0.0002011742639477404
ID_7GF62F,1.6186740690626445e-05,3.304395058462583e-05,2.9685205731170396e-05,1.6186740690626445e-05,3.304395058462583e-05,2.9685205731170396e-05
ID_Y3TLDA,2.74155848100493e-05,0.00014820899456064653,0.00017050949809420204,2.74155848100493e-05,0.00014820899456064653,0.00017050949809420204
ID_W9XHZ2,2.8424847596382083e-05,5.1765660761882584e-05,8.036406264325872e-05,2.8424847596382083e-05,5.1765660761882584e-05,8.036406264325872e-05
ID_WM0LSK,2.8424847596382083e-05,5.1765660761882584e-05,8.036406264325872e-05,2.8424847596382083e-05,5.1765660761882584e-05,8.036406264325872e-05
ID_ZNFFDC,2.8498661529210782e-05,5.6750472129558915e-05,5.5677795326227506e-05,2.8498661529210782e-05,5.6750472129558915e-05,5.5677795326227506e-05
ID_DEI9SN,2.92623563579438e-05,0.00023148776638067138,0.00024759473812729167,2.92623563579438e-05,0.00023148776638067138,0.00024759473812729167
ID_9VQ06Y,2.8424847596382083e-05,5.1765660761882584e-05,8.036406264325872e-05,2.8424847596382083e-05,5.1765660761882584e-05,8.036406264325872e-05
ID_6AYBN2,3.0732716091633923e-05,0.00011840618839261668,0.00014685607924880552,3.0732716091633923e-05,0.00011840618839261668,0.00014685607924880552
ID_SN8PKK,2.9883055966131928e-05,6.483293294122677e-05,7.678883457376372e-05,2.9883055966131928e-05,6.483293294122677e-05,7.678883457376372e-05
ID_IDJRR2,2.74155848100493e-05,0.00014820899456064653,0.00017050949809420204,2.74155848100493e-05,0.00014820899456064653,0.00017050949809420204
ID_3MUZN6,0.15138192863406458,0.15845040228604654,0.15656238971337794,0.15138192863406458,0.15845040228604654,0.15656238971337794
ID_DL0WVZ,2.74155848100493e-05,0.00014820899456064653,0.00017050949809420204,2.74155848100493e-05,0.00014820899456064653,0.00017050949809420204
ID_XXXBX8,0.13719716115179437,0.2663094011666398,0.1962372790734535,0.13719716115179437,0.2663094011666398,0.1962372790734535
ID_OLEUCI,3.319233017261758e-05,7.421987853537034e-05,7.780744926282914e-05,3.319233017261758e-05,7.421987853537034e-05,7.780744926282914e-05
ID_1UWDL1,2.7975245129762516e-05,0.00036573160137156897,0.0008783895665475404,2.7975245129762516e-05,0.00036573160137156897,0.0008783895665475404
ID_YDX8IK,0.33955816898515845,0.13662331017328969,0.12456821645450325,0.33955816898515845,0.13662331017328969,0.12456821645450325
ID_KOCUZH,0.0007909736353921278,0.0006474136227249797,0.001048839313866174,0.0007909736353921278,0.0006474136227249797,0.001048839313866174
ID_6GPIIM,1.673459685976692e-05,2.128274371864105e-05,2.4552648593881797e-05,1.673459685976692e-05,2.128274371864105e-05,2.4552648593881797e-05
ID_BMBE4U,2.7975245129762516e-05,0.00036573160137156897,0.0008783895665475404,2.7975245129762516e-05,0.00036573160137156897,0.0008783895665475404
ID_CDSQZK,1.2291939542780764e-05,1.5056399476795355e-05,3.8294463340636925e-05,1.2291939542780764e-05,1.5056399476795355e-05,3.8294463340636925e-05
ID_XET1P5,3.3345684821905706e-05,0.00018036293168399584,0.0002011742639477404,3.3345684821905706e-05,0.00018036293168399584,0.0002011742639477404
ID_Q1BM4A,0.1017178912434126,0.20651836884986602,0.1516467727783735,0.1017178912434126,0.20651836884986602,0.1516467727783735
ID_WPT41W,2.7975245129762516e-05,0.00036573160137156897,0.0008783895665475404,2.7975245129762516e-05,0.00036573160137156897,0.0008783895665475404
ID_ETXKKL,2.7975245129762516e-05,0.00036573160137156897,0.0008783895665475404,2.7975245129762516e-05,0.00036573160137156897,0.0008783895665475404
ID_KWN3LW,2.74155848100493e-05,0.00014820899456064653,0.00017050949809420204,2.74155848100493e-05,0.00014820899456064653,0.00017050949809420204
ID_H5LBYY,2.9883055966131928e-05,6.483293294122677e-05,7.678883457376372e-05,2.9883055966131928e-05,6.483293294122677e-05,7.678883457376372e-05
ID_19BEFN,1.4400629548308023e-05,2.321086876069745e-05,2.3679951726047247e-05,1.4400629548308023e-05,2.321086876069745e-05,2.3679951726047247e-05
ID_FFJR5D,2.74155848100493e-05,0.00014820899456064653,0.00017050949809420204,2.74155848100493e-05,0.00014820899456064653,0.00017050949809420204
ID_QH1EXK,1.6186740690626445e-05,3.304395058462583e-05,2.9685205731170396e-05,1.6186740690626445e-05,3.304395058462583e-05,2.9685205731170396e-05
ID_4IJ44Q,2.8424847596382083e-05,5.1765660761882584e-05,8.036406264325872e-05,2.8424847596382083e-05,5.1765660761882584e-05,8.036406264325872e-05
ID_MFGCBS,2.5710171670552437e-05,8.38185958021109e-05,0.00011501939751509016,2.5710171670552437e-05,8.38185958021109e-05,0.00011501939751509016
ID_ZLH6YZ,0.00039544107173586417,0.00023727627500043927,0.0005734423423330395,0.00039544107173586417,0.00023727627500043927,0.0005734423423330395
ID_X91UOX,2.9883055966131928e-05,6.483293294122677e-05,7.678883457376372e-05,2.9883055966131928e-05,6.483293294122677e-05,7.678883457376372e-05
ID_TB4QUV,0.0005106328169255491,0.0005789259626359598,0.000688829926628526,0.0005106328169255491,0.0005789259626359598,0.000688829926628526
ID_3B2BGV,1.2291939542780764e-05,1.5056399476795355e-05,3.8294463340636925e-05,1.2291939542780764e-05,1.5056399476795355e-05,3.8294463340636925e-05
ID_39Z87X,2.8424847596382083e-05,5.1765660761882584e-05,8.036406264325872e-05,2.8424847596382083e-05,5.1765660761882584e-05,8.036406264325872e-05
ID_UYDE8D,0.00037896562468120167,0.007449679954176747,0.009884892689384072,0.00037896562468120167,0.007449679954176747,0.009884892689384072
ID_Y7D9MZ,0.000583890095979854,0.0008322811954221789,0.013611228146663889,0.000583890095979854,0.0008322811954221789,0.013611228146663889
ID_4SML2V,0.15929167822465273,0.2532895702055347,0.33393989184039713,0.15929167822465273,0.2532895702055347,0.33393989184039713
ID_7I8BU9,0.0012212254874561456,0.013047503359751573,0.013968906476786013,0.0012212254874561456,0.013047503359751573,0.013968906476786013
ID_EC6XNQ,0.0027142288670120624,0.021481955299834238,0.037038254114236016,0.0027142288670120624,0.021481955299834238,0.037038254114236016
ID_RR3CDL,0.18159796103300502,0.2826670200930369,0.3187998789289403,0.18159796103300502,0.2826670200930369,0.3187998789289403
ID_IGYW5G,0.0007490005439258563,0.0013794024397545258,0.013192232292152809,0.0007490005439258563,0.0013794024397545258,0.013192232292152809
ID_BSVW6P,0.0012212254874561456,0.013047503359751573,0.013968906476786013,0.0012212254874561456,0.013047503359751573,0.013968906476786013
ID_JI3FZX,0.008666913716537142,0.008621833874739152,0.02016624453105004,0.008666913716537142,0.008621833874739152,0.02016624453105004
ID_3CH8CL,0.022858445014643708,0.12888037874059857,0.19158461529154042,0.022858445014643708,0.12888037874059857,0.19158461529154042
ID_WUYKXR,0.0007490005439258563,0.0013794024397545258,0.013192232292152809,0.0007490005439258563,0.0013794024397545258,0.013192232292152809
ID_7WZVHY,0.18159796103300502,0.2826670200930369,0.3187998789289403,0.18159796103300502,0.2826670200930369,0.3187998789289403
ID_6H5F9H,0.00037896562468120167,0.007449679954176747,0.009884892689384072,0.00037896562468120167,0.007449679954176747,0.009884892689384072
ID_21QNKL,0.000583890095979854,0.0008322811954221789,0.013611228146663889,0.000583890095979854,0.0008322811954221789,0.013611228146663889
ID_M4DZO8,0.0007490005439258563,0.0013794024397545258,0.013192232292152809,0.0007490005439258563,0.0013794024397545258,0.013192232292152809
ID_IA6PQX,0.0007490005439258563,0.0013794024397545258,0.013192232292152809,0.0007490005439258563,0.0013794024397545258,0.013192232292152809
ID_GRK0QD,0.000583890095979854,0.0008322811954221789,0.013611228146663889,0.000583890095979854,0.0008322811954221789,0.013611228146663889
ID_VJH0U8,0.0012212254874561456,0.013047503359751573,0.013968906476786013,0.0012212254874561456,0.013047503359751573,0.013968906476786013
ID_JDWZ6W,0.01102927578565473,0.014985735293979554,0.047890240811373046,0.01102927578565473,0.014985735293979554,0.047890240811373046
ID_Z3ULTI,0.0007490005439258563,0.0013794024397545258,0.013192232292152809,0.0007490005439258563,0.0013794024397545258,0.013192232292152809
ID_FZBCVY,0.016974609309459644,0.18885396321906986,0.2163788367183625,0.016974609309459644,0.18885396321906986,0.2163788367183625
ID_DDEZZ4,0.011673656343452634,0.09607212380654172,0.20228959920280745,0.011673656343452634,0.09607212380654172,0.20228959920280745
ID_J1KBN7,0.0008417819416079751,0.00022233951277800634,0.004051129142425115,0.0008417819416079751,0.00022233951277800634,0.004051129142425115
ID_R4VI36,0.0007490005439258563,0.0013794024397545258,0.013192232292152809,0.0007490005439258563,0.0013794024397545258,0.013192232292152809
ID_ROBCVV,0.000583890095979854,0.0008322811954221789,0.013611228146663889,0.000583890095979854,0.0008322811954221789,0.013611228146663889
ID_4OFTW1,0.0027142288670120624,0.021481955299834238,0.037038254114236016,0.0027142288670120624,0.021481955299834238,0.037038254114236016
ID_UED8B7,0.0007490005439258563,0.0013794024397545258,0.013192232292152809,0.0007490005439258563,0.0013794024397545258,0.013192232292152809
ID_8UL5RI,0.18159796103300502,0.2826670200930369,0.3187998789289403,0.18159796103300502,0.2826670200930369,0.3187998789289403
ID_GG25SM,0.15929167822465273,0.2532895702055347,0.33393989184039713,0.15929167822465273,0.2532895702055347,0.33393989184039713
ID_KFOW4P,0.002821272246385069,0.022180618226597906,0.02515804637020354,0.002821272246385069,0.022180618226597906,0.02515804637020354
ID_4DZTOE,0.15929167822465273,0.2532895702055347,0.33393989184039713,0.15929167822465273,0.2532895702055347,0.33393989184039713
ID_URIDBD,0.0005026730781486149,0.008958185426073862,0.010688830145061971,0.0005026730781486149,0.008958185426073862,0.010688830145061971
ID_MU255K,0.0004816999101510236,0.008054167405572759,0.010493509651886664,0.0004816999101510236,0.008054167405572759,0.010493509651886664
ID_JHWMUP,0.0005026730781486149,0.008958185426073862,0.010688830145061971,0.0005026730781486149,0.008958185426073862,0.010688830145061971
ID_2SLFP0,6.118611387022128e-05,6.571173930664694e-05,6.541275641809154e-05,6.118611387022128e-05,6.571173930664694e-05,6.541275641809154e-05
ID_BG3G76,3.322901489476859e-05,2.8082900215853714e-05,2.449908988739032e-05,3.322901489476859e-05,2.8082900215853714e-05,2.449908988739032e-05
ID_S4TMZF,0.06126410930849452,0.0943229063794478,0.0864443417092011,0.06126410930849452,0.0943229063794478,0.0864443417092011
ID_QRZK05,6.118611387022128e-05,6.571173930664694e-05,6.541275641809154e-05,6.118611387022128e-05,6.571173930664694e-05,6.541275641809154e-05
ID_EDY9VV,8.166176396083677e-05,0.00010118725687941884,0.0001501749240314051,8.166176396083677e-05,0.00010118725687941884,0.0001501749240314051
ID_TK4FYQ,7.406764474616098e-05,0.0001592705649217565,0.00022015212455910862,7.406764474616098e-05,0.0001592705649217565,0.00022015212455910862
ID_BTKIK1,6.514637650833959e-05,5.425353977668734e-05,5.417548618471265e-05,6.514637650833959e-05,5.425353977668734e-05,5.417548618471265e-05
ID_36M18R,1.1445141744199167e-05,6.866823607528942e-05,0.00011803760965858128,1.1445141744199167e-05,6.866823607528942e-05,0.00011803760965858128
ID_GEWMZ2,6.452772402207321e-05,6.073549382305893e-05,6.978441673141477e-05,6.452772402207321e-05,6.073549382305893e-05,6.978441673141477e-05
ID_WZIGXM,4.426919595182293e-05,2.8235279331740325e-05,2.684898840172073e-05,4.426919595182293e-05,2.8235279331740325e-05,2.684898840172073e-05
ID_4ZN2VI,7.406764474616098e-05,0.0001592705649217565,0.00022015212455910862,7.406764474616098e-05,0.0001592705649217565,0.00022015212455910862
ID_I0TZH8,0.0038041319936503526,0.0022445481967520602,0.0035319073347081474,0.0038041319936503526,0.0022445481967520602,0.0035319073347081474
ID_SAL4IQ,6.30269357398244e-05,5.891260738139062e-05,5.89076066949009e-05,6.30269357398244e-05,5.891260738139062e-05,5.89076066949009e-05
ID_OL15N5,6.514637650833959e-05,5.425353977668734e-05,5.417548618471265e-05,6.514637650833959e-05,5.425353977668734e-05,5.417548618471265e-05
ID_VBHXGV,6.452772402207321e-05,6.073549382305893e-05,6.978441673141477e-05,6.452772402207321e-05,6.073549382305893e-05,6.978441673141477e-05
ID_8O2G7K,5.8585250014998324e-05,5.311666330408113e-05,5.497345421374672e-05,5.8585250014998324e-05,5.311666330408113e-05,5.497345421374672e-05
ID_R9168S,6.514637650833959e-05,5.425353977668734e-05,5.417548618471265e-05,6.514637650833959e-05,5.425353977668734e-05,5.417548618471265e-05
ID_D2BHF7,5.389499985707925e-05,7.893233005010095e-05,0.00016456469138376157,5.389499985707925e-05,7.893233005010095e-05,0.00016456469138376157
ID_W4YLRK,6.514637650833959e-05,5.425353977668734e-05,5.417548618471265e-05,6.514637650833959e-05,5.425353977668734e-05,5.417548618471265e-05
ID_H8R1M6,7.817847027853847e-05,5.6619788505774937e-05,5.239008186399301e-05,7.817847027853847e-05,5.6619788505774937e-05,5.239008186399301e-05
ID_P66879,9.108512110505909e-05,0.0003129376328891435,0.0004203090778854794,9.108512110505909e-05,0.0003129376328891435,0.0004203090778854794
ID_H6PN64,3.332363371616351e-05,6.349251721903158e-05,0.00011196675591036362,3.332363371616351e-05,6.349251721903158e-05,0.00011196675591036362
ID_CE1FVC,6.30269357398244e-05,5.891260738139062e-05,5.89076066949009e-05,6.30269357398244e-05,5.891260738139062e-05,5.89076066949009e-05
ID_N8L8HZ,7.371077342601794e-05,6.279345035826912e-05,6.0173310272632e-05,7.371077342601794e-05,6.279345035826912e-05,6.0173310272632e-05
ID_DZ9KDZ,3.322901489476859e-05,2.8082900215853714e-05,2.449908988739032e-05,3.322901489476859e-05,2.8082900215853714e-05,2.449908988739032e-05
ID_GWCAWH,6.452772402207321e-05,6.073549382305893e-05,6.978441673141477e-05,6.452772402207321e-05,6.073549382305893e-05,6.978441673141477e-05
ID_BRODNS,0.0038041319936503526,0.0022445481967520602,0.0035319073347081474,0.0038041319936503526,0.0022445481967520602,0.0035319073347081474
ID_2VZDEB,4.066781449647838e-05,3.502806377262926e-05,3.118081648443302e-05,4.066781449647838e-05,3.502806377262926e-05,3.118081648443302e-05
ID_51YUZ8,9.025532296960055e-05,0.004153842030552224,0.005178208370337107,9.025532296960055e-05,0.004153842030552224,0.005178208370337107
ID_YAINJL,0.00035411973576068243,0.004467724160389279,0.002672596387794101,0.00035411973576068243,0.004467724160389279,0.002672596387794101
ID_DNQWGC,0.0038041319936503526,0.0022445481967520602,0.0035319073347081474,0.0038041319936503526,0.0022445481967520602,0.0035319073347081474
ID_HPQ2YK,4.066781449647838e-05,3.502806377262926e-05,3.118081648443302e-05,4.066781449647838e-05,3.502806377262926e-05,3.118081648443302e-05
ID_OV2TNO,3.322901489476859e-05,2.8082900215853714e-05,2.449908988739032e-05,3.322901489476859e-05,2.8082900215853714e-05,2.449908988739032e-05
ID_NRG7OT,4.426919595182293e-05,2.8235279331740325e-05,2.684898840172073e-05,4.426919595182293e-05,2.8235279331740325e-05,2.684898840172073e-05
ID_1JQ73Y,4.426919595182293e-05,2.8235279331740325e-05,2.684898840172073e-05,4.426919595182293e-05,2.8235279331740325e-05,2.684898840172073e-05
ID_MQGR7P,4.426919595182293e-05,2.8235279331740325e-05,2.684898840172073e-05,4.426919595182293e-05,2.8235279331740325e-05,2.684898840172073e-05
ID_9M41ZB,0.03305143338575434,0.09119752020139141,0.07995842892625815,0.03305143338575434,0.09119752020139141,0.07995842892625815
ID_KPUZSL,4.426919595182293e-05,2.8235279331740325e-05,2.684898840172073e-05,4.426919595182293e-05,2.8235279331740325e-05,2.684898840172073e-05
ID_F5UXS1,4.426919595182293e-05,2.8235279331740325e-05,2.684898840172073e-05,4.426919595182293e-05,2.8235279331740325e-05,2.684898840172073e-05
ID_VK0JGD,4.066781449647838e-05,3.502806377262926e-05,3.118081648443302e-05,4.066781449647838e-05,3.502806377262926e-05,3.118081648443302e-05
ID_RVRZMX,5.9515059401676166e-05,4.9840476999025237e-05,4.87148573041466e-05,5.9515059401676166e-05,4.9840476999025237e-05,4.87148573041466e-05
ID_WQYMPM,0.0038041319936503526,0.0022445481967520602,0.0035319073347081474,0.0038041319936503526,0.0022445481967520602,0.0035319073347081474
ID_5KRD2P,8.219727838168204e-05,0.0002619005458859912,0.00042762095966934294,8.219727838168204e-05,0.0002619005458859912,0.00042762095966934294
ID_IC3T9Y,5.389499985707925e-05,7.893233005010095e-05,0.00016456469138376157,5.389499985707925e-05,7.893233005010095e-05,0.00016456469138376157
ID_8P36CE,5.96635688398808e-05,0.0001534894561739629,0.00026103203346704057,5.96635688398808e-05,0.0001534894561739629,0.00026103203346704057
ID_4SSZJI,7.371077342601794e-05,6.279345035826912e-05,6.0173310272632e-05,7.371077342601794e-05,6.279345035826912e-05,6.0173310272632e-05
ID_4IBH3D,4.066781449647838e-05,3.502806377262926e-05,3.118081648443302e-05,4.066781449647838e-05,3.502806377262926e-05,3.118081648443302e-05
ID_U2F392,6.30269357398244e-05,5.891260738139062e-05,5.89076066949009e-05,6.30269357398244e-05,5.891260738139062e-05,5.89076066949009e-05
ID_3ZWFOJ,5.389499985707925e-05,7.893233005010095e-05,0.00016456469138376157,5.389499985707925e-05,7.893233005010095e-05,0.00016456469138376157
ID_74WU7X,5.96635688398808e-05,0.0001534894561739629,0.00026103203346704057,5.96635688398808e-05,0.0001534894561739629,0.00026103203346704057
ID_8KE31A,6.30269357398244e-05,5.891260738139062e-05,5.89076066949009e-05,6.30269357398244e-05,5.891260738139062e-05,5.89076066949009e-05
ID_DP9A1C,6.30269357398244e-05,5.891260738139062e-05,5.89076066949009e-05,6.30269357398244e-05,5.891260738139062e-05,5.89076066949009e-05
ID_UV8N77,5.389499985707925e-05,7.893233005010095e-05,0.00016456469138376157,5.389499985707925e-05,7.893233005010095e-05,0.00016456469138376157
ID_82ZVWD,9.108512110505909e-05,0.0003129376328891435,0.0004203090778854794,9.108512110505909e-05,0.0003129376328891435,0.0004203090778854794
ID_YLZXGO,7.371077342601794e-05,6.279345035826912e-05,6.0173310272632e-05,7.371077342601794e-05,6.279345035826912e-05,6.0173310272632e-05
ID_8EYJ8O,6.514637650833959e-05,5.425353977668734e-05,5.417548618471265e-05,6.514637650833959e-05,5.425353977668734e-05,5.417548618471265e-05
ID_97CA4Y,0.07101177037012618,0.10191935977029562,0.09617799722632708,0.07101177037012618,0.10191935977029562,0.09617799722632708
ID_Z100EY,9.108512110505909e-05,0.0003129376328891435,0.0004203090778854794,9.108512110505909e-05,0.0003129376328891435,0.0004203090778854794
ID_PEM0MC,5.389499985707925e-05,7.893233005010095e-05,0.00016456469138376157,5.389499985707925e-05,7.893233005010095e-05,0.00016456469138376157
ID_IJCL0H,5.389499985707925e-05,7.893233005010095e-05,0.00016456469138376157,5.389499985707925e-05,7.893233005010095e-05,0.00016456469138376157
ID_7ED0FF,7.371077342601794e-05,6.279345035826912e-05,6.0173310272632e-05,7.371077342601794e-05,6.279345035826912e-05,6.0173310272632e-05
ID_SXNWJQ,7.099848281635904e-05,0.0002645793463238333,0.000343491285368812,7.099848281635904e-05,0.0002645793463238333,0.000343491285368812
ID_I891F5,5.389499985707925e-05,7.893233005010095e-05,0.00016456469138376157,5.389499985707925e-05,7.893233005010095e-05,0.00016456469138376157
ID_ZJ8ADL,0.0007411637810415827,0.0010111856658139107,0.0023656789917586582,0.0007411637810415827,0.0010111856658139107,0.0023656789917586582
ID_3W1C1M,3.332363371616351e-05,6.349251721903158e-05,0.00011196675591036362,3.332363371616351e-05,6.349251721903158e-05,0.00011196675591036362
ID_566Q18,0.0038041319936503526,0.0022445481967520602,0.0035319073347081474,0.0038041319936503526,0.0022445481967520602,0.0035319073347081474
ID_FPANRJ,7.817847027853847e-05,5.6619788505774937e-05,5.239008186399301e-05,7.817847027853847e-05,5.6619788505774937e-05,5.239008186399301e-05
ID_04Q0YM,7.371077342601794e-05,6.279345035826912e-05,6.0173310272632e-05,7.371077342601794e-05,6.279345035826912e-05,6.0173310272632e-05
ID_5KRNZJ,3.322901489476859e-05,2.8082900215853714e-05,2.449908988739032e-05,3.322901489476859e-05,2.8082900215853714e-05,2.449908988739032e-05
ID_HIWMGH,4.066781449647838e-05,3.502806377262926e-05,3.118081648443302e-05,4.066781449647838e-05,3.502806377262926e-05,3.118081648443302e-05
ID_KIINWT,5.8585250014998324e-05,5.311666330408113e-05,5.497345421374672e-05,5.8585250014998324e-05,5.311666330408113e-05,5.497345421374672e-05
ID_APINN8,0.0038041319936503526,0.0022445481967520602,0.0035319073347081474,0.0038041319936503526,0.0022445481967520602,0.0035319073347081474
ID_JXGHCQ,5.8585250014998324e-05,5.311666330408113e-05,5.497345421374672e-05,5.8585250014998324e-05,5.311666330408113e-05,5.497345421374672e-05
ID_GXIV13,6.514637650833959e-05,5.425353977668734e-05,5.417548618471265e-05,6.514637650833959e-05,5.425353977668734e-05,5.417548618471265e-05
ID_VBCV33,6.30269357398244e-05,5.891260738139062e-05,5.89076066949009e-05,6.30269357398244e-05,5.891260738139062e-05,5.89076066949009e-05
ID_6G615X,5.96635688398808e-05,0.0001534894561739629,0.00026103203346704057,5.96635688398808e-05,0.0001534894561739629,0.00026103203346704057
ID_GNQBPW,0.0038041319936503526,0.0022445481967520602,0.0035319073347081474,0.0038041319936503526,0.0022445481967520602,0.0035319073347081474
ID_Z1JH8O,7.099848281635904e-05,0.0002645793463238333,0.000343491285368812,7.099848281635904e-05,0.0002645793463238333,0.000343491285368812
ID_MFYS5T,0.0038041319936503526,0.0022445481967520602,0.0035319073347081474,0.0038041319936503526,0.0022445481967520602,0.0035319073347081474
ID_TTS39J,6.514637650833959e-05,5.425353977668734e-05,5.417548618471265e-05,6.514637650833959e-05,5.425353977668734e-05,5.417548618471265e-05
ID_JENU4O,7.406764474616098e-05,0.0001592705649217565,0.00022015212455910862,7.406764474616098e-05,0.0001592705649217565,0.00022015212455910862
ID_90XFU4,7.817847027853847e-05,5.6619788505774937e-05,5.239008186399301e-05,7.817847027853847e-05,5.6619788505774937e-05,5.239008186399301e-05
ID_PHUQGW,6.514637650833959e-05,5.425353977668734e-05,5.417548618471265e-05,6.514637650833959e-05,5.425353977668734e-05,5.417548618471265e-05
ID_9J6CK5,6.30269357398244e-05,5.891260738139062e-05,5.89076066949009e-05,6.30269357398244e-05,5.891260738139062e-05,5.89076066949009e-05
ID_9J9ZHB,5.8585250014998324e-05,5.311666330408113e-05,5.497345421374672e-05,5.8585250014998324e-05,5.311666330408113e-05,5.497345421374672e-05
ID_WFSRDW,8.166176396083677e-05,0.00010118725687941884,0.0001501749240314051,8.166176396083677e-05,0.00010118725687941884,0.0001501749240314051
ID_9RA6UC,3.084156608344376e-05,9.744820644397646e-05,0.00016234441241850742,3.084156608344376e-05,9.744820644397646e-05,0.00016234441241850742
ID_8K9BSB,7.371077342601794e-05,6.279345035826912e-05,6.0173310272632e-05,7.371077342601794e-05,6.279345035826912e-05,6.0173310272632e-05
ID_X9K3UC,7.371077342601794e-05,6.279345035826912e-05,6.0173310272632e-05,7.371077342601794e-05,6.279345035826912e-05,6.0173310272632e-05
ID_F96FDB,6.514637650833959e-05,5.425353977668734e-05,5.417548618471265e-05,6.514637650833959e-05,5.425353977668734e-05,5.417548618471265e-05
ID_YN5JF8,3.084156608344376e-05,9.744820644397646e-05,0.00016234441241850742,3.084156608344376e-05,9.744820644397646e-05,0.00016234441241850742
ID_IY6NOF,5.8585250014998324e-05,5.311666330408113e-05,5.497345421374672e-05,5.8585250014998324e-05,5.311666330408113e-05,5.497345421374672e-05
ID_FI6W81,0.03131205631510014,0.06744418597050697,0.0752605133307591,0.03131205631510014,0.06744418597050697,0.0752605133307591
ID_04CC0L,3.084156608344376e-05,9.744820644397646e-05,0.00016234441241850742,3.084156608344376e-05,9.744820644397646e-05,0.00016234441241850742
ID_1KWZ54,5.389499985707925e-05,7.893233005010095e-05,0.00016456469138376157,5.389499985707925e-05,7.893233005010095e-05,0.00016456469138376157
ID_P0EUPF,4.426919595182293e-05,2.8235279331740325e-05,2.684898840172073e-05,4.426919595182293e-05,2.8235279331740325e-05,2.684898840172073e-05
ID_XWLG1U,6.514637650833959e-05,5.425353977668734e-05,5.417548618471265e-05,6.514637650833959e-05,5.425353977668734e-05,5.417548618471265e-05
ID_4LEWIR,7.817847027853847e-05,5.6619788505774937e-05,5.239008186399301e-05,7.817847027853847e-05,5.6619788505774937e-05,5.239008186399301e-05
ID_J85QL1,0.03305143338575434,0.09119752020139141,0.07995842892625815,0.03305143338575434,0.09119752020139141,0.07995842892625815
ID_12ZAW0,7.371077342601794e-05,6.279345035826912e-05,6.0173310272632e-05,7.371077342601794e-05,6.279345035826912e-05,6.0173310272632e-05
ID_TXY2FU,7.099848281635904e-05,0.0002645793463238333,0.000343491285368812,7.099848281635904e-05,0.0002645793463238333,0.000343491285368812
ID_HS5K78,7.371077342601794e-05,6.279345035826912e-05,6.0173310272632e-05,7.371077342601794e-05,6.279345035826912e-05,6.0173310272632e-05
ID_0EPYYW,4.426919595182293e-05,2.8235279331740325e-05,2.684898840172073e-05,4.426919595182293e-05,2.8235279331740325e-05,2.684898840172073e-05
ID_MTJFU7,6.452772402207321e-05,6.073549382305893e-05,6.978441673141477e-05,6.452772402207321e-05,6.073549382305893e-05,6.978441673141477e-05
ID_0WRPJW,6.514637650833959e-05,5.425353977668734e-05,5.417548618471265e-05,6.514637650833959e-05,5.425353977668734e-05,5.417548618471265e-05
ID_KOAZT1,6.514637650833959e-05,5.425353977668734e-05,5.417548618471265e-05,6.514637650833959e-05,5.425353977668734e-05,5.417548618471265e-05
ID_7ZEBRI,8.219727838168204e-05,0.0002619005458859912,0.00042762095966934294,8.219727838168204e-05,0.0002619005458859912,0.00042762095966934294
ID_41Z3A9,6.452772402207321e-05,6.073549382305893e-05,6.978441673141477e-05,6.452772402207321e-05,6.073549382305893e-05,6.978441673141477e-05
ID_J8JXVY,9.108512110505909e-05,0.0003129376328891435,0.0004203090778854794,9.108512110505909e-05,0.0003129376328891435,0.0004203090778854794
ID_QKDUFH,4.426919595182293e-05,2.8235279331740325e-05,2.684898840172073e-05,4.426919595182293e-05,2.8235279331740325e-05,2.684898840172073e-05
ID_AR98VZ,5.389499985707925e-05,7.893233005010095e-05,0.00016456469138376157,5.389499985707925e-05,7.893233005010095e-05,0.00016456469138376157
ID_VK9ROW,5.8585250014998324e-05,5.311666330408113e-05,5.497345421374672e-05,5.8585250014998324e-05,5.311666330408113e-05,5.497345421374672e-05
ID_13419M,6.452772402207321e-05,6.073549382305893e-05,6.978441673141477e-05,6.452772402207321e-05,6.073549382305893e-05,6.978441673141477e-05
ID_RWPCZ6,4.426919595182293e-05,2.8235279331740325e-05,2.684898840172073e-05,4.426919595182293e-05,2.8235279331740325e-05,2.684898840172073e-05
ID_YP006O,0.0038041319936503526,0.0022445481967520602,0.0035319073347081474,0.0038041319936503526,0.0022445481967520602,0.0035319073347081474
ID_X3Q9JX,5.389499985707925e-05,7.893233005010095e-05,0.00016456469138376157,5.389499985707925e-05,7.893233005010095e-05,0.00016456469138376157
ID_4DS9FD,7.406764474616098e-05,0.0001592705649217565,0.00022015212455910862,7.406764474616098e-05,0.0001592705649217565,0.00022015212455910862
ID_Y9ZFHB,8.593610863287573e-06,4.332945866341401e-05,3.304593202144089e-05,8.593610863287573e-06,4.332945866341401e-05,3.304593202144089e-05
ID_BDJQVU,1.1007438906047487e-05,4.707936166015807e-05,4.667514052544501e-05,1.1007438906047487e-05,4.707936166015807e-05,4.667514052544501e-05
ID_YOJDUN,7.406764474616098e-05,0.0001592705649217565,0.00022015212455910862,7.406764474616098e-05,0.0001592705649217565,0.00022015212455910862
ID_0S1SU1,0.0038041319936503526,0.0022445481967520602,0.0035319073347081474,0.0038041319936503526,0.0022445481967520602,0.0035319073347081474
ID_WVY88C,8.219727838168204e-05,0.0002619005458859912,0.00042762095966934294,8.219727838168204e-05,0.0002619005458859912,0.00042762095966934294
ID_4CWI21,9.108512110505909e-05,0.0003129376328891435,0.0004203090778854794,9.108512110505909e-05,0.0003129376328891435,0.0004203090778854794
ID_04SS9G,6.514637650833959e-05,5.425353977668734e-05,5.417548618471265e-05,6.514637650833959e-05,5.425353977668734e-05,5.417548618471265e-05
ID_A9QQPQ,5.96635688398808e-05,0.0001534894561739629,0.00026103203346704057,5.96635688398808e-05,0.0001534894561739629,0.00026103203346704057
ID_DZ75HC,5.389499985707925e-05,7.893233005010095e-05,0.00016456469138376157,5.389499985707925e-05,7.893233005010095e-05,0.00016456469138376157
ID_4M4JIH,5.389499985707925e-05,7.893233005010095e-05,0.00016456469138376157,5.389499985707925e-05,7.893233005010095e-05,0.00016456469138376157
ID_U0HW2H,9.108512110505909e-05,0.0003129376328891435,0.0004203090778854794,9.108512110505909e-05,0.0003129376328891435,0.0004203090778854794
ID_P3DEYM,9.108512110505909e-05,0.0003129376328891435,0.0004203090778854794,9.108512110505909e-05,0.0003129376328891435,0.0004203090778854794
ID_L3102W,6.514637650833959e-05,5.425353977668734e-05,5.417548618471265e-05,6.514637650833959e-05,5.425353977668734e-05,5.417548618471265e-05
ID_HPOX0U,6.514637650833959e-05,5.425353977668734e-05,5.417548618471265e-05,6.514637650833959e-05,5.425353977668734e-05,5.417548618471265e-05
ID_0KT3LA,7.371077342601794e-05,6.279345035826912e-05,6.0173310272632e-05,7.371077342601794e-05,6.279345035826912e-05,6.0173310272632e-05
ID_69NSKI,8.219727838168204e-05,0.0002619005458859912,0.00042762095966934294,8.219727838168204e-05,0.0002619005458859912,0.00042762095966934294
ID_0SDUWB,6.452772402207321e-05,6.073549382305893e-05,6.978441673141477e-05,6.452772402207321e-05,6.073549382305893e-05,6.978441673141477e-05
ID_0YHV2D,0.0008434989847289836,0.013107439581848231,0.01370985026301704,0.0008434989847289836,0.013107439581848231,0.01370985026301704
ID_75H233,6.118611387022128e-05,6.571173930664694e-05,6.541275641809154e-05,6.118611387022128e-05,6.571173930664694e-05,6.541275641809154e-05
ID_FKHQWT,6.452772402207321e-05,6.073549382305893e-05,6.978441673141477e-05,6.452772402207321e-05,6.073549382305893e-05,6.978441673141477e-05
ID_U2WUA3,0.0038041319936503526,0.0022445481967520602,0.0035319073347081474,0.0038041319936503526,0.0022445481967520602,0.0035319073347081474
ID_J2UQDN,5.8585250014998324e-05,5.311666330408113e-05,5.497345421374672e-05,5.8585250014998324e-05,5.311666330408113e-05,5.497345421374672e-05
ID_POVU4C,4.426919595182293e-05,2.8235279331740325e-05,2.684898840172073e-05,4.426919595182293e-05,2.8235279331740325e-05,2.684898840172073e-05
ID_UZPUB2,0.03305143338575434,0.09119752020139141,0.07995842892625815,0.03305143338575434,0.09119752020139141,0.07995842892625815
ID_J2U4P6,4.426919595182293e-05,2.8235279331740325e-05,2.684898840172073e-05,4.426919595182293e-05,2.8235279331740325e-05,2.684898840172073e-05
ID_SJLSGJ,5.389499985707925e-05,7.893233005010095e-05,0.00016456469138376157,5.389499985707925e-05,7.893233005010095e-05,0.00016456469138376157
ID_DGJX4J,6.118611387022128e-05,6.571173930664694e-05,6.541275641809154e-05,6.118611387022128e-05,6.571173930664694e-05,6.541275641809154e-05
ID_YO2KWH,4.426919595182293e-05,2.8235279331740325e-05,2.684898840172073e-05,4.426919595182293e-05,2.8235279331740325e-05,2.684898840172073e-05
ID_T02E3F,0.0038041319936503526,0.0022445481967520602,0.0035319073347081474,0.0038041319936503526,0.0022445481967520602,0.0035319073347081474
ID_MYCWCX,4.426919595182293e-05,2.8235279331740325e-05,2.684898840172073e-05,4.426919595182293e-05,2.8235279331740325e-05,2.684898840172073e-05
ID_NH9AFH,7.371077342601794e-05,6.279345035826912e-05,6.0173310272632e-05,7.371077342601794e-05,6.279345035826912e-05,6.0173310272632e-05
ID_77YG7T,9.108512110505909e-05,0.0003129376328891435,0.0004203090778854794,9.108512110505909e-05,0.0003129376328891435,0.0004203090778854794
ID_9Y444Y,6.452772402207321e-05,6.073549382305893e-05,6.978441673141477e-05,6.452772402207321e-05,6.073549382305893e-05,6.978441673141477e-05
ID_5L1LZ3,4.426919595182293e-05,2.8235279331740325e-05,2.684898840172073e-05,4.426919595182293e-05,2.8235279331740325e-05,2.684898840172073e-05
ID_7DDTU6,6.30269357398244e-05,5.891260738139062e-05,5.89076066949009e-05,6.30269357398244e-05,5.891260738139062e-05,5.89076066949009e-05
ID_PJ1GFX,5.389499985707925e-05,7.893233005010095e-05,0.00016456469138376157,5.389499985707925e-05,7.893233005010095e-05,0.00016456469138376157
ID_TD09UQ,7.371077342601794e-05,6.279345035826912e-05,6.0173310272632e-05,7.371077342601794e-05,6.279345035826912e-05,6.0173310272632e-05
ID_PPJ0Q7,6.452772402207321e-05,6.073549382305893e-05,6.978441673141477e-05,6.452772402207321e-05,6.073549382305893e-05,6.978441673141477e-05
ID_9T5MZ6,7.371077342601794e-05,6.279345035826912e-05,6.0173310272632e-05,7.371077342601794e-05,6.279345035826912e-05,6.0173310272632e-05
ID_MMW7H1,9.108512110505909e-05,0.0003129376328891435,0.0004203090778854794,9.108512110505909e-05,0.0003129376328891435,0.0004203090778854794
ID_1W5HMF,6.30269357398244e-05,5.891260738139062e-05,5.89076066949009e-05,6.30269357398244e-05,5.891260738139062e-05,5.89076066949009e-05
ID_EKUPY5,6.514637650833959e-05,5.425353977668734e-05,5.417548618471265e-05,6.514637650833959e-05,5.425353977668734e-05,5.417548618471265e-05
ID_MR0B44,4.426919595182293e-05,2.8235279331740325e-05,2.684898840172073e-05,4.426919595182293e-05,2.8235279331740325e-05,2.684898840172073e-05
ID_ZV8PXJ,4.426919595182293e-05,2.8235279331740325e-05,2.684898840172073e-05,4.426919595182293e-05,2.8235279331740325e-05,2.684898840172073e-05
ID_97JMW3,4.066781449647838e-05,3.502806377262926e-05,3.118081648443302e-05,4.066781449647838e-05,3.502806377262926e-05,3.118081648443302e-05
ID_X0BMWM,7.406764474616098e-05,0.0001592705649217565,0.00022015212455910862,7.406764474616098e-05,0.0001592705649217565,0.00022015212455910862
ID_UXSMV0,5.8585250014998324e-05,5.311666330408113e-05,5.497345421374672e-05,5.8585250014998324e-05,5.311666330408113e-05,5.497345421374672e-05
ID_9C6FDZ,5.389499985707925e-05,7.893233005010095e-05,0.00016456469138376157,5.389499985707925e-05,7.893233005010095e-05,0.00016456469138376157
ID_KXDGFP,2.4945847020551844e-05,7.764053715238973e-05,0.00011718205953507035,2.4945847020551844e-05,7.764053715238973e-05,0.00011718205953507035
ID_EEFOWD,4.066781449647838e-05,3.502806377262926e-05,3.118081648443302e-05,4.066781449647838e-05,3.502806377262926e-05,3.118081648443302e-05
ID_BEDWST,5.8585250014998324e-05,5.311666330408113e-05,5.497345421374672e-05,5.8585250014998324e-05,5.311666330408113e-05,5.497345421374672e-05
ID_OENI65,3.322901489476859e-05,2.8082900215853714e-05,2.449908988739032e-05,3.322901489476859e-05,2.8082900215853714e-05,2.449908988739032e-05
ID_S86C7K,4.426919595182293e-05,2.8235279331740325e-05,2.684898840172073e-05,4.426919595182293e-05,2.8235279331740325e-05,2.684898840172073e-05
ID_QONYCM,4.426919595182293e-05,2.8235279331740325e-05,2.684898840172073e-05,4.426919595182293e-05,2.8235279331740325e-05,2.684898840172073e-05
ID_FWMKII,6.30269357398244e-05,5.891260738139062e-05,5.89076066949009e-05,6.30269357398244e-05,5.891260738139062e-05,5.89076066949009e-05
ID_HP61FB,9.108512110505909e-05,0.0003129376328891435,0.0004203090778854794,9.108512110505909e-05,0.0003129376328891435,0.0004203090778854794
ID_JR3K1A,0.08584421383158802,0.08351399884748116,0.057566960695576576,0.08584421383158802,0.08351399884748116,0.057566960695576576
ID_RWCBV3,3.448674168902699e-05,0.0003646105879129802,0.0007321840176796848,3.448674168902699e-05,0.0003646105879129802,0.0007321840176796848
ID_L6LRCQ,0.013724496644056297,0.035449863209963815,0.05507596307192336,0.013724496644056297,0.035449863209963815,0.05507596307192336
ID_QL2YV1,2.2053726573317198e-05,0.00018781874839363466,0.0004213683245041891,2.2053726573317198e-05,0.00018781874839363466,0.0004213683245041891
ID_CMW05K,3.448674168902699e-05,0.0003646105879129802,0.0007321840176796848,3.448674168902699e-05,0.0003646105879129802,0.0007321840176796848
ID_5COZTI,2.2053726573317198e-05,0.00018781874839363466,0.0004213683245041891,2.2053726573317198e-05,0.00018781874839363466,0.0004213683245041891
ID_J74M23,0.08584421383158802,0.08351399884748116,0.057566960695576576,0.08584421383158802,0.08351399884748116,0.057566960695576576
ID_VG59CF,0.05092225605447296,0.05502368869426914,0.07561003262530816,0.05092225605447296,0.05502368869426914,0.07561003262530816
ID_7C3ZMG,0.040894961416798534,0.07017864071924622,0.03744171289612745,0.040894961416798534,0.07017864071924622,0.03744171289612745
ID_JH0R8P,0.08584421383158802,0.08351399884748116,0.057566960695576576,0.08584421383158802,0.08351399884748116,0.057566960695576576
ID_LUPPTN,0.08653695283811817,0.08362576104143558,0.057566960695576576,0.08653695283811817,0.08362576104143558,0.057566960695576576
ID_167YYH,0.13293963123457603,0.16256970862646863,0.09834840596296061,0.13293963123457603,0.16256970862646863,0.09834840596296061
ID_5CM4SB,2.2053726573317198e-05,0.00018781874839363466,0.0004213683245041891,2.2053726573317198e-05,0.00018781874839363466,0.0004213683245041891
ID_2M59FO,0.10184392886915336,0.09802826661567624,0.09707085837114769,0.10184392886915336,0.09802826661567624,0.09707085837114769
ID_G6554I,0.10184392886915336,0.09802826661567624,0.09707085837114769,0.10184392886915336,0.09802826661567624,0.09707085837114769
ID_VFGUB6,0.040894961416798534,0.07017864071924622,0.03744171289612745,0.040894961416798534,0.07017864071924622,0.03744171289612745
ID_EWOVVA,0.026158484955841794,0.058911779643718166,0.07819269721516597,0.026158484955841794,0.058911779643718166,0.07819269721516597
ID_6O5T2L,0.038877126217589084,0.049236142719751026,0.03321334984055794,0.038877126217589084,0.049236142719751026,0.03321334984055794
ID_LUDHWT,0.038877126217589084,0.049236142719751026,0.03321334984055794,0.038877126217589084,0.049236142719751026,0.03321334984055794
ID_B478DU,2.2053726573317198e-05,0.00018781874839363466,0.0004213683245041891,2.2053726573317198e-05,0.00018781874839363466,0.0004213683245041891
ID_QS0A8J,0.038877126217589084,0.049236142719751026,0.03321334984055794,0.038877126217589084,0.049236142719751026,0.03321334984055794
ID_7S6FXQ,0.08653695283811817,0.08362576104143558,0.057566960695576576,0.08653695283811817,0.08362576104143558,0.057566960695576576
ID_DQ7RIZ,0.04841486934105818,0.05391917926407026,0.04198024971901077,0.04841486934105818,0.05391917926407026,0.04198024971901077
ID_O5J9TX,2.2053726573317198e-05,0.00018781874839363466,0.0004213683245041891,2.2053726573317198e-05,0.00018781874839363466,0.0004213683245041891
ID_77AITY,2.2053726573317198e-05,0.00018781874839363466,0.0004213683245041891,2.2053726573317198e-05,0.00018781874839363466,0.0004213683245041891
ID_H5F13S,0.10184392886915336,0.09802826661567624,0.09707085837114769,0.10184392886915336,0.09802826661567624,0.09707085837114769
ID_24PYQA,0.07959805048499172,0.06671025694415629,0.0502325747364713,0.07959805048499172,0.06671025694415629,0.0502325747364713
ID_SZCPIU,2.2053726573317198e-05,0.00018781874839363466,0.0004213683245041891,2.2053726573317198e-05,0.00018781874839363466,0.0004213683245041891
ID_S4H317,0.10184392886915336,0.09802826661567624,0.09707085837114769,0.10184392886915336,0.09802826661567624,0.09707085837114769
ID_TOELN0,0.13293963123457603,0.16256970862646863,0.09834840596296061,0.13293963123457603,0.16256970862646863,0.09834840596296061
ID_IYY83U,2.2053726573317198e-05,0.00018781874839363466,0.0004213683245041891,2.2053726573317198e-05,0.00018781874839363466,0.0004213683245041891
ID_5Q8NWL,0.13293963123457603,0.16256970862646863,0.09834840596296061,0.13293963123457603,0.16256970862646863,0.09834840596296061
ID_XYRK3M,0.10184392886915336,0.09802826661567624,0.09707085837114769,0.10184392886915336,0.09802826661567624,0.09707085837114769
ID_JAVEA5,0.040894961416798534,0.07017864071924622,0.03744171289612745,0.040894961416798534,0.07017864071924622,0.03744171289612745
ID_V4EGZ0,0.08653695283811817,0.08362576104143558,0.057566960695576576,0.08653695283811817,0.08362576104143558,0.057566960695576576
ID_WE46Z9,0.040894961416798534,0.07017864071924622,0.03744171289612745,0.040894961416798534,0.07017864071924622,0.03744171289612745
ID_B7O2ZN,2.2053726573317198e-05,0.00018781874839363466,0.0004213683245041891,2.2053726573317198e-05,0.00018781874839363466,0.0004213683245041891
ID_4HQTGA,0.08584421383158802,0.08351399884748116,0.057566960695576576,0.08584421383158802,0.08351399884748116,0.057566960695576576
ID_JUWVD9,0.04241414686217165,0.09258373725478762,0.09452075446261557,0.04241414686217165,0.09258373725478762,0.09452075446261557
ID_LI9Y1T,0.026158484955841794,0.058911779643718166,0.07819269721516597,0.026158484955841794,0.058911779643718166,0.07819269721516597
ID_9TYH5Y,3.229164768244004e-05,3.748383988145849e-05,3.018597150649716e-05,3.229164768244004e-05,3.748383988145849e-05,3.018597150649716e-05
ID_N7QCYG,1.4982523027246015e-05,3.2043901029782196e-05,3.200223469314778e-05,1.4982523027246015e-05,3.2043901029782196e-05,3.200223469314778e-05
ID_9PQIUL,3.414561624554214e-05,3.7220163563049694e-05,3.0677374886609316e-05,3.414561624554214e-05,3.7220163563049694e-05,3.0677374886609316e-05
ID_YUJ38B,0.0021138842285039236,0.0037912637774054738,0.0066891848750136405,0.0021138842285039236,0.0037912637774054738,0.0066891848750136405
ID_5VLR2G,3.229164768244004e-05,3.748383988145849e-05,3.018597150649716e-05,3.229164768244004e-05,3.748383988145849e-05,3.018597150649716e-05
ID_WR6L6P,3.229164768244004e-05,3.748383988145849e-05,3.018597150649716e-05,3.229164768244004e-05,3.748383988145849e-05,3.018597150649716e-05
ID_C4ISDT,3.229164768244004e-05,3.748383988145849e-05,3.018597150649716e-05,3.229164768244004e-05,3.748383988145849e-05,3.018597150649716e-05
ID_A3JPS0,3.229164768244004e-05,3.748383988145849e-05,3.018597150649716e-05,3.229164768244004e-05,3.748383988145849e-05,3.018597150649716e-05
ID_265JD2,3.229164768244004e-05,3.748383988145849e-05,3.018597150649716e-05,3.229164768244004e-05,3.748383988145849e-05,3.018597150649716e-05
ID_PAQVAY,3.229164768244004e-05,3.748383988145849e-05,3.018597150649716e-05,3.229164768244004e-05,3.748383988145849e-05,3.018597150649716e-05
ID_9BMVWJ,3.414561624554214e-05,3.7220163563049694e-05,3.0677374886609316e-05,3.414561624554214e-05,3.7220163563049694e-05,3.0677374886609316e-05
ID_NJ6LSY,1.0275514528080214e-05,2.4740880573908404e-05,3.4575144496432066e-05,1.0275514528080214e-05,2.4740880573908404e-05,3.4575144496432066e-05
ID_G9RESG,1.4982523027246015e-05,3.2043901029782196e-05,3.200223469314778e-05,1.4982523027246015e-05,3.2043901029782196e-05,3.200223469314778e-05
ID_07SK9V,2.4309788789658387e-05,2.1868527006334532e-05,2.2663102033373534e-05,2.4309788789658387e-05,2.1868527006334532e-05,2.2663102033373534e-05
ID_T4U0PU,3.229164768244004e-05,3.748383988145849e-05,3.018597150649716e-05,3.229164768244004e-05,3.748383988145849e-05,3.018597150649716e-05
ID_E0JXXI,0.0005642002142125541,0.0012295920612694804,0.003612297389978423,0.0005642002142125541,0.0012295920612694804,0.003612297389978423
ID_WMGN2O,3.229164768244004e-05,3.748383988145849e-05,3.018597150649716e-05,3.229164768244004e-05,3.748383988145849e-05,3.018597150649716e-05
ID_3TDLCS,1.774133499783236e-05,2.0822932836472582e-05,1.9362718207716337e-05,1.774133499783236e-05,2.0822932836472582e-05,1.9362718207716337e-05
ID_JLWJBX,0.0021138842285039236,0.0037912637774054738,0.0066891848750136405,0.0021138842285039236,0.0037912637774054738,0.0066891848750136405
ID_WGTUF3,3.229164768244004e-05,3.748383988145849e-05,3.018597150649716e-05,3.229164768244004e-05,3.748383988145849e-05,3.018597150649716e-05
ID_4VPY9Q,1.640302895982422e-05,1.76669405915515e-05,1.654945189900186e-05,1.640302895982422e-05,1.76669405915515e-05,1.654945189900186e-05
ID_CVIVFP,1.774133499783236e-05,2.0822932836472582e-05,1.9362718207716337e-05,1.774133499783236e-05,2.0822932836472582e-05,1.9362718207716337e-05
ID_P5FGPW,1.774133499783236e-05,2.0822932836472582e-05,1.9362718207716337e-05,1.774133499783236e-05,2.0822932836472582e-05,1.9362718207716337e-05
ID_OQ1KFW,3.414561624554214e-05,3.7220163563049694e-05,3.0677374886609316e-05,3.414561624554214e-05,3.7220163563049694e-05,3.0677374886609316e-05
ID_48633C,1.774133499783236e-05,2.0822932836472582e-05,1.9362718207716337e-05,1.774133499783236e-05,2.0822932836472582e-05,1.9362718207716337e-05
ID_2KMHBK,3.414561624554214e-05,3.7220163563049694e-05,3.0677374886609316e-05,3.414561624554214e-05,3.7220163563049694e-05,3.0677374886609316e-05
ID_QDKS15,1.1500676804168236e-05,2.3550508772123257e-05,3.143826624463098e-05,1.1500676804168236e-05,2.3550508772123257e-05,3.143826624463098e-05
ID_BCUUEB,1.0275514528080214e-05,2.4740880573908404e-05,3.4575144496432066e-05,1.0275514528080214e-05,2.4740880573908404e-05,3.4575144496432066e-05
ID_WRXH21,0.0005642002142125541,0.0012295920612694804,0.003612297389978423,0.0005642002142125541,0.0012295920612694804,0.003612297389978423
ID_PM8ZP3,3.229164768244004e-05,3.748383988145849e-05,3.018597150649716e-05,3.229164768244004e-05,3.748383988145849e-05,3.018597150649716e-05
ID_IIT0BK,1.0275514528080214e-05,2.4740880573908404e-05,3.4575144496432066e-05,1.0275514528080214e-05,2.4740880573908404e-05,3.4575144496432066e-05
ID_IYB7UH,1.774133499783236e-05,2.0822932836472582e-05,1.9362718207716337e-05,1.774133499783236e-05,2.0822932836472582e-05,1.9362718207716337e-05
ID_ZKHQZV,1.0275514528080214e-05,2.4740880573908404e-05,3.4575144496432066e-05,1.0275514528080214e-05,2.4740880573908404e-05,3.4575144496432066e-05
ID_U76OOW,1.774133499783236e-05,2.0822932836472582e-05,1.9362718207716337e-05,1.774133499783236e-05,2.0822932836472582e-05,1.9362718207716337e-05
ID_JPUGLB,3.229164768244004e-05,3.748383988145849e-05,3.018597150649716e-05,3.229164768244004e-05,3.748383988145849e-05,3.018597150649716e-05
ID_4JFJ04,0.0021138842285039236,0.0037912637774054738,0.0066891848750136405,0.0021138842285039236,0.0037912637774054738,0.0066891848750136405
ID_93FI84,3.414561624554214e-05,3.7220163563049694e-05,3.0677374886609316e-05,3.414561624554214e-05,3.7220163563049694e-05,3.0677374886609316e-05
ID_GB5XCD,0.0021138842285039236,0.0037912637774054738,0.0066891848750136405,0.0021138842285039236,0.0037912637774054738,0.0066891848750136405
ID_XAXYZK,0.0005642002142125541,0.0012295920612694804,0.003612297389978423,0.0005642002142125541,0.0012295920612694804,0.003612297389978423
ID_FPN3DK,1.4965986349532756e-05,3.27361057747323e-05,3.180408791521953e-05,1.4965986349532756e-05,3.27361057747323e-05,3.180408791521953e-05
ID_H4MCRV,3.229164768244004e-05,3.748383988145849e-05,3.018597150649716e-05,3.229164768244004e-05,3.748383988145849e-05,3.018597150649716e-05
ID_I94FEK,1.1500676804168236e-05,2.3550508772123257e-05,3.143826624463098e-05,1.1500676804168236e-05,2.3550508772123257e-05,3.143826624463098e-05
ID_UA86Y8,3.414561624554214e-05,3.7220163563049694e-05,3.0677374886609316e-05,3.414561624554214e-05,3.7220163563049694e-05,3.0677374886609316e-05
ID_QMO2S4,1.774133499783236e-05,2.0822932836472582e-05,1.9362718207716337e-05,1.774133499783236e-05,2.0822932836472582e-05,1.9362718207716337e-05
ID_ICLT74,1.774133499783236e-05,2.0822932836472582e-05,1.9362718207716337e-05,1.774133499783236e-05,2.0822932836472582e-05,1.9362718207716337e-05
ID_JRGWMB,3.414561624554214e-05,3.7220163563049694e-05,3.0677374886609316e-05,3.414561624554214e-05,3.7220163563049694e-05,3.0677374886609316e-05
ID_C1LESE,1.4965986349532756e-05,3.27361057747323e-05,3.180408791521953e-05,1.4965986349532756e-05,3.27361057747323e-05,3.180408791521953e-05
ID_LZLMVM,1.0275514528080214e-05,2.4740880573908404e-05,3.4575144496432066e-05,1.0275514528080214e-05,2.4740880573908404e-05,3.4575144496432066e-05
ID_EISUUM,3.414561624554214e-05,3.7220163563049694e-05,3.0677374886609316e-05,3.414561624554214e-05,3.7220163563049694e-05,3.0677374886609316e-05
ID_0EMHPX,3.229164768244004e-05,3.748383988145849e-05,3.018597150649716e-05,3.229164768244004e-05,3.748383988145849e-05,3.018597150649716e-05
ID_JAF898,1.774133499783236e-05,2.0822932836472582e-05,1.9362718207716337e-05,1.774133499783236e-05,2.0822932836472582e-05,1.9362718207716337e-05
ID_W8YZKT,3.229164768244004e-05,3.748383988145849e-05,3.018597150649716e-05,3.229164768244004e-05,3.748383988145849e-05,3.018597150649716e-05
ID_COJM55,1.1500676804168236e-05,2.3550508772123257e-05,3.143826624463098e-05,1.1500676804168236e-05,2.3550508772123257e-05,3.143826624463098e-05
ID_YDNMXU,3.229164768244004e-05,3.748383988145849e-05,3.018597150649716e-05,3.229164768244004e-05,3.748383988145849e-05,3.018597150649716e-05
ID_ZTWXQZ,0.0021138842285039236,0.0037912637774054738,0.0066891848750136405,0.0021138842285039236,0.0037912637774054738,0.0066891848750136405
ID_B0H92W,3.229164768244004e-05,3.748383988145849e-05,3.018597150649716e-05,3.229164768244004e-05,3.748383988145849e-05,3.018597150649716e-05
ID_QY1QFN,1.774133499783236e-05,2.0822932836472582e-05,1.9362718207716337e-05,1.774133499783236e-05,2.0822932836472582e-05,1.9362718207716337e-05
ID_6JXJ14,0.0021138842285039236,0.0037912637774054738,0.0066891848750136405,0.0021138842285039236,0.0037912637774054738,0.0066891848750136405
ID_3GS106,0.0012277326979961611,0.0011438503886478425,0.0017065858171563483,0.0012277326979961611,0.0011438503886478425,0.0017065858171563483
ID_0EH8TX,0.03516890111259775,0.024122232605022144,0.01972715153727924,0.03516890111259775,0.024122232605022144,0.01972715153727924
ID_M3RB3O,0.00039018836547523723,0.0003561913508639213,0.0007031483682674191,0.00039018836547523723,0.0003561913508639213,0.0007031483682674191
ID_RFLMG3,0.00026420341755426505,0.0003099542699663386,0.00044505786306593323,0.00026420341755426505,0.0003099542699663386,0.00044505786306593323
ID_32QUF2,0.0003854948951851542,0.0005668431675439782,0.0008627172324753707,0.0003854948951851542,0.0005668431675439782,0.0008627172324753707
ID_E6FA1Y,0.0012277326979961611,0.0011438503886478425,0.0017065858171563483,0.0012277326979961611,0.0011438503886478425,0.0017065858171563483
ID_56Z4H2,0.0002752215478004846,0.0003021194264786983,0.0007156777849361398,0.0002752215478004846,0.0003021194264786983,0.0007156777849361398
ID_6TP6C8,0.0017476869096762202,0.0022255075554553517,0.007791948279407853,0.0017476869096762202,0.0022255075554553517,0.007791948279407853
ID_LA2NIK,0.0003407634940137017,0.0006120763101382311,0.0010201186978525969,0.0003407634940137017,0.0006120763101382311,0.0010201186978525969
ID_B2EQV1,0.0003407634940137017,0.0006120763101382311,0.0010201186978525969,0.0003407634940137017,0.0006120763101382311,0.0010201186978525969
ID_A50E5P,0.0002932566928911502,0.0002611951859970164,0.000195372382404494,0.0002932566928911502,0.0002611951859970164,0.000195372382404494
ID_X96S3I,0.0002932566928911502,0.0002611951859970164,0.000195372382404494,0.0002932566928911502,0.0002611951859970164,0.000195372382404494
ID_Z5H3GL,0.03516890111259775,0.024122232605022144,0.01972715153727924,0.03516890111259775,0.024122232605022144,0.01972715153727924
ID_ADPV8R,0.00045305217444249166,0.000609890936455796,0.0010741076245795983,0.00045305217444249166,0.000609890936455796,0.0010741076245795983
ID_OWFAPX,0.0012277326979961611,0.0011438503886478425,0.0017065858171563483,0.0012277326979961611,0.0011438503886478425,0.0017065858171563483
ID_KSMO5R,0.00044730049595536486,0.0006565983798393757,0.0007728850205207171,0.00044730049595536486,0.0006565983798393757,0.0007728850205207171
ID_LCR0WS,0.00044730049595536486,0.0006565983798393757,0.0007728850205207171,0.00044730049595536486,0.0006565983798393757,0.0007728850205207171
ID_WAQDGO,0.001066151676324354,0.0012716739385434616,0.0016938862630439106,0.001066151676324354,0.0012716739385434616,0.0016938862630439106
ID_KI0ZBU,0.00039018836547523723,0.0003561913508639213,0.0007031483682674191,0.00039018836547523723,0.0003561913508639213,0.0007031483682674191
ID_0OJ74K,0.0002932566928911502,0.0002611951859970164,0.000195372382404494,0.0002932566928911502,0.0002611951859970164,0.000195372382404494
ID_WY97QW,0.00039018836547523723,0.0003561913508639213,0.0007031483682674191,0.00039018836547523723,0.0003561913508639213,0.0007031483682674191
ID_VVIE2W,0.0001357441757793464,0.00030738953844836487,0.0002536398791054049,0.0001357441757793464,0.00030738953844836487,0.0002536398791054049
ID_ZL5Q59,0.03516890111259775,0.024122232605022144,0.01972715153727924,0.03516890111259775,0.024122232605022144,0.01972715153727924
ID_NRFDMQ,0.0340438361500637,0.03234522037531014,0.02831497243066966,0.0340438361500637,0.03234522037531014,0.02831497243066966
ID_D5IC1O,0.00044730049595536486,0.0006565983798393757,0.0007728850205207171,0.00044730049595536486,0.0006565983798393757,0.0007728850205207171
ID_S7GFPP,0.0002932566928911502,0.0002611951859970164,0.000195372382404494,0.0002932566928911502,0.0002611951859970164,0.000195372382404494
ID_1I4R9P,0.0003407634940137017,0.0006120763101382311,0.0010201186978525969,0.0003407634940137017,0.0006120763101382311,0.0010201186978525969
ID_SQ5JRG,0.0023073712045566974,0.0032406023252665936,0.003988216452567239,0.0023073712045566974,0.0032406023252665936,0.003988216452567239
ID_AT9XW0,6.508654134743008e-05,0.00017840842783514396,0.00034460122589953816,6.508654134743008e-05,0.00017840842783514396,0.00034460122589953816
ID_4E0IW9,0.0002752215478004846,0.0003021194264786983,0.0007156777849361398,0.0002752215478004846,0.0003021194264786983,0.0007156777849361398
ID_ME2CF8,0.0003135276143078348,0.0006292310056856186,0.0009837994528209201,0.0003135276143078348,0.0006292310056856186,0.0009837994528209201
ID_QYEVPZ,0.2781047471490559,0.33660396494103345,0.30831896038593964,0.2781047471490559,0.33660396494103345,0.30831896038593964
ID_2FD8VB,6.508654134743008e-05,0.00017840842783514396,0.00034460122589953816,6.508654134743008e-05,0.00017840842783514396,0.00034460122589953816
ID_ZBDVJD,0.0002932566928911502,0.0002611951859970164,0.000195372382404494,0.0002932566928911502,0.0002611951859970164,0.000195372382404494
ID_ZQQ4MM,0.0002096802152711438,0.00017176245509858967,0.0003455823125585195,0.0002096802152711438,0.00017176245509858967,0.0003455823125585195
ID_DOM0PD,0.00044730049595536486,0.0006565983798393757,0.0007728850205207171,0.00044730049595536486,0.0006565983798393757,0.0007728850205207171
ID_ELPHXG,0.0006548643351671377,0.0008440340241083393,0.0007995550103373506,0.0006548643351671377,0.0008440340241083393,0.0007995550103373506
ID_ZJIQCI,6.508654134743008e-05,0.00017840842783514396,0.00034460122589953816,6.508654134743008e-05,0.00017840842783514396,0.00034460122589953816
ID_R0MPE2,0.0012277326979961611,0.0011438503886478425,0.0017065858171563483,0.0012277326979961611,0.0011438503886478425,0.0017065858171563483
ID_DZ8R48,0.0003135276143078348,0.0006292310056856186,0.0009837994528209201,0.0003135276143078348,0.0006292310056856186,0.0009837994528209201
ID_Y0SXCJ,6.508654134743008e-05,0.00017840842783514396,0.00034460122589953816,6.508654134743008e-05,0.00017840842783514396,0.00034460122589953816
ID_N1WC7L,0.00044730049595536486,0.0006565983798393757,0.0007728850205207171,0.00044730049595536486,0.0006565983798393757,0.0007728850205207171
ID_BWSAN8,0.001066151676324354,0.0012716739385434616,0.0016938862630439106,0.001066151676324354,0.0012716739385434616,0.0016938862630439106
ID_NS1BTM,0.00044730049595536486,0.0006565983798393757,0.0007728850205207171,0.00044730049595536486,0.0006565983798393757,0.0007728850205207171
ID_FN8JFA,0.0006548643351671377,0.0008440340241083393,0.0007995550103373506,0.0006548643351671377,0.0008440340241083393,0.0007995550103373506
ID_FQA9MM,9.322348503072842e-05,8.189879678391046e-05,0.0001183325103527473,9.322348503072842e-05,8.189879678391046e-05,0.0001183325103527473
ID_96NLJM,0.00020346147863315638,0.00016512289730645187,0.0005048984744652704,0.00020346147863315638,0.00016512289730645187,0.0005048984744652704
ID_PVEL7W,0.0002932566928911502,0.0002611951859970164,0.000195372382404494,0.0002932566928911502,0.0002611951859970164,0.000195372382404494
ID_XFXZM5,0.0002752215478004846,0.0003021194264786983,0.0007156777849361398,0.0002752215478004846,0.0003021194264786983,0.0007156777849361398
ID_UY3XZG,0.0003135276143078348,0.0006292310056856186,0.0009837994528209201,0.0003135276143078348,0.0006292310056856186,0.0009837994528209201
ID_PN97QK,0.0002752215478004846,0.0003021194264786983,0.0007156777849361398,0.0002752215478004846,0.0003021194264786983,0.0007156777849361398
ID_00DG4G,0.00044730049595536486,0.0006565983798393757,0.0007728850205207171,0.00044730049595536486,0.0006565983798393757,0.0007728850205207171
ID_QHQFQ7,0.0002932566928911502,0.0002611951859970164,0.000195372382404494,0.0002932566928911502,0.0002611951859970164,0.000195372382404494
ID_ATS0PR,0.00044730049595536486,0.0006565983798393757,0.0007728850205207171,0.00044730049595536486,0.0006565983798393757,0.0007728850205207171
ID_DSUPIN,8.518555282087482e-05,6.012523507847521e-05,8.469501507879001e-05,8.518555282087482e-05,6.012523507847521e-05,8.469501507879001e-05
ID_HWSETN,8.518555282087482e-05,6.012523507847521e-05,8.469501507879001e-05,8.518555282087482e-05,6.012523507847521e-05,8.469501507879001e-05
ID_9YPBUW,0.0002932566928911502,0.0002611951859970164,0.000195372382404494,0.0002932566928911502,0.0002611951859970164,0.000195372382404494
ID_4W9NRO,8.518555282087482e-05,6.012523507847521e-05,8.469501507879001e-05,8.518555282087482e-05,6.012523507847521e-05,8.469501507879001e-05
ID_53B01Q,0.00026420341755426505,0.0003099542699663386,0.00044505786306593323,0.00026420341755426505,0.0003099542699663386,0.00044505786306593323
ID_SM5ONB,0.0002932566928911502,0.0002611951859970164,0.000195372382404494,0.0002932566928911502,0.0002611951859970164,0.000195372382404494
ID_YEU9F6,0.0003854948951851542,0.0005668431675439782,0.0008627172324753707,0.0003854948951851542,0.0005668431675439782,0.0008627172324753707
ID_FMI1VW,0.0003407634940137017,0.0006120763101382311,0.0010201186978525969,0.0003407634940137017,0.0006120763101382311,0.0010201186978525969
ID_SWJYU2,0.0003407634940137017,0.0006120763101382311,0.0010201186978525969,0.0003407634940137017,0.0006120763101382311,0.0010201186978525969
ID_DJFGM4,0.00044730049595536486,0.0006565983798393757,0.0007728850205207171,0.00044730049595536486,0.0006565983798393757,0.0007728850205207171
ID_Q0LYKC,0.0002932566928911502,0.0002611951859970164,0.000195372382404494,0.0002932566928911502,0.0002611951859970164,0.000195372382404494
ID_UIL74V,0.017283970419796117,0.021366563568237473,0.01909824497164584,0.017283970419796117,0.021366563568237473,0.01909824497164584
ID_M0F7GN,0.00026420341755426505,0.0003099542699663386,0.00044505786306593323,0.00026420341755426505,0.0003099542699663386,0.00044505786306593323
ID_CKRXHI,4.7277665596238595e-05,0.0001403056220604491,0.0002792408599183292,4.7277665596238595e-05,0.0001403056220604491,0.0002792408599183292
ID_9LU58J,0.0003407634940137017,0.0006120763101382311,0.0010201186978525969,0.0003407634940137017,0.0006120763101382311,0.0010201186978525969
ID_84BF6M,0.0003407634940137017,0.0006120763101382311,0.0010201186978525969,0.0003407634940137017,0.0006120763101382311,0.0010201186978525969
ID_HY29Y2,0.0001357441757793464,0.00030738953844836487,0.0002536398791054049,0.0001357441757793464,0.00030738953844836487,0.0002536398791054049
ID_VZNNHT,0.00023798044952333145,0.00022122820335870332,0.0001629201268513281,0.00023798044952333145,0.00022122820335870332,0.0001629201268513281
ID_3EDRRO,8.518555282087482e-05,6.012523507847521e-05,8.469501507879001e-05,8.518555282087482e-05,6.012523507847521e-05,8.469501507879001e-05
ID_NPCZIL,8.518555282087482e-05,6.012523507847521e-05,8.469501507879001e-05,8.518555282087482e-05,6.012523507847521e-05,8.469501507879001e-05
ID_23EVXZ,0.0002752215478004846,0.0003021194264786983,0.0007156777849361398,0.0002752215478004846,0.0003021194264786983,0.0007156777849361398
ID_IX6FLE,9.322348503072842e-05,8.189879678391046e-05,0.0001183325103527473,9.322348503072842e-05,8.189879678391046e-05,0.0001183325103527473
ID_NB021D,0.0003854948951851542,0.0005668431675439782,0.0008627172324753707,0.0003854948951851542,0.0005668431675439782,0.0008627172324753707
ID_5FJ5OA,0.00044730049595536486,0.0006565983798393757,0.0007728850205207171,0.00044730049595536486,0.0006565983798393757,0.0007728850205207171
ID_GX7MD3,0.0003407634940137017,0.0006120763101382311,0.0010201186978525969,0.0003407634940137017,0.0006120763101382311,0.0010201186978525969
ID_FZ85DE,0.00045305217444249166,0.000609890936455796,0.0010741076245795983,0.00045305217444249166,0.000609890936455796,0.0010741076245795983
ID_PUMD7D,0.0003407634940137017,0.0006120763101382311,0.0010201186978525969,0.0003407634940137017,0.0006120763101382311,0.0010201186978525969
ID_BGDOB3,8.518555282087482e-05,6.012523507847521e-05,8.469501507879001e-05,8.518555282087482e-05,6.012523507847521e-05,8.469501507879001e-05
ID_OU67AN,0.0002932566928911502,0.0002611951859970164,0.000195372382404494,0.0002932566928911502,0.0002611951859970164,0.000195372382404494
ID_PHQYL9,0.03516890111259775,0.024122232605022144,0.01972715153727924,0.03516890111259775,0.024122232605022144,0.01972715153727924
ID_HPZYN9,0.0002752215478004846,0.0003021194264786983,0.0007156777849361398,0.0002752215478004846,0.0003021194264786983,0.0007156777849361398
ID_4GDBBB,0.0002932566928911502,0.0002611951859970164,0.000195372382404494,0.0002932566928911502,0.0002611951859970164,0.000195372382404494
ID_84K1H5,0.0002932566928911502,0.0002611951859970164,0.000195372382404494,0.0002932566928911502,0.0002611951859970164,0.000195372382404494
ID_MRXFS5,0.0003407634940137017,0.0006120763101382311,0.0010201186978525969,0.0003407634940137017,0.0006120763101382311,0.0010201186978525969
ID_E2DO2Y,0.0002932566928911502,0.0002611951859970164,0.000195372382404494,0.0002932566928911502,0.0002611951859970164,0.000195372382404494
ID_VSR4RJ,8.518555282087482e-05,6.012523507847521e-05,8.469501507879001e-05,8.518555282087482e-05,6.012523507847521e-05,8.469501507879001e-05
ID_JSA4H2,0.0017476869096762202,0.0022255075554553517,0.007791948279407853,0.0017476869096762202,0.0022255075554553517,0.007791948279407853
ID_YOFNV6,0.0003407634940137017,0.0006120763101382311,0.0010201186978525969,0.0003407634940137017,0.0006120763101382311,0.0010201186978525969
ID_JBIQNN,0.0002543545707001486,0.0003364823576608658,0.0006174750121720287,0.0002543545707001486,0.0003364823576608658,0.0006174750121720287
ID_7R5UUT,0.00045305217444249166,0.000609890936455796,0.0010741076245795983,0.00045305217444249166,0.000609890936455796,0.0010741076245795983
ID_9EL678,0.0002932566928911502,0.0002611951859970164,0.000195372382404494,0.0002932566928911502,0.0002611951859970164,0.000195372382404494
ID_GJJRW7,0.0003407634940137017,0.0006120763101382311,0.0010201186978525969,0.0003407634940137017,0.0006120763101382311,0.0010201186978525969
ID_JLHKHD,4.7277665596238595e-05,0.0001403056220604491,0.0002792408599183292,4.7277665596238595e-05,0.0001403056220604491,0.0002792408599183292
ID_C42QFG,8.518555282087482e-05,6.012523507847521e-05,8.469501507879001e-05,8.518555282087482e-05,6.012523507847521e-05,8.469501507879001e-05
ID_RV5C5N,0.001066151676324354,0.0012716739385434616,0.0016938862630439106,0.001066151676324354,0.0012716739385434616,0.0016938862630439106
ID_Q80MZT,4.7277665596238595e-05,0.0001403056220604491,0.0002792408599183292,4.7277665596238595e-05,0.0001403056220604491,0.0002792408599183292
ID_NFFUEW,0.0002932566928911502,0.0002611951859970164,0.000195372382404494,0.0002932566928911502,0.0002611951859970164,0.000195372382404494
ID_9EHPRT,0.0003407634940137017,0.0006120763101382311,0.0010201186978525969,0.0003407634940137017,0.0006120763101382311,0.0010201186978525969
ID_CJ57AV,0.0003582517086230648,0.0003630899635195412,0.0008959405693096438,0.0003582517086230648,0.0003630899635195412,0.0008959405693096438
ID_CSCQO1,0.0003407634940137017,0.0006120763101382311,0.0010201186978525969,0.0003407634940137017,0.0006120763101382311,0.0010201186978525969
ID_AQEEKF,8.518555282087482e-05,6.012523507847521e-05,8.469501507879001e-05,8.518555282087482e-05,6.012523507847521e-05,8.469501507879001e-05
ID_ZNHRMQ,0.0003407634940137017,0.0006120763101382311,0.0010201186978525969,0.0003407634940137017,0.0006120763101382311,0.0010201186978525969
ID_1FXKVY,0.00044730049595536486,0.0006565983798393757,0.0007728850205207171,0.00044730049595536486,0.0006565983798393757,0.0007728850205207171
ID_T764ZJ,0.00045305217444249166,0.000609890936455796,0.0010741076245795983,0.00045305217444249166,0.000609890936455796,0.0010741076245795983
ID_HVY7YF,0.00044730049595536486,0.0006565983798393757,0.0007728850205207171,0.00044730049595536486,0.0006565983798393757,0.0007728850205207171
ID_G2O1VD,0.0003135276143078348,0.0006292310056856186,0.0009837994528209201,0.0003135276143078348,0.0006292310056856186,0.0009837994528209201
ID_13W4SF,0.0002932566928911502,0.0002611951859970164,0.000195372382404494,0.0002932566928911502,0.0002611951859970164,0.000195372382404494
ID_GVDCKX,0.001066151676324354,0.0012716739385434616,0.0016938862630439106,0.001066151676324354,0.0012716739385434616,0.0016938862630439106
ID_R387QV,0.03516890111259775,0.024122232605022144,0.01972715153727924,0.03516890111259775,0.024122232605022144,0.01972715153727924
ID_4GSCPU,0.001066151676324354,0.0012716739385434616,0.0016938862630439106,0.001066151676324354,0.0012716739385434616,0.0016938862630439106
ID_3O3YPS,3.1207929585502095e-05,0.00011613992203857739,0.00028060876672339377,3.1207929585502095e-05,0.00011613992203857739,0.00028060876672339377
ID_3U5QW2,9.322348503072842e-05,8.189879678391046e-05,0.0001183325103527473,9.322348503072842e-05,8.189879678391046e-05,0.0001183325103527473
ID_11E3S7,0.0003407634940137017,0.0006120763101382311,0.0010201186978525969,0.0003407634940137017,0.0006120763101382311,0.0010201186978525969
ID_V1QRWL,3.5899013584974715e-05,5.4879575474060956e-05,0.00010847367696392146,3.5899013584974715e-05,5.4879575474060956e-05,0.00010847367696392146
ID_B7Q4VT,0.0003407634940137017,0.0006120763101382311,0.0010201186978525969,0.0003407634940137017,0.0006120763101382311,0.0010201186978525969
ID_W7FAS9,0.00044730049595536486,0.0006565983798393757,0.0007728850205207171,0.00044730049595536486,0.0006565983798393757,0.0007728850205207171
ID_FM47N0,0.00045305217444249166,0.000609890936455796,0.0010741076245795983,0.00045305217444249166,0.000609890936455796,0.0010741076245795983
ID_96L2OE,0.0003407634940137017,0.0006120763101382311,0.0010201186978525969,0.0003407634940137017,0.0006120763101382311,0.0010201186978525969
ID_Q18J6B,0.0002932566928911502,0.0002611951859970164,0.000195372382404494,0.0002932566928911502,0.0002611951859970164,0.000195372382404494
ID_J2ZRX7,0.0012277326979961611,0.0011438503886478425,0.0017065858171563483,0.0012277326979961611,0.0011438503886478425,0.0017065858171563483
ID_9F8TC3,6.508654134743008e-05,0.00017840842783514396,0.00034460122589953816,6.508654134743008e-05,0.00017840842783514396,0.00034460122589953816
ID_V6NJBP,0.0340438361500637,0.03234522037531014,0.02831497243066966,0.0340438361500637,0.03234522037531014,0.02831497243066966
ID_3FWH6E,0.0012277326979961611,0.0011438503886478425,0.0017065858171563483,0.0012277326979961611,0.0011438503886478425,0.0017065858171563483
ID_5B2N7E,0.0008025463928423885,0.0011123581446101569,0.0014617428527436093,0.0008025463928423885,0.0011123581446101569,0.0014617428527436093
ID_BRL39M,0.0006548643351671377,0.0008440340241083393,0.0007995550103373506,0.0006548643351671377,0.0008440340241083393,0.0007995550103373506
ID_NQZ2IX,0.0012277326979961611,0.0011438503886478425,0.0017065858171563483,0.0012277326979961611,0.0011438503886478425,0.0017065858171563483
ID_8XUQIK,0.0012277326979961611,0.0011438503886478425,0.0017065858171563483,0.0012277326979961611,0.0011438503886478425,0.0017065858171563483
ID_Y0ZP9O,0.0012277326979961611,0.0011438503886478425,0.0017065858171563483,0.0012277326979961611,0.0011438503886478425,0.0017065858171563483
ID_Y8YPKV,0.0012277326979961611,0.0011438503886478425,0.0017065858171563483,0.0012277326979961611,0.0011438503886478425,0.0017065858171563483
ID_OTZY1M,0.0008025463928423885,0.0011123581446101569,0.0014617428527436093,0.0008025463928423885,0.0011123581446101569,0.0014617428527436093
ID_8659PM,0.0012277326979961611,0.0011438503886478425,0.0017065858171563483,0.0012277326979961611,0.0011438503886478425,0.0017065858171563483
ID_9B318X,0.00014736784833311553,0.0005453758491295107,0.0012086362808360102,0.00014736784833311553,0.0005453758491295107,0.0012086362808360102
ID_UYJIY1,0.0012277326979961611,0.0011438503886478425,0.0017065858171563483,0.0012277326979961611,0.0011438503886478425,0.0017065858171563483
ID_FX76KI,0.0012277326979961611,0.0011438503886478425,0.0017065858171563483,0.0012277326979961611,0.0011438503886478425,0.0017065858171563483
ID_3VPHDX,0.0012277326979961611,0.0011438503886478425,0.0017065858171563483,0.0012277326979961611,0.0011438503886478425,0.0017065858171563483
ID_8MS13L,0.00023754498889324273,0.0010413951756257577,0.002359035538146218,0.00023754498889324273,0.0010413951756257577,0.002359035538146218
ID_1Q5P6G,0.0012277326979961611,0.0011438503886478425,0.0017065858171563483,0.0012277326979961611,0.0011438503886478425,0.0017065858171563483
ID_9UO8QX,0.0012277326979961611,0.0011438503886478425,0.0017065858171563483,0.0012277326979961611,0.0011438503886478425,0.0017065858171563483
ID_VKJX7X,0.0012277326979961611,0.0011438503886478425,0.0017065858171563483,0.0012277326979961611,0.0011438503886478425,0.0017065858171563483
ID_OAYA7A,3.856995606256961e-05,6.370295234941193e-05,0.0001504516441979358,3.856995606256961e-05,6.370295234941193e-05,0.0001504516441979358
ID_GAMP7V,1.0483317202997238e-05,1.7705300828012776e-05,1.736498718111497e-05,1.0483317202997238e-05,1.7705300828012776e-05,1.736498718111497e-05
ID_4NRMAU,1.0376210193623281e-05,2.1382764529457706e-05,2.7454509692902757e-05,1.0376210193623281e-05,2.1382764529457706e-05,2.7454509692902757e-05
ID_AKBWMP,2.7407387889626323e-05,3.302680631376774e-05,3.671138832224525e-05,2.7407387889626323e-05,3.302680631376774e-05,3.671138832224525e-05
ID_FWYKU6,3.856995606256961e-05,6.370295234941193e-05,0.0001504516441979358,3.856995606256961e-05,6.370295234941193e-05,0.0001504516441979358
ID_7M6M1B,0.00023043971431901277,0.0003335838364700415,0.0008701256613845014,0.00023043971431901277,0.0003335838364700415,0.0008701256613845014
ID_3H1L7F,0.023164131146365747,0.05183286603946698,0.04993779848790238,0.023164131146365747,0.05183286603946698,0.04993779848790238
ID_N8FIH8,0.00010948696337701074,8.850921333775294e-05,0.00019321124607089106,0.00010948696337701074,8.850921333775294e-05,0.00019321124607089106
ID_GBJJLZ,1.0483317202997238e-05,1.7705300828012776e-05,1.736498718111497e-05,1.0483317202997238e-05,1.7705300828012776e-05,1.736498718111497e-05
ID_T86IHF,3.856995606256961e-05,6.370295234941193e-05,0.0001504516441979358,3.856995606256961e-05,6.370295234941193e-05,0.0001504516441979358
ID_JF3WUN,0.023164131146365747,0.05183286603946698,0.04993779848790238,0.023164131146365747,0.05183286603946698,0.04993779848790238
ID_49KF1T,0.0004689994604687998,0.0005267230821099426,0.0009474189378335899,0.0004689994604687998,0.0005267230821099426,0.0009474189378335899
ID_S79H7Y,2.7407387889626323e-05,3.302680631376774e-05,3.671138832224525e-05,2.7407387889626323e-05,3.302680631376774e-05,3.671138832224525e-05
ID_QIOC3U,1.0376210193623281e-05,2.1382764529457706e-05,2.7454509692902757e-05,1.0376210193623281e-05,2.1382764529457706e-05,2.7454509692902757e-05
ID_Y4WX50,0.023164131146365747,0.05183286603946698,0.04993779848790238,0.023164131146365747,0.05183286603946698,0.04993779848790238
ID_GUDWDW,1.0483317202997238e-05,1.7705300828012776e-05,1.736498718111497e-05,1.0483317202997238e-05,1.7705300828012776e-05,1.736498718111497e-05
ID_5HUIA4,3.856995606256961e-05,6.370295234941193e-05,0.0001504516441979358,3.856995606256961e-05,6.370295234941193e-05,0.0001504516441979358
ID_9M4UJW,0.00019127307434914,0.00035463839751492923,0.0008132245704370033,0.00019127307434914,0.00035463839751492923,0.0008132245704370033
ID_C1UEMJ,1.0376210193623281e-05,2.1382764529457706e-05,2.7454509692902757e-05,1.0376210193623281e-05,2.1382764529457706e-05,2.7454509692902757e-05
ID_QGS2MR,1.0483317202997238e-05,1.7705300828012776e-05,1.736498718111497e-05,1.0483317202997238e-05,1.7705300828012776e-05,1.736498718111497e-05
ID_067XPD,0.0004689994604687998,0.0005267230821099426,0.0009474189378335899,0.0004689994604687998,0.0005267230821099426,0.0009474189378335899
ID_PV8C8G,0.00023043971431901277,0.0003335838364700415,0.0008701256613845014,0.00023043971431901277,0.0003335838364700415,0.0008701256613845014
ID_7SZVJ7,1.0483317202997238e-05,1.7705300828012776e-05,1.736498718111497e-05,1.0483317202997238e-05,1.7705300828012776e-05,1.736498718111497e-05
ID_939CFS,0.023164131146365747,0.05183286603946698,0.04993779848790238,0.023164131146365747,0.05183286603946698,0.04993779848790238
ID_4YX26C,1.0483317202997238e-05,1.7705300828012776e-05,1.736498718111497e-05,1.0483317202997238e-05,1.7705300828012776e-05,1.736498718111497e-05
ID_CG4YWK,3.856995606256961e-05,6.370295234941193e-05,0.0001504516441979358,3.856995606256961e-05,6.370295234941193e-05,0.0001504516441979358
ID_U2O9AQ,3.856995606256961e-05,6.370295234941193e-05,0.0001504516441979358,3.856995606256961e-05,6.370295234941193e-05,0.0001504516441979358
ID_W0SUD4,0.00012238977093300372,0.00018865052666861598,0.00045728369234885046,0.00012238977093300372,0.00018865052666861598,0.00045728369234885046
ID_1809CE,3.856995606256961e-05,6.370295234941193e-05,0.0001504516441979358,3.856995606256961e-05,6.370295234941193e-05,0.0001504516441979358
ID_T37IC9,0.00010948696337701074,8.850921333775294e-05,0.00019321124607089106,0.00010948696337701074,8.850921333775294e-05,0.00019321124607089106
ID_APZ0D7,0.0004689994604687998,0.0005267230821099426,0.0009474189378335899,0.0004689994604687998,0.0005267230821099426,0.0009474189378335899
ID_K8IR50,0.00023043971431901277,0.0003335838364700415,0.0008701256613845014,0.00023043971431901277,0.0003335838364700415,0.0008701256613845014
ID_7VXCAN,3.856995606256961e-05,6.370295234941193e-05,0.0001504516441979358,3.856995606256961e-05,6.370295234941193e-05,0.0001504516441979358
ID_N4P9RV,0.00023043971431901277,0.0003335838364700415,0.0008701256613845014,0.00023043971431901277,0.0003335838364700415,0.0008701256613845014
ID_S83N82,0.00010948696337701074,8.850921333775294e-05,0.00019321124607089106,0.00010948696337701074,8.850921333775294e-05,0.00019321124607089106
ID_YEBE3L,1.0483317202997238e-05,1.7705300828012776e-05,1.736498718111497e-05,1.0483317202997238e-05,1.7705300828012776e-05,1.736498718111497e-05
ID_5TTIUV,3.856995606256961e-05,6.370295234941193e-05,0.0001504516441979358,3.856995606256961e-05,6.370295234941193e-05,0.0001504516441979358
ID_OKQE5S,3.856995606256961e-05,6.370295234941193e-05,0.0001504516441979358,3.856995606256961e-05,6.370295234941193e-05,0.0001504516441979358
ID_ZEJRSI,0.00023043971431901277,0.0003335838364700415,0.0008701256613845014,0.00023043971431901277,0.0003335838364700415,0.0008701256613845014
ID_EDHCWN,3.856995606256961e-05,6.370295234941193e-05,0.0001504516441979358,3.856995606256961e-05,6.370295234941193e-05,0.0001504516441979358
ID_4YRJRP,0.0004689994604687998,0.0005267230821099426,0.0009474189378335899,0.0004689994604687998,0.0005267230821099426,0.0009474189378335899
ID_GCHBYB,0.00019127307434914,0.00035463839751492923,0.0008132245704370033,0.00019127307434914,0.00035463839751492923,0.0008132245704370033
ID_5H4T9K,3.856995606256961e-05,6.370295234941193e-05,0.0001504516441979358,3.856995606256961e-05,6.370295234941193e-05,0.0001504516441979358
ID_OECX6J,0.001617293842370813,0.00186606837684958,0.002900816475196348,0.001617293842370813,0.00186606837684958,0.002900816475196348
ID_CADS1W,0.00023043971431901277,0.0003335838364700415,0.0008701256613845014,0.00023043971431901277,0.0003335838364700415,0.0008701256613845014
ID_1G89F8,0.00010948696337701074,8.850921333775294e-05,0.00019321124607089106,0.00010948696337701074,8.850921333775294e-05,0.00019321124607089106
ID_BFB0U7,0.00023043971431901277,0.0003335838364700415,0.0008701256613845014,0.00023043971431901277,0.0003335838364700415,0.0008701256613845014
ID_ZM7Y7C,0.00023043971431901277,0.0003335838364700415,0.0008701256613845014,0.00023043971431901277,0.0003335838364700415,0.0008701256613845014
ID_ERMOCP,1.0483317202997238e-05,1.7705300828012776e-05,1.736498718111497e-05,1.0483317202997238e-05,1.7705300828012776e-05,1.736498718111497e-05
ID_7048GU,1.0483317202997238e-05,1.7705300828012776e-05,1.736498718111497e-05,1.0483317202997238e-05,1.7705300828012776e-05,1.736498718111497e-05
ID_5WR4NG,1.0483317202997238e-05,1.7705300828012776e-05,1.736498718111497e-05,1.0483317202997238e-05,1.7705300828012776e-05,1.736498718111497e-05
ID_OE94T8,1.0376210193623281e-05,2.1382764529457706e-05,2.7454509692902757e-05,1.0376210193623281e-05,2.1382764529457706e-05,2.7454509692902757e-05
ID_1OCPON,1.0483317202997238e-05,1.7705300828012776e-05,1.736498718111497e-05,1.0483317202997238e-05,1.7705300828012776e-05,1.736498718111497e-05
ID_SPM4A3,0.00035288946581463535,0.000485567406181052,0.0008345501644762757,0.00035288946581463535,0.000485567406181052,0.0008345501644762757
ID_69O2FI,0.0004689994604687998,0.0005267230821099426,0.0009474189378335899,0.0004689994604687998,0.0005267230821099426,0.0009474189378335899
ID_9XLCIQ,0.0004689994604687998,0.0005267230821099426,0.0009474189378335899,0.0004689994604687998,0.0005267230821099426,0.0009474189378335899
ID_INOMV4,3.856995606256961e-05,6.370295234941193e-05,0.0001504516441979358,3.856995606256961e-05,6.370295234941193e-05,0.0001504516441979358
ID_IVW5DG,3.856995606256961e-05,6.370295234941193e-05,0.0001504516441979358,3.856995606256961e-05,6.370295234941193e-05,0.0001504516441979358
ID_REKYSY,1.0483317202997238e-05,1.7705300828012776e-05,1.736498718111497e-05,1.0483317202997238e-05,1.7705300828012776e-05,1.736498718111497e-05
ID_RGZEPZ,0.00019127307434914,0.00035463839751492923,0.0008132245704370033,0.00019127307434914,0.00035463839751492923,0.0008132245704370033
ID_Q032KX,0.00019127307434914,0.00035463839751492923,0.0008132245704370033,0.00019127307434914,0.00035463839751492923,0.0008132245704370033
ID_SX073G,0.00035288946581463535,0.000485567406181052,0.0008345501644762757,0.00035288946581463535,0.000485567406181052,0.0008345501644762757
ID_VW2JS1,0.0004689994604687998,0.0005267230821099426,0.0009474189378335899,0.0004689994604687998,0.0005267230821099426,0.0009474189378335899
ID_QTFJH6,8.672237546749977e-06,1.836424039724739e-05,1.7218421008417324e-05,8.672237546749977e-06,1.836424039724739e-05,1.7218421008417324e-05
ID_SJUA3M,0.0004689994604687998,0.0005267230821099426,0.0009474189378335899,0.0004689994604687998,0.0005267230821099426,0.0009474189378335899
ID_WRGV5B,0.023164131146365747,0.05183286603946698,0.04993779848790238,0.023164131146365747,0.05183286603946698,0.04993779848790238
ID_TF0ZBP,3.856995606256961e-05,6.370295234941193e-05,0.0001504516441979358,3.856995606256961e-05,6.370295234941193e-05,0.0001504516441979358
ID_XY4R47,3.856995606256961e-05,6.370295234941193e-05,0.0001504516441979358,3.856995606256961e-05,6.370295234941193e-05,0.0001504516441979358
ID_TC20Z8,3.856995606256961e-05,6.370295234941193e-05,0.0001504516441979358,3.856995606256961e-05,6.370295234941193e-05,0.0001504516441979358
ID_5LZHSA,3.856995606256961e-05,6.370295234941193e-05,0.0001504516441979358,3.856995606256961e-05,6.370295234941193e-05,0.0001504516441979358
ID_P33RH4,1.0376210193623281e-05,2.1382764529457706e-05,2.7454509692902757e-05,1.0376210193623281e-05,2.1382764529457706e-05,2.7454509692902757e-05
ID_X0U2Z7,1.0483317202997238e-05,1.7705300828012776e-05,1.736498718111497e-05,1.0483317202997238e-05,1.7705300828012776e-05,1.736498718111497e-05
ID_HNASKY,1.1912897288935431e-05,2.0237649261386512e-05,2.2370654278638437e-05,1.1912897288935431e-05,2.0237649261386512e-05,2.2370654278638437e-05
ID_E9746A,0.023164131146365747,0.05183286603946698,0.04993779848790238,0.023164131146365747,0.05183286603946698,0.04993779848790238
ID_KOOJEU,0.0004689994604687998,0.0005267230821099426,0.0009474189378335899,0.0004689994604687998,0.0005267230821099426,0.0009474189378335899
ID_NZDB2W,0.00010948696337701074,8.850921333775294e-05,0.00019321124607089106,0.00010948696337701074,8.850921333775294e-05,0.00019321124607089106
ID_N8B9Y0,0.00019127307434914,0.00035463839751492923,0.0008132245704370033,0.00019127307434914,0.00035463839751492923,0.0008132245704370033
ID_IGRKAA,0.00010948696337701074,8.850921333775294e-05,0.00019321124607089106,0.00010948696337701074,8.850921333775294e-05,0.00019321124607089106
ID_31FOC7,0.00023043971431901277,0.0003335838364700415,0.0008701256613845014,0.00023043971431901277,0.0003335838364700415,0.0008701256613845014
ID_XYJNSM,0.00010948696337701074,8.850921333775294e-05,0.00019321124607089106,0.00010948696337701074,8.850921333775294e-05,0.00019321124607089106
ID_QT459C,8.672237546749977e-06,1.836424039724739e-05,1.7218421008417324e-05,8.672237546749977e-06,1.836424039724739e-05,1.7218421008417324e-05
ID_9HL60U,0.00019127307434914,0.00035463839751492923,0.0008132245704370033,0.00019127307434914,0.00035463839751492923,0.0008132245704370033
ID_J8S3V7,3.856995606256961e-05,6.370295234941193e-05,0.0001504516441979358,3.856995606256961e-05,6.370295234941193e-05,0.0001504516441979358
ID_FC0BNP,3.856995606256961e-05,6.370295234941193e-05,0.0001504516441979358,3.856995606256961e-05,6.370295234941193e-05,0.0001504516441979358
ID_VDKYTG,0.0004689994604687998,0.0005267230821099426,0.0009474189378335899,0.0004689994604687998,0.0005267230821099426,0.0009474189378335899
ID_0LGOS8,0.0022134632165186725,0.005967780576241065,0.011112311422114775,0.0022134632165186725,0.005967780576241065,0.011112311422114775
ID_GMWQ34,1.758059367801791e-05,4.5798161348407506e-05,4.2054705316317416e-05,1.758059367801791e-05,4.5798161348407506e-05,4.2054705316317416e-05
ID_BHJIUD,0.00023043971431901277,0.0003335838364700415,0.0008701256613845014,0.00023043971431901277,0.0003335838364700415,0.0008701256613845014
ID_25WW3Q,1.0483317202997238e-05,1.7705300828012776e-05,1.736498718111497e-05,1.0483317202997238e-05,1.7705300828012776e-05,1.736498718111497e-05
ID_B1Q34R,3.856995606256961e-05,6.370295234941193e-05,0.0001504516441979358,3.856995606256961e-05,6.370295234941193e-05,0.0001504516441979358
ID_DAM5SV,0.00023043971431901277,0.0003335838364700415,0.0008701256613845014,0.00023043971431901277,0.0003335838364700415,0.0008701256613845014
ID_QFVKE8,0.00010948696337701074,8.850921333775294e-05,0.00019321124607089106,0.00010948696337701074,8.850921333775294e-05,0.00019321124607089106
ID_AAG1MX,3.856995606256961e-05,6.370295234941193e-05,0.0001504516441979358,3.856995606256961e-05,6.370295234941193e-05,0.0001504516441979358
ID_2T39AV,0.023164131146365747,0.05183286603946698,0.04993779848790238,0.023164131146365747,0.05183286603946698,0.04993779848790238
ID_GLHVNV,0.00010948696337701074,8.850921333775294e-05,0.00019321124607089106,0.00010948696337701074,8.850921333775294e-05,0.00019321124607089106
ID_EL46XL,3.856995606256961e-05,6.370295234941193e-05,0.0001504516441979358,3.856995606256961e-05,6.370295234941193e-05,0.0001504516441979358
ID_B1092H,0.0004689994604687998,0.0005267230821099426,0.0009474189378335899,0.0004689994604687998,0.0005267230821099426,0.0009474189378335899
ID_5B1HJQ,1.0483317202997238e-05,1.7705300828012776e-05,1.736498718111497e-05,1.0483317202997238e-05,1.7705300828012776e-05,1.736498718111497e-05
ID_7L4RV1,1.918402106493144e-05,7.86602278689469e-05,0.00015493168814369852,1.918402106493144e-05,7.86602278689469e-05,0.00015493168814369852
ID_ZW88Z7,1.918402106493144e-05,7.86602278689469e-05,0.00015493168814369852,1.918402106493144e-05,7.86602278689469e-05,0.00015493168814369852
ID_44FN7K,1.918402106493144e-05,7.86602278689469e-05,0.00015493168814369852,1.918402106493144e-05,7.86602278689469e-05,0.00015493168814369852
ID_R69I7Q,1.918402106493144e-05,7.86602278689469e-05,0.00015493168814369852,1.918402106493144e-05,7.86602278689469e-05,0.00015493168814369852
ID_K2KN9C,1.918402106493144e-05,7.86602278689469e-05,0.00015493168814369852,1.918402106493144e-05,7.86602278689469e-05,0.00015493168814369852
ID_UNAGCI,1.918402106493144e-05,7.86602278689469e-05,0.00015493168814369852,1.918402106493144e-05,7.86602278689469e-05,0.00015493168814369852
ID_GU9R9I,1.918402106493144e-05,7.86602278689469e-05,0.00015493168814369852,1.918402106493144e-05,7.86602278689469e-05,0.00015493168814369852
ID_33BHML,1.918402106493144e-05,7.86602278689469e-05,0.00015493168814369852,1.918402106493144e-05,7.86602278689469e-05,0.00015493168814369852
ID_XZY72G,1.918402106493144e-05,7.86602278689469e-05,0.00015493168814369852,1.918402106493144e-05,7.86602278689469e-05,0.00015493168814369852
ID_0L0GWJ,1.918402106493144e-05,7.86602278689469e-05,0.00015493168814369852,1.918402106493144e-05,7.86602278689469e-05,0.00015493168814369852
ID_SPT5AC,1.918402106493144e-05,7.86602278689469e-05,0.00015493168814369852,1.918402106493144e-05,7.86602278689469e-05,0.00015493168814369852
ID_CQOYXN,1.918402106493144e-05,7.86602278689469e-05,0.00015493168814369852,1.918402106493144e-05,7.86602278689469e-05,0.00015493168814369852
ID_GPUXEY,1.918402106493144e-05,7.86602278689469e-05,0.00015493168814369852,1.918402106493144e-05,7.86602278689469e-05,0.00015493168814369852
ID_7A0TY4,9.160565432734678e-06,7.740487249308396e-05,0.0001476597215900453,9.160565432734678e-06,7.740487249308396e-05,0.0001476597215900453
ID_1TKH7D,9.160565432734678e-06,7.740487249308396e-05,0.0001476597215900453,9.160565432734678e-06,7.740487249308396e-05,0.0001476597215900453
ID_FTQ35Z,1.918402106493144e-05,7.86602278689469e-05,0.00015493168814369852,1.918402106493144e-05,7.86602278689469e-05,0.00015493168814369852
ID_BF07MI,9.160565432734678e-06,7.740487249308396e-05,0.0001476597215900453,9.160565432734678e-06,7.740487249308396e-05,0.0001476597215900453
ID_97RNJ4,9.160565432734678e-06,7.740487249308396e-05,0.0001476597215900453,9.160565432734678e-06,7.740487249308396e-05,0.0001476597215900453
ID_3JGGNS,1.918402106493144e-05,7.86602278689469e-05,0.00015493168814369852,1.918402106493144e-05,7.86602278689469e-05,0.00015493168814369852
ID_Y9Y5X5,1.918402106493144e-05,7.86602278689469e-05,0.00015493168814369852,1.918402106493144e-05,7.86602278689469e-05,0.00015493168814369852
ID_XW71QT,1.918402106493144e-05,7.86602278689469e-05,0.00015493168814369852,1.918402106493144e-05,7.86602278689469e-05,0.00015493168814369852
ID_BVVDWU,9.160565432734678e-06,7.740487249308396e-05,0.0001476597215900453,9.160565432734678e-06,7.740487249308396e-05,0.0001476597215900453
ID_B2X1DI,9.160565432734678e-06,7.740487249308396e-05,0.0001476597215900453,9.160565432734678e-06,7.740487249308396e-05,0.0001476597215900453
ID_9PU0VA,1.918402106493144e-05,7.86602278689469e-05,0.00015493168814369852,1.918402106493144e-05,7.86602278689469e-05,0.00015493168814369852
ID_SMOQZM,9.160565432734678e-06,7.740487249308396e-05,0.0001476597215900453,9.160565432734678e-06,7.740487249308396e-05,0.0001476597215900453
ID_88ZTCU,1.918402106493144e-05,7.86602278689469e-05,0.00015493168814369852,1.918402106493144e-05,7.86602278689469e-05,0.00015493168814369852
ID_U6WG86,1.918402106493144e-05,7.86602278689469e-05,0.00015493168814369852,1.918402106493144e-05,7.86602278689469e-05,0.00015493168814369852
ID_4H45P3,1.918402106493144e-05,7.86602278689469e-05,0.00015493168814369852,1.918402106493144e-05,7.86602278689469e-05,0.00015493168814369852
ID_6WFJ2Y,1.918402106493144e-05,7.86602278689469e-05,0.00015493168814369852,1.918402106493144e-05,7.86602278689469e-05,0.00015493168814369852
ID_K3QT3V,0.06378467713524967,0.12558301623061202,0.07618262474268997,0.06378467713524967,0.12558301623061202,0.07618262474268997
ID_PZ4KLY,0.2532231313906054,0.2819561982664915,0.18324263809414748,0.2532231313906054,0.2819561982664915,0.18324263809414748
ID_Z7GKAM,0.014848673334917153,0.031097604720820758,0.023317800342385123,0.014848673334917153,0.031097604720820758,0.023317800342385123
ID_V6CFFQ,0.05101302030526065,0.055490320568542896,0.03257752224827689,0.05101302030526065,0.055490320568542896,0.03257752224827689
ID_EQJPUR,0.19752191515416168,0.14231407739370083,0.08386979427716154,0.19752191515416168,0.14231407739370083,0.08386979427716154
ID_IQCCG4,0.00974646788090262,0.024523090599316247,0.032034185200203735,0.00974646788090262,0.024523090599316247,0.032034185200203735
ID_HK96CL,0.04584225345878786,0.12121599417015946,0.06530022891116301,0.04584225345878786,0.12121599417015946,0.06530022891116301
ID_W551QM,0.062413474629613976,0.04756632751709577,0.024615209278030983,0.062413474629613976,0.04756632751709577,0.024615209278030983
ID_HTULB2,0.06378467713524967,0.12558301623061202,0.07618262474268997,0.06378467713524967,0.12558301623061202,0.07618262474268997
ID_FPAEGW,0.06378467713524967,0.12558301623061202,0.07618262474268997,0.06378467713524967,0.12558301623061202,0.07618262474268997
ID_USIVPK,0.19752191515416168,0.14231407739370083,0.08386979427716154,0.19752191515416168,0.14231407739370083,0.08386979427716154
ID_GV4GIF,0.06378467713524967,0.12558301623061202,0.07618262474268997,0.06378467713524967,0.12558301623061202,0.07618262474268997
ID_0CTOW2,0.027958829675727666,0.07362428538330938,0.05958914551285773,0.027958829675727666,0.07362428538330938,0.05958914551285773
ID_05TMIM,0.06378467713524967,0.12558301623061202,0.07618262474268997,0.06378467713524967,0.12558301623061202,0.07618262474268997
ID_J0T940,0.4185383385157689,0.6206686798577674,0.5100841632314217,0.4185383385157689,0.6206686798577674,0.5100841632314217
ID_H3YES4,0.01668801266640602,0.0351248333767707,0.03695675421440618,0.01668801266640602,0.0351248333767707,0.03695675421440618
ID_KPTHEC,0.01668801266640602,0.0351248333767707,0.03695675421440618,0.01668801266640602,0.0351248333767707,0.03695675421440618
ID_EKJDOM,0.14171857256923998,0.11611948071572524,0.09379218796815572,0.14171857256923998,0.11611948071572524,0.09379218796815572
ID_XEHOXQ,4.724706907714558e-05,8.001496681695378e-05,0.00013082048298713482,4.724706907714558e-05,8.001496681695378e-05,0.00013082048298713482
ID_QXDDYU,4.724706907714558e-05,8.001496681695378e-05,0.00013082048298713482,4.724706907714558e-05,8.001496681695378e-05,0.00013082048298713482
ID_4A2QA2,0.01668801266640602,0.0351248333767707,0.03695675421440618,0.01668801266640602,0.0351248333767707,0.03695675421440618
ID_2IQTJO,0.0790825419524437,0.06132280115954018,0.060854882947105414,0.0790825419524437,0.06132280115954018,0.060854882947105414
ID_YZ9922,4.724706907714558e-05,8.001496681695378e-05,0.00013082048298713482,4.724706907714558e-05,8.001496681695378e-05,0.00013082048298713482
ID_FCWH1E,0.0790825419524437,0.06132280115954018,0.060854882947105414,0.0790825419524437,0.06132280115954018,0.060854882947105414
ID_SC21VU,0.007549773393299183,0.020596226367952226,0.028688674498529847,0.007549773393299183,0.020596226367952226,0.028688674498529847
ID_GOXV1Z,1.2243070257983714e-05,7.189651370762673e-05,7.050764649376714e-05,1.2243070257983714e-05,7.189651370762673e-05,7.050764649376714e-05
ID_52ZE81,0.4170203288188681,0.5531087930177858,0.48902515496513743,0.4170203288188681,0.5531087930177858,0.48902515496513743
ID_TDZYO5,0.31118622507981963,0.41440106167899343,0.3026347475230618,0.31118622507981963,0.41440106167899343,0.3026347475230618
ID_33W80K,0.4170203288188681,0.5531087930177858,0.48902515496513743,0.4170203288188681,0.5531087930177858,0.48902515496513743
ID_3MMPJG,0.014994230829536149,0.035675334366887,0.04777843806165695,0.014994230829536149,0.035675334366887,0.04777843806165695
ID_FJF1VV,3.384810840657817e-05,0.00023534805856989175,0.00036300291213767184,3.384810840657817e-05,0.00023534805856989175,0.00036300291213767184
ID_FSHJRR,4.724706907714558e-05,8.001496681695378e-05,0.00013082048298713482,4.724706907714558e-05,8.001496681695378e-05,0.00013082048298713482
ID_3ZRYR8,0.14171857256923998,0.11611948071572524,0.09379218796815572,0.14171857256923998,0.11611948071572524,0.09379218796815572
ID_ITFJ7K,0.0790825419524437,0.06132280115954018,0.060854882947105414,0.0790825419524437,0.06132280115954018,0.060854882947105414
ID_Q0OHFE,0.014994230829536149,0.035675334366887,0.04777843806165695,0.014994230829536149,0.035675334366887,0.04777843806165695
ID_8WDSXP,0.015357309495376609,0.02245030656201552,0.020269489803438234,0.015357309495376609,0.02245030656201552,0.020269489803438234
ID_LBTY56,0.4170203288188681,0.5531087930177858,0.48902515496513743,0.4170203288188681,0.5531087930177858,0.48902515496513743
ID_LEDDTJ,0.015357309495376609,0.02245030656201552,0.020269489803438234,0.015357309495376609,0.02245030656201552,0.020269489803438234
ID_GAJC6C,0.0790825419524437,0.06132280115954018,0.060854882947105414,0.0790825419524437,0.06132280115954018,0.060854882947105414
ID_ELD3MH,0.3340410193396252,0.5161084122558564,0.3599787863772033,0.3340410193396252,0.5161084122558564,0.3599787863772033
ID_N9VEKC,3.384810840657817e-05,0.00023534805856989175,0.00036300291213767184,3.384810840657817e-05,0.00023534805856989175,0.00036300291213767184
ID_F0JB3Y,0.015357309495376609,0.02245030656201552,0.020269489803438234,0.015357309495376609,0.02245030656201552,0.020269489803438234
ID_BD1I07,0.014994230829536149,0.035675334366887,0.04777843806165695,0.014994230829536149,0.035675334366887,0.04777843806165695
ID_PK36UB,0.01668801266640602,0.0351248333767707,0.03695675421440618,0.01668801266640602,0.0351248333767707,0.03695675421440618
ID_Z6LO2B,1.2243070257983714e-05,7.189651370762673e-05,7.050764649376714e-05,1.2243070257983714e-05,7.189651370762673e-05,7.050764649376714e-05
ID_ZHUK1S,0.015357309495376609,0.02245030656201552,0.020269489803438234,0.015357309495376609,0.02245030656201552,0.020269489803438234
ID_T27921,0.37649140096794736,0.49287121456086924,0.41854379268295305,0.37649140096794736,0.49287121456086924,0.41854379268295305
ID_JGR6AQ,0.0790825419524437,0.06132280115954018,0.060854882947105414,0.0790825419524437,0.06132280115954018,0.060854882947105414
ID_L33I7Q,0.024356179784126512,0.04344793502473304,0.0529032728281242,0.024356179784126512,0.04344793502473304,0.0529032728281242
ID_SDE2W4,0.4049919451275654,0.5906206891531541,0.5251596844139413,0.4049919451275654,0.5906206891531541,0.5251596844139413
ID_7RLPJ7,4.724706907714558e-05,8.001496681695378e-05,0.00013082048298713482,4.724706907714558e-05,8.001496681695378e-05,0.00013082048298713482
ID_CVY7G5,0.0790825419524437,0.06132280115954018,0.060854882947105414,0.0790825419524437,0.06132280115954018,0.060854882947105414
ID_P6R9KZ,0.01668801266640602,0.0351248333767707,0.03695675421440618,0.01668801266640602,0.0351248333767707,0.03695675421440618
ID_T5EPM7,0.007549773393299183,0.020596226367952226,0.028688674498529847,0.007549773393299183,0.020596226367952226,0.028688674498529847
ID_4POEBX,0.015357309495376609,0.02245030656201552,0.020269489803438234,0.015357309495376609,0.02245030656201552,0.020269489803438234
ID_0H3T5P,0.7120192702348662,0.5693814384990381,0.7262936391137307,0.7120192702348662,0.5693814384990381,0.7262936391137307
ID_B8FR1Y,0.015357309495376609,0.02245030656201552,0.020269489803438234,0.015357309495376609,0.02245030656201552,0.020269489803438234
ID_0256XQ,0.014994230829536149,0.035675334366887,0.04777843806165695,0.014994230829536149,0.035675334366887,0.04777843806165695
ID_57ZCHT,0.0790825419524437,0.06132280115954018,0.060854882947105414,0.0790825419524437,0.06132280115954018,0.060854882947105414
ID_EJ4SY0,4.724706907714558e-05,8.001496681695378e-05,0.00013082048298713482,4.724706907714558e-05,8.001496681695378e-05,0.00013082048298713482
ID_IT9MAB,0.3340410193396252,0.5161084122558564,0.3599787863772033,0.3340410193396252,0.5161084122558564,0.3599787863772033
ID_WSFCW5,0.0790825419524437,0.06132280115954018,0.060854882947105414,0.0790825419524437,0.06132280115954018,0.060854882947105414
ID_P1OKAO,0.01668801266640602,0.0351248333767707,0.03695675421440618,0.01668801266640602,0.0351248333767707,0.03695675421440618
ID_2I2J7A,0.3340410193396252,0.5161084122558564,0.3599787863772033,0.3340410193396252,0.5161084122558564,0.3599787863772033
ID_F82ACJ,0.01668801266640602,0.0351248333767707,0.03695675421440618,0.01668801266640602,0.0351248333767707,0.03695675421440618
ID_CO3YKB,0.0790825419524437,0.06132280115954018,0.060854882947105414,0.0790825419524437,0.06132280115954018,0.060854882947105414
ID_TRRIAY,0.01668801266640602,0.0351248333767707,0.03695675421440618,0.01668801266640602,0.0351248333767707,0.03695675421440618
ID_LADXTU,0.4238773042077891,0.5962674386347268,0.49002394249428044,0.4238773042077891,0.5962674386347268,0.49002394249428044
ID_UFOXTP,0.015357309495376609,0.02245030656201552,0.020269489803438234,0.015357309495376609,0.02245030656201552,0.020269489803438234
ID_9Y8SJ2,4.724706907714558e-05,8.001496681695378e-05,0.00013082048298713482,4.724706907714558e-05,8.001496681695378e-05,0.00013082048298713482
ID_SZZNPA,3.384810840657817e-05,0.00023534805856989175,0.00036300291213767184,3.384810840657817e-05,0.00023534805856989175,0.00036300291213767184
ID_PLYHE5,0.015357309495376609,0.02245030656201552,0.020269489803438234,0.015357309495376609,0.02245030656201552,0.020269489803438234
ID_GY67O6,0.007549773393299183,0.020596226367952226,0.028688674498529847,0.007549773393299183,0.020596226367952226,0.028688674498529847
ID_CFM0IF,0.015357309495376609,0.02245030656201552,0.020269489803438234,0.015357309495376609,0.02245030656201552,0.020269489803438234
ID_XNWBKT,0.015357309495376609,0.02245030656201552,0.020269489803438234,0.015357309495376609,0.02245030656201552,0.020269489803438234
ID_3TOHD0,1.2243070257983714e-05,7.189651370762673e-05,7.050764649376714e-05,1.2243070257983714e-05,7.189651370762673e-05,7.050764649376714e-05
ID_FS3K1S,1.441525307458995e-05,0.00036511840104613526,0.0004361247651372153,1.441525307458995e-05,0.00036511840104613526,0.0004361247651372153
ID_15HY2V,3.384810840657817e-05,0.00023534805856989175,0.00036300291213767184,3.384810840657817e-05,0.00023534805856989175,0.00036300291213767184
ID_6GEWIC,0.3340410193396252,0.5161084122558564,0.3599787863772033,0.3340410193396252,0.5161084122558564,0.3599787863772033
ID_QJ4EVF,0.015357309495376609,0.02245030656201552,0.020269489803438234,0.015357309495376609,0.02245030656201552,0.020269489803438234
ID_V4E8OH,0.015357309495376609,0.02245030656201552,0.020269489803438234,0.015357309495376609,0.02245030656201552,0.020269489803438234
ID_P3LDUK,0.4185383385157689,0.6206686798577674,0.5100841632314217,0.4185383385157689,0.6206686798577674,0.5100841632314217
ID_XOPAOK,1.2243070257983714e-05,7.189651370762673e-05,7.050764649376714e-05,1.2243070257983714e-05,7.189651370762673e-05,7.050764649376714e-05
ID_QPL6BJ,3.384810840657817e-05,0.00023534805856989175,0.00036300291213767184,3.384810840657817e-05,0.00023534805856989175,0.00036300291213767184
ID_Q083IM,0.14171857256923998,0.11611948071572524,0.09379218796815572,0.14171857256923998,0.11611948071572524,0.09379218796815572
ID_W8VZXL,0.4170203288188681,0.5531087930177858,0.48902515496513743,0.4170203288188681,0.5531087930177858,0.48902515496513743
ID_CCE14R,1.2243070257983714e-05,7.189651370762673e-05,7.050764649376714e-05,1.2243070257983714e-05,7.189651370762673e-05,7.050764649376714e-05
ID_XQGVS0,4.724706907714558e-05,8.001496681695378e-05,0.00013082048298713482,4.724706907714558e-05,8.001496681695378e-05,0.00013082048298713482
ID_WQINPU,1.2243070257983714e-05,7.189651370762673e-05,7.050764649376714e-05,1.2243070257983714e-05,7.189651370762673e-05,7.050764649376714e-05
ID_UYCBVK,3.384810840657817e-05,0.00023534805856989175,0.00036300291213767184,3.384810840657817e-05,0.00023534805856989175,0.00036300291213767184
ID_32LKHY,4.724706907714558e-05,8.001496681695378e-05,0.00013082048298713482,4.724706907714558e-05,8.001496681695378e-05,0.00013082048298713482
ID_1JNSPA,0.14171857256923998,0.11611948071572524,0.09379218796815572,0.14171857256923998,0.11611948071572524,0.09379218796815572
ID_QX05AF,0.005811933468472935,0.01292891730619288,0.019672919962613427,0.005811933468472935,0.01292891730619288,0.019672919962613427
ID_NTVMKZ,4.724706907714558e-05,8.001496681695378e-05,0.00013082048298713482,4.724706907714558e-05,8.001496681695378e-05,0.00013082048298713482
ID_TFWN07,0.014994230829536149,0.035675334366887,0.04777843806165695,0.014994230829536149,0.035675334366887,0.04777843806165695
ID_17FHGU,2.1159759855897223e-05,0.0008005734648178763,0.0009030668289665358,2.1159759855897223e-05,0.0008005734648178763,0.0009030668289665358
ID_XNGF8B,1.2243070257983714e-05,7.189651370762673e-05,7.050764649376714e-05,1.2243070257983714e-05,7.189651370762673e-05,7.050764649376714e-05
ID_N7XBA6,0.00019210272781248263,0.0001960454934603957,0.0015454118036087607,0.00019210272781248263,0.0001960454934603957,0.0015454118036087607
ID_YBC4D9,0.0029927317111799693,0.0025210912978849372,0.0029503961529316483,0.0029927317111799693,0.0025210912978849372,0.0029503961529316483
ID_QLNWLL,2.2352945003604688e-05,0.00045659169479045694,0.000738149979101835,2.2352945003604688e-05,0.00045659169479045694,0.000738149979101835
ID_EE4T4P,2.2352945003604688e-05,0.00045659169479045694,0.000738149979101835,2.2352945003604688e-05,0.00045659169479045694,0.000738149979101835
ID_LM0UJO,2.402513662171144e-05,8.394157292409716e-05,0.00023211816055953796,2.402513662171144e-05,8.394157292409716e-05,0.00023211816055953796
ID_KXDRD1,0.004946772952146026,0.0029131535574961603,0.010973471658767959,0.004946772952146026,0.0029131535574961603,0.010973471658767959
ID_I27KUP,0.004946772952146026,0.0029131535574961603,0.010973471658767959,0.004946772952146026,0.0029131535574961603,0.010973471658767959
ID_O79OP7,2.8408409248565845e-05,0.00025635608055551306,0.0006196725167282251,2.8408409248565845e-05,0.00025635608055551306,0.0006196725167282251
ID_ESOM9C,0.0006043085284358068,0.0004342869570098956,0.0008593052427962354,0.0006043085284358068,0.0004342869570098956,0.0008593052427962354
ID_C1Z14J,2.4876037193179987e-05,6.730778953404513e-05,0.0001941304632854938,2.4876037193179987e-05,6.730778953404513e-05,0.0001941304632854938
ID_KQ2RJU,2.0190277707405698e-05,5.1005279249772717e-05,0.0003957154317817394,2.0190277707405698e-05,5.1005279249772717e-05,0.0003957154317817394
ID_UIOBYK,3.550361665078155e-05,5.901739416051075e-05,8.91704254580998e-05,3.550361665078155e-05,5.901739416051075e-05,8.91704254580998e-05
ID_9S3MDV,2.8408409248565845e-05,0.00025635608055551306,0.0006196725167282251,2.8408409248565845e-05,0.00025635608055551306,0.0006196725167282251
ID_EJ3RGR,2.2352945003604688e-05,0.00045659169479045694,0.000738149979101835,2.2352945003604688e-05,0.00045659169479045694,0.000738149979101835
ID_DFLOY8,9.849934818124677e-05,7.677344350754642e-05,0.00013266983310344216,9.849934818124677e-05,7.677344350754642e-05,0.00013266983310344216
ID_ZMEBI9,2.8408409248565845e-05,0.00025635608055551306,0.0006196725167282251,2.8408409248565845e-05,0.00025635608055551306,0.0006196725167282251
ID_NFTFJM,4.453320563986452e-05,0.000119344362305714,0.0003066617753700072,4.453320563986452e-05,0.000119344362305714,0.0003066617753700072
ID_G32IUY,2.4775909484242782e-05,0.00016812880060478342,0.00043878368315233883,2.4775909484242782e-05,0.00016812880060478342,0.00043878368315233883
ID_52FYY9,9.372957101434698e-05,0.00012392415872573465,0.0005396533622660393,9.372957101434698e-05,0.00012392415872573465,0.0005396533622660393
ID_F8KMPL,3.4820325901047416e-05,7.106248945101991e-05,0.00025015439376824825,3.4820325901047416e-05,7.106248945101991e-05,0.00025015439376824825
ID_HX20WC,6.333626066702855e-05,8.816595248613855e-05,0.00012723773011222978,6.333626066702855e-05,8.816595248613855e-05,0.00012723773011222978
ID_5GCMEA,2.7251470110590322e-05,8.169022453411061e-05,0.00013643072482164709,2.7251470110590322e-05,8.169022453411061e-05,0.00013643072482164709
ID_7EKCJ1,2.8408409248565845e-05,0.00025635608055551306,0.0006196725167282251,2.8408409248565845e-05,0.00025635608055551306,0.0006196725167282251
ID_K440VM,2.8408409248565845e-05,0.00025635608055551306,0.0006196725167282251,2.8408409248565845e-05,0.00025635608055551306,0.0006196725167282251
ID_14VB1C,3.7716868020060685e-05,6.15295940545346e-05,9.129350473212325e-05,3.7716868020060685e-05,6.15295940545346e-05,9.129350473212325e-05
ID_O2QYK1,0.0001231838355506206,0.00011535343489546229,0.0001817206018003982,0.0001231838355506206,0.00011535343489546229,0.0001817206018003982
ID_TVG6X9,4.453320563986452e-05,0.000119344362305714,0.0003066617753700072,4.453320563986452e-05,0.000119344362305714,0.0003066617753700072
ID_5QVDGC,2.2352945003604688e-05,0.00045659169479045694,0.000738149979101835,2.2352945003604688e-05,0.00045659169479045694,0.000738149979101835
ID_P1R0SN,4.453320563986452e-05,0.000119344362305714,0.0003066617753700072,4.453320563986452e-05,0.000119344362305714,0.0003066617753700072
ID_H1PGJK,0.020692212449445177,0.021081660358267723,0.09560092741621823,0.020692212449445177,0.021081660358267723,0.09560092741621823
ID_BRWHI8,2.7251470110590322e-05,8.169022453411061e-05,0.00013643072482164709,2.7251470110590322e-05,8.169022453411061e-05,0.00013643072482164709
ID_LTPY2G,0.0006043085284358068,0.0004342869570098956,0.0008593052427962354,0.0006043085284358068,0.0004342869570098956,0.0008593052427962354
ID_SZ244L,0.020692212449445177,0.021081660358267723,0.09560092741621823,0.020692212449445177,0.021081660358267723,0.09560092741621823
ID_K1L86J,0.000981666172759362,0.0011637190652793597,0.0032457856824340643,0.000981666172759362,0.0011637190652793597,0.0032457856824340643
ID_A6YFT4,0.00025021176707380326,0.0002062959956804173,0.00026665581934842903,0.00025021176707380326,0.0002062959956804173,0.00026665581934842903
ID_GJ2GXZ,2.1414803241319414e-05,4.8803412263539164e-05,9.482654177801425e-05,2.1414803241319414e-05,4.8803412263539164e-05,9.482654177801425e-05
ID_5NLU55,0.020692212449445177,0.021081660358267723,0.09560092741621823,0.020692212449445177,0.021081660358267723,0.09560092741621823
ID_5HBYOD,0.000981666172759362,0.0011637190652793597,0.0032457856824340643,0.000981666172759362,0.0011637190652793597,0.0032457856824340643
ID_JFHIVO,3.559634241351839e-05,0.0011068136329685043,0.0016959184327238045,3.559634241351839e-05,0.0011068136329685043,0.0016959184327238045
ID_KXM5JC,2.4775909484242782e-05,0.00016812880060478342,0.00043878368315233883,2.4775909484242782e-05,0.00016812880060478342,0.00043878368315233883
ID_9KQ8G6,2.8408409248565845e-05,0.00025635608055551306,0.0006196725167282251,2.8408409248565845e-05,0.00025635608055551306,0.0006196725167282251
ID_QRHP7W,2.8408409248565845e-05,0.00025635608055551306,0.0006196725167282251,2.8408409248565845e-05,0.00025635608055551306,0.0006196725167282251
ID_G27PI8,0.007317047335808485,0.012539662495434815,0.09539200920848881,0.007317047335808485,0.012539662495434815,0.09539200920848881
ID_SZLKA0,3.179772082272952e-05,9.132478038985896e-05,0.00021692874253239356,3.179772082272952e-05,9.132478038985896e-05,0.00021692874253239356
ID_79HBLQ,2.9391040939160682e-05,0.00044779803149755284,0.0007487166213141437,2.9391040939160682e-05,0.00044779803149755284,0.0007487166213141437
ID_Y1H3MW,2.4775909484242782e-05,0.00016812880060478342,0.00043878368315233883,2.4775909484242782e-05,0.00016812880060478342,0.00043878368315233883
ID_Y3V3CO,0.004946772952146026,0.0029131535574961603,0.010973471658767959,0.004946772952146026,0.0029131535574961603,0.010973471658767959
ID_JSJ61E,3.179772082272952e-05,9.132478038985896e-05,0.00021692874253239356,3.179772082272952e-05,9.132478038985896e-05,0.00021692874253239356
ID_T9D5YO,2.4775909484242782e-05,0.00016812880060478342,0.00043878368315233883,2.4775909484242782e-05,0.00016812880060478342,0.00043878368315233883
ID_6MHG7Q,0.004946772952146026,0.0029131535574961603,0.010973471658767959,0.004946772952146026,0.0029131535574961603,0.010973471658767959
ID_UR8QH2,2.402513662171144e-05,8.394157292409716e-05,0.00023211816055953796,2.402513662171144e-05,8.394157292409716e-05,0.00023211816055953796
ID_W3SGDD,2.4775909484242782e-05,0.00016812880060478342,0.00043878368315233883,2.4775909484242782e-05,0.00016812880060478342,0.00043878368315233883
ID_B3I0HN,2.8408409248565845e-05,0.00025635608055551306,0.0006196725167282251,2.8408409248565845e-05,0.00025635608055551306,0.0006196725167282251
ID_WFV9C0,9.372957101434698e-05,0.00012392415872573465,0.0005396533622660393,9.372957101434698e-05,0.00012392415872573465,0.0005396533622660393
ID_5IQK6W,0.0006043085284358068,0.0004342869570098956,0.0008593052427962354,0.0006043085284358068,0.0004342869570098956,0.0008593052427962354
ID_PBD5R8,0.00019210272781248263,0.0001960454934603957,0.0015454118036087607,0.00019210272781248263,0.0001960454934603957,0.0015454118036087607
ID_R484DJ,0.0045257149823169935,0.013652276450716639,0.08153277130730265,0.0045257149823169935,0.013652276450716639,0.08153277130730265
ID_BIVIM6,0.007317047335808485,0.012539662495434815,0.09539200920848881,0.007317047335808485,0.012539662495434815,0.09539200920848881
ID_BXRC0F,2.8408409248565845e-05,0.00025635608055551306,0.0006196725167282251,2.8408409248565845e-05,0.00025635608055551306,0.0006196725167282251
ID_6H2MJS,4.453320563986452e-05,0.000119344362305714,0.0003066617753700072,4.453320563986452e-05,0.000119344362305714,0.0003066617753700072
ID_348H1F,2.812957238493274e-05,3.5401218927886286e-05,5.2878250320088514e-05,2.812957238493274e-05,3.5401218927886286e-05,5.2878250320088514e-05
ID_VIP5UD,3.559634241351839e-05,0.0011068136329685043,0.0016959184327238045,3.559634241351839e-05,0.0011068136329685043,0.0016959184327238045
ID_DJT4KL,2.4775909484242782e-05,0.00016812880060478342,0.00043878368315233883,2.4775909484242782e-05,0.00016812880060478342,0.00043878368315233883
ID_4O9FZR,0.00011896134707144567,0.00014460870778385218,0.0001472819911647222,0.00011896134707144567,0.00014460870778385218,0.0001472819911647222
ID_4S1COK,3.179772082272952e-05,9.132478038985896e-05,0.00021692874253239356,3.179772082272952e-05,9.132478038985896e-05,0.00021692874253239356
ID_JTBQR7,3.179772082272952e-05,9.132478038985896e-05,0.00021692874253239356,3.179772082272952e-05,9.132478038985896e-05,0.00021692874253239356
ID_8XLXKL,2.2352945003604688e-05,0.00045659169479045694,0.000738149979101835,2.2352945003604688e-05,0.00045659169479045694,0.000738149979101835
ID_30WM42,2.7251470110590322e-05,8.169022453411061e-05,0.00013643072482164709,2.7251470110590322e-05,8.169022453411061e-05,0.00013643072482164709
ID_1IG1YN,2.402513662171144e-05,8.394157292409716e-05,0.00023211816055953796,2.402513662171144e-05,8.394157292409716e-05,0.00023211816055953796
ID_OZDM1S,2.4775909484242782e-05,0.00016812880060478342,0.00043878368315233883,2.4775909484242782e-05,0.00016812880060478342,0.00043878368315233883
ID_EPIA8E,3.179772082272952e-05,9.132478038985896e-05,0.00021692874253239356,3.179772082272952e-05,9.132478038985896e-05,0.00021692874253239356
ID_1PV3T5,2.4775909484242782e-05,0.00016812880060478342,0.00043878368315233883,2.4775909484242782e-05,0.00016812880060478342,0.00043878368315233883
ID_8UHEOJ,0.007317047335808485,0.012539662495434815,0.09539200920848881,0.007317047335808485,0.012539662495434815,0.09539200920848881
ID_8EPQZD,3.4820325901047416e-05,7.106248945101991e-05,0.00025015439376824825,3.4820325901047416e-05,7.106248945101991e-05,0.00025015439376824825
ID_V5WCDP,0.004946772952146026,0.0029131535574961603,0.010973471658767959,0.004946772952146026,0.0029131535574961603,0.010973471658767959
ID_A0P2EE,2.4775909484242782e-05,0.00016812880060478342,0.00043878368315233883,2.4775909484242782e-05,0.00016812880060478342,0.00043878368315233883
ID_C0ECIX,2.1200880023866415e-05,6.154463612999736e-05,0.00019829824690845653,2.1200880023866415e-05,6.154463612999736e-05,0.00019829824690845653
ID_C1HUBS,2.4775909484242782e-05,0.00016812880060478342,0.00043878368315233883,2.4775909484242782e-05,0.00016812880060478342,0.00043878368315233883
ID_NWDA17,6.333626066702855e-05,8.816595248613855e-05,0.00012723773011222978,6.333626066702855e-05,8.816595248613855e-05,0.00012723773011222978
ID_OL060P,0.0029927317111799693,0.0025210912978849372,0.0029503961529316483,0.0029927317111799693,0.0025210912978849372,0.0029503961529316483
ID_XCVVZQ,0.004946772952146026,0.0029131535574961603,0.010973471658767959,0.004946772952146026,0.0029131535574961603,0.010973471658767959
ID_7RD23T,5.3491152957162025e-05,8.974080671424238e-05,0.00010915824308322738,5.3491152957162025e-05,8.974080671424238e-05,0.00010915824308322738
ID_ZK5F0Y,0.020692212449445177,0.021081660358267723,0.09560092741621823,0.020692212449445177,0.021081660358267723,0.09560092741621823
ID_G84HTM,0.00021854630809226504,0.00016817911074015795,0.0003846908364981233,0.00021854630809226504,0.00016817911074015795,0.0003846908364981233
ID_PU2FBZ,0.0001231838355506206,0.00011535343489546229,0.0001817206018003982,0.0001231838355506206,0.00011535343489546229,0.0001817206018003982
ID_C08HEJ,0.0029927317111799693,0.0025210912978849372,0.0029503961529316483,0.0029927317111799693,0.0025210912978849372,0.0029503961529316483
ID_735U96,9.372957101434698e-05,0.00012392415872573465,0.0005396533622660393,9.372957101434698e-05,0.00012392415872573465,0.0005396533622660393
ID_NSVW0U,6.333626066702855e-05,8.816595248613855e-05,0.00012723773011222978,6.333626066702855e-05,8.816595248613855e-05,0.00012723773011222978
ID_YI1DVD,2.8408409248565845e-05,0.00025635608055551306,0.0006196725167282251,2.8408409248565845e-05,0.00025635608055551306,0.0006196725167282251
ID_GRCY09,0.0006043085284358068,0.0004342869570098956,0.0008593052427962354,0.0006043085284358068,0.0004342869570098956,0.0008593052427962354
ID_TP6IPK,0.00021854630809226504,0.00016817911074015795,0.0003846908364981233,0.00021854630809226504,0.00016817911074015795,0.0003846908364981233
ID_HT2H75,0.0006043085284358068,0.0004342869570098956,0.0008593052427962354,0.0006043085284358068,0.0004342869570098956,0.0008593052427962354
ID_S3J1DY,4.453320563986452e-05,0.000119344362305714,0.0003066617753700072,4.453320563986452e-05,0.000119344362305714,0.0003066617753700072
ID_58TJGH,1.1353966567541847e-05,2.4321271168980696e-05,4.956015053718493e-05,1.1353966567541847e-05,2.4321271168980696e-05,4.956015053718493e-05
ID_YRLOVX,2.4775909484242782e-05,0.00016812880060478342,0.00043878368315233883,2.4775909484242782e-05,0.00016812880060478342,0.00043878368315233883
ID_TZHJRP,4.453320563986452e-05,0.000119344362305714,0.0003066617753700072,4.453320563986452e-05,0.000119344362305714,0.0003066617753700072
ID_KDNPHD,0.000981666172759362,0.0011637190652793597,0.0032457856824340643,0.000981666172759362,0.0011637190652793597,0.0032457856824340643
ID_8ZZTUS,0.000981666172759362,0.0011637190652793597,0.0032457856824340643,0.000981666172759362,0.0011637190652793597,0.0032457856824340643
ID_FBXD4Q,0.000981666172759362,0.0011637190652793597,0.0032457856824340643,0.000981666172759362,0.0011637190652793597,0.0032457856824340643
ID_QXYRCY,0.00047688945012777054,0.0003377781399009454,0.000442982831010326,0.00047688945012777054,0.0003377781399009454,0.000442982831010326
ID_OKTZEM,0.0006043085284358068,0.0004342869570098956,0.0008593052427962354,0.0006043085284358068,0.0004342869570098956,0.0008593052427962354
ID_84I8VZ,3.179772082272952e-05,9.132478038985896e-05,0.00021692874253239356,3.179772082272952e-05,9.132478038985896e-05,0.00021692874253239356
ID_5IF81A,3.179772082272952e-05,9.132478038985896e-05,0.00021692874253239356,3.179772082272952e-05,9.132478038985896e-05,0.00021692874253239356
ID_Y65O7E,3.5221214498707086e-05,0.00011119529965032235,0.0001235501924397951,3.5221214498707086e-05,0.00011119529965032235,0.0001235501924397951
ID_DGJE41,3.559634241351839e-05,0.0011068136329685043,0.0016959184327238045,3.559634241351839e-05,0.0011068136329685043,0.0016959184327238045
ID_5Z8WPJ,0.004946772952146026,0.0029131535574961603,0.010973471658767959,0.004946772952146026,0.0029131535574961603,0.010973471658767959
ID_KSMN02,2.8408409248565845e-05,0.00025635608055551306,0.0006196725167282251,2.8408409248565845e-05,0.00025635608055551306,0.0006196725167282251
ID_37FGZN,0.020692212449445177,0.021081660358267723,0.09560092741621823,0.020692212449445177,0.021081660358267723,0.09560092741621823
ID_5CE2HM,0.020692212449445177,0.021081660358267723,0.09560092741621823,0.020692212449445177,0.021081660358267723,0.09560092741621823
ID_5RBX0G,4.453320563986452e-05,0.000119344362305714,0.0003066617753700072,4.453320563986452e-05,0.000119344362305714,0.0003066617753700072
ID_VC3C3E,0.007317047335808485,0.012539662495434815,0.09539200920848881,0.007317047335808485,0.012539662495434815,0.09539200920848881
ID_CD4GLQ,0.0006043085284358068,0.0004342869570098956,0.0008593052427962354,0.0006043085284358068,0.0004342869570098956,0.0008593052427962354
ID_YYXB5J,2.402513662171144e-05,8.394157292409716e-05,0.00023211816055953796,2.402513662171144e-05,8.394157292409716e-05,0.00023211816055953796
ID_QL8IAR,2.9391040939160682e-05,0.00044779803149755284,0.0007487166213141437,2.9391040939160682e-05,0.00044779803149755284,0.0007487166213141437
ID_BHNY0O,2.8408409248565845e-05,0.00025635608055551306,0.0006196725167282251,2.8408409248565845e-05,0.00025635608055551306,0.0006196725167282251
ID_G6NIUE,0.0029927317111799693,0.0025210912978849372,0.0029503961529316483,0.0029927317111799693,0.0025210912978849372,0.0029503961529316483
ID_ATBCP0,4.664586803821812e-05,9.933475417925008e-05,9.291250514313517e-05,4.664586803821812e-05,9.933475417925008e-05,9.291250514313517e-05
ID_K0PEGT,2.4775909484242782e-05,0.00016812880060478342,0.00043878368315233883,2.4775909484242782e-05,0.00016812880060478342,0.00043878368315233883
ID_JDD3BW,7.062825083952403e-05,0.00021727358610387787,0.0009781921504080707,7.062825083952403e-05,0.00021727358610387787,0.0009781921504080707
ID_KUBEQ7,0.004946772952146026,0.0029131535574961603,0.010973471658767959,0.004946772952146026,0.0029131535574961603,0.010973471658767959
ID_2UB21W,5.135810988930661e-05,8.152686025111014e-05,0.00011809842303694767,5.135810988930661e-05,8.152686025111014e-05,0.00011809842303694767
ID_Q12WSA,3.179772082272952e-05,9.132478038985896e-05,0.00021692874253239356,3.179772082272952e-05,9.132478038985896e-05,0.00021692874253239356
ID_JX2N58,3.7716868020060685e-05,6.15295940545346e-05,9.129350473212325e-05,3.7716868020060685e-05,6.15295940545346e-05,9.129350473212325e-05
ID_II3KSP,4.453320563986452e-05,0.000119344362305714,0.0003066617753700072,4.453320563986452e-05,0.000119344362305714,0.0003066617753700072
ID_NK8O2D,0.0006043085284358068,0.0004342869570098956,0.0008593052427962354,0.0006043085284358068,0.0004342869570098956,0.0008593052427962354
ID_P452M6,2.8408409248565845e-05,0.00025635608055551306,0.0006196725167282251,2.8408409248565845e-05,0.00025635608055551306,0.0006196725167282251
ID_LFFY7U,0.0029927317111799693,0.0025210912978849372,0.0029503961529316483,0.0029927317111799693,0.0025210912978849372,0.0029503961529316483
ID_PTUVXH,9.372957101434698e-05,0.00012392415872573465,0.0005396533622660393,9.372957101434698e-05,0.00012392415872573465,0.0005396533622660393
ID_0HSCEO,2.2352945003604688e-05,0.00045659169479045694,0.000738149979101835,2.2352945003604688e-05,0.00045659169479045694,0.000738149979101835
ID_SSW9WR,3.179772082272952e-05,9.132478038985896e-05,0.00021692874253239356,3.179772082272952e-05,9.132478038985896e-05,0.00021692874253239356
ID_PD8ZQY,2.8408409248565845e-05,0.00025635608055551306,0.0006196725167282251,2.8408409248565845e-05,0.00025635608055551306,0.0006196725167282251
ID_263TA4,2.4775909484242782e-05,0.00016812880060478342,0.00043878368315233883,2.4775909484242782e-05,0.00016812880060478342,0.00043878368315233883
ID_B1FONR,0.0006043085284358068,0.0004342869570098956,0.0008593052427962354,0.0006043085284358068,0.0004342869570098956,0.0008593052427962354
ID_7NF6CG,0.000981666172759362,0.0011637190652793597,0.0032457856824340643,0.000981666172759362,0.0011637190652793597,0.0032457856824340643
ID_ENK045,3.559634241351839e-05,0.0011068136329685043,0.0016959184327238045,3.559634241351839e-05,0.0011068136329685043,0.0016959184327238045
ID_GR98DJ,0.020692212449445177,0.021081660358267723,0.09560092741621823,0.020692212449445177,0.021081660358267723,0.09560092741621823
ID_QRJ1XO,3.179772082272952e-05,9.132478038985896e-05,0.00021692874253239356,3.179772082272952e-05,9.132478038985896e-05,0.00021692874253239356
ID_3P5A12,9.372957101434698e-05,0.00012392415872573465,0.0005396533622660393,9.372957101434698e-05,0.00012392415872573465,0.0005396533622660393
ID_PZAIQH,2.8408409248565845e-05,0.00025635608055551306,0.0006196725167282251,2.8408409248565845e-05,0.00025635608055551306,0.0006196725167282251
ID_O61SU7,2.4775909484242782e-05,0.00016812880060478342,0.00043878368315233883,2.4775909484242782e-05,0.00016812880060478342,0.00043878368315233883
ID_9ZBFLX,2.8408409248565845e-05,0.00025635608055551306,0.0006196725167282251,2.8408409248565845e-05,0.00025635608055551306,0.0006196725167282251
ID_BY2R2J,0.005878736135848642,0.00475436196475567,0.012911009545138066,0.005878736135848642,0.00475436196475567,0.012911009545138066
ID_FJIOSZ,0.00019210272781248263,0.0001960454934603957,0.0015454118036087607,0.00019210272781248263,0.0001960454934603957,0.0015454118036087607
ID_OYBZ3H,0.020692212449445177,0.021081660358267723,0.09560092741621823,0.020692212449445177,0.021081660358267723,0.09560092741621823
ID_NQX0O8,2.402513662171144e-05,8.394157292409716e-05,0.00023211816055953796,2.402513662171144e-05,8.394157292409716e-05,0.00023211816055953796
ID_SLZDS2,2.4775909484242782e-05,0.00016812880060478342,0.00043878368315233883,2.4775909484242782e-05,0.00016812880060478342,0.00043878368315233883
ID_E78DPX,2.7251470110590322e-05,8.169022453411061e-05,0.00013643072482164709,2.7251470110590322e-05,8.169022453411061e-05,0.00013643072482164709
ID_RQP6K9,0.0001231838355506206,0.00011535343489546229,0.0001817206018003982,0.0001231838355506206,0.00011535343489546229,0.0001817206018003982
ID_IOLDZU,1.410219832972882e-05,2.4588994480130067e-05,3.178100866808136e-05,1.410219832972882e-05,2.4588994480130067e-05,3.178100866808136e-05
ID_SNXHFB,1.5347931321848136e-05,2.034894824942511e-05,2.6854820287617336e-05,1.5347931321848136e-05,2.034894824942511e-05,2.6854820287617336e-05
ID_MS1WPS,1.4519697343269037e-05,1.8018367806385683e-05,2.6380273574455578e-05,1.4519697343269037e-05,1.8018367806385683e-05,2.6380273574455578e-05
ID_HN3HHR,0.00011376252054078921,0.00013195825375919608,0.00026385614003186314,0.00011376252054078921,0.00013195825375919608,0.00026385614003186314
ID_HGDR69,1.4519697343269037e-05,1.8018367806385683e-05,2.6380273574455578e-05,1.4519697343269037e-05,1.8018367806385683e-05,2.6380273574455578e-05
ID_KQ5EXO,1.3219156208523879e-05,3.6856164216997884e-05,5.087421565318723e-05,1.3219156208523879e-05,3.6856164216997884e-05,5.087421565318723e-05
ID_CC0VYL,1.347899934335206e-05,2.9429453047090293e-05,3.620263596894999e-05,1.347899934335206e-05,2.9429453047090293e-05,3.620263596894999e-05
ID_R6WWCC,1.4519697343269037e-05,1.8018367806385683e-05,2.6380273574455578e-05,1.4519697343269037e-05,1.8018367806385683e-05,2.6380273574455578e-05
ID_SWOCAQ,1.3219156208523879e-05,3.6856164216997884e-05,5.087421565318723e-05,1.3219156208523879e-05,3.6856164216997884e-05,5.087421565318723e-05
ID_WHGARU,1.410219832972882e-05,2.4588994480130067e-05,3.178100866808136e-05,1.410219832972882e-05,2.4588994480130067e-05,3.178100866808136e-05
ID_73ULWE,1.1763398517340434e-05,4.6950870706553044e-05,5.4515140709406606e-05,1.1763398517340434e-05,4.6950870706553044e-05,5.4515140709406606e-05
ID_P1B4GG,1.2621288258113768e-05,3.490398890330625e-05,5.3444221861499135e-05,1.2621288258113768e-05,3.490398890330625e-05,5.3444221861499135e-05
ID_F5NM15,1.347899934335206e-05,2.9429453047090293e-05,3.620263596894999e-05,1.347899934335206e-05,2.9429453047090293e-05,3.620263596894999e-05
ID_7XJF6O,1.602102164608875e-05,3.991770744269495e-05,4.398721351922502e-05,1.602102164608875e-05,3.991770744269495e-05,4.398721351922502e-05
ID_ALWNWF,8.902644196744983e-06,1.4525827894691933e-05,1.635766797730425e-05,8.902644196744983e-06,1.4525827894691933e-05,1.635766797730425e-05
ID_FOX8D1,0.00011376252054078921,0.00013195825375919608,0.00026385614003186314,0.00011376252054078921,0.00013195825375919608,0.00026385614003186314
ID_UO8NL5,1.5347931321848136e-05,2.034894824942511e-05,2.6854820287617336e-05,1.5347931321848136e-05,2.034894824942511e-05,2.6854820287617336e-05
ID_004DL7,1.602102164608875e-05,3.991770744269495e-05,4.398721351922502e-05,1.602102164608875e-05,3.991770744269495e-05,4.398721351922502e-05
ID_CFSK8V,1.5347931321848136e-05,2.034894824942511e-05,2.6854820287617336e-05,1.5347931321848136e-05,2.034894824942511e-05,2.6854820287617336e-05
ID_X9KR9T,2.8079536558024905e-05,0.00019040200126822218,0.00020993008064808884,2.8079536558024905e-05,0.00019040200126822218,0.00020993008064808884
ID_Q3PK1O,1.3219156208523879e-05,3.6856164216997884e-05,5.087421565318723e-05,1.3219156208523879e-05,3.6856164216997884e-05,5.087421565318723e-05
ID_M62ZZR,1.602102164608875e-05,3.991770744269495e-05,4.398721351922502e-05,1.602102164608875e-05,3.991770744269495e-05,4.398721351922502e-05
ID_UOIFEC,1.100175832413591e-05,1.2238571117282227e-05,2.0879237067514566e-05,1.100175832413591e-05,1.2238571117282227e-05,2.0879237067514566e-05
ID_D1D4RK,1.3219156208523879e-05,3.6856164216997884e-05,5.087421565318723e-05,1.3219156208523879e-05,3.6856164216997884e-05,5.087421565318723e-05
ID_YZJB0C,1.1763398517340434e-05,4.6950870706553044e-05,5.4515140709406606e-05,1.1763398517340434e-05,4.6950870706553044e-05,5.4515140709406606e-05
ID_0NPRVJ,1.5347931321848136e-05,2.034894824942511e-05,2.6854820287617336e-05,1.5347931321848136e-05,2.034894824942511e-05,2.6854820287617336e-05
ID_8BZS64,1.1227403247859257e-05,1.3022472748281482e-05,2.194212832271131e-05,1.1227403247859257e-05,1.3022472748281482e-05,2.194212832271131e-05
ID_ZTXB6J,1.5347931321848136e-05,2.034894824942511e-05,2.6854820287617336e-05,1.5347931321848136e-05,2.034894824942511e-05,2.6854820287617336e-05
ID_0ZEYV1,1.347899934335206e-05,2.9429453047090293e-05,3.620263596894999e-05,1.347899934335206e-05,2.9429453047090293e-05,3.620263596894999e-05
ID_OVMHV9,0.00011376252054078921,0.00013195825375919608,0.00026385614003186314,0.00011376252054078921,0.00013195825375919608,0.00026385614003186314
ID_T6YHHW,1.5347931321848136e-05,2.034894824942511e-05,2.6854820287617336e-05,1.5347931321848136e-05,2.034894824942511e-05,2.6854820287617336e-05
ID_L6J9SJ,1.347899934335206e-05,2.9429453047090293e-05,3.620263596894999e-05,1.347899934335206e-05,2.9429453047090293e-05,3.620263596894999e-05
ID_VD5NIC,1.2621288258113768e-05,3.490398890330625e-05,5.3444221861499135e-05,1.2621288258113768e-05,3.490398890330625e-05,5.3444221861499135e-05
ID_AKV0AN,0.00011376252054078921,0.00013195825375919608,0.00026385614003186314,0.00011376252054078921,0.00013195825375919608,0.00026385614003186314
ID_5MQI2A,1.602102164608875e-05,3.991770744269495e-05,4.398721351922502e-05,1.602102164608875e-05,3.991770744269495e-05,4.398721351922502e-05
ID_8T676E,1.1562898841705546e-05,2.6702447491867295e-05,5.3629170934140524e-05,1.1562898841705546e-05,2.6702447491867295e-05,5.3629170934140524e-05
ID_80I3YJ,1.602102164608875e-05,3.991770744269495e-05,4.398721351922502e-05,1.602102164608875e-05,3.991770744269495e-05,4.398721351922502e-05
ID_AJ2J12,2.8079536558024905e-05,0.00019040200126822218,0.00020993008064808884,2.8079536558024905e-05,0.00019040200126822218,0.00020993008064808884
ID_IYSD3F,1.3389691140125218e-05,2.2194170772452983e-05,3.115942940896918e-05,1.3389691140125218e-05,2.2194170772452983e-05,3.115942940896918e-05
ID_QXMOH6,1.5347931321848136e-05,2.034894824942511e-05,2.6854820287617336e-05,1.5347931321848136e-05,2.034894824942511e-05,2.6854820287617336e-05
ID_LRD6RE,1.129081675522808e-05,3.493155620119247e-05,4.4250637764304636e-05,1.129081675522808e-05,3.493155620119247e-05,4.4250637764304636e-05
ID_8H40BW,1.602102164608875e-05,3.991770744269495e-05,4.398721351922502e-05,1.602102164608875e-05,3.991770744269495e-05,4.398721351922502e-05
ID_KGCLKE,1.602102164608875e-05,3.991770744269495e-05,4.398721351922502e-05,1.602102164608875e-05,3.991770744269495e-05,4.398721351922502e-05
ID_IVC3Q9,1.3219156208523879e-05,3.6856164216997884e-05,5.087421565318723e-05,1.3219156208523879e-05,3.6856164216997884e-05,5.087421565318723e-05
ID_YBET63,1.602102164608875e-05,3.991770744269495e-05,4.398721351922502e-05,1.602102164608875e-05,3.991770744269495e-05,4.398721351922502e-05
ID_LKVF8D,9.605455487114403e-06,1.6584937081258424e-05,1.667800981544645e-05,9.605455487114403e-06,1.6584937081258424e-05,1.667800981544645e-05
ID_N0KRIO,1.0493404318777329e-05,1.696906364410148e-05,1.944977601403536e-05,1.0493404318777329e-05,1.696906364410148e-05,1.944977601403536e-05
ID_8OUOJV,1.602102164608875e-05,3.991770744269495e-05,4.398721351922502e-05,1.602102164608875e-05,3.991770744269495e-05,4.398721351922502e-05
ID_Y5B1VB,2.8079536558024905e-05,0.00019040200126822218,0.00020993008064808884,2.8079536558024905e-05,0.00019040200126822218,0.00020993008064808884
ID_GVBQQE,2.8079536558024905e-05,0.00019040200126822218,0.00020993008064808884,2.8079536558024905e-05,0.00019040200126822218,0.00020993008064808884
ID_SE1BFM,9.732340813069334e-06,3.066109993940115e-05,6.532566132159678e-05,9.732340813069334e-06,3.066109993940115e-05,6.532566132159678e-05
ID_MXRB9X,1.347899934335206e-05,2.9429453047090293e-05,3.620263596894999e-05,1.347899934335206e-05,2.9429453047090293e-05,3.620263596894999e-05
ID_JXBY22,5.189669441843129e-05,0.0002692824805820435,0.0003426336103541083,5.189669441843129e-05,0.0002692824805820435,0.0003426336103541083
ID_N6FNIX,0.00011376252054078921,0.00013195825375919608,0.00026385614003186314,0.00011376252054078921,0.00013195825375919608,0.00026385614003186314
ID_OORS9Y,1.3389691140125218e-05,2.2194170772452983e-05,3.115942940896918e-05,1.3389691140125218e-05,2.2194170772452983e-05,3.115942940896918e-05
ID_VU3YY8,1.4519697343269037e-05,1.8018367806385683e-05,2.6380273574455578e-05,1.4519697343269037e-05,1.8018367806385683e-05,2.6380273574455578e-05
ID_X65SMS,1.4519697343269037e-05,1.8018367806385683e-05,2.6380273574455578e-05,1.4519697343269037e-05,1.8018367806385683e-05,2.6380273574455578e-05
ID_8U14T8,9.605455487114403e-06,1.6584937081258424e-05,1.667800981544645e-05,9.605455487114403e-06,1.6584937081258424e-05,1.667800981544645e-05
ID_1J3E42,0.00011376252054078921,0.00013195825375919608,0.00026385614003186314,0.00011376252054078921,0.00013195825375919608,0.00026385614003186314
ID_BWGEAG,1.5347931321848136e-05,2.034894824942511e-05,2.6854820287617336e-05,1.5347931321848136e-05,2.034894824942511e-05,2.6854820287617336e-05
ID_M2AV6H,1.4519697343269037e-05,1.8018367806385683e-05,2.6380273574455578e-05,1.4519697343269037e-05,1.8018367806385683e-05,2.6380273574455578e-05
ID_WH3JS3,1.347899934335206e-05,2.9429453047090293e-05,3.620263596894999e-05,1.347899934335206e-05,2.9429453047090293e-05,3.620263596894999e-05
ID_NZ3V3Z,1.3389691140125218e-05,2.2194170772452983e-05,3.115942940896918e-05,1.3389691140125218e-05,2.2194170772452983e-05,3.115942940896918e-05
ID_XVUXT6,1.602102164608875e-05,3.991770744269495e-05,4.398721351922502e-05,1.602102164608875e-05,3.991770744269495e-05,4.398721351922502e-05
ID_OQLIHX,5.189669441843129e-05,0.0002692824805820435,0.0003426336103541083,5.189669441843129e-05,0.0002692824805820435,0.0003426336103541083
ID_ZQJL1B,1.602102164608875e-05,3.991770744269495e-05,4.398721351922502e-05,1.602102164608875e-05,3.991770744269495e-05,4.398721351922502e-05
ID_79Y7EX,1.602102164608875e-05,3.991770744269495e-05,4.398721351922502e-05,1.602102164608875e-05,3.991770744269495e-05,4.398721351922502e-05
ID_28J9J5,1.347899934335206e-05,2.9429453047090293e-05,3.620263596894999e-05,1.347899934335206e-05,2.9429453047090293e-05,3.620263596894999e-05
ID_910L6Y,1.1624105182315298e-05,2.361430147788464e-05,5.7633647469431736e-05,1.1624105182315298e-05,2.361430147788464e-05,5.7633647469431736e-05
ID_EN93YN,1.410219832972882e-05,2.4588994480130067e-05,3.178100866808136e-05,1.410219832972882e-05,2.4588994480130067e-05,3.178100866808136e-05
ID_38GYOD,1.3219156208523879e-05,3.6856164216997884e-05,5.087421565318723e-05,1.3219156208523879e-05,3.6856164216997884e-05,5.087421565318723e-05
ID_G7TIWW,8.902644196744983e-06,1.4525827894691933e-05,1.635766797730425e-05,8.902644196744983e-06,1.4525827894691933e-05,1.635766797730425e-05
ID_GFIAH6,1.3389691140125218e-05,2.2194170772452983e-05,3.115942940896918e-05,1.3389691140125218e-05,2.2194170772452983e-05,3.115942940896918e-05
ID_77P9GP,1.602102164608875e-05,3.991770744269495e-05,4.398721351922502e-05,1.602102164608875e-05,3.991770744269495e-05,4.398721351922502e-05
ID_8AL0A1,1.347899934335206e-05,2.9429453047090293e-05,3.620263596894999e-05,1.347899934335206e-05,2.9429453047090293e-05,3.620263596894999e-05
ID_EZDTQB,1.347899934335206e-05,2.9429453047090293e-05,3.620263596894999e-05,1.347899934335206e-05,2.9429453047090293e-05,3.620263596894999e-05
ID_9S11YT,1.602102164608875e-05,3.991770744269495e-05,4.398721351922502e-05,1.602102164608875e-05,3.991770744269495e-05,4.398721351922502e-05
ID_WWIG9X,9.605455487114403e-06,1.6584937081258424e-05,1.667800981544645e-05,9.605455487114403e-06,1.6584937081258424e-05,1.667800981544645e-05
ID_FH1O04,1.410219832972882e-05,2.4588994480130067e-05,3.178100866808136e-05,1.410219832972882e-05,2.4588994480130067e-05,3.178100866808136e-05
ID_1G39W0,1.602102164608875e-05,3.991770744269495e-05,4.398721351922502e-05,1.602102164608875e-05,3.991770744269495e-05,4.398721351922502e-05
ID_54AWCS,2.0104790780830167e-05,2.7397528084246557e-05,2.7384812730902015e-05,2.0104790780830167e-05,2.7397528084246557e-05,2.7384812730902015e-05
ID_EFML0I,0.0003460878240682281,0.0004998273934590605,0.0005158878221324236,0.0003460878240682281,0.0004998273934590605,0.0005158878221324236
ID_9561UW,2.0104790780830167e-05,2.7397528084246557e-05,2.7384812730902015e-05,2.0104790780830167e-05,2.7397528084246557e-05,2.7384812730902015e-05
ID_SKRXO8,8.389766815768559e-05,0.00018237404749371245,0.000371235293216902,8.389766815768559e-05,0.00018237404749371245,0.000371235293216902
ID_T1ZFPC,0.000485699435709399,0.0007084807742053802,0.0005969762115168602,0.000485699435709399,0.0007084807742053802,0.0005969762115168602
ID_GOZQWK,5.3176239372553606e-05,6.0011768675045156e-05,5.2096092264619675e-05,5.3176239372553606e-05,6.0011768675045156e-05,5.2096092264619675e-05
ID_JKBQHX,0.00011277526796920343,0.00012020331737497736,0.0002113522241311583,0.00011277526796920343,0.00012020331737497736,0.0002113522241311583
ID_IGRJAM,0.00011277526796920343,0.00012020331737497736,0.0002113522241311583,0.00011277526796920343,0.00012020331737497736,0.0002113522241311583
ID_5BWJ28,4.28444663039662e-05,9.160103218627755e-05,8.525681471472423e-05,4.28444663039662e-05,9.160103218627755e-05,8.525681471472423e-05
ID_GKAI11,4.28444663039662e-05,9.160103218627755e-05,8.525681471472423e-05,4.28444663039662e-05,9.160103218627755e-05,8.525681471472423e-05
ID_A6815G,0.0008690906363663873,0.00532320390351701,0.005832543335075853,0.0008690906363663873,0.00532320390351701,0.005832543335075853
ID_VIDOWQ,7.801231952896452e-06,8.186487598929877e-05,0.00010161776590337756,7.801231952896452e-06,8.186487598929877e-05,0.00010161776590337756
ID_OOOX4T,0.0003460878240682281,0.0004998273934590605,0.0005158878221324236,0.0003460878240682281,0.0004998273934590605,0.0005158878221324236
ID_AE9R4L,0.00011277526796920343,0.00012020331737497736,0.0002113522241311583,0.00011277526796920343,0.00012020331737497736,0.0002113522241311583
ID_F8AO95,5.5893749817435194e-05,9.52617841628749e-05,7.427702076194168e-05,5.5893749817435194e-05,9.52617841628749e-05,7.427702076194168e-05
ID_X6ZOJH,0.0003460878240682281,0.0004998273934590605,0.0005158878221324236,0.0003460878240682281,0.0004998273934590605,0.0005158878221324236
ID_O1TPCL,2.543928848694622e-05,2.9055465738338106e-05,3.246534583388528e-05,2.543928848694622e-05,2.9055465738338106e-05,3.246534583388528e-05
ID_UHXSJT,4.28444663039662e-05,9.160103218627755e-05,8.525681471472423e-05,4.28444663039662e-05,9.160103218627755e-05,8.525681471472423e-05
ID_O844TL,0.00014249564131743053,0.0005161213827637193,0.0005309889413502356,0.00014249564131743053,0.0005161213827637193,0.0005309889413502356
ID_AS1OS1,0.0003460878240682281,0.0004998273934590605,0.0005158878221324236,0.0003460878240682281,0.0004998273934590605,0.0005158878221324236
ID_MMEHS3,4.28444663039662e-05,9.160103218627755e-05,8.525681471472423e-05,4.28444663039662e-05,9.160103218627755e-05,8.525681471472423e-05
ID_CQFY1Y,0.0012772333737369962,0.0009275091912976518,0.0024359701288475307,0.0012772333737369962,0.0009275091912976518,0.0024359701288475307
ID_JGBB5Z,8.389766815768559e-05,0.00018237404749371245,0.000371235293216902,8.389766815768559e-05,0.00018237404749371245,0.000371235293216902
ID_5844IN,2.543928848694622e-05,2.9055465738338106e-05,3.246534583388528e-05,2.543928848694622e-05,2.9055465738338106e-05,3.246534583388528e-05
ID_1CHR0U,7.534505653198682e-05,0.00022419174948871845,0.0003064312741200218,7.534505653198682e-05,0.00022419174948871845,0.0003064312741200218
ID_KA4XEL,1.5457472444965885e-05,2.2932328713155575e-05,2.32253316644767e-05,1.5457472444965885e-05,2.2932328713155575e-05,2.32253316644767e-05
ID_HC45O8,0.0007044973535454836,0.001211328279682914,0.0027739966885386266,0.0007044973535454836,0.001211328279682914,0.0027739966885386266
ID_Q29LQD,0.0003460878240682281,0.0004998273934590605,0.0005158878221324236,0.0003460878240682281,0.0004998273934590605,0.0005158878221324236
ID_QJV4SK,0.0003460878240682281,0.0004998273934590605,0.0005158878221324236,0.0003460878240682281,0.0004998273934590605,0.0005158878221324236
ID_JNXALI,8.389766815768559e-05,0.00018237404749371245,0.000371235293216902,8.389766815768559e-05,0.00018237404749371245,0.000371235293216902
ID_G1IG7E,3.1030755027953556e-05,0.0006638878131131695,0.0004392382321280669,3.1030755027953556e-05,0.0006638878131131695,0.0004392382321280669
ID_8B0B3T,0.000485699435709399,0.0007084807742053802,0.0005969762115168602,0.000485699435709399,0.0007084807742053802,0.0005969762115168602
ID_2VT9FI,4.948824632848149e-05,0.00010839424728784899,0.00023031754587298785,4.948824632848149e-05,0.00010839424728784899,0.00023031754587298785
ID_WACT7O,5.5893749817435194e-05,9.52617841628749e-05,7.427702076194168e-05,5.5893749817435194e-05,9.52617841628749e-05,7.427702076194168e-05
ID_WNI8DN,0.0003460878240682281,0.0004998273934590605,0.0005158878221324236,0.0003460878240682281,0.0004998273934590605,0.0005158878221324236
ID_FQTAK3,8.389766815768559e-05,0.00018237404749371245,0.000371235293216902,8.389766815768559e-05,0.00018237404749371245,0.000371235293216902
ID_574DIZ,0.0003460878240682281,0.0004998273934590605,0.0005158878221324236,0.0003460878240682281,0.0004998273934590605,0.0005158878221324236
ID_7SDSE9,4.28444663039662e-05,9.160103218627755e-05,8.525681471472423e-05,4.28444663039662e-05,9.160103218627755e-05,8.525681471472423e-05
ID_DFV6SX,0.0003460878240682281,0.0004998273934590605,0.0005158878221324236,0.0003460878240682281,0.0004998273934590605,0.0005158878221324236
ID_SRC95U,0.000485699435709399,0.0007084807742053802,0.0005969762115168602,0.000485699435709399,0.0007084807742053802,0.0005969762115168602
ID_22PEEN,0.000372544962842876,0.0012943778674082674,0.0008207018205809494,0.000372544962842876,0.0012943778674082674,0.0008207018205809494
ID_NI4J6I,8.389766815768559e-05,0.00018237404749371245,0.000371235293216902,8.389766815768559e-05,0.00018237404749371245,0.000371235293216902
ID_9W1XKU,0.0012772333737369962,0.0009275091912976518,0.0024359701288475307,0.0012772333737369962,0.0009275091912976518,0.0024359701288475307
ID_EXXRVW,0.000485699435709399,0.0007084807742053802,0.0005969762115168602,0.000485699435709399,0.0007084807742053802,0.0005969762115168602
ID_X1B7HZ,0.0007044973535454836,0.001211328279682914,0.0027739966885386266,0.0007044973535454836,0.001211328279682914,0.0027739966885386266
ID_2Z66EB,2.543928848694622e-05,2.9055465738338106e-05,3.246534583388528e-05,2.543928848694622e-05,2.9055465738338106e-05,3.246534583388528e-05
ID_3DF023,5.706541725705413e-05,0.00017440848737862777,0.00012386233939034328,5.706541725705413e-05,0.00017440848737862777,0.00012386233939034328
ID_838T04,4.28444663039662e-05,9.160103218627755e-05,8.525681471472423e-05,4.28444663039662e-05,9.160103218627755e-05,8.525681471472423e-05
ID_DCRP7F,4.291193237959488e-05,0.0001776280969255676,0.0001173825291700983,4.291193237959488e-05,0.0001776280969255676,0.0001173825291700983
ID_9KDNRL,4.28444663039662e-05,9.160103218627755e-05,8.525681471472423e-05,4.28444663039662e-05,9.160103218627755e-05,8.525681471472423e-05
ID_LVSS4O,4.948824632848149e-05,0.00010839424728784899,0.00023031754587298785,4.948824632848149e-05,0.00010839424728784899,0.00023031754587298785
ID_YAUK98,2.8612031969468613e-05,7.160747679764666e-05,8.232383688532069e-05,2.8612031969468613e-05,7.160747679764666e-05,8.232383688532069e-05
ID_VZO2C8,4.28444663039662e-05,9.160103218627755e-05,8.525681471472423e-05,4.28444663039662e-05,9.160103218627755e-05,8.525681471472423e-05
ID_B22C03,0.0003460878240682281,0.0004998273934590605,0.0005158878221324236,0.0003460878240682281,0.0004998273934590605,0.0005158878221324236
ID_OSSELX,0.0012772333737369962,0.0009275091912976518,0.0024359701288475307,0.0012772333737369962,0.0009275091912976518,0.0024359701288475307
ID_RVMS83,4.28444663039662e-05,9.160103218627755e-05,8.525681471472423e-05,4.28444663039662e-05,9.160103218627755e-05,8.525681471472423e-05
ID_N9GDIY,0.00014249564131743053,0.0005161213827637193,0.0005309889413502356,0.00014249564131743053,0.0005161213827637193,0.0005309889413502356
ID_86DS0O,0.0003460878240682281,0.0004998273934590605,0.0005158878221324236,0.0003460878240682281,0.0004998273934590605,0.0005158878221324236
ID_ZBG39I,5.706541725705413e-05,0.00017440848737862777,0.00012386233939034328,5.706541725705413e-05,0.00017440848737862777,0.00012386233939034328
ID_FLWZUM,4.28444663039662e-05,9.160103218627755e-05,8.525681471472423e-05,4.28444663039662e-05,9.160103218627755e-05,8.525681471472423e-05
ID_B64QFC,5.706541725705413e-05,0.00017440848737862777,0.00012386233939034328,5.706541725705413e-05,0.00017440848737862777,0.00012386233939034328
ID_STOONH,0.000485699435709399,0.0007084807742053802,0.0005969762115168602,0.000485699435709399,0.0007084807742053802,0.0005969762115168602
ID_WOGWV5,5.5893749817435194e-05,9.52617841628749e-05,7.427702076194168e-05,5.5893749817435194e-05,9.52617841628749e-05,7.427702076194168e-05
ID_DHNB48,0.0003460878240682281,0.0004998273934590605,0.0005158878221324236,0.0003460878240682281,0.0004998273934590605,0.0005158878221324236
ID_VAEHAO,2.4095138653336438e-05,4.051246844644435e-05,3.823243734603917e-05,2.4095138653336438e-05,4.051246844644435e-05,3.823243734603917e-05
ID_HLN7YL,0.0003460878240682281,0.0004998273934590605,0.0005158878221324236,0.0003460878240682281,0.0004998273934590605,0.0005158878221324236
ID_JSD8GD,0.0003460878240682281,0.0004998273934590605,0.0005158878221324236,0.0003460878240682281,0.0004998273934590605,0.0005158878221324236
ID_YMYL5P,4.28444663039662e-05,9.160103218627755e-05,8.525681471472423e-05,4.28444663039662e-05,9.160103218627755e-05,8.525681471472423e-05
ID_JWJ6LD,8.389766815768559e-05,0.00018237404749371245,0.000371235293216902,8.389766815768559e-05,0.00018237404749371245,0.000371235293216902
ID_YW34VH,0.0003460878240682281,0.0004998273934590605,0.0005158878221324236,0.0003460878240682281,0.0004998273934590605,0.0005158878221324236
ID_X5FI4F,2.0104790780830167e-05,2.7397528084246557e-05,2.7384812730902015e-05,2.0104790780830167e-05,2.7397528084246557e-05,2.7384812730902015e-05
ID_HOX29F,7.406764474616098e-05,0.0001592705649217565,0.00022015212455910862,7.406764474616098e-05,0.0001592705649217565,0.00022015212455910862
ID_5EH9MJ,2.0104790780830167e-05,2.7397528084246557e-05,2.7384812730902015e-05,2.0104790780830167e-05,2.7397528084246557e-05,2.7384812730902015e-05
ID_D2SQ2F,0.0012772333737369962,0.0009275091912976518,0.0024359701288475307,0.0012772333737369962,0.0009275091912976518,0.0024359701288475307
ID_TMFZSB,0.0003460878240682281,0.0004998273934590605,0.0005158878221324236,0.0003460878240682281,0.0004998273934590605,0.0005158878221324236
ID_WZLIOZ,0.000485699435709399,0.0007084807742053802,0.0005969762115168602,0.000485699435709399,0.0007084807742053802,0.0005969762115168602
ID_GW81H7,8.389766815768559e-05,0.00018237404749371245,0.000371235293216902,8.389766815768559e-05,0.00018237404749371245,0.000371235293216902
ID_8H6FU1,7.406764474616098e-05,0.0001592705649217565,0.00022015212455910862,7.406764474616098e-05,0.0001592705649217565,0.00022015212455910862
ID_8Y8FZW,0.0012772333737369962,0.0009275091912976518,0.0024359701288475307,0.0012772333737369962,0.0009275091912976518,0.0024359701288475307
ID_QTMQF9,5.3176239372553606e-05,6.0011768675045156e-05,5.2096092264619675e-05,5.3176239372553606e-05,6.0011768675045156e-05,5.2096092264619675e-05
ID_MO29LK,5.5893749817435194e-05,9.52617841628749e-05,7.427702076194168e-05,5.5893749817435194e-05,9.52617841628749e-05,7.427702076194168e-05
ID_HEFVRV,0.0012772333737369962,0.0009275091912976518,0.0024359701288475307,0.0012772333737369962,0.0009275091912976518,0.0024359701288475307
ID_HM2KF9,2.4095138653336438e-05,4.051246844644435e-05,3.823243734603917e-05,2.4095138653336438e-05,4.051246844644435e-05,3.823243734603917e-05
ID_T2LQRI,0.0003042279622673066,0.0029136551268140022,0.0012527500601884343,0.0003042279622673066,0.0029136551268140022,0.0012527500601884343
ID_WKW5QW,0.00028503162241755656,0.00015279191975185077,0.0003157883376790876,0.00028503162241755656,0.00015279191975185077,0.0003157883376790876
ID_YW71NA,8.389766815768559e-05,0.00018237404749371245,0.000371235293216902,8.389766815768559e-05,0.00018237404749371245,0.000371235293216902
ID_WG14C6,5.5893749817435194e-05,9.52617841628749e-05,7.427702076194168e-05,5.5893749817435194e-05,9.52617841628749e-05,7.427702076194168e-05
ID_ZWP9EJ,4.28444663039662e-05,9.160103218627755e-05,8.525681471472423e-05,4.28444663039662e-05,9.160103218627755e-05,8.525681471472423e-05
ID_N694IA,7.406764474616098e-05,0.0001592705649217565,0.00022015212455910862,7.406764474616098e-05,0.0001592705649217565,0.00022015212455910862
ID_BADU0T,3.312129176075833e-05,8.452840662477858e-05,7.871655125178438e-05,3.312129176075833e-05,8.452840662477858e-05,7.871655125178438e-05
ID_3X96G5,5.3176239372553606e-05,6.0011768675045156e-05,5.2096092264619675e-05,5.3176239372553606e-05,6.0011768675045156e-05,5.2096092264619675e-05
ID_C2SL3S,0.00017206032497257934,0.0001313680809203128,0.000243082422500709,0.00017206032497257934,0.0001313680809203128,0.000243082422500709
ID_O4DJ6G,7.406764474616098e-05,0.0001592705649217565,0.00022015212455910862,7.406764474616098e-05,0.0001592705649217565,0.00022015212455910862
ID_71R9X9,8.389766815768559e-05,0.00018237404749371245,0.000371235293216902,8.389766815768559e-05,0.00018237404749371245,0.000371235293216902
ID_ZDM8BX,0.00011398890478411473,0.000695234844166835,0.0003608007457727498,0.00011398890478411473,0.000695234844166835,0.0003608007457727498
ID_95AMEG,1.5457472444965885e-05,2.2932328713155575e-05,2.32253316644767e-05,1.5457472444965885e-05,2.2932328713155575e-05,2.32253316644767e-05
ID_PFYUD5,0.0012772333737369962,0.0009275091912976518,0.0024359701288475307,0.0012772333737369962,0.0009275091912976518,0.0024359701288475307
ID_VO4JHF,4.28444663039662e-05,9.160103218627755e-05,8.525681471472423e-05,4.28444663039662e-05,9.160103218627755e-05,8.525681471472423e-05
ID_9VY7H9,1.5457472444965885e-05,2.2932328713155575e-05,2.32253316644767e-05,1.5457472444965885e-05,2.2932328713155575e-05,2.32253316644767e-05
ID_PL4QY0,5.5893749817435194e-05,9.52617841628749e-05,7.427702076194168e-05,5.5893749817435194e-05,9.52617841628749e-05,7.427702076194168e-05
ID_Q3UAV5,0.0003460878240682281,0.0004998273934590605,0.0005158878221324236,0.0003460878240682281,0.0004998273934590605,0.0005158878221324236
ID_23NRCI,5.5893749817435194e-05,9.52617841628749e-05,7.427702076194168e-05,5.5893749817435194e-05,9.52617841628749e-05,7.427702076194168e-05
ID_T58A3E,0.0003460878240682281,0.0004998273934590605,0.0005158878221324236,0.0003460878240682281,0.0004998273934590605,0.0005158878221324236
ID_VFP3AX,0.0005893460673538212,0.0031541175670941604,0.005511502564380015,0.0005893460673538212,0.0031541175670941604,0.005511502564380015
ID_9P0RI1,0.0005893460673538212,0.0031541175670941604,0.005511502564380015,0.0005893460673538212,0.0031541175670941604,0.005511502564380015
ID_PM90HD,7.406764474616098e-05,0.0001592705649217565,0.00022015212455910862,7.406764474616098e-05,0.0001592705649217565,0.00022015212455910862
ID_RGEP75,0.0007044973535454836,0.001211328279682914,0.0027739966885386266,0.0007044973535454836,0.001211328279682914,0.0027739966885386266
ID_0V5W7R,0.0012772333737369962,0.0009275091912976518,0.0024359701288475307,0.0012772333737369962,0.0009275091912976518,0.0024359701288475307
ID_13XPOY,6.4890282238991e-05,0.002728837370109905,0.0019777576128425906,6.4890282238991e-05,0.002728837370109905,0.0019777576128425906
ID_34V217,7.606164749791111e-06,3.698097269202864e-05,4.0586463652478635e-05,7.606164749791111e-06,3.698097269202864e-05,4.0586463652478635e-05
ID_PII98H,0.00011277526796920343,0.00012020331737497736,0.0002113522241311583,0.00011277526796920343,0.00012020331737497736,0.0002113522241311583
ID_0FEW1F,4.28444663039662e-05,9.160103218627755e-05,8.525681471472423e-05,4.28444663039662e-05,9.160103218627755e-05,8.525681471472423e-05
ID_WCKBMG,7.606164749791111e-06,3.698097269202864e-05,4.0586463652478635e-05,7.606164749791111e-06,3.698097269202864e-05,4.0586463652478635e-05
ID_08DG5M,4.28444663039662e-05,9.160103218627755e-05,8.525681471472423e-05,4.28444663039662e-05,9.160103218627755e-05,8.525681471472423e-05
ID_NR39DV,7.20727381305382e-05,0.00010634474376007444,0.00015549088724588285,7.20727381305382e-05,0.00010634474376007444,0.00015549088724588285
ID_HL1IVR,4.28444663039662e-05,9.160103218627755e-05,8.525681471472423e-05,4.28444663039662e-05,9.160103218627755e-05,8.525681471472423e-05
ID_M7G1UN,0.0003460878240682281,0.0004998273934590605,0.0005158878221324236,0.0003460878240682281,0.0004998273934590605,0.0005158878221324236
ID_PTXVXA,7.406764474616098e-05,0.0001592705649217565,0.00022015212455910862,7.406764474616098e-05,0.0001592705649217565,0.00022015212455910862
ID_6M5MZL,7.406764474616098e-05,0.0001592705649217565,0.00022015212455910862,7.406764474616098e-05,0.0001592705649217565,0.00022015212455910862
ID_DULZGI,4.28444663039662e-05,9.160103218627755e-05,8.525681471472423e-05,4.28444663039662e-05,9.160103218627755e-05,8.525681471472423e-05
ID_LZU656,0.0005893460673538212,0.0031541175670941604,0.005511502564380015,0.0005893460673538212,0.0031541175670941604,0.005511502564380015
ID_1UYN03,0.0005893460673538212,0.0031541175670941604,0.005511502564380015,0.0005893460673538212,0.0031541175670941604,0.005511502564380015
ID_REBSF2,7.606164749791111e-06,3.698097269202864e-05,4.0586463652478635e-05,7.606164749791111e-06,3.698097269202864e-05,4.0586463652478635e-05
ID_LFP94I,1.5457472444965885e-05,2.2932328713155575e-05,2.32253316644767e-05,1.5457472444965885e-05,2.2932328713155575e-05,2.32253316644767e-05
ID_E8GMOT,5.706541725705413e-05,0.00017440848737862777,0.00012386233939034328,5.706541725705413e-05,0.00017440848737862777,0.00012386233939034328
ID_SLSO1E,2.8612031969468613e-05,7.160747679764666e-05,8.232383688532069e-05,2.8612031969468613e-05,7.160747679764666e-05,8.232383688532069e-05
ID_OZ54TY,0.0003460878240682281,0.0004998273934590605,0.0005158878221324236,0.0003460878240682281,0.0004998273934590605,0.0005158878221324236
ID_2XT9TI,0.0008690906363663873,0.00532320390351701,0.005832543335075853,0.0008690906363663873,0.00532320390351701,0.005832543335075853
ID_6WQFJU,0.0012772333737369962,0.0009275091912976518,0.0024359701288475307,0.0012772333737369962,0.0009275091912976518,0.0024359701288475307
ID_5WL3Y6,4.28444663039662e-05,9.160103218627755e-05,8.525681471472423e-05,4.28444663039662e-05,9.160103218627755e-05,8.525681471472423e-05
ID_H0N40Y,2.0104790780830167e-05,2.7397528084246557e-05,2.7384812730902015e-05,2.0104790780830167e-05,2.7397528084246557e-05,2.7384812730902015e-05
ID_LC7WV1,0.0005893460673538212,0.0031541175670941604,0.005511502564380015,0.0005893460673538212,0.0031541175670941604,0.005511502564380015
ID_8JMBE0,5.3176239372553606e-05,6.0011768675045156e-05,5.2096092264619675e-05,5.3176239372553606e-05,6.0011768675045156e-05,5.2096092264619675e-05
ID_D54YT9,5.706541725705413e-05,0.00017440848737862777,0.00012386233939034328,5.706541725705413e-05,0.00017440848737862777,0.00012386233939034328
ID_AKO2D7,7.534505653198682e-05,0.00022419174948871845,0.0003064312741200218,7.534505653198682e-05,0.00022419174948871845,0.0003064312741200218
ID_AFFUFE,1.5457472444965885e-05,2.2932328713155575e-05,2.32253316644767e-05,1.5457472444965885e-05,2.2932328713155575e-05,2.32253316644767e-05
ID_3G5BHU,0.000485699435709399,0.0007084807742053802,0.0005969762115168602,0.000485699435709399,0.0007084807742053802,0.0005969762115168602
ID_SVTUNC,0.0003460878240682281,0.0004998273934590605,0.0005158878221324236,0.0003460878240682281,0.0004998273934590605,0.0005158878221324236
ID_A7DKT7,5.3176239372553606e-05,6.0011768675045156e-05,5.2096092264619675e-05,5.3176239372553606e-05,6.0011768675045156e-05,5.2096092264619675e-05
ID_D1J9QX,0.00019017437035465397,0.0009150774914289518,0.0004340792915735303,0.00019017437035465397,0.0009150774914289518,0.0004340792915735303
ID_OU67R8,0.000485699435709399,0.0007084807742053802,0.0005969762115168602,0.000485699435709399,0.0007084807742053802,0.0005969762115168602
ID_QTR8MC,0.00011277526796920343,0.00012020331737497736,0.0002113522241311583,0.00011277526796920343,0.00012020331737497736,0.0002113522241311583
ID_NC86Y4,8.389766815768559e-05,0.00018237404749371245,0.000371235293216902,8.389766815768559e-05,0.00018237404749371245,0.000371235293216902
ID_A8FL82,0.00028503162241755656,0.00015279191975185077,0.0003157883376790876,0.00028503162241755656,0.00015279191975185077,0.0003157883376790876
ID_WC0D1P,0.0007727531943335147,0.004387825098971256,0.0019983426827061184,0.0007727531943335147,0.004387825098971256,0.0019983426827061184
ID_PWAUK1,5.5893749817435194e-05,9.52617841628749e-05,7.427702076194168e-05,5.5893749817435194e-05,9.52617841628749e-05,7.427702076194168e-05
ID_GIFIE7,7.406764474616098e-05,0.0001592705649217565,0.00022015212455910862,7.406764474616098e-05,0.0001592705649217565,0.00022015212455910862
ID_YOLT7L,5.5893749817435194e-05,9.52617841628749e-05,7.427702076194168e-05,5.5893749817435194e-05,9.52617841628749e-05,7.427702076194168e-05
ID_AOHLCR,8.389766815768559e-05,0.00018237404749371245,0.000371235293216902,8.389766815768559e-05,0.00018237404749371245,0.000371235293216902
ID_MC4FYO,5.706541725705413e-05,0.00017440848737862777,0.00012386233939034328,5.706541725705413e-05,0.00017440848737862777,0.00012386233939034328
ID_LGOAXV,8.389766815768559e-05,0.00018237404749371245,0.000371235293216902,8.389766815768559e-05,0.00018237404749371245,0.000371235293216902
ID_DDUFHC,5.3176239372553606e-05,6.0011768675045156e-05,5.2096092264619675e-05,5.3176239372553606e-05,6.0011768675045156e-05,5.2096092264619675e-05
ID_H0RGUD,2.4095138653336438e-05,4.051246844644435e-05,3.823243734603917e-05,2.4095138653336438e-05,4.051246844644435e-05,3.823243734603917e-05
ID_AMG79K,4.28444663039662e-05,9.160103218627755e-05,8.525681471472423e-05,4.28444663039662e-05,9.160103218627755e-05,8.525681471472423e-05
ID_QJ7ZG7,4.28444663039662e-05,9.160103218627755e-05,8.525681471472423e-05,4.28444663039662e-05,9.160103218627755e-05,8.525681471472423e-05
ID_O1IR2M,0.0003460878240682281,0.0004998273934590605,0.0005158878221324236,0.0003460878240682281,0.0004998273934590605,0.0005158878221324236
ID_NE2WWT,0.00028503162241755656,0.00015279191975185077,0.0003157883376790876,0.00028503162241755656,0.00015279191975185077,0.0003157883376790876
ID_B7S9BY,5.5893749817435194e-05,9.52617841628749e-05,7.427702076194168e-05,5.5893749817435194e-05,9.52617841628749e-05,7.427702076194168e-05
ID_QPCJON,4.948824632848149e-05,0.00010839424728784899,0.00023031754587298785,4.948824632848149e-05,0.00010839424728784899,0.00023031754587298785
ID_LBAOGX,2.8612031969468613e-05,7.160747679764666e-05,8.232383688532069e-05,2.8612031969468613e-05,7.160747679764666e-05,8.232383688532069e-05
ID_ZX88UJ,5.3176239372553606e-05,6.0011768675045156e-05,5.2096092264619675e-05,5.3176239372553606e-05,6.0011768675045156e-05,5.2096092264619675e-05
ID_O5C888,5.5893749817435194e-05,9.52617841628749e-05,7.427702076194168e-05,5.5893749817435194e-05,9.52617841628749e-05,7.427702076194168e-05
ID_NALJCO,7.766910288169166e-06,4.61581199917588e-05,7.932922100679336e-05,7.766910288169166e-06,4.61581199917588e-05,7.932922100679336e-05
ID_YE6913,7.406764474616098e-05,0.0001592705649217565,0.00022015212455910862,7.406764474616098e-05,0.0001592705649217565,0.00022015212455910862
ID_11KZ0U,5.706541725705413e-05,0.00017440848737862777,0.00012386233939034328,5.706541725705413e-05,0.00017440848737862777,0.00012386233939034328
ID_WBNOOL,4.28444663039662e-05,9.160103218627755e-05,8.525681471472423e-05,4.28444663039662e-05,9.160103218627755e-05,8.525681471472423e-05
ID_6W4LRH,0.0003460878240682281,0.0004998273934590605,0.0005158878221324236,0.0003460878240682281,0.0004998273934590605,0.0005158878221324236
ID_WBH8B3,2.543928848694622e-05,2.9055465738338106e-05,3.246534583388528e-05,2.543928848694622e-05,2.9055465738338106e-05,3.246534583388528e-05
ID_Y1VP8I,5.3176239372553606e-05,6.0011768675045156e-05,5.2096092264619675e-05,5.3176239372553606e-05,6.0011768675045156e-05,5.2096092264619675e-05
ID_RTUQI0,2.543928848694622e-05,2.9055465738338106e-05,3.246534583388528e-05,2.543928848694622e-05,2.9055465738338106e-05,3.246534583388528e-05
ID_KUH46J,8.389766815768559e-05,0.00018237404749371245,0.000371235293216902,8.389766815768559e-05,0.00018237404749371245,0.000371235293216902
ID_FNPWIO,7.406764474616098e-05,0.0001592705649217565,0.00022015212455910862,7.406764474616098e-05,0.0001592705649217565,0.00022015212455910862
ID_LL7LKM,0.0007044973535454836,0.001211328279682914,0.0027739966885386266,0.0007044973535454836,0.001211328279682914,0.0027739966885386266
ID_8JXK5Z,3.312129176075833e-05,8.452840662477858e-05,7.871655125178438e-05,3.312129176075833e-05,8.452840662477858e-05,7.871655125178438e-05
ID_RVDWFT,7.61016034546074e-06,4.5523881111522216e-05,5.7227416339701985e-05,7.61016034546074e-06,4.5523881111522216e-05,5.7227416339701985e-05
ID_8RP3M8,7.406764474616098e-05,0.0001592705649217565,0.00022015212455910862,7.406764474616098e-05,0.0001592705649217565,0.00022015212455910862
ID_LVL634,0.0012772333737369962,0.0009275091912976518,0.0024359701288475307,0.0012772333737369962,0.0009275091912976518,0.0024359701288475307
ID_DTCNOM,5.5893749817435194e-05,9.52617841628749e-05,7.427702076194168e-05,5.5893749817435194e-05,9.52617841628749e-05,7.427702076194168e-05
ID_LBOZ73,2.8612031969468613e-05,7.160747679764666e-05,8.232383688532069e-05,2.8612031969468613e-05,7.160747679764666e-05,8.232383688532069e-05
ID_RYVJD1,0.00028503162241755656,0.00015279191975185077,0.0003157883376790876,0.00028503162241755656,0.00015279191975185077,0.0003157883376790876
ID_XF725L,2.0104790780830167e-05,2.7397528084246557e-05,2.7384812730902015e-05,2.0104790780830167e-05,2.7397528084246557e-05,2.7384812730902015e-05
ID_HPW237,7.406764474616098e-05,0.0001592705649217565,0.00022015212455910862,7.406764474616098e-05,0.0001592705649217565,0.00022015212455910862
ID_X7D1UM,2.8612031969468613e-05,7.160747679764666e-05,8.232383688532069e-05,2.8612031969468613e-05,7.160747679764666e-05,8.232383688532069e-05
ID_YOT7XI,5.5893749817435194e-05,9.52617841628749e-05,7.427702076194168e-05,5.5893749817435194e-05,9.52617841628749e-05,7.427702076194168e-05
ID_98FMQO,0.00028503162241755656,0.00015279191975185077,0.0003157883376790876,0.00028503162241755656,0.00015279191975185077,0.0003157883376790876
ID_HQ0DQ7,4.28444663039662e-05,9.160103218627755e-05,8.525681471472423e-05,4.28444663039662e-05,9.160103218627755e-05,8.525681471472423e-05
ID_POCUA6,2.543928848694622e-05,2.9055465738338106e-05,3.246534583388528e-05,2.543928848694622e-05,2.9055465738338106e-05,3.246534583388528e-05
ID_CW729L,5.295893201123437e-05,0.00012562219672120962,9.978354778674437e-05,5.295893201123437e-05,0.00012562219672120962,9.978354778674437e-05
ID_LCYPU0,4.28444663039662e-05,9.160103218627755e-05,8.525681471472423e-05,4.28444663039662e-05,9.160103218627755e-05,8.525681471472423e-05
ID_NAKHWW,4.28444663039662e-05,9.160103218627755e-05,8.525681471472423e-05,4.28444663039662e-05,9.160103218627755e-05,8.525681471472423e-05
ID_ONQFWS,7.801231952896452e-06,8.186487598929877e-05,0.00010161776590337756,7.801231952896452e-06,8.186487598929877e-05,0.00010161776590337756
ID_H1OEWH,4.28444663039662e-05,9.160103218627755e-05,8.525681471472423e-05,4.28444663039662e-05,9.160103218627755e-05,8.525681471472423e-05
ID_Q1IJJJ,4.372521291534064e-05,9.242713242748623e-05,0.00013227929847692748,4.372521291534064e-05,9.242713242748623e-05,0.00013227929847692748
ID_LX7DZQ,7.406764474616098e-05,0.0001592705649217565,0.00022015212455910862,7.406764474616098e-05,0.0001592705649217565,0.00022015212455910862
ID_XQ4CM7,8.389766815768559e-05,0.00018237404749371245,0.000371235293216902,8.389766815768559e-05,0.00018237404749371245,0.000371235293216902
ID_Z32YMV,1.5457472444965885e-05,2.2932328713155575e-05,2.32253316644767e-05,1.5457472444965885e-05,2.2932328713155575e-05,2.32253316644767e-05
ID_3Z42A5,7.406764474616098e-05,0.0001592705649217565,0.00022015212455910862,7.406764474616098e-05,0.0001592705649217565,0.00022015212455910862
ID_U94QW1,2.0105573419224177e-05,2.579154741704598e-05,3.777469860832541e-05,2.0105573419224177e-05,2.579154741704598e-05,3.777469860832541e-05
ID_VQRFFA,1.5457472444965885e-05,2.2932328713155575e-05,2.32253316644767e-05,1.5457472444965885e-05,2.2932328713155575e-05,2.32253316644767e-05
ID_FWAHKC,0.0003460878240682281,0.0004998273934590605,0.0005158878221324236,0.0003460878240682281,0.0004998273934590605,0.0005158878221324236
ID_HXWWIA,0.0008690906363663873,0.00532320390351701,0.005832543335075853,0.0008690906363663873,0.00532320390351701,0.005832543335075853
ID_OREIPY,4.28444663039662e-05,9.160103218627755e-05,8.525681471472423e-05,4.28444663039662e-05,9.160103218627755e-05,8.525681471472423e-05
ID_U838WM,2.0104790780830167e-05,2.7397528084246557e-05,2.7384812730902015e-05,2.0104790780830167e-05,2.7397528084246557e-05,2.7384812730902015e-05
ID_9N55U9,0.00028503162241755656,0.00015279191975185077,0.0003157883376790876,0.00028503162241755656,0.00015279191975185077,0.0003157883376790876
ID_LB396K,0.00011277526796920343,0.00012020331737497736,0.0002113522241311583,0.00011277526796920343,0.00012020331737497736,0.0002113522241311583
ID_A145CS,0.00028503162241755656,0.00015279191975185077,0.0003157883376790876,0.00028503162241755656,0.00015279191975185077,0.0003157883376790876
ID_X8FLQA,0.00011398890478411473,0.000695234844166835,0.0003608007457727498,0.00011398890478411473,0.000695234844166835,0.0003608007457727498
ID_DFZGTP,4.28444663039662e-05,9.160103218627755e-05,8.525681471472423e-05,4.28444663039662e-05,9.160103218627755e-05,8.525681471472423e-05
ID_9WB9ER,8.389766815768559e-05,0.00018237404749371245,0.000371235293216902,8.389766815768559e-05,0.00018237404749371245,0.000371235293216902
ID_9PKSWB,0.0012772333737369962,0.0009275091912976518,0.0024359701288475307,0.0012772333737369962,0.0009275091912976518,0.0024359701288475307
ID_G3JAYX,0.0001505771306633583,0.0002785372486612644,0.0005530036168149854,0.0001505771306633583,0.0002785372486612644,0.0005530036168149854
ID_HSBW0H,2.0104790780830167e-05,2.7397528084246557e-05,2.7384812730902015e-05,2.0104790780830167e-05,2.7397528084246557e-05,2.7384812730902015e-05
ID_0NSO7P,8.389766815768559e-05,0.00018237404749371245,0.000371235293216902,8.389766815768559e-05,0.00018237404749371245,0.000371235293216902
ID_52TFD0,1.5457472444965885e-05,2.2932328713155575e-05,2.32253316644767e-05,1.5457472444965885e-05,2.2932328713155575e-05,2.32253316644767e-05
ID_D1FACJ,4.28444663039662e-05,9.160103218627755e-05,8.525681471472423e-05,4.28444663039662e-05,9.160103218627755e-05,8.525681471472423e-05
ID_JL96S9,0.00011277526796920343,0.00012020331737497736,0.0002113522241311583,0.00011277526796920343,0.00012020331737497736,0.0002113522241311583
ID_ZAD0FH,4.28444663039662e-05,9.160103218627755e-05,8.525681471472423e-05,4.28444663039662e-05,9.160103218627755e-05,8.525681471472423e-05
ID_4FWY0M,0.0012772333737369962,0.0009275091912976518,0.0024359701288475307,0.0012772333737369962,0.0009275091912976518,0.0024359701288475307
ID_A8CUPT,0.00011277526796920343,0.00012020331737497736,0.0002113522241311583,0.00011277526796920343,0.00012020331737497736,0.0002113522241311583
ID_94QLF8,2.8612031969468613e-05,7.160747679764666e-05,8.232383688532069e-05,2.8612031969468613e-05,7.160747679764666e-05,8.232383688532069e-05
ID_70653K,5.706541725705413e-05,0.00017440848737862777,0.00012386233939034328,5.706541725705413e-05,0.00017440848737862777,0.00012386233939034328
ID_14JUT9,5.5893749817435194e-05,9.52617841628749e-05,7.427702076194168e-05,5.5893749817435194e-05,9.52617841628749e-05,7.427702076194168e-05
ID_H2V2M0,8.389766815768559e-05,0.00018237404749371245,0.000371235293216902,8.389766815768559e-05,0.00018237404749371245,0.000371235293216902
ID_9WPT8S,0.0012772333737369962,0.0009275091912976518,0.0024359701288475307,0.0012772333737369962,0.0009275091912976518,0.0024359701288475307
ID_MLN1KY,2.0104790780830167e-05,2.7397528084246557e-05,2.7384812730902015e-05,2.0104790780830167e-05,2.7397528084246557e-05,2.7384812730902015e-05
ID_L9BHE4,4.28444663039662e-05,9.160103218627755e-05,8.525681471472423e-05,4.28444663039662e-05,9.160103218627755e-05,8.525681471472423e-05
ID_2E4Z0T,0.0003460878240682281,0.0004998273934590605,0.0005158878221324236,0.0003460878240682281,0.0004998273934590605,0.0005158878221324236
ID_ZT06HL,2.543928848694622e-05,2.9055465738338106e-05,3.246534583388528e-05,2.543928848694622e-05,2.9055465738338106e-05,3.246534583388528e-05
ID_EZOD1A,4.948824632848149e-05,0.00010839424728784899,0.00023031754587298785,4.948824632848149e-05,0.00010839424728784899,0.00023031754587298785
ID_8YFFOF,2.4095138653336438e-05,4.051246844644435e-05,3.823243734603917e-05,2.4095138653336438e-05,4.051246844644435e-05,3.823243734603917e-05
ID_HU2O61,5.706541725705413e-05,0.00017440848737862777,0.00012386233939034328,5.706541725705413e-05,0.00017440848737862777,0.00012386233939034328
ID_OWCHBD,0.0003460878240682281,0.0004998273934590605,0.0005158878221324236,0.0003460878240682281,0.0004998273934590605,0.0005158878221324236
ID_IG2VDI,0.000485699435709399,0.0007084807742053802,0.0005969762115168602,0.000485699435709399,0.0007084807742053802,0.0005969762115168602
ID_VAJXTJ,7.534505653198682e-05,0.00022419174948871845,0.0003064312741200218,7.534505653198682e-05,0.00022419174948871845,0.0003064312741200218
ID_6IAYCJ,4.28444663039662e-05,9.160103218627755e-05,8.525681471472423e-05,4.28444663039662e-05,9.160103218627755e-05,8.525681471472423e-05
ID_9T1VYC,0.0003460878240682281,0.0004998273934590605,0.0005158878221324236,0.0003460878240682281,0.0004998273934590605,0.0005158878221324236
ID_24SH8X,0.0003460878240682281,0.0004998273934590605,0.0005158878221324236,0.0003460878240682281,0.0004998273934590605,0.0005158878221324236
ID_8I7C6M,0.0003460878240682281,0.0004998273934590605,0.0005158878221324236,0.0003460878240682281,0.0004998273934590605,0.0005158878221324236
ID_ABKXZ5,0.0003460878240682281,0.0004998273934590605,0.0005158878221324236,0.0003460878240682281,0.0004998273934590605,0.0005158878221324236
ID_V86WTI,8.389766815768559e-05,0.00018237404749371245,0.000371235293216902,8.389766815768559e-05,0.00018237404749371245,0.000371235293216902
ID_CXZJ2V,7.606164749791111e-06,3.698097269202864e-05,4.0586463652478635e-05,7.606164749791111e-06,3.698097269202864e-05,4.0586463652478635e-05
ID_HTMPB2,0.0003460878240682281,0.0004998273934590605,0.0005158878221324236,0.0003460878240682281,0.0004998273934590605,0.0005158878221324236
ID_LE7AJZ,3.1030755027953556e-05,0.0006638878131131695,0.0004392382321280669,3.1030755027953556e-05,0.0006638878131131695,0.0004392382321280669
ID_JWE28K,0.00028503162241755656,0.00015279191975185077,0.0003157883376790876,0.00028503162241755656,0.00015279191975185077,0.0003157883376790876
ID_SO53CK,0.0003460878240682281,0.0004998273934590605,0.0005158878221324236,0.0003460878240682281,0.0004998273934590605,0.0005158878221324236
ID_0CG34U,0.00011277526796920343,0.00012020331737497736,0.0002113522241311583,0.00011277526796920343,0.00012020331737497736,0.0002113522241311583
ID_2MRPP3,7.406764474616098e-05,0.0001592705649217565,0.00022015212455910862,7.406764474616098e-05,0.0001592705649217565,0.00022015212455910862
ID_PMXN5K,1.3498283705123872e-05,2.0495415080976094e-05,2.3615194925092292e-05,1.3498283705123872e-05,2.0495415080976094e-05,2.3615194925092292e-05
ID_Z6SJMN,0.0003460878240682281,0.0004998273934590605,0.0005158878221324236,0.0003460878240682281,0.0004998273934590605,0.0005158878221324236
ID_A7GI40,2.8612031969468613e-05,7.160747679764666e-05,8.232383688532069e-05,2.8612031969468613e-05,7.160747679764666e-05,8.232383688532069e-05
ID_0KZUAR,7.406764474616098e-05,0.0001592705649217565,0.00022015212455910862,7.406764474616098e-05,0.0001592705649217565,0.00022015212455910862
ID_DG3MSI,0.00024431179796882533,0.0008235997799687464,0.0005955055385627156,0.00024431179796882533,0.0008235997799687464,0.0005955055385627156
ID_5J1CC3,0.00019017437035465397,0.0009150774914289518,0.0004340792915735303,0.00019017437035465397,0.0009150774914289518,0.0004340792915735303
ID_J415GF,0.00011277526796920343,0.00012020331737497736,0.0002113522241311583,0.00011277526796920343,0.00012020331737497736,0.0002113522241311583
ID_Q1L2TI,7.406764474616098e-05,0.0001592705649217565,0.00022015212455910862,7.406764474616098e-05,0.0001592705649217565,0.00022015212455910862
ID_MOHLRS,0.0003460878240682281,0.0004998273934590605,0.0005158878221324236,0.0003460878240682281,0.0004998273934590605,0.0005158878221324236
ID_C774J9,8.764352030340673e-06,1.9968568485906427e-05,1.9929858198208206e-05,8.764352030340673e-06,1.9968568485906427e-05,1.9929858198208206e-05
ID_SPCQ85,8.389766815768559e-05,0.00018237404749371245,0.000371235293216902,8.389766815768559e-05,0.00018237404749371245,0.000371235293216902
ID_GMYJFP,2.543928848694622e-05,2.9055465738338106e-05,3.246534583388528e-05,2.543928848694622e-05,2.9055465738338106e-05,3.246534583388528e-05
ID_ERHVEE,0.00011277526796920343,0.00012020331737497736,0.0002113522241311583,0.00011277526796920343,0.00012020331737497736,0.0002113522241311583
ID_WT1HQ6,6.4536956198106936e-06,6.223009726670425e-05,5.273382875601467e-05,6.4536956198106936e-06,6.223009726670425e-05,5.273382875601467e-05
ID_TYY327,0.0003042279622673066,0.0029136551268140022,0.0012527500601884343,0.0003042279622673066,0.0029136551268140022,0.0012527500601884343
ID_2W993C,8.389766815768559e-05,0.00018237404749371245,0.000371235293216902,8.389766815768559e-05,0.00018237404749371245,0.000371235293216902
ID_Q85Q17,0.0012772333737369962,0.0009275091912976518,0.0024359701288475307,0.0012772333737369962,0.0009275091912976518,0.0024359701288475307
ID_SNMSY2,5.295893201123437e-05,0.00012562219672120962,9.978354778674437e-05,5.295893201123437e-05,0.00012562219672120962,9.978354778674437e-05
ID_90FA7U,0.000485699435709399,0.0007084807742053802,0.0005969762115168602,0.000485699435709399,0.0007084807742053802,0.0005969762115168602
ID_X675QX,4.93296957483844e-05,0.0009782741110473682,0.0004678206672682978,4.93296957483844e-05,0.0009782741110473682,0.0004678206672682978
ID_5IAUIV,4.28444663039662e-05,9.160103218627755e-05,8.525681471472423e-05,4.28444663039662e-05,9.160103218627755e-05,8.525681471472423e-05
ID_HUVJV5,5.5893749817435194e-05,9.52617841628749e-05,7.427702076194168e-05,5.5893749817435194e-05,9.52617841628749e-05,7.427702076194168e-05
ID_PLDU8V,4.28444663039662e-05,9.160103218627755e-05,8.525681471472423e-05,4.28444663039662e-05,9.160103218627755e-05,8.525681471472423e-05
ID_NAL8DL,0.00028503162241755656,0.00015279191975185077,0.0003157883376790876,0.00028503162241755656,0.00015279191975185077,0.0003157883376790876
ID_JHAC5O,4.28444663039662e-05,9.160103218627755e-05,8.525681471472423e-05,4.28444663039662e-05,9.160103218627755e-05,8.525681471472423e-05
ID_APH98Z,4.28444663039662e-05,9.160103218627755e-05,8.525681471472423e-05,4.28444663039662e-05,9.160103218627755e-05,8.525681471472423e-05
ID_FHNDKH,0.015845592698230056,0.023074934387197148,0.03236711931817194,0.015845592698230056,0.023074934387197148,0.03236711931817194
ID_64A0TW,1.774133499783236e-05,2.0822932836472582e-05,1.9362718207716337e-05,1.774133499783236e-05,2.0822932836472582e-05,1.9362718207716337e-05
ID_ZP6A8U,0.0002639212779922034,0.00037657491895631454,0.0007017228855007139,0.0002639212779922034,0.00037657491895631454,0.0007017228855007139
ID_LTA2T4,1.0275434470991797e-05,2.4740880573908404e-05,3.4575144496432066e-05,1.0275434470991797e-05,2.4740880573908404e-05,3.4575144496432066e-05
ID_QXDAZX,1.774133499783236e-05,2.0822932836472582e-05,1.9362718207716337e-05,1.774133499783236e-05,2.0822932836472582e-05,1.9362718207716337e-05
ID_8F32YO,1.774133499783236e-05,2.0822932836472582e-05,1.9362718207716337e-05,1.774133499783236e-05,2.0822932836472582e-05,1.9362718207716337e-05
ID_0WZ4DT,0.00016264452177871597,0.00011714590994038563,0.00020790041432182594,0.00016264452177871597,0.00011714590994038563,0.00020790041432182594
ID_QJMYFP,0.00016264452177871597,0.00011714590994038563,0.00020790041432182594,0.00016264452177871597,0.00011714590994038563,0.00020790041432182594
ID_BRNJFB,1.1499921977528138e-05,2.3550508772123257e-05,3.143826624463098e-05,1.1499921977528138e-05,2.3550508772123257e-05,3.143826624463098e-05
ID_ZFJSZL,2.6882470721107012e-05,4.2611689596106024e-05,6.704727184576353e-05,2.6882470721107012e-05,4.2611689596106024e-05,6.704727184576353e-05
ID_GN401Z,0.0008198955334880558,0.0006598895011002862,0.0008205408369357963,0.0008198955334880558,0.0006598895011002862,0.0008205408369357963
ID_0GZD1A,1.640302895982422e-05,1.76669405915515e-05,1.654945189900186e-05,1.640302895982422e-05,1.76669405915515e-05,1.654945189900186e-05
ID_HUX15L,0.0008198955334880558,0.0006598895011002862,0.0008205408369357963,0.0008198955334880558,0.0006598895011002862,0.0008205408369357963
ID_W83YWB,0.00016264452177871597,0.00011714590994038563,0.00020790041432182594,0.00016264452177871597,0.00011714590994038563,0.00020790041432182594
ID_YBE59H,0.00016264452177871597,0.00011714590994038563,0.00020790041432182594,0.00016264452177871597,0.00011714590994038563,0.00020790041432182594
ID_UGYJJ1,0.00016264452177871597,0.00011714590994038563,0.00020790041432182594,0.00016264452177871597,0.00011714590994038563,0.00020790041432182594
ID_WFF4P7,3.229145087571451e-05,3.748383988145849e-05,3.018597150649716e-05,3.229145087571451e-05,3.748383988145849e-05,3.018597150649716e-05
ID_QO8HIH,0.0002639212779922034,0.00037657491895631454,0.0007017228855007139,0.0002639212779922034,0.00037657491895631454,0.0007017228855007139
ID_8K23T6,0.00016264452177871597,0.00011714590994038563,0.00020790041432182594,0.00016264452177871597,0.00011714590994038563,0.00020790041432182594
ID_4K41LT,0.08293347668783327,0.08283615418221066,0.08083633968486807,0.08293347668783327,0.08283615418221066,0.08083633968486807
ID_QZEY8Z,0.00027862457081994724,0.00022611059686395357,0.00035149611548066574,0.00027862457081994724,0.00022611059686395357,0.00035149611548066574
ID_DA24DX,0.03981812608663231,0.048550881826243994,0.045467418323571686,0.03981812608663231,0.048550881826243994,0.045467418323571686
ID_F4HZIQ,1.1499921977528138e-05,2.3550508772123257e-05,3.143826624463098e-05,1.1499921977528138e-05,2.3550508772123257e-05,3.143826624463098e-05
ID_EJQPOR,2.6882470721107012e-05,4.2611689596106024e-05,6.704727184576353e-05,2.6882470721107012e-05,4.2611689596106024e-05,6.704727184576353e-05
ID_TEZ9WM,1.774133499783236e-05,2.0822932836472582e-05,1.9362718207716337e-05,1.774133499783236e-05,2.0822932836472582e-05,1.9362718207716337e-05
ID_BSMYYX,1.1499921977528138e-05,2.3550508772123257e-05,3.143826624463098e-05,1.1499921977528138e-05,2.3550508772123257e-05,3.143826624463098e-05
ID_9UFWRG,0.08293347668783327,0.08283615418221066,0.08083633968486807,0.08293347668783327,0.08283615418221066,0.08083633968486807
ID_495ND2,1.774133499783236e-05,2.0822932836472582e-05,1.9362718207716337e-05,1.774133499783236e-05,2.0822932836472582e-05,1.9362718207716337e-05
ID_XO0E78,1.1499921977528138e-05,2.3550508772123257e-05,3.143826624463098e-05,1.1499921977528138e-05,2.3550508772123257e-05,3.143826624463098e-05
ID_FN7QN6,0.08293347668783327,0.08283615418221066,0.08083633968486807,0.08293347668783327,0.08283615418221066,0.08083633968486807
ID_KCT2EE,0.0008198955334880558,0.0006598895011002862,0.0008205408369357963,0.0008198955334880558,0.0006598895011002862,0.0008205408369357963
ID_F6IK16,1.4965963585851169e-05,3.27361057747323e-05,3.180408791521953e-05,1.4965963585851169e-05,3.27361057747323e-05,3.180408791521953e-05
ID_DST3IB,1.0275434470991797e-05,2.4740880573908404e-05,3.4575144496432066e-05,1.0275434470991797e-05,2.4740880573908404e-05,3.4575144496432066e-05
ID_AHVSYQ,0.00016264452177871597,0.00011714590994038563,0.00020790041432182594,0.00016264452177871597,0.00011714590994038563,0.00020790041432182594
ID_HO8R7K,0.015845592698230056,0.023074934387197148,0.03236711931817194,0.015845592698230056,0.023074934387197148,0.03236711931817194
ID_F8I9VJ,0.0006494361857320421,0.0012029418184091266,0.001997004641182237,0.0006494361857320421,0.0012029418184091266,0.001997004641182237
ID_L4Z7FR,1.774133499783236e-05,2.0822932836472582e-05,1.9362718207716337e-05,1.774133499783236e-05,2.0822932836472582e-05,1.9362718207716337e-05
ID_Z5ZLR0,1.1499921977528138e-05,2.3550508772123257e-05,3.143826624463098e-05,1.1499921977528138e-05,2.3550508772123257e-05,3.143826624463098e-05
ID_JIR3BK,1.0275434470991797e-05,2.4740880573908404e-05,3.4575144496432066e-05,1.0275434470991797e-05,2.4740880573908404e-05,3.4575144496432066e-05
ID_RWDQGP,1.1499921977528138e-05,2.3550508772123257e-05,3.143826624463098e-05,1.1499921977528138e-05,2.3550508772123257e-05,3.143826624463098e-05
ID_9ID54G,4.682653688818491e-05,6.516800175805092e-05,9.941837380503913e-05,4.682653688818491e-05,6.516800175805092e-05,9.941837380503913e-05
ID_Z0WTDF,0.00016506800124183336,0.0003373474993563239,0.0005967330280563746,0.00016506800124183336,0.0003373474993563239,0.0005967330280563746
ID_7W5KVT,1.640302895982422e-05,1.76669405915515e-05,1.654945189900186e-05,1.640302895982422e-05,1.76669405915515e-05,1.654945189900186e-05
ID_69Z23E,1.4982306748165935e-05,3.2043901029782196e-05,3.200223469314778e-05,1.4982306748165935e-05,3.2043901029782196e-05,3.200223469314778e-05
ID_OEY4YT,0.0008198955334880558,0.0006598895011002862,0.0008205408369357963,0.0008198955334880558,0.0006598895011002862,0.0008205408369357963
ID_60YB9F,0.0003917530827302343,0.0012297451399246044,0.0018902586358473853,0.0003917530827302343,0.0012297451399246044,0.0018902586358473853
ID_PYWPUB,4.682653688818491e-05,6.516800175805092e-05,9.941837380503913e-05,4.682653688818491e-05,6.516800175805092e-05,9.941837380503913e-05
ID_XA4WSH,1.774133499783236e-05,2.0822932836472582e-05,1.9362718207716337e-05,1.774133499783236e-05,2.0822932836472582e-05,1.9362718207716337e-05
ID_74JAB8,1.774133499783236e-05,2.0822932836472582e-05,1.9362718207716337e-05,1.774133499783236e-05,2.0822932836472582e-05,1.9362718207716337e-05
ID_3ZNQ5E,2.6882470721107012e-05,4.2611689596106024e-05,6.704727184576353e-05,2.6882470721107012e-05,4.2611689596106024e-05,6.704727184576353e-05
ID_170KNW,1.774133499783236e-05,2.0822932836472582e-05,1.9362718207716337e-05,1.774133499783236e-05,2.0822932836472582e-05,1.9362718207716337e-05
ID_C8C5DP,3.4144218624682286e-05,3.7220163563049694e-05,3.0677374886609316e-05,3.4144218624682286e-05,3.7220163563049694e-05,3.0677374886609316e-05
ID_EGZ2JX,1.1499921977528138e-05,2.3550508772123257e-05,3.143826624463098e-05,1.1499921977528138e-05,2.3550508772123257e-05,3.143826624463098e-05
ID_ZWEMTO,1.774133499783236e-05,2.0822932836472582e-05,1.9362718207716337e-05,1.774133499783236e-05,2.0822932836472582e-05,1.9362718207716337e-05
ID_PN64SH,0.00019499750587719124,0.00015204901221096268,0.00027681030592098375,0.00019499750587719124,0.00015204901221096268,0.00027681030592098375
ID_WQGKWB,1.4965963585851169e-05,3.27361057747323e-05,3.180408791521953e-05,1.4965963585851169e-05,3.27361057747323e-05,3.180408791521953e-05
ID_QT9D5C,0.00027862457081994724,0.00022611059686395357,0.00035149611548066574,0.00027862457081994724,0.00022611059686395357,0.00035149611548066574
ID_73YX5O,0.0008198955334880558,0.0006598895011002862,0.0008205408369357963,0.0008198955334880558,0.0006598895011002862,0.0008205408369357963
ID_PDXWIS,1.774133499783236e-05,2.0822932836472582e-05,1.9362718207716337e-05,1.774133499783236e-05,2.0822932836472582e-05,1.9362718207716337e-05
ID_BOEF4Q,0.00016264452177871597,0.00011714590994038563,0.00020790041432182594,0.00016264452177871597,0.00011714590994038563,0.00020790041432182594
ID_9XMKQP,2.6882470721107012e-05,4.2611689596106024e-05,6.704727184576353e-05,2.6882470721107012e-05,4.2611689596106024e-05,6.704727184576353e-05
ID_KIS1RR,1.774133499783236e-05,2.0822932836472582e-05,1.9362718207716337e-05,1.774133499783236e-05,2.0822932836472582e-05,1.9362718207716337e-05
ID_G4DDGB,0.00016264452177871597,0.00011714590994038563,0.00020790041432182594,0.00016264452177871597,0.00011714590994038563,0.00020790041432182594
ID_XVO0XE,1.0275434470991797e-05,2.4740880573908404e-05,3.4575144496432066e-05,1.0275434470991797e-05,2.4740880573908404e-05,3.4575144496432066e-05
ID_1SU765,2.4309788789658387e-05,2.1868527006334532e-05,2.2663102033373534e-05,2.4309788789658387e-05,2.1868527006334532e-05,2.2663102033373534e-05
ID_II16H0,0.00027862457081994724,0.00022611059686395357,0.00035149611548066574,0.00027862457081994724,0.00022611059686395357,0.00035149611548066574
ID_ZJDJST,0.0002639212779922034,0.00037657491895631454,0.0007017228855007139,0.0002639212779922034,0.00037657491895631454,0.0007017228855007139
ID_ITM93O,6.724065100081924e-05,8.180608598361661e-05,0.0002093246612985667,6.724065100081924e-05,8.180608598361661e-05,0.0002093246612985667
ID_ACIYGQ,0.07953531269069909,0.07803525701697774,0.06830778660940813,0.07953531269069909,0.07803525701697774,0.06830778660940813
ID_I3D2M6,0.015845592698230056,0.023074934387197148,0.03236711931817194,0.015845592698230056,0.023074934387197148,0.03236711931817194
ID_XPS7OD,0.003238455107776545,0.004848412182071116,0.005666584950918681,0.003238455107776545,0.004848412182071116,0.005666584950918681
ID_X6MHWN,0.0001228086799634056,0.00012702990818160622,0.00025085348884322414,0.0001228086799634056,0.00012702990818160622,0.00025085348884322414
ID_4H6ZU0,1.774133499783236e-05,2.0822932836472582e-05,1.9362718207716337e-05,1.774133499783236e-05,2.0822932836472582e-05,1.9362718207716337e-05
ID_VJRY9K,1.774133499783236e-05,2.0822932836472582e-05,1.9362718207716337e-05,1.774133499783236e-05,2.0822932836472582e-05,1.9362718207716337e-05
ID_JRQ0K2,1.640302895982422e-05,1.76669405915515e-05,1.654945189900186e-05,1.640302895982422e-05,1.76669405915515e-05,1.654945189900186e-05
ID_CVP7U0,0.0008198955334880558,0.0006598895011002862,0.0008205408369357963,0.0008198955334880558,0.0006598895011002862,0.0008205408369357963
ID_OC1T6J,0.00016264452177871597,0.00011714590994038563,0.00020790041432182594,0.00016264452177871597,0.00011714590994038563,0.00020790041432182594
ID_5BJWT7,1.640302895982422e-05,1.76669405915515e-05,1.654945189900186e-05,1.640302895982422e-05,1.76669405915515e-05,1.654945189900186e-05
ID_E72G1X,0.0006494361857320421,0.0012029418184091266,0.001997004641182237,0.0006494361857320421,0.0012029418184091266,0.001997004641182237
ID_A38G0Y,6.724065100081924e-05,8.180608598361661e-05,0.0002093246612985667,6.724065100081924e-05,8.180608598361661e-05,0.0002093246612985667
ID_Z63P61,1.774133499783236e-05,2.0822932836472582e-05,1.9362718207716337e-05,1.774133499783236e-05,2.0822932836472582e-05,1.9362718207716337e-05
ID_ZMXHIG,1.640302895982422e-05,1.76669405915515e-05,1.654945189900186e-05,1.640302895982422e-05,1.76669405915515e-05,1.654945189900186e-05
ID_80C6RQ,2.6114144499845128e-05,2.2006157111615468e-05,2.3177580847473504e-05,2.6114144499845128e-05,2.2006157111615468e-05,2.3177580847473504e-05
ID_Q02CHP,1.774133499783236e-05,2.0822932836472582e-05,1.9362718207716337e-05,1.774133499783236e-05,2.0822932836472582e-05,1.9362718207716337e-05
ID_K4CEJB,0.00016264452177871597,0.00011714590994038563,0.00020790041432182594,0.00016264452177871597,0.00011714590994038563,0.00020790041432182594
ID_IOMK3G,0.0006494361857320421,0.0012029418184091266,0.001997004641182237,0.0006494361857320421,0.0012029418184091266,0.001997004641182237
ID_N8X2DM,1.774133499783236e-05,2.0822932836472582e-05,1.9362718207716337e-05,1.774133499783236e-05,2.0822932836472582e-05,1.9362718207716337e-05
ID_R44Y09,1.0275434470991797e-05,2.4740880573908404e-05,3.4575144496432066e-05,1.0275434470991797e-05,2.4740880573908404e-05,3.4575144496432066e-05
ID_QHMV04,1.774133499783236e-05,2.0822932836472582e-05,1.9362718207716337e-05,1.774133499783236e-05,2.0822932836472582e-05,1.9362718207716337e-05
ID_2IZGEP,1.774133499783236e-05,2.0822932836472582e-05,1.9362718207716337e-05,1.774133499783236e-05,2.0822932836472582e-05,1.9362718207716337e-05
ID_OY9WWL,0.00016264452177871597,0.00011714590994038563,0.00020790041432182594,0.00016264452177871597,0.00011714590994038563,0.00020790041432182594
ID_7AMIMW,0.007153873051314877,0.007331033774048723,0.012886187035585518,0.007153873051314877,0.007331033774048723,0.012886187035585518
ID_6E9QFF,1.1499921977528138e-05,2.3550508772123257e-05,3.143826624463098e-05,1.1499921977528138e-05,2.3550508772123257e-05,3.143826624463098e-05
ID_PQW5VH,1.0275434470991797e-05,2.4740880573908404e-05,3.4575144496432066e-05,1.0275434470991797e-05,2.4740880573908404e-05,3.4575144496432066e-05
ID_F81GRT,0.00016264452177871597,0.00011714590994038563,0.00020790041432182594,0.00016264452177871597,0.00011714590994038563,0.00020790041432182594
ID_2P41YW,0.0008198955334880558,0.0006598895011002862,0.0008205408369357963,0.0008198955334880558,0.0006598895011002862,0.0008205408369357963
ID_LT4IZ3,0.0008198955334880558,0.0006598895011002862,0.0008205408369357963,0.0008198955334880558,0.0006598895011002862,0.0008205408369357963
ID_F16709,0.00027862457081994724,0.00022611059686395357,0.00035149611548066574,0.00027862457081994724,0.00022611059686395357,0.00035149611548066574
ID_OICH3X,0.0007753892869422272,0.0005592562017314183,0.0006073637744734725,0.0007753892869422272,0.0005592562017314183,0.0006073637744734725
ID_A7LTX0,0.03981812608663231,0.048550881826243994,0.045467418323571686,0.03981812608663231,0.048550881826243994,0.045467418323571686
ID_JA5369,0.00027862457081994724,0.00022611059686395357,0.00035149611548066574,0.00027862457081994724,0.00022611059686395357,0.00035149611548066574
ID_DH8BE3,1.0275434470991797e-05,2.4740880573908404e-05,3.4575144496432066e-05,1.0275434470991797e-05,2.4740880573908404e-05,3.4575144496432066e-05
ID_086L0X,0.0008198955334880558,0.0006598895011002862,0.0008205408369357963,0.0008198955334880558,0.0006598895011002862,0.0008205408369357963
ID_Z5HPTI,0.00016264452177871597,0.00011714590994038563,0.00020790041432182594,0.00016264452177871597,0.00011714590994038563,0.00020790041432182594
ID_OE1QUG,1.640302895982422e-05,1.76669405915515e-05,1.654945189900186e-05,1.640302895982422e-05,1.76669405915515e-05,1.654945189900186e-05
ID_9RTFXI,1.1499921977528138e-05,2.3550508772123257e-05,3.143826624463098e-05,1.1499921977528138e-05,2.3550508772123257e-05,3.143826624463098e-05
ID_JLIJV2,1.1499921977528138e-05,2.3550508772123257e-05,3.143826624463098e-05,1.1499921977528138e-05,2.3550508772123257e-05,3.143826624463098e-05
ID_JP0H9B,0.00016264452177871597,0.00011714590994038563,0.00020790041432182594,0.00016264452177871597,0.00011714590994038563,0.00020790041432182594
ID_BIVWYY,0.029955715942557422,0.0688519792718687,0.058722133263281226,0.029955715942557422,0.0688519792718687,0.058722133263281226
ID_AKLZO2,0.0008198955334880558,0.0006598895011002862,0.0008205408369357963,0.0008198955334880558,0.0006598895011002862,0.0008205408369357963
ID_NWHLNN,0.0006494361857320421,0.0012029418184091266,0.001997004641182237,0.0006494361857320421,0.0012029418184091266,0.001997004641182237
ID_JCTVHU,0.0008198955334880558,0.0006598895011002862,0.0008205408369357963,0.0008198955334880558,0.0006598895011002862,0.0008205408369357963
ID_LV7EWN,0.0006494361857320421,0.0012029418184091266,0.001997004641182237,0.0006494361857320421,0.0012029418184091266,0.001997004641182237
ID_0H0H1X,2.6882470721107012e-05,4.2611689596106024e-05,6.704727184576353e-05,2.6882470721107012e-05,4.2611689596106024e-05,6.704727184576353e-05
ID_OK3KGD,0.00027862457081994724,0.00022611059686395357,0.00035149611548066574,0.00027862457081994724,0.00022611059686395357,0.00035149611548066574
ID_XOLVVP,1.640302895982422e-05,1.76669405915515e-05,1.654945189900186e-05,1.640302895982422e-05,1.76669405915515e-05,1.654945189900186e-05
ID_XC1UCY,0.00016264452177871597,0.00011714590994038563,0.00020790041432182594,0.00016264452177871597,0.00011714590994038563,0.00020790041432182594
ID_WNRKKF,1.774133499783236e-05,2.0822932836472582e-05,1.9362718207716337e-05,1.774133499783236e-05,2.0822932836472582e-05,1.9362718207716337e-05
ID_CHT575,0.00016264452177871597,0.00011714590994038563,0.00020790041432182594,0.00016264452177871597,0.00011714590994038563,0.00020790041432182594
ID_IASVT4,1.774133499783236e-05,2.0822932836472582e-05,1.9362718207716337e-05,1.774133499783236e-05,2.0822932836472582e-05,1.9362718207716337e-05
ID_HQD8DQ,1.640302895982422e-05,1.76669405915515e-05,1.654945189900186e-05,1.640302895982422e-05,1.76669405915515e-05,1.654945189900186e-05
ID_WHC7HZ,1.1499921977528138e-05,2.3550508772123257e-05,3.143826624463098e-05,1.1499921977528138e-05,2.3550508772123257e-05,3.143826624463098e-05
ID_SP7WBC,0.00016264452177871597,0.00011714590994038563,0.00020790041432182594,0.00016264452177871597,0.00011714590994038563,0.00020790041432182594
ID_Y5TWK4,0.00027862457081994724,0.00022611059686395357,0.00035149611548066574,0.00027862457081994724,0.00022611059686395357,0.00035149611548066574
ID_VG1ZFI,0.00027862457081994724,0.00022611059686395357,0.00035149611548066574,0.00027862457081994724,0.00022611059686395357,0.00035149611548066574
ID_GL5NBY,0.00016264452177871597,0.00011714590994038563,0.00020790041432182594,0.00016264452177871597,0.00011714590994038563,0.00020790041432182594
ID_0M8ZAR,1.774133499783236e-05,2.0822932836472582e-05,1.9362718207716337e-05,1.774133499783236e-05,2.0822932836472582e-05,1.9362718207716337e-05
ID_WMX71G,0.00027862457081994724,0.00022611059686395357,0.00035149611548066574,0.00027862457081994724,0.00022611059686395357,0.00035149611548066574
ID_FV08L5,0.0002639212779922034,0.00037657491895631454,0.0007017228855007139,0.0002639212779922034,0.00037657491895631454,0.0007017228855007139
ID_3O27FX,1.1499921977528138e-05,2.3550508772123257e-05,3.143826624463098e-05,1.1499921977528138e-05,2.3550508772123257e-05,3.143826624463098e-05
ID_6V10CF,0.07953531269069909,0.07803525701697774,0.06830778660940813,0.07953531269069909,0.07803525701697774,0.06830778660940813
ID_PDVNE2,1.774133499783236e-05,2.0822932836472582e-05,1.9362718207716337e-05,1.774133499783236e-05,2.0822932836472582e-05,1.9362718207716337e-05
ID_53TEOE,0.00016264452177871597,0.00011714590994038563,0.00020790041432182594,0.00016264452177871597,0.00011714590994038563,0.00020790041432182594
ID_IDZWVW,1.774133499783236e-05,2.0822932836472582e-05,1.9362718207716337e-05,1.774133499783236e-05,2.0822932836472582e-05,1.9362718207716337e-05
ID_GB0OWZ,0.00016264452177871597,0.00011714590994038563,0.00020790041432182594,0.00016264452177871597,0.00011714590994038563,0.00020790041432182594
ID_P3UMEG,0.07953531269069909,0.07803525701697774,0.06830778660940813,0.07953531269069909,0.07803525701697774,0.06830778660940813
ID_ODQ1LG,1.774133499783236e-05,2.0822932836472582e-05,1.9362718207716337e-05,1.774133499783236e-05,2.0822932836472582e-05,1.9362718207716337e-05
ID_F313VZ,1.0275434470991797e-05,2.4740880573908404e-05,3.4575144496432066e-05,1.0275434470991797e-05,2.4740880573908404e-05,3.4575144496432066e-05
ID_8CSCDS,3.229145087571451e-05,3.748383988145849e-05,3.018597150649716e-05,3.229145087571451e-05,3.748383988145849e-05,3.018597150649716e-05
ID_4TNBZF,0.00027862457081994724,0.00022611059686395357,0.00035149611548066574,0.00027862457081994724,0.00022611059686395357,0.00035149611548066574
ID_4BYR7P,0.02789448472095151,0.04003669568001346,0.03788050479953104,0.02789448472095151,0.04003669568001346,0.03788050479953104
ID_T3LYCI,1.774133499783236e-05,2.0822932836472582e-05,1.9362718207716337e-05,1.774133499783236e-05,2.0822932836472582e-05,1.9362718207716337e-05
ID_BHZQ1G,1.1499921977528138e-05,2.3550508772123257e-05,3.143826624463098e-05,1.1499921977528138e-05,2.3550508772123257e-05,3.143826624463098e-05
ID_47HOMT,1.1499921977528138e-05,2.3550508772123257e-05,3.143826624463098e-05,1.1499921977528138e-05,2.3550508772123257e-05,3.143826624463098e-05
ID_6J0OA0,0.03518081055247966,0.08155402725799418,0.07121585106499784,0.03518081055247966,0.08155402725799418,0.07121585106499784
ID_K1APAR,1.1499921977528138e-05,2.3550508772123257e-05,3.143826624463098e-05,1.1499921977528138e-05,2.3550508772123257e-05,3.143826624463098e-05
ID_MHTTNO,1.0275434470991797e-05,2.4740880573908404e-05,3.4575144496432066e-05,1.0275434470991797e-05,2.4740880573908404e-05,3.4575144496432066e-05
ID_SUPIL0,1.1499921977528138e-05,2.3550508772123257e-05,3.143826624463098e-05,1.1499921977528138e-05,2.3550508772123257e-05,3.143826624463098e-05
ID_V9KJ8F,1.0275434470991797e-05,2.4740880573908404e-05,3.4575144496432066e-05,1.0275434470991797e-05,2.4740880573908404e-05,3.4575144496432066e-05
ID_WUKPEX,1.4965963585851169e-05,3.27361057747323e-05,3.180408791521953e-05,1.4965963585851169e-05,3.27361057747323e-05,3.180408791521953e-05
ID_7AXVF1,1.0275434470991797e-05,2.4740880573908404e-05,3.4575144496432066e-05,1.0275434470991797e-05,2.4740880573908404e-05,3.4575144496432066e-05
ID_332Y6S,3.229145087571451e-05,3.748383988145849e-05,3.018597150649716e-05,3.229145087571451e-05,3.748383988145849e-05,3.018597150649716e-05
ID_6Z7LIY,0.0008198955334880558,0.0006598895011002862,0.0008205408369357963,0.0008198955334880558,0.0006598895011002862,0.0008205408369357963
ID_VBBWXW,1.4965963585851169e-05,3.27361057747323e-05,3.180408791521953e-05,1.4965963585851169e-05,3.27361057747323e-05,3.180408791521953e-05
ID_PZ53IA,1.774133499783236e-05,2.0822932836472582e-05,1.9362718207716337e-05,1.774133499783236e-05,2.0822932836472582e-05,1.9362718207716337e-05
ID_BTQVAR,1.0275434470991797e-05,2.4740880573908404e-05,3.4575144496432066e-05,1.0275434470991797e-05,2.4740880573908404e-05,3.4575144496432066e-05
ID_SR0RDK,1.1499921977528138e-05,2.3550508772123257e-05,3.143826624463098e-05,1.1499921977528138e-05,2.3550508772123257e-05,3.143826624463098e-05
ID_XE2CME,1.774133499783236e-05,2.0822932836472582e-05,1.9362718207716337e-05,1.774133499783236e-05,2.0822932836472582e-05,1.9362718207716337e-05
ID_UWLODH,1.774133499783236e-05,2.0822932836472582e-05,1.9362718207716337e-05,1.774133499783236e-05,2.0822932836472582e-05,1.9362718207716337e-05
ID_T29X5H,0.0008198955334880558,0.0006598895011002862,0.0008205408369357963,0.0008198955334880558,0.0006598895011002862,0.0008205408369357963
ID_OZP07A,1.774133499783236e-05,2.0822932836472582e-05,1.9362718207716337e-05,1.774133499783236e-05,2.0822932836472582e-05,1.9362718207716337e-05
ID_D69JXQ,0.06797961092052578,0.09623104818358585,0.07642102471559367,0.06797961092052578,0.09623104818358585,0.07642102471559367
ID_VCTTSG,0.00027862457081994724,0.00022611059686395357,0.00035149611548066574,0.00027862457081994724,0.00022611059686395357,0.00035149611548066574
ID_6VLM19,0.00027862457081994724,0.00022611059686395357,0.00035149611548066574,0.00027862457081994724,0.00022611059686395357,0.00035149611548066574
ID_6K8DCI,0.00019499750587719124,0.00015204901221096268,0.00027681030592098375,0.00019499750587719124,0.00015204901221096268,0.00027681030592098375
ID_5F3FW3,1.774133499783236e-05,2.0822932836472582e-05,1.9362718207716337e-05,1.774133499783236e-05,2.0822932836472582e-05,1.9362718207716337e-05
ID_UG4L8G,4.682653688818491e-05,6.516800175805092e-05,9.941837380503913e-05,4.682653688818491e-05,6.516800175805092e-05,9.941837380503913e-05
ID_PMIYX1,0.003238455107776545,0.004848412182071116,0.005666584950918681,0.003238455107776545,0.004848412182071116,0.005666584950918681
ID_KVE8Y5,1.0275434470991797e-05,2.4740880573908404e-05,3.4575144496432066e-05,1.0275434470991797e-05,2.4740880573908404e-05,3.4575144496432066e-05
ID_TXR3M8,1.1499921977528138e-05,2.3550508772123257e-05,3.143826624463098e-05,1.1499921977528138e-05,2.3550508772123257e-05,3.143826624463098e-05
ID_FGU02Z,1.1499921977528138e-05,2.3550508772123257e-05,3.143826624463098e-05,1.1499921977528138e-05,2.3550508772123257e-05,3.143826624463098e-05
ID_SLT0Y1,0.0008198955334880558,0.0006598895011002862,0.0008205408369357963,0.0008198955334880558,0.0006598895011002862,0.0008205408369357963
ID_0Q5QSV,0.00016264452177871597,0.00011714590994038563,0.00020790041432182594,0.00016264452177871597,0.00011714590994038563,0.00020790041432182594
ID_50ELBR,0.07325780967225014,0.0914662397621305,0.09288976807948483,0.07325780967225014,0.0914662397621305,0.09288976807948483
ID_GQZQS4,0.00016264452177871597,0.00011714590994038563,0.00020790041432182594,0.00016264452177871597,0.00011714590994038563,0.00020790041432182594
ID_OQ2HIA,3.4144218624682286e-05,3.7220163563049694e-05,3.0677374886609316e-05,3.4144218624682286e-05,3.7220163563049694e-05,3.0677374886609316e-05
ID_O6E93Q,0.015845592698230056,0.023074934387197148,0.03236711931817194,0.015845592698230056,0.023074934387197148,0.03236711931817194
ID_HOZ3DC,6.204047227101264e-05,0.00010262259814932798,0.0001379843797579441,6.204047227101264e-05,0.00010262259814932798,0.0001379843797579441
ID_ELJCIV,0.009134638990868724,0.02673328558225141,0.022647736064919023,0.009134638990868724,0.02673328558225141,0.022647736064919023
ID_2UAKPX,0.04966467020281314,0.057116965403511036,0.0444631606662922,0.04966467020281314,0.057116965403511036,0.0444631606662922
ID_WJH6IB,0.003919709315431119,0.007006565335429427,0.009676920208208071,0.003919709315431119,0.007006565335429427,0.009676920208208071
ID_8JO374,0.003919709315431119,0.007006565335429427,0.009676920208208071,0.003919709315431119,0.007006565335429427,0.009676920208208071
ID_ZPTVXF,2.9907585081903197e-05,6.126822719402326e-05,8.23498498608226e-05,2.9907585081903197e-05,6.126822719402326e-05,8.23498498608226e-05
ID_ZAEIQP,0.00022104650088637794,0.0002234724610572533,0.00030777519642253767,0.00022104650088637794,0.0002234724610572533,0.00030777519642253767
ID_PBP9ZY,0.03146671754565119,0.053569399632570326,0.041436219165052246,0.03146671754565119,0.053569399632570326,0.041436219165052246
ID_4WJ0SO,9.619360491469394e-05,7.526969503323652e-05,0.00015814478396480213,9.619360491469394e-05,7.526969503323652e-05,0.00015814478396480213
ID_H973J5,9.619360491469394e-05,7.526969503323652e-05,0.00015814478396480213,9.619360491469394e-05,7.526969503323652e-05,0.00015814478396480213
ID_QQK6J6,0.00028380289331893715,0.0005525377259565931,0.0007421569517238487,0.00028380289331893715,0.0005525377259565931,0.0007421569517238487
ID_8CR3X0,2.9907585081903197e-05,6.126822719402326e-05,8.23498498608226e-05,2.9907585081903197e-05,6.126822719402326e-05,8.23498498608226e-05
ID_BS1PBY,9.434242229528126e-05,0.00012459484663020546,0.00016275581658298927,9.434242229528126e-05,0.00012459484663020546,0.00016275581658298927
ID_EMRG7L,0.03146671754565119,0.053569399632570326,0.041436219165052246,0.03146671754565119,0.053569399632570326,0.041436219165052246
ID_CZ1QYM,0.04966467020281314,0.057116965403511036,0.0444631606662922,0.04966467020281314,0.057116965403511036,0.0444631606662922
ID_OE25L3,0.007517057285723038,0.017002568237603623,0.022236603768335313,0.007517057285723038,0.017002568237603623,0.022236603768335313
ID_DSYW1S,0.0013018349754331654,0.0010553503875471548,0.0016709500292123286,0.0013018349754331654,0.0010553503875471548,0.0016709500292123286
ID_36YJHO,0.002689678324563704,0.002372368209647348,0.004135432156376547,0.002689678324563704,0.002372368209647348,0.004135432156376547
ID_BH8KBA,0.0010178102219234998,0.0011324911237966951,0.0016726919222086688,0.0010178102219234998,0.0011324911237966951,0.0016726919222086688
ID_DV95UI,2.9907585081903197e-05,6.126822719402326e-05,8.23498498608226e-05,2.9907585081903197e-05,6.126822719402326e-05,8.23498498608226e-05
ID_2CIKWQ,9.619360491469394e-05,7.526969503323652e-05,0.00015814478396480213,9.619360491469394e-05,7.526969503323652e-05,0.00015814478396480213
ID_5DHFGC,2.7185426197178225e-05,5.2777410281205155e-05,7.497966707645457e-05,2.7185426197178225e-05,5.2777410281205155e-05,7.497966707645457e-05
ID_AD0JB4,0.0002292231638791928,0.00013908326307385098,0.00029642357432267414,0.0002292231638791928,0.00013908326307385098,0.00029642357432267414
ID_SJB2PH,4.812021332807659e-05,8.344580727890111e-05,0.00010929605127636707,4.812021332807659e-05,8.344580727890111e-05,0.00010929605127636707
ID_Q2JGMI,2.7185426197178225e-05,5.2777410281205155e-05,7.497966707645457e-05,2.7185426197178225e-05,5.2777410281205155e-05,7.497966707645457e-05
ID_90Z3KA,0.020308138198592125,0.026788049805030252,0.03553547604334056,0.020308138198592125,0.026788049805030252,0.03553547604334056
ID_BLJT0F,2.7185426197178225e-05,5.2777410281205155e-05,7.497966707645457e-05,2.7185426197178225e-05,5.2777410281205155e-05,7.497966707645457e-05
ID_19LZOV,0.04966467020281314,0.057116965403511036,0.0444631606662922,0.04966467020281314,0.057116965403511036,0.0444631606662922
ID_HXU4D4,5.658912635920369e-05,9.469490203286328e-05,0.0001284940069289482,5.658912635920369e-05,9.469490203286328e-05,0.0001284940069289482
ID_PMTTW1,0.04966467020281314,0.057116965403511036,0.0444631606662922,0.04966467020281314,0.057116965403511036,0.0444631606662922
ID_F6SO3R,0.04966467020281314,0.057116965403511036,0.0444631606662922,0.04966467020281314,0.057116965403511036,0.0444631606662922
ID_NZ0L9S,0.0010178102219234998,0.0011324911237966951,0.0016726919222086688,0.0010178102219234998,0.0011324911237966951,0.0016726919222086688
ID_CO06H0,8.021622642710633e-05,0.00010204832932743759,0.00015095024096166133,8.021622642710633e-05,0.00010204832932743759,0.00015095024096166133
ID_F1SPJM,0.0010178102219234998,0.0011324911237966951,0.0016726919222086688,0.0010178102219234998,0.0011324911237966951,0.0016726919222086688
ID_Q2S367,5.658912635920369e-05,9.469490203286328e-05,0.0001284940069289482,5.658912635920369e-05,9.469490203286328e-05,0.0001284940069289482
ID_0A1W1B,0.00017571831213203842,0.00020880473254667207,0.0002539339140414035,0.00017571831213203842,0.00020880473254667207,0.0002539339140414035
ID_J1H455,0.00020187309278901967,0.0001299258790681795,0.00028022854093639647,0.00020187309278901967,0.0001299258790681795,0.00028022854093639647
ID_PNFU37,9.434242229528126e-05,0.00012459484663020546,0.00016275581658298927,9.434242229528126e-05,0.00012459484663020546,0.00016275581658298927
ID_X2I29Y,9.619360491469394e-05,7.526969503323652e-05,0.00015814478396480213,9.619360491469394e-05,7.526969503323652e-05,0.00015814478396480213
ID_I2EHXW,0.0003639250545240138,0.00063488271967422,0.0006470871703457128,0.0003639250545240138,0.00063488271967422,0.0006470871703457128
ID_K8D9L9,2.9907585081903197e-05,6.126822719402326e-05,8.23498498608226e-05,2.9907585081903197e-05,6.126822719402326e-05,8.23498498608226e-05
ID_XW3QM1,2.7185426197178225e-05,5.2777410281205155e-05,7.497966707645457e-05,2.7185426197178225e-05,5.2777410281205155e-05,7.497966707645457e-05
ID_HR6DTW,0.0010178102219234998,0.0011324911237966951,0.0016726919222086688,0.0010178102219234998,0.0011324911237966951,0.0016726919222086688
ID_J70B1Q,0.0002292231638791928,0.00013908326307385098,0.00029642357432267414,0.0002292231638791928,0.00013908326307385098,0.00029642357432267414
ID_CG7535,0.0010178102219234998,0.0011324911237966951,0.0016726919222086688,0.0010178102219234998,0.0011324911237966951,0.0016726919222086688
ID_BJ7RH7,0.0002292231638791928,0.00013908326307385098,0.00029642357432267414,0.0002292231638791928,0.00013908326307385098,0.00029642357432267414
ID_95B75E,0.00019113973568848274,0.00018686682949917838,0.0002819681198697282,0.00019113973568848274,0.00018686682949917838,0.0002819681198697282
ID_VST6U7,0.000355857117247855,0.0005416020673233077,0.0007550966730025528,0.000355857117247855,0.0005416020673233077,0.0007550966730025528
ID_G3ZX83,6.204047227101264e-05,0.00010262259814932798,0.0001379843797579441,6.204047227101264e-05,0.00010262259814932798,0.0001379843797579441
ID_OBGAY8,0.00020187309278901967,0.0001299258790681795,0.00028022854093639647,0.00020187309278901967,0.0001299258790681795,0.00028022854093639647
ID_7898T5,0.00014842351110271637,0.00017551459867262334,0.0002305269046467065,0.00014842351110271637,0.00017551459867262334,0.0002305269046467065
ID_GA55FI,0.0003932261474065537,0.001451456715972262,0.003750635320222324,0.0003932261474065537,0.001451456715972262,0.003750635320222324
ID_IP9G8X,0.0004231474980436132,0.0008346658418990273,0.0015411714096822148,0.0004231474980436132,0.0008346658418990273,0.0015411714096822148
ID_I1NTQJ,0.0005827441332381661,0.0007591440858803156,0.0007960742527539649,0.0005827441332381661,0.0007591440858803156,0.0007960742527539649
ID_J1IMQO,0.0002292231638791928,0.00013908326307385098,0.00029642357432267414,0.0002292231638791928,0.00013908326307385098,0.00029642357432267414
ID_FJY7M6,0.0002292231638791928,0.00013908326307385098,0.00029642357432267414,0.0002292231638791928,0.00013908326307385098,0.00029642357432267414
ID_XXD9VX,2.7185426197178225e-05,5.2777410281205155e-05,7.497966707645457e-05,2.7185426197178225e-05,5.2777410281205155e-05,7.497966707645457e-05
ID_95Y6Y3,0.00022104650088637794,0.0002234724610572533,0.00030777519642253767,0.00022104650088637794,0.0002234724610572533,0.00030777519642253767
ID_IEG8FD,2.7185426197178225e-05,5.2777410281205155e-05,7.497966707645457e-05,2.7185426197178225e-05,5.2777410281205155e-05,7.497966707645457e-05
ID_UUT71P,0.0013018349754331654,0.0010553503875471548,0.0016709500292123286,0.0013018349754331654,0.0010553503875471548,0.0016709500292123286
ID_ZVGYIZ,2.9907585081903197e-05,6.126822719402326e-05,8.23498498608226e-05,2.9907585081903197e-05,6.126822719402326e-05,8.23498498608226e-05
ID_GSRCHF,0.000355857117247855,0.0005416020673233077,0.0007550966730025528,0.000355857117247855,0.0005416020673233077,0.0007550966730025528
ID_KBNPFA,0.00019113973568848274,0.00018686682949917838,0.0002819681198697282,0.00019113973568848274,0.00018686682949917838,0.0002819681198697282
ID_K92S3H,0.00020187309278901967,0.0001299258790681795,0.00028022854093639647,0.00020187309278901967,0.0001299258790681795,0.00028022854093639647
ID_TIZ8GI,0.00020187309278901967,0.0001299258790681795,0.00028022854093639647,0.00020187309278901967,0.0001299258790681795,0.00028022854093639647
ID_43O6DO,9.434242229528126e-05,0.00012459484663020546,0.00016275581658298927,9.434242229528126e-05,0.00012459484663020546,0.00016275581658298927
ID_I69X2E,2.9907585081903197e-05,6.126822719402326e-05,8.23498498608226e-05,2.9907585081903197e-05,6.126822719402326e-05,8.23498498608226e-05
ID_IGUSKY,0.007517057285723038,0.017002568237603623,0.022236603768335313,0.007517057285723038,0.017002568237603623,0.022236603768335313
ID_IO9T8L,0.0013018349754331654,0.0010553503875471548,0.0016709500292123286,0.0013018349754331654,0.0010553503875471548,0.0016709500292123286
ID_GP1DHX,2.9907585081903197e-05,6.126822719402326e-05,8.23498498608226e-05,2.9907585081903197e-05,6.126822719402326e-05,8.23498498608226e-05
ID_6072SC,0.00019113973568848274,0.00018686682949917838,0.0002819681198697282,0.00019113973568848274,0.00018686682949917838,0.0002819681198697282
ID_60NL3S,0.0005427539147550862,0.0008922216224762213,0.001589532627903163,0.0005427539147550862,0.0008922216224762213,0.001589532627903163
ID_ITEO5N,2.7185426197178225e-05,5.2777410281205155e-05,7.497966707645457e-05,2.7185426197178225e-05,5.2777410281205155e-05,7.497966707645457e-05
ID_OYNTET,0.00028380289331893715,0.0005525377259565931,0.0007421569517238487,0.00028380289331893715,0.0005525377259565931,0.0007421569517238487
ID_D4YOQ7,0.03146671754565119,0.053569399632570326,0.041436219165052246,0.03146671754565119,0.053569399632570326,0.041436219165052246
ID_6REL2T,2.7185426197178225e-05,5.2777410281205155e-05,7.497966707645457e-05,2.7185426197178225e-05,5.2777410281205155e-05,7.497966707645457e-05
ID_88HS7P,2.7185426197178225e-05,5.2777410281205155e-05,7.497966707645457e-05,2.7185426197178225e-05,5.2777410281205155e-05,7.497966707645457e-05
ID_UST3WB,0.000355857117247855,0.0005416020673233077,0.0007550966730025528,0.000355857117247855,0.0005416020673233077,0.0007550966730025528
ID_ETJ0ZE,6.204047227101264e-05,0.00010262259814932798,0.0001379843797579441,6.204047227101264e-05,0.00010262259814932798,0.0001379843797579441
ID_7BGHTB,0.00019113973568848274,0.00018686682949917838,0.0002819681198697282,0.00019113973568848274,0.00018686682949917838,0.0002819681198697282
ID_ZDJ1XZ,2.7185426197178225e-05,5.2777410281205155e-05,7.497966707645457e-05,2.7185426197178225e-05,5.2777410281205155e-05,7.497966707645457e-05
ID_Y7ND6Y,2.9907585081903197e-05,6.126822719402326e-05,8.23498498608226e-05,2.9907585081903197e-05,6.126822719402326e-05,8.23498498608226e-05
ID_QRPH0R,0.00011434072559569955,0.00031537713530629393,0.0007254239186848861,0.00011434072559569955,0.00031537713530629393,0.0007254239186848861
ID_C01ZXM,8.474809282946187e-05,7.056629679045936e-05,0.00015064626509875547,8.474809282946187e-05,7.056629679045936e-05,0.00015064626509875547
ID_ZN6VHC,9.619360491469394e-05,7.526969503323652e-05,0.00015814478396480213,9.619360491469394e-05,7.526969503323652e-05,0.00015814478396480213
ID_3RTO71,0.00022104650088637794,0.0002234724610572533,0.00030777519642253767,0.00022104650088637794,0.0002234724610572533,0.00030777519642253767
ID_7AWBEY,0.0010178102219234998,0.0011324911237966951,0.0016726919222086688,0.0010178102219234998,0.0011324911237966951,0.0016726919222086688
ID_6OBWMT,0.0010178102219234998,0.0011324911237966951,0.0016726919222086688,0.0010178102219234998,0.0011324911237966951,0.0016726919222086688
ID_70AEKG,0.00020187309278901967,0.0001299258790681795,0.00028022854093639647,0.00020187309278901967,0.0001299258790681795,0.00028022854093639647
ID_MVQMU6,0.00022104650088637794,0.0002234724610572533,0.00030777519642253767,0.00022104650088637794,0.0002234724610572533,0.00030777519642253767
ID_XNFNA4,6.204047227101264e-05,0.00010262259814932798,0.0001379843797579441,6.204047227101264e-05,0.00010262259814932798,0.0001379843797579441
ID_1Y57MO,9.619360491469394e-05,7.526969503323652e-05,0.00015814478396480213,9.619360491469394e-05,7.526969503323652e-05,0.00015814478396480213
ID_GAOFDO,9.619360491469394e-05,7.526969503323652e-05,0.00015814478396480213,9.619360491469394e-05,7.526969503323652e-05,0.00015814478396480213
ID_WBEYQ0,0.0002292231638791928,0.00013908326307385098,0.00029642357432267414,0.0002292231638791928,0.00013908326307385098,0.00029642357432267414
ID_46KU2G,2.7185426197178225e-05,5.2777410281205155e-05,7.497966707645457e-05,2.7185426197178225e-05,5.2777410281205155e-05,7.497966707645457e-05
ID_IR8LH0,0.00019113973568848274,0.00018686682949917838,0.0002819681198697282,0.00019113973568848274,0.00018686682949917838,0.0002819681198697282
ID_S85UA7,2.9907585081903197e-05,6.126822719402326e-05,8.23498498608226e-05,2.9907585081903197e-05,6.126822719402326e-05,8.23498498608226e-05
ID_JI8Z14,9.619360491469394e-05,7.526969503323652e-05,0.00015814478396480213,9.619360491469394e-05,7.526969503323652e-05,0.00015814478396480213
ID_RNSP8B,0.006280263503310929,0.017020951230526216,0.018415740827549352,0.006280263503310929,0.017020951230526216,0.018415740827549352
ID_4GRPQ9,0.04966467020281314,0.057116965403511036,0.0444631606662922,0.04966467020281314,0.057116965403511036,0.0444631606662922
ID_8JTFNT,2.9907585081903197e-05,6.126822719402326e-05,8.23498498608226e-05,2.9907585081903197e-05,6.126822719402326e-05,8.23498498608226e-05
ID_2TMUS6,0.0002292231638791928,0.00013908326307385098,0.00029642357432267414,0.0002292231638791928,0.00013908326307385098,0.00029642357432267414
ID_UBIINM,0.00022104650088637794,0.0002234724610572533,0.00030777519642253767,0.00022104650088637794,0.0002234724610572533,0.00030777519642253767
ID_TFLD6S,2.9907585081903197e-05,6.126822719402326e-05,8.23498498608226e-05,2.9907585081903197e-05,6.126822719402326e-05,8.23498498608226e-05
ID_ESYJ2B,0.00022104650088637794,0.0002234724610572533,0.00030777519642253767,0.00022104650088637794,0.0002234724610572533,0.00030777519642253767
ID_KNDB9Y,2.7185426197178225e-05,5.2777410281205155e-05,7.497966707645457e-05,2.7185426197178225e-05,5.2777410281205155e-05,7.497966707645457e-05
ID_KBMX7S,0.00022104650088637794,0.0002234724610572533,0.00030777519642253767,0.00022104650088637794,0.0002234724610572533,0.00030777519642253767
ID_UFWO9L,0.000355857117247855,0.0005416020673233077,0.0007550966730025528,0.000355857117247855,0.0005416020673233077,0.0007550966730025528
ID_LFO2EU,9.619360491469394e-05,7.526969503323652e-05,0.00015814478396480213,9.619360491469394e-05,7.526969503323652e-05,0.00015814478396480213
ID_2ZBL24,8.474809282946187e-05,7.056629679045936e-05,0.00015064626509875547,8.474809282946187e-05,7.056629679045936e-05,0.00015064626509875547
ID_2WWX3O,0.00019113973568848274,0.00018686682949917838,0.0002819681198697282,0.00019113973568848274,0.00018686682949917838,0.0002819681198697282
ID_L9N1KK,0.000355857117247855,0.0005416020673233077,0.0007550966730025528,0.000355857117247855,0.0005416020673233077,0.0007550966730025528
ID_MFBDFI,9.619360491469394e-05,7.526969503323652e-05,0.00015814478396480213,9.619360491469394e-05,7.526969503323652e-05,0.00015814478396480213
ID_FSYPFJ,0.00010101196987279015,0.0001523491755589306,0.00027689628202316036,0.00010101196987279015,0.0001523491755589306,0.00027689628202316036
ID_7DOBZ7,1.077178058211682e-05,2.415367743065646e-05,3.861840796928967e-05,1.077178058211682e-05,2.415367743065646e-05,3.861840796928967e-05
ID_C6D32M,0.00018734178201369143,0.0006112241257367881,0.0009189872156446682,0.00018734178201369143,0.0006112241257367881,0.0009189872156446682
ID_UZW285,9.305392788787857e-06,6.231234461147016e-05,0.00013430502533600736,9.305392788787857e-06,6.231234461147016e-05,0.00013430502533600736
ID_5BJBQN,1.2475365924235013e-05,5.8757322378748134e-05,0.00013741272968369525,1.2475365924235013e-05,5.8757322378748134e-05,0.00013741272968369525
ID_IIL1YE,1.734680392243046e-05,3.203506437454881e-05,3.9447462565599184e-05,1.734680392243046e-05,3.203506437454881e-05,3.9447462565599184e-05
ID_35Q4VL,1.077178058211682e-05,2.415367743065646e-05,3.861840796928967e-05,1.077178058211682e-05,2.415367743065646e-05,3.861840796928967e-05
ID_0D8BV7,1.077178058211682e-05,2.415367743065646e-05,3.861840796928967e-05,1.077178058211682e-05,2.415367743065646e-05,3.861840796928967e-05
ID_F1CKKX,1.077178058211682e-05,2.415367743065646e-05,3.861840796928967e-05,1.077178058211682e-05,2.415367743065646e-05,3.861840796928967e-05
ID_NWINB1,0.0001858631587686558,0.0009405108916288867,0.001051600938349252,0.0001858631587686558,0.0009405108916288867,0.001051600938349252
ID_M3FL8L,9.276880966078077e-05,0.00012017330029764693,0.0002199424881752418,9.276880966078077e-05,0.00012017330029764693,0.0002199424881752418
ID_2L800L,4.173704712670116e-05,0.0001363332588846669,0.00011429130287711464,4.173704712670116e-05,0.0001363332588846669,0.00011429130287711464
ID_WE66R6,1.1145852802684406e-05,2.0197749956674026e-05,2.6513931267349404e-05,1.1145852802684406e-05,2.0197749956674026e-05,2.6513931267349404e-05
ID_3P9NV3,1.077178058211682e-05,2.415367743065646e-05,3.861840796928967e-05,1.077178058211682e-05,2.415367743065646e-05,3.861840796928967e-05
ID_GV31Z2,0.0001975894980046506,0.0007760125232318974,0.0011152430003901804,0.0001975894980046506,0.0007760125232318974,0.0011152430003901804
ID_JF5PXT,0.00020056607013121142,0.0005430042689968465,0.0009327616373810214,0.00020056607013121142,0.0005430042689968465,0.0009327616373810214
ID_DHMWLG,1.077178058211682e-05,2.415367743065646e-05,3.861840796928967e-05,1.077178058211682e-05,2.415367743065646e-05,3.861840796928967e-05
ID_6UCW4P,9.276880966078077e-05,0.00012017330029764693,0.0002199424881752418,9.276880966078077e-05,0.00012017330029764693,0.0002199424881752418
ID_YA5S91,3.678217404369456e-05,7.195638420684256e-05,7.834940940107999e-05,3.678217404369456e-05,7.195638420684256e-05,7.834940940107999e-05
ID_8IPOB2,9.276880966078077e-05,0.00012017330029764693,0.0002199424881752418,9.276880966078077e-05,0.00012017330029764693,0.0002199424881752418
ID_13CYF8,0.0029470901967450234,0.004400103056007551,0.005813531034656922,0.0029470901967450234,0.004400103056007551,0.005813531034656922
ID_MHUXYA,1.2475365924235013e-05,5.8757322378748134e-05,0.00013741272968369525,1.2475365924235013e-05,5.8757322378748134e-05,0.00013741272968369525
ID_QAMSN8,1.2475365924235013e-05,5.8757322378748134e-05,0.00013741272968369525,1.2475365924235013e-05,5.8757322378748134e-05,0.00013741272968369525
ID_4QEJQO,9.276880966078077e-05,0.00012017330029764693,0.0002199424881752418,9.276880966078077e-05,0.00012017330029764693,0.0002199424881752418
ID_AESDDG,9.276880966078077e-05,0.00012017330029764693,0.0002199424881752418,9.276880966078077e-05,0.00012017330029764693,0.0002199424881752418
ID_9Z1OH9,9.276880966078077e-05,0.00012017330029764693,0.0002199424881752418,9.276880966078077e-05,0.00012017330029764693,0.0002199424881752418
ID_AG8V7R,3.678217404369456e-05,7.195638420684256e-05,7.834940940107999e-05,3.678217404369456e-05,7.195638420684256e-05,7.834940940107999e-05
ID_W6WUS8,9.276880966078077e-05,0.00012017330029764693,0.0002199424881752418,9.276880966078077e-05,0.00012017330029764693,0.0002199424881752418
ID_M5OV7R,0.00012238977093300372,0.00018865052666861598,0.00045728369234885046,0.00012238977093300372,0.00018865052666861598,0.00045728369234885046
ID_OQBR7N,0.00012797386430081286,0.0003029978821108856,0.0005940106776352407,0.00012797386430081286,0.0003029978821108856,0.0005940106776352407
ID_VYAECN,0.00045990577619235554,0.0011864043730090807,0.0013109442168227827,0.00045990577619235554,0.0011864043730090807,0.0013109442168227827
ID_26AKFY,0.00020056607013121142,0.0005430042689968465,0.0009327616373810214,0.00020056607013121142,0.0005430042689968465,0.0009327616373810214
ID_VQGG2L,2.229554011228222e-05,0.00017123032489327485,0.00019902774387868034,2.229554011228222e-05,0.00017123032489327485,0.00019902774387868034
ID_Z2H98N,1.2475365924235013e-05,5.8757322378748134e-05,0.00013741272968369525,1.2475365924235013e-05,5.8757322378748134e-05,0.00013741272968369525
ID_DMNH7M,2.229554011228222e-05,0.00017123032489327485,0.00019902774387868034,2.229554011228222e-05,0.00017123032489327485,0.00019902774387868034
ID_BGOJK7,1.2475365924235013e-05,5.8757322378748134e-05,0.00013741272968369525,1.2475365924235013e-05,5.8757322378748134e-05,0.00013741272968369525
ID_7R8S23,9.276880966078077e-05,0.00012017330029764693,0.0002199424881752418,9.276880966078077e-05,0.00012017330029764693,0.0002199424881752418
ID_MQO3VY,1.2475365924235013e-05,5.8757322378748134e-05,0.00013741272968369525,1.2475365924235013e-05,5.8757322378748134e-05,0.00013741272968369525
ID_O51O42,1.2475365924235013e-05,5.8757322378748134e-05,0.00013741272968369525,1.2475365924235013e-05,5.8757322378748134e-05,0.00013741272968369525
ID_4ISUVM,1.2475365924235013e-05,5.8757322378748134e-05,0.00013741272968369525,1.2475365924235013e-05,5.8757322378748134e-05,0.00013741272968369525
ID_PGEE11,9.276880966078077e-05,0.00012017330029764693,0.0002199424881752418,9.276880966078077e-05,0.00012017330029764693,0.0002199424881752418
ID_I5VRO5,1.077178058211682e-05,2.415367743065646e-05,3.861840796928967e-05,1.077178058211682e-05,2.415367743065646e-05,3.861840796928967e-05
ID_T0N43N,9.185618558336641e-06,2.3893136726412784e-05,4.089666975412865e-05,9.185618558336641e-06,2.3893136726412784e-05,4.089666975412865e-05
ID_15F3L2,0.00020056607013121142,0.0005430042689968465,0.0009327616373810214,0.00020056607013121142,0.0005430042689968465,0.0009327616373810214
ID_MYJQBV,0.0001975894980046506,0.0007760125232318974,0.0011152430003901804,0.0001975894980046506,0.0007760125232318974,0.0011152430003901804
ID_SIXKWK,6.657390642716372e-05,0.00010779007655127508,0.00013216615718728155,6.657390642716372e-05,0.00010779007655127508,0.00013216615718728155
ID_R062SB,9.276880966078077e-05,0.00012017330029764693,0.0002199424881752418,9.276880966078077e-05,0.00012017330029764693,0.0002199424881752418
ID_JQMJO8,1.077178058211682e-05,2.415367743065646e-05,3.861840796928967e-05,1.077178058211682e-05,2.415367743065646e-05,3.861840796928967e-05
ID_N1KQ0P,0.00020056607013121142,0.0005430042689968465,0.0009327616373810214,0.00020056607013121142,0.0005430042689968465,0.0009327616373810214
ID_17EH3F,3.678217404369456e-05,7.195638420684256e-05,7.834940940107999e-05,3.678217404369456e-05,7.195638420684256e-05,7.834940940107999e-05
ID_WHQS9J,9.276880966078077e-05,0.00012017330029764693,0.0002199424881752418,9.276880966078077e-05,0.00012017330029764693,0.0002199424881752418
ID_E9MYEG,9.276880966078077e-05,0.00012017330029764693,0.0002199424881752418,9.276880966078077e-05,0.00012017330029764693,0.0002199424881752418
ID_P4VAZC,0.00012797386430081286,0.0003029978821108856,0.0005940106776352407,0.00012797386430081286,0.0003029978821108856,0.0005940106776352407
ID_8EUWNU,1.077178058211682e-05,2.415367743065646e-05,3.861840796928967e-05,1.077178058211682e-05,2.415367743065646e-05,3.861840796928967e-05
ID_S5TAQL,9.276880966078077e-05,0.00012017330029764693,0.0002199424881752418,9.276880966078077e-05,0.00012017330029764693,0.0002199424881752418
ID_0S0PVH,3.678217404369456e-05,7.195638420684256e-05,7.834940940107999e-05,3.678217404369456e-05,7.195638420684256e-05,7.834940940107999e-05
ID_HKCU5C,0.000546742391857134,0.0017368622951529824,0.0015787908548695953,0.000546742391857134,0.0017368622951529824,0.0015787908548695953
ID_9SXKX7,3.678217404369456e-05,7.195638420684256e-05,7.834940940107999e-05,3.678217404369456e-05,7.195638420684256e-05,7.834940940107999e-05
ID_CAC8HA,9.276880966078077e-05,0.00012017330029764693,0.0002199424881752418,9.276880966078077e-05,0.00012017330029764693,0.0002199424881752418
ID_LTTNP4,1.077178058211682e-05,2.415367743065646e-05,3.861840796928967e-05,1.077178058211682e-05,2.415367743065646e-05,3.861840796928967e-05
ID_8Y6GYA,9.276880966078077e-05,0.00012017330029764693,0.0002199424881752418,9.276880966078077e-05,0.00012017330029764693,0.0002199424881752418
ID_JAHUY4,3.678217404369456e-05,7.195638420684256e-05,7.834940940107999e-05,3.678217404369456e-05,7.195638420684256e-05,7.834940940107999e-05
ID_7WRXP5,9.276880966078077e-05,0.00012017330029764693,0.0002199424881752418,9.276880966078077e-05,0.00012017330029764693,0.0002199424881752418
ID_E6FGS1,0.00020056607013121142,0.0005430042689968465,0.0009327616373810214,0.00020056607013121142,0.0005430042689968465,0.0009327616373810214
ID_J23PY3,0.0001975894980046506,0.0007760125232318974,0.0011152430003901804,0.0001975894980046506,0.0007760125232318974,0.0011152430003901804
ID_I8EM0Z,0.0008679828186013707,0.0023524209906338224,0.0037024985330984484,0.0008679828186013707,0.0023524209906338224,0.0037024985330984484
ID_M0AGW7,0.00010101196987279015,0.0001523491755589306,0.00027689628202316036,0.00010101196987279015,0.0001523491755589306,0.00027689628202316036
ID_FM2PGK,4.173704712670116e-05,0.0001363332588846669,0.00011429130287711464,4.173704712670116e-05,0.0001363332588846669,0.00011429130287711464
ID_WR1UYY,0.00010101196987279015,0.0001523491755589306,0.00027689628202316036,0.00010101196987279015,0.0001523491755589306,0.00027689628202316036
ID_G2J9TV,0.00020056607013121142,0.0005430042689968465,0.0009327616373810214,0.00020056607013121142,0.0005430042689968465,0.0009327616373810214
ID_XCOLR8,9.276880966078077e-05,0.00012017330029764693,0.0002199424881752418,9.276880966078077e-05,0.00012017330029764693,0.0002199424881752418
ID_9J6DPQ,3.678217404369456e-05,7.195638420684256e-05,7.834940940107999e-05,3.678217404369456e-05,7.195638420684256e-05,7.834940940107999e-05
ID_X6MXTF,9.276880966078077e-05,0.00012017330029764693,0.0002199424881752418,9.276880966078077e-05,0.00012017330029764693,0.0002199424881752418
ID_YFL07C,9.276880966078077e-05,0.00012017330029764693,0.0002199424881752418,9.276880966078077e-05,0.00012017330029764693,0.0002199424881752418
ID_BCF7Y5,0.0001858631587686558,0.0009405108916288867,0.001051600938349252,0.0001858631587686558,0.0009405108916288867,0.001051600938349252
ID_WW13YS,3.678217404369456e-05,7.195638420684256e-05,7.834940940107999e-05,3.678217404369456e-05,7.195638420684256e-05,7.834940940107999e-05
ID_DEQONK,9.276880966078077e-05,0.00012017330029764693,0.0002199424881752418,9.276880966078077e-05,0.00012017330029764693,0.0002199424881752418
ID_8NIMUF,0.00045990577619235554,0.0011864043730090807,0.0013109442168227827,0.00045990577619235554,0.0011864043730090807,0.0013109442168227827
ID_AN1U1Q,7.952609687654278e-05,0.00021470500510295624,0.0002345532964828412,7.952609687654278e-05,0.00021470500510295624,0.0002345532964828412
ID_SYTJK4,0.00012797386430081286,0.0003029978821108856,0.0005940106776352407,0.00012797386430081286,0.0003029978821108856,0.0005940106776352407
ID_GE0PML,9.276880966078077e-05,0.00012017330029764693,0.0002199424881752418,9.276880966078077e-05,0.00012017330029764693,0.0002199424881752418
ID_2HISEV,0.00010101196987279015,0.0001523491755589306,0.00027689628202316036,0.00010101196987279015,0.0001523491755589306,0.00027689628202316036
ID_MDD7FZ,9.276880966078077e-05,0.00012017330029764693,0.0002199424881752418,9.276880966078077e-05,0.00012017330029764693,0.0002199424881752418
ID_FQNAWD,6.657390642716372e-05,0.00010779007655127508,0.00013216615718728155,6.657390642716372e-05,0.00010779007655127508,0.00013216615718728155
ID_FVWFLK,4.173704712670116e-05,0.0001363332588846669,0.00011429130287711464,4.173704712670116e-05,0.0001363332588846669,0.00011429130287711464
ID_ADU6RR,0.00012797386430081286,0.0003029978821108856,0.0005940106776352407,0.00012797386430081286,0.0003029978821108856,0.0005940106776352407
ID_XH1LC3,0.00010101196987279015,0.0001523491755589306,0.00027689628202316036,0.00010101196987279015,0.0001523491755589306,0.00027689628202316036
ID_P98LKD,9.305392788787857e-06,6.231234461147016e-05,0.00013430502533600736,9.305392788787857e-06,6.231234461147016e-05,0.00013430502533600736
ID_9OMVON,0.00020056607013121142,0.0005430042689968465,0.0009327616373810214,0.00020056607013121142,0.0005430042689968465,0.0009327616373810214
ID_FKYCE5,0.00020056607013121142,0.0005430042689968465,0.0009327616373810214,0.00020056607013121142,0.0005430042689968465,0.0009327616373810214
ID_V3YM6S,4.173704712670116e-05,0.0001363332588846669,0.00011429130287711464,4.173704712670116e-05,0.0001363332588846669,0.00011429130287711464
ID_HRFMYC,9.305392788787857e-06,6.231234461147016e-05,0.00013430502533600736,9.305392788787857e-06,6.231234461147016e-05,0.00013430502533600736
ID_D088YD,1.077178058211682e-05,2.415367743065646e-05,3.861840796928967e-05,1.077178058211682e-05,2.415367743065646e-05,3.861840796928967e-05
ID_CLQ4CW,3.678217404369456e-05,7.195638420684256e-05,7.834940940107999e-05,3.678217404369456e-05,7.195638420684256e-05,7.834940940107999e-05
ID_RL7E2I,3.678217404369456e-05,7.195638420684256e-05,7.834940940107999e-05,3.678217404369456e-05,7.195638420684256e-05,7.834940940107999e-05
ID_VK25IA,0.0003526725911321721,0.0016503025717123827,0.0022913924916857543,0.0003526725911321721,0.0016503025717123827,0.0022913924916857543
ID_RN5N5F,9.276880966078077e-05,0.00012017330029764693,0.0002199424881752418,9.276880966078077e-05,0.00012017330029764693,0.0002199424881752418
ID_5TLZMB,4.173704712670116e-05,0.0001363332588846669,0.00011429130287711464,4.173704712670116e-05,0.0001363332588846669,0.00011429130287711464
ID_7OSIUD,9.276880966078077e-05,0.00012017330029764693,0.0002199424881752418,9.276880966078077e-05,0.00012017330029764693,0.0002199424881752418
ID_MZPJPB,0.00020056607013121142,0.0005430042689968465,0.0009327616373810214,0.00020056607013121142,0.0005430042689968465,0.0009327616373810214
ID_1QMC23,0.00010101196987279015,0.0001523491755589306,0.00027689628202316036,0.00010101196987279015,0.0001523491755589306,0.00027689628202316036
ID_HE9HVL,7.952609687654278e-05,0.00021470500510295624,0.0002345532964828412,7.952609687654278e-05,0.00021470500510295624,0.0002345532964828412
ID_H2IQKE,3.678217404369456e-05,7.195638420684256e-05,7.834940940107999e-05,3.678217404369456e-05,7.195638420684256e-05,7.834940940107999e-05
ID_YHLHJU,9.276880966078077e-05,0.00012017330029764693,0.0002199424881752418,9.276880966078077e-05,0.00012017330029764693,0.0002199424881752418
ID_5QLFQX,9.276880966078077e-05,0.00012017330029764693,0.0002199424881752418,9.276880966078077e-05,0.00012017330029764693,0.0002199424881752418
ID_8XAE26,0.000546742391857134,0.0017368622951529824,0.0015787908548695953,0.000546742391857134,0.0017368622951529824,0.0015787908548695953
ID_4OPMF7,9.185618558336641e-06,2.3893136726412784e-05,4.089666975412865e-05,9.185618558336641e-06,2.3893136726412784e-05,4.089666975412865e-05
ID_N4FQXD,8.816584641566152e-06,2.0346646237260957e-05,2.584168830158636e-05,8.816584641566152e-06,2.0346646237260957e-05,2.584168830158636e-05
ID_BLEVN1,0.00010101196987279015,0.0001523491755589306,0.00027689628202316036,0.00010101196987279015,0.0001523491755589306,0.00027689628202316036
ID_LHUDOH,6.657390642716372e-05,0.00010779007655127508,0.00013216615718728155,6.657390642716372e-05,0.00010779007655127508,0.00013216615718728155
ID_OKOAZY,9.276880966078077e-05,0.00012017330029764693,0.0002199424881752418,9.276880966078077e-05,0.00012017330029764693,0.0002199424881752418
ID_E57G26,0.00010101196987279015,0.0001523491755589306,0.00027689628202316036,0.00010101196987279015,0.0001523491755589306,0.00027689628202316036
ID_2STV22,0.00045990577619235554,0.0011864043730090807,0.0013109442168227827,0.00045990577619235554,0.0011864043730090807,0.0013109442168227827
ID_7UZ55C,9.276880966078077e-05,0.00012017330029764693,0.0002199424881752418,9.276880966078077e-05,0.00012017330029764693,0.0002199424881752418
ID_DD2PDS,0.00012797386430081286,0.0003029978821108856,0.0005940106776352407,0.00012797386430081286,0.0003029978821108856,0.0005940106776352407
ID_KDHH6J,9.276880966078077e-05,0.00012017330029764693,0.0002199424881752418,9.276880966078077e-05,0.00012017330029764693,0.0002199424881752418
ID_A7UKVZ,0.00020056607013121142,0.0005430042689968465,0.0009327616373810214,0.00020056607013121142,0.0005430042689968465,0.0009327616373810214
ID_663PZ9,9.276880966078077e-05,0.00012017330029764693,0.0002199424881752418,9.276880966078077e-05,0.00012017330029764693,0.0002199424881752418
ID_URF0I1,0.00018734178201369143,0.0006112241257367881,0.0009189872156446682,0.00018734178201369143,0.0006112241257367881,0.0009189872156446682
ID_4N5TQ6,0.00012238977093300372,0.00018865052666861598,0.00045728369234885046,0.00012238977093300372,0.00018865052666861598,0.00045728369234885046
ID_60ZK2I,0.00010101196987279015,0.0001523491755589306,0.00027689628202316036,0.00010101196987279015,0.0001523491755589306,0.00027689628202316036
ID_QC43VZ,0.000546742391857134,0.0017368622951529824,0.0015787908548695953,0.000546742391857134,0.0017368622951529824,0.0015787908548695953
ID_13U1NY,0.00010101196987279015,0.0001523491755589306,0.00027689628202316036,0.00010101196987279015,0.0001523491755589306,0.00027689628202316036
ID_1VBX12,4.173704712670116e-05,0.0001363332588846669,0.00011429130287711464,4.173704712670116e-05,0.0001363332588846669,0.00011429130287711464
ID_7HH53L,9.276880966078077e-05,0.00012017330029764693,0.0002199424881752418,9.276880966078077e-05,0.00012017330029764693,0.0002199424881752418
ID_O7C7KQ,9.276880966078077e-05,0.00012017330029764693,0.0002199424881752418,9.276880966078077e-05,0.00012017330029764693,0.0002199424881752418
ID_G5JSBH,0.00012797386430081286,0.0003029978821108856,0.0005940106776352407,0.00012797386430081286,0.0003029978821108856,0.0005940106776352407
ID_VKKIH3,0.00012797386430081286,0.0003029978821108856,0.0005940106776352407,0.00012797386430081286,0.0003029978821108856,0.0005940106776352407
ID_665YVK,9.185618558336641e-06,2.3893136726412784e-05,4.089666975412865e-05,9.185618558336641e-06,2.3893136726412784e-05,4.089666975412865e-05
ID_I3WYPK,8.816584641566152e-06,2.0346646237260957e-05,2.584168830158636e-05,8.816584641566152e-06,2.0346646237260957e-05,2.584168830158636e-05
ID_UVJVQX,0.000546742391857134,0.0017368622951529824,0.0015787908548695953,0.000546742391857134,0.0017368622951529824,0.0015787908548695953
ID_574Q8E,0.00012797386430081286,0.0003029978821108856,0.0005940106776352407,0.00012797386430081286,0.0003029978821108856,0.0005940106776352407
ID_L6LXEE,0.00020056607013121142,0.0005430042689968465,0.0009327616373810214,0.00020056607013121142,0.0005430042689968465,0.0009327616373810214
ID_74MOYS,0.00012797386430081286,0.0003029978821108856,0.0005940106776352407,0.00012797386430081286,0.0003029978821108856,0.0005940106776352407
ID_N6IRKL,0.00012797386430081286,0.0003029978821108856,0.0005940106776352407,0.00012797386430081286,0.0003029978821108856,0.0005940106776352407
ID_3F60LX,0.00012797386430081286,0.0003029978821108856,0.0005940106776352407,0.00012797386430081286,0.0003029978821108856,0.0005940106776352407
ID_D6GTQM,0.00012797386430081286,0.0003029978821108856,0.0005940106776352407,0.00012797386430081286,0.0003029978821108856,0.0005940106776352407
ID_28MU6X,3.678217404369456e-05,7.195638420684256e-05,7.834940940107999e-05,3.678217404369456e-05,7.195638420684256e-05,7.834940940107999e-05
ID_4EA27V,9.276880966078077e-05,0.00012017330029764693,0.0002199424881752418,9.276880966078077e-05,0.00012017330029764693,0.0002199424881752418
ID_JMKVHA,1.077178058211682e-05,2.415367743065646e-05,3.861840796928967e-05,1.077178058211682e-05,2.415367743065646e-05,3.861840796928967e-05
ID_T8PROT,9.276880966078077e-05,0.00012017330029764693,0.0002199424881752418,9.276880966078077e-05,0.00012017330029764693,0.0002199424881752418
ID_KFZT1Z,0.0001858631587686558,0.0009405108916288867,0.001051600938349252,0.0001858631587686558,0.0009405108916288867,0.001051600938349252
ID_1L92EP,9.276880966078077e-05,0.00012017330029764693,0.0002199424881752418,9.276880966078077e-05,0.00012017330029764693,0.0002199424881752418
ID_D16TQ3,1.077178058211682e-05,2.415367743065646e-05,3.861840796928967e-05,1.077178058211682e-05,2.415367743065646e-05,3.861840796928967e-05
ID_4KJBXU,9.185618558336641e-06,2.3893136726412784e-05,4.089666975412865e-05,9.185618558336641e-06,2.3893136726412784e-05,4.089666975412865e-05
ID_HAGZ8S,3.678217404369456e-05,7.195638420684256e-05,7.834940940107999e-05,3.678217404369456e-05,7.195638420684256e-05,7.834940940107999e-05
ID_BZOPQK,0.00010101196987279015,0.0001523491755589306,0.00027689628202316036,0.00010101196987279015,0.0001523491755589306,0.00027689628202316036
ID_83J5WV,0.00012797386430081286,0.0003029978821108856,0.0005940106776352407,0.00012797386430081286,0.0003029978821108856,0.0005940106776352407
ID_2WYS02,3.678217404369456e-05,7.195638420684256e-05,7.834940940107999e-05,3.678217404369456e-05,7.195638420684256e-05,7.834940940107999e-05
ID_OHLMK5,0.0001975894980046506,0.0007760125232318974,0.0011152430003901804,0.0001975894980046506,0.0007760125232318974,0.0011152430003901804
ID_TENL85,3.678217404369456e-05,7.195638420684256e-05,7.834940940107999e-05,3.678217404369456e-05,7.195638420684256e-05,7.834940940107999e-05
ID_BIVD7V,9.276880966078077e-05,0.00012017330029764693,0.0002199424881752418,9.276880966078077e-05,0.00012017330029764693,0.0002199424881752418
ID_J28DNK,9.276880966078077e-05,0.00012017330029764693,0.0002199424881752418,9.276880966078077e-05,0.00012017330029764693,0.0002199424881752418
ID_BWIO8Z,9.276880966078077e-05,0.00012017330029764693,0.0002199424881752418,9.276880966078077e-05,0.00012017330029764693,0.0002199424881752418
ID_OCWO27,3.678217404369456e-05,7.195638420684256e-05,7.834940940107999e-05,3.678217404369456e-05,7.195638420684256e-05,7.834940940107999e-05
ID_IGHXNY,1.2475365924235013e-05,5.8757322378748134e-05,0.00013741272968369525,1.2475365924235013e-05,5.8757322378748134e-05,0.00013741272968369525
ID_LIIIBA,0.00045990577619235554,0.0011864043730090807,0.0013109442168227827,0.00045990577619235554,0.0011864043730090807,0.0013109442168227827
ID_1PO93P,9.185618558336641e-06,2.3893136726412784e-05,4.089666975412865e-05,9.185618558336641e-06,2.3893136726412784e-05,4.089666975412865e-05
ID_JS0FD0,9.276880966078077e-05,0.00012017330029764693,0.0002199424881752418,9.276880966078077e-05,0.00012017330029764693,0.0002199424881752418
ID_4YQUG6,1.2475365924235013e-05,5.8757322378748134e-05,0.00013741272968369525,1.2475365924235013e-05,5.8757322378748134e-05,0.00013741272968369525
ID_GGCNVE,0.0008679828186013707,0.0023524209906338224,0.0037024985330984484,0.0008679828186013707,0.0023524209906338224,0.0037024985330984484
ID_4MU095,0.0001975894980046506,0.0007760125232318974,0.0011152430003901804,0.0001975894980046506,0.0007760125232318974,0.0011152430003901804
ID_CF2J5G,0.0030494848367457797,0.007045549109432579,0.007865823140266893,0.0030494848367457797,0.007045549109432579,0.007865823140266893
ID_69KUSA,9.276880966078077e-05,0.00012017330029764693,0.0002199424881752418,9.276880966078077e-05,0.00012017330029764693,0.0002199424881752418
ID_47WWSO,0.00012238977093300372,0.00018865052666861598,0.00045728369234885046,0.00012238977093300372,0.00018865052666861598,0.00045728369234885046
ID_8EMU7E,9.276880966078077e-05,0.00012017330029764693,0.0002199424881752418,9.276880966078077e-05,0.00012017330029764693,0.0002199424881752418
ID_SSSQEE,0.00012797386430081286,0.0003029978821108856,0.0005940106776352407,0.00012797386430081286,0.0003029978821108856,0.0005940106776352407
ID_NC40LD,1.2475365924235013e-05,5.8757322378748134e-05,0.00013741272968369525,1.2475365924235013e-05,5.8757322378748134e-05,0.00013741272968369525
ID_RXX5K6,3.678217404369456e-05,7.195638420684256e-05,7.834940940107999e-05,3.678217404369456e-05,7.195638420684256e-05,7.834940940107999e-05
ID_O60MXV,1.077178058211682e-05,2.415367743065646e-05,3.861840796928967e-05,1.077178058211682e-05,2.415367743065646e-05,3.861840796928967e-05
ID_OG238E,9.276880966078077e-05,0.00012017330029764693,0.0002199424881752418,9.276880966078077e-05,0.00012017330029764693,0.0002199424881752418
ID_VA27BH,0.00012797386430081286,0.0003029978821108856,0.0005940106776352407,0.00012797386430081286,0.0003029978821108856,0.0005940106776352407
ID_5GVW6U,0.00012797386430081286,0.0003029978821108856,0.0005940106776352407,0.00012797386430081286,0.0003029978821108856,0.0005940106776352407
ID_74LR12,0.00020056607013121142,0.0005430042689968465,0.0009327616373810214,0.00020056607013121142,0.0005430042689968465,0.0009327616373810214
ID_345SCW,9.276880966078077e-05,0.00012017330029764693,0.0002199424881752418,9.276880966078077e-05,0.00012017330029764693,0.0002199424881752418
ID_AYT8DU,9.276880966078077e-05,0.00012017330029764693,0.0002199424881752418,9.276880966078077e-05,0.00012017330029764693,0.0002199424881752418
ID_XW5DPZ,1.077178058211682e-05,2.415367743065646e-05,3.861840796928967e-05,1.077178058211682e-05,2.415367743065646e-05,3.861840796928967e-05
ID_4IB9N7,9.276880966078077e-05,0.00012017330029764693,0.0002199424881752418,9.276880966078077e-05,0.00012017330029764693,0.0002199424881752418
ID_270DJ8,0.00012797386430081286,0.0003029978821108856,0.0005940106776352407,0.00012797386430081286,0.0003029978821108856,0.0005940106776352407
ID_NSAKGY,0.00012238977093300372,0.00018865052666861598,0.00045728369234885046,0.00012238977093300372,0.00018865052666861598,0.00045728369234885046
ID_1PTB19,9.276880966078077e-05,0.00012017330029764693,0.0002199424881752418,9.276880966078077e-05,0.00012017330029764693,0.0002199424881752418
ID_RDTW4J,0.00012797386430081286,0.0003029978821108856,0.0005940106776352407,0.00012797386430081286,0.0003029978821108856,0.0005940106776352407
ID_R8D4HS,1.077178058211682e-05,2.415367743065646e-05,3.861840796928967e-05,1.077178058211682e-05,2.415367743065646e-05,3.861840796928967e-05
ID_UF3LOQ,0.0001975894980046506,0.0007760125232318974,0.0011152430003901804,0.0001975894980046506,0.0007760125232318974,0.0011152430003901804
ID_AZRY44,9.276880966078077e-05,0.00012017330029764693,0.0002199424881752418,9.276880966078077e-05,0.00012017330029764693,0.0002199424881752418
ID_2KRTKC,2.4330986942806217e-05,0.00015649616190641292,0.00024469024301696364,2.4330986942806217e-05,0.00015649616190641292,0.00024469024301696364
ID_ISJZ5E,2.4330986942806217e-05,0.00015649616190641292,0.00024469024301696364,2.4330986942806217e-05,0.00015649616190641292,0.00024469024301696364
ID_DB3FQ6,2.4330986942806217e-05,0.00015649616190641292,0.00024469024301696364,2.4330986942806217e-05,0.00015649616190641292,0.00024469024301696364
ID_55KL6G,2.4330986942806217e-05,0.00015649616190641292,0.00024469024301696364,2.4330986942806217e-05,0.00015649616190641292,0.00024469024301696364
ID_X7RL40,2.4330986942806217e-05,0.00015649616190641292,0.00024469024301696364,2.4330986942806217e-05,0.00015649616190641292,0.00024469024301696364
ID_38TR4Q,2.4330986942806217e-05,0.00015649616190641292,0.00024469024301696364,2.4330986942806217e-05,0.00015649616190641292,0.00024469024301696364
ID_L8T6ZB,2.4330986942806217e-05,0.00015649616190641292,0.00024469024301696364,2.4330986942806217e-05,0.00015649616190641292,0.00024469024301696364
ID_D1SBOO,2.4330986942806217e-05,0.00015649616190641292,0.00024469024301696364,2.4330986942806217e-05,0.00015649616190641292,0.00024469024301696364
ID_83M5MJ,2.4330986942806217e-05,0.00015649616190641292,0.00024469024301696364,2.4330986942806217e-05,0.00015649616190641292,0.00024469024301696364
ID_XOU76K,2.4330986942806217e-05,0.00015649616190641292,0.00024469024301696364,2.4330986942806217e-05,0.00015649616190641292,0.00024469024301696364
ID_IWZ84Z,2.4330986942806217e-05,0.00015649616190641292,0.00024469024301696364,2.4330986942806217e-05,0.00015649616190641292,0.00024469024301696364
