ID,Target_07_AUC,Target_90_AUC,Target_120_AUC,Target_07_LogLoss,Target_90_LogLoss,Target_120_LogLoss
ID_004DL7,0.006593790942384309,0.005723488169198874,0.006270311329297621,0.0003914883451066606,0.0013812551028273903,0.0016105730998334073
ID_00893S,0.0066672217775140645,0.004529369014426977,0.004922983353581837,0.0005618444691215216,0.0014672423259522748,0.0018229154419619035
ID_00D47V,0.005204571175020715,0.004395099131665411,0.006267579596591221,0.0003021403823487085,0.0014823995340129046,0.002550878074654923
ID_00DG4G,0.006561782959793827,0.004630728040959859,0.004938153341680032,0.0003070499610542849,0.0013506906802587405,0.0017458702820667149
ID_00DZUV,0.0054102348800176385,0.003928054278499807,0.004042096624761506,0.00027759066976431164,0.0005884480227497922,0.0006143900893177075
ID_00FGHV,0.5590555841516454,0.7152707015859903,0.7406663739748931,0.8325015543713327,0.8488104760356096,0.9184397575527983
ID_00SYAM,0.009499754724826183,0.00467468798379823,0.005163347192828784,0.004981696386115036,0.001999229046390848,0.0025629659246952687
ID_01A97D,0.006059202816553399,0.004436653110188537,0.004786411048851997,0.00044033539453234715,0.0007837091890269045,0.0016160194087028376
ID_01C6IY,0.005119846259325442,0.0038973077219606523,0.004265663111740651,0.00019275404339727178,0.0005381107224410363,0.0006372430292282015
ID_01FXDQ,0.005544680491318554,0.004209991386698975,0.004715143210592315,0.0002404542075690791,0.000613839938614051,0.0009075142578749706
ID_01RP2A,0.005137661737356909,0.004358693859163238,0.005400117345962136,0.0002484253154004511,0.001625344052220251,0.0023277613293226996
ID_0221N3,0.005504093678345239,0.004273430495159242,0.0052288043045285145,0.00022320567220716369,0.0010444924105904106,0.001570492778902447
ID_025265,0.011100144041969271,0.006177960930526474,0.007249011955687046,0.005209273037130123,0.001977217993597496,0.0021592733486543217
ID_0256XQ,0.022593413534966553,0.0065868243542293765,0.0062398344310692425,0.0026921787187373374,0.0034405389940321864,0.0038427068394678234
ID_026QJO,0.005902793917036605,0.00485789923634708,0.005921158845314064,0.0003171263887265325,0.001679167703046755,0.0024007058583160644
ID_02IJBN,0.005542367801391124,0.0043355248367762155,0.00477658482895349,0.00036607774661450516,0.0008787865636243422,0.0010798586692918187
ID_02VC5B,0.006379238139069941,0.005321215642815998,0.005655976377409394,0.0013511293879007959,0.00247289769745109,0.003008991839866368
ID_02VGAQ,0.00553781234518636,0.004121581562476591,0.00446323122737114,0.00022754746371992027,0.0005293344127335905,0.0008967067460801603
ID_042DMN,0.00582730745709487,0.004734929705612972,0.005135746032905166,0.0006265966116770893,0.0013973522172920408,0.0017769782790425174
ID_044W19,0.0052181674148118464,0.003954563723183806,0.00438347771029995,0.00024153101474006018,0.0006331813212240821,0.0006975074364306012
ID_048GQG,0.005945975435657516,0.004311182044113914,0.004319675762788089,0.001010308326580133,0.0013383934820074034,0.0014708419755522797
ID_04A56B,0.32426621971950914,0.24687997840539885,0.16224586677172706,0.38104741496391603,0.3269145067033726,0.23106543289531983
ID_04CC0L,0.005292920924841448,0.0040412451170391914,0.004377307227898916,0.000277365677697569,0.0004466146478718032,0.0005753080724522761
ID_04DJLK,0.00572220541697159,0.004356725473887566,0.004510984096739768,0.0005619925810827985,0.0012208830446572836,0.0013986728530377879
ID_04Q0YM,0.005448034693631227,0.003811915412818271,0.003921577037101399,0.0003489270950266428,0.0007613591912082439,0.0006799724028064192
ID_04QBJK,0.006634047172563931,0.005281122582586476,0.005710196777039264,0.0015096179541664746,0.0025003804308802173,0.003020036670597337
ID_04SS9G,0.005653997131984502,0.003952670355812916,0.004131681832399229,0.0004866606380772479,0.000998400060455392,0.0010035096133915913
ID_04V1AG,0.07821995603764534,0.10443076431492515,0.06992992584142871,0.03214115675679172,0.04152902352227322,0.04872096945784556
ID_04ZSOG,0.005463381103289267,0.004257336632134661,0.004969026246145997,0.0002699146762328726,0.0014933121391718597,0.002113127219440123
ID_05TMIM,0.15212703264294727,0.40461594224020214,0.3168912627368644,0.12102753032086809,0.5207654228054834,0.4895581668596742
ID_05V8OI,0.005807426363528275,0.0043403191111299096,0.004826782849383161,0.0016242305458195,0.0011030766270003639,0.0014444736252877141
ID_05VYW1,0.005162634713964509,0.004103168964170891,0.004655865251420149,0.0003345914442347709,0.0010369063254285272,0.0013419701561894837
ID_065SOK,0.08994537547792858,0.3730051122659383,0.33388100183804836,0.04497803025001275,0.5207855256815144,0.5113351471209289
ID_066CHB,0.005174977363533899,0.003970516379713021,0.0046143990909875655,0.00019589484883897194,0.0009209575535411871,0.0011933837575226285
ID_067XPD,0.01433990540668836,0.01165733822822561,0.013776031281906636,0.002888095323786464,0.008875347332938486,0.01083052213257007
ID_06I476,0.005337423200374678,0.0038650033570002858,0.0039714196267135815,0.00027272658611280157,0.0007422128335990646,0.0007452059043354061
ID_06KAJU,0.17996533904879225,0.10888179095763671,0.16183566110331252,0.16448895580199968,0.13758253143074123,0.26832460057947094
ID_06TUVJ,0.018308920376761777,0.01808261899388786,0.008583715144541544,0.012086991042687593,0.008332097029125993,0.003485187261883373
ID_07AJO5,0.005882948567959819,0.004226561333587192,0.0046193762387099595,0.0004517369055171512,0.0009077031354791287,0.0012171301587886008
ID_07BV8U,0.0053078188679447835,0.003994534552080076,0.0045625820142717,0.0001694824203085804,0.0004551777252355281,0.0010137221888136686
ID_07SK9V,0.005845152564186932,0.004632549714601036,0.0050899247186735426,0.00026117056097845766,0.0010926261817209523,0.0020715812823291005
ID_083PSL,0.006297356439656967,0.004844634821319662,0.005701750412752343,0.0004371855703742215,0.0011970329823459385,0.0017127988952437144
ID_086L0X,0.005651169668184003,0.004119847567610515,0.004454272135767123,0.00022990769169818143,0.00047465573465639707,0.0008019082913663883
ID_087YXO,0.0056947788025207705,0.0044424469055766155,0.0054709465043224145,0.00018331911701811063,0.0012289147331665956,0.001829405322419955
ID_08BIU5,0.005250208299879958,0.004011457237210523,0.004547361399276828,0.0003297782580488906,0.001072280256124969,0.0013763984353239887
ID_08DG5M,0.005220243987646478,0.0039963763411091065,0.004365976616534716,0.00016123853532886077,0.0006594832113892296,0.0007661774616111652
ID_08XJFG,0.008351801651566706,0.004302347969196865,0.004210560763122367,0.0008236632279738311,0.0008678200099596115,0.0009831715857742155
ID_0919CJ,0.006412306425589025,0.004816010341631998,0.005337255619638701,0.00042268960117060057,0.001446964733847031,0.001548546356249645
ID_09QFQF,0.005503446989374501,0.0048682737328401195,0.006360038819333939,0.0003134944574273757,0.002128647161789522,0.0032310192628270933
ID_0A1W1B,0.006370371331835682,0.004810549768687527,0.005220031354586142,0.0005415407514403162,0.0012792522437187928,0.001804269531432018
ID_0A3D61,0.005902793917036605,0.00485789923634708,0.005921158845314064,0.0003171263887265325,0.001679167703046755,0.0024007058583160644
ID_0B522U,0.007542332702016525,0.005184675886094321,0.007638274174603277,0.0006687557543566598,0.0010189554966761735,0.005058952115959021
ID_0BCHBA,0.008255784117432288,0.004316388455314616,0.004206871239680406,0.0006099809818884475,0.0005375852872368645,0.0005727276922030263
ID_0BO03Q,0.011295805802366632,0.007264863655084413,0.008161063223331422,0.006073290702719412,0.002977084754214865,0.007289612314670758
ID_0BYJ5N,0.005606728990142441,0.0041168566995842685,0.004427738050517215,0.00039089010805554473,0.0007866627808706755,0.0009289119573355256
ID_0C4EDO,0.005373940231983517,0.004199123992413235,0.0046989145014443914,0.00018209666507141444,0.0008757347057444864,0.0013092275306736082
ID_0C8KZH,0.0318635169913159,0.018995017479581395,0.015611337269723908,0.005219383519836121,0.01767878255143286,0.018956762323339427
ID_0CCA4F,0.0055852355634668106,0.003941977791853736,0.0041460743314569335,0.00024223228725237558,0.0005312491413572764,0.0005550085049946285
ID_0CE2HK,0.0051211245334456265,0.0035425775020424383,0.0036279081999155876,0.00022213499103830697,0.0005138377970563383,0.0005423600981064322
ID_0CG34U,0.005596393866850878,0.004234871077366703,0.004736207158747165,0.00028218000498566177,0.0007603576799885,0.0010067190285964157
ID_0CIEHB,0.005824787442711898,0.004516582242655024,0.005261712514716346,0.00026587291381002646,0.0010939932888740576,0.001799347973812082
ID_0CL91E,0.005628111716643246,0.004940081118291862,0.00561549041540538,0.0003094018982557401,0.0023859900016366562,0.0032399721101211945
ID_0CP43G,0.005458816048367042,0.004058720364371512,0.004577133050729383,0.0005173544111715727,0.0007486689232035118,0.0013033972378010707
ID_0CQMTS,0.005090461742050601,0.003975591405537292,0.004833384074595401,0.00026280432029642935,0.0009928056921962517,0.0014137581083211589
ID_0CTOW2,0.03185346216845976,0.031106742462220047,0.0532700687619487,0.010444796882929003,0.02295886233840693,0.05049703374169902
ID_0D8BV7,0.005319809838346063,0.00470690155947963,0.0058010321162072125,0.0004483775087856726,0.0017328139660455673,0.002565646465795183
ID_0DGOAR,0.005443550874621617,0.004255464630567078,0.004817386425658843,0.0004377925983871187,0.0013638140452646643,0.0016448877799285833
ID_0DPIA8,0.005085993108631581,0.0038069720704670146,0.004346173000384713,0.00021005365908437042,0.0006975387475336702,0.0008951448004410861
ID_0E6AWX,0.006197548086101946,0.004443043633570377,0.004788625447264445,0.00044387170592663554,0.0007384532544718788,0.001487077071944386
ID_0EDVOO,0.005106421778669141,0.0035307417546124563,0.0036213862024312097,0.00024394858991170172,0.0005344800413806017,0.0005786916799266146
ID_0EFT4F,0.005862267805036512,0.004681300095083959,0.0059039421649775235,0.00046003787932708174,0.001902316111541677,0.0029481663395801074
ID_0EH8TX,0.021111876280395937,0.03876414116185888,0.01771871464572422,0.004865022476967398,0.04440676377702716,0.024452842036932272
ID_0EMHPX,0.0058051914427911045,0.0045718676647729575,0.004993027157975729,0.0001566585791043415,0.0010192528491513803,0.0020460086460331634
ID_0EPYYW,0.005849913810742424,0.003915700868923134,0.004019822116764555,0.0002677707975762113,0.0008276546767527888,0.0007820929911212568
ID_0EW874,0.0592890193535726,0.07728242876456894,0.049897254898234114,0.03757488453702607,0.045113933771860744,0.046676481373878566
ID_0F7RHU,0.25438127993342885,0.3731455625696528,0.3514248509331258,0.16004629110654287,0.49172986945141506,0.49822469740536424
ID_0FEW1F,0.005246073921034083,0.004098695513487896,0.004639480192153281,0.00016899376644565842,0.000646014879659351,0.0008987666265210452
ID_0G0M3Z,0.006962544668286135,0.005052868556671474,0.006187630566125694,0.0008354650628120892,0.000753390748420234,0.0015641546826476217
ID_0GMSEZ,0.0056944856996497435,0.004439039531951439,0.005469536036408463,0.00017762107723107214,0.0011668640130431756,0.0017832233151328972
ID_0GT5MY,0.005597315227923027,0.0048573185102845475,0.005198280292870542,0.0003045381681866747,0.0018073134159132813,0.0019242509593729586
ID_0GZD1A,0.005856871600832515,0.004678721373785392,0.005051023314032318,0.00020310405214862457,0.0010871486320380172,0.0021526083023726762
ID_0GZHJB,0.005365415159368997,0.004444605883466228,0.004935744939752516,0.0008019100961960247,0.0014343262222280876,0.0018051964608235879
ID_0H0H1X,0.0053335659761510204,0.004027503591284116,0.004637541243834876,0.0002575991585255394,0.0006758326804727714,0.0009836927234840084
ID_0H3T5P,0.16579571737100535,0.24918731673809835,0.16696158765345595,0.14889788322507924,0.3082222156545061,0.2546193842382986
ID_0HGHQZ,0.005143889503406922,0.004161561264859059,0.004831791366228707,0.00019876108510809949,0.000878125168406542,0.001270595724208945
ID_0HSCEO,0.005986495284682411,0.004392759413815923,0.004719528149697429,0.0005941570768030411,0.0014166820663027637,0.001668608208552479
ID_0HVBH9,0.006068100329158565,0.004695491470779425,0.005031681486054469,0.0003238217365980364,0.001130203679818226,0.0009398734322738702
ID_0I4S28,0.005440466998119717,0.0041076492328201986,0.004434166783139374,0.00027019078054562283,0.0005386443813847259,0.0006820204418950637
ID_0IB50G,0.005750786844567427,0.004576927066402515,0.00466567088737876,0.00020403160401087647,0.0012316378013430235,0.0010557014947439685
ID_0ISQF0,0.28229638347218383,0.28091570872474925,0.2674614758455339,0.2416384736904559,0.18785738089753762,0.2053382325379203
ID_0J1LF5,0.004957594210817836,0.0037975353384012128,0.004015881193947295,0.00020388450518720719,0.0007956295902039616,0.0007324972204221388
ID_0JC6LT,0.005656128838855451,0.004550945160641287,0.005587081853596409,0.000395378509014931,0.0014627249297084384,0.0021429709610635843
ID_0JC80K,0.011379668698354169,0.005994715219815162,0.00572884634082396,0.0010177673728807505,0.002516775830927705,0.002301718877452291
ID_0JG3TM,0.0053345769261914575,0.0038473998357174913,0.004072345523530953,0.00026705322678836495,0.000585979800352993,0.0007368729338731361
ID_0JQSZK,0.007193713007630459,0.0046371805672534554,0.004430436741012597,0.0008910984574351468,0.001556843009373569,0.0014811985261871856
ID_0JVF3K,0.007349158947255723,0.005036353042658543,0.0062713250084904405,0.0019630875053070537,0.002256263232405095,0.002868200625914606
ID_0K6BDO,0.005920152224722131,0.004757525042065229,0.004922446080781016,0.00032082688013285914,0.0011889881093681076,0.0011506557117201273
ID_0KPGAQ,0.00497113105000729,0.0036551343556081185,0.0037344936994444275,0.00015719872702424066,0.0004214012259805504,0.00046843443367914874
ID_0KT3LA,0.00552932656826828,0.004088208086841514,0.0040601473788396195,0.00025378853412723855,0.0005553849905185388,0.0005423282311942214
ID_0KVUYB,0.010987243924451526,0.006280184563994268,0.004923675760581504,0.0021800394435007426,0.0015937837508854524,0.0015058025738979629
ID_0KWKO6,0.005656128838855451,0.004550945160641287,0.005587081853596409,0.000395378509014931,0.0014627249297084384,0.0021429709610635843
ID_0KZUAR,0.005126364616791278,0.003941348269198635,0.004243470395568427,0.0001518544628691162,0.0004895859215350274,0.0004992829104916703
ID_0L0GWJ,0.005475268056867604,0.005240909494614507,0.006782835668459099,0.0004902131079025735,0.0028033244048007388,0.0046502830585852546
ID_0LGOS8,0.04427097786084108,0.015613527691200361,0.012978424493328932,0.014003462389278404,0.013386079712182962,0.010829463154165171
ID_0LI4KO,0.006363143224115411,0.005019169965223634,0.00515984317767724,0.0002603192104061268,0.0030431911068596203,0.0037714659488684897
ID_0LJATN,0.010987243924451526,0.006280184563994268,0.004923675760581504,0.0021800394435007426,0.0015937837508854524,0.0015058025738979629
ID_0LNF2H,0.005851424028022977,0.005100611519924081,0.006133230998572056,0.0005577684068120143,0.0017484301125811944,0.0022162217271561096
ID_0M1QAK,0.005363214664177345,0.0047566235851144905,0.0061286667425801715,0.0004835230998638707,0.0018909519528167973,0.002987553022248602
ID_0M8ZAR,0.005866417897240754,0.0046784915851917795,0.005033503857661617,0.00018542154216645283,0.0010711820101667842,0.0020141831619936534
ID_0MM662,0.0056944856996497435,0.004439039531951439,0.005469536036408463,0.00017762107723107214,0.0011668640130431756,0.0017832233151328972
ID_0N9HPQ,0.006183745777281176,0.005524946319981881,0.005388004456365215,0.00022309412185639814,0.0016172473654038058,0.001471968470312218
ID_0NEC9T,0.005980922130174325,0.004434084277343014,0.004700845846587761,0.0002915512665897263,0.0007878977773732621,0.001301988004972943
ID_0NEH7M,0.005947962031080477,0.004731300972686936,0.005294488917622872,0.00031405091085569574,0.0016642353702427202,0.0025987889726625177
ID_0NKOI7,0.019748997203646874,0.008973716018397611,0.007638874568748463,0.005544567757186261,0.008694513121298644,0.007498423417025627
ID_0NPRVJ,0.005327762806551689,0.0039046085476287535,0.004020810988130641,0.00015618931027646648,0.00046897534592025035,0.00047054875420892583
ID_0NSO7P,0.005414801198201135,0.004221131745452601,0.004709601830657497,0.0001767594792285542,0.000535095256086726,0.0005997681551327987
ID_0O39EX,0.02113084622191756,0.008902523533781499,0.008298781882378217,0.00363756990783352,0.005613994277098642,0.0075948081035856945
ID_0OJ74K,0.005331436421326701,0.0038184751562082113,0.004291422057656212,0.00021527593134985343,0.0008104248120699984,0.0009859126475253268
ID_0OMUID,0.005108409204888663,0.0035331282378905445,0.0036346475447547916,0.00020935215480478924,0.00047838694092660293,0.0004807492056041041
ID_0OW07A,0.005245274100683014,0.004523890855099148,0.005720927789440235,0.000350771015810613,0.0021569929357692042,0.0036462345053768883
ID_0P1U7I,0.005153380207912398,0.004204416905587227,0.005213180777022894,0.00019879308042151296,0.0011682313888301944,0.001722537378270666
ID_0PABFC,0.005660681146991173,0.003678058926693341,0.003899735237099488,0.00024587157038155784,0.0003786406475573604,0.0005732588680374804
ID_0PDI5J,0.005482359930244722,0.0046122173679988875,0.005081024914195844,0.00042393012973312164,0.0011583857078920313,0.0014919643492988335
ID_0PPL34,0.011235626836838293,0.01105600274007144,0.00927922044655106,0.0029531934015493166,0.005224429695298547,0.004645392515526823
ID_0Q0ASG,0.0077563427314387146,0.0049154999330978145,0.005423761073530657,0.0007980237929933987,0.0010860886599575845,0.001351369108490293
ID_0Q5QSV,0.005713597931462121,0.004073343890917235,0.004411743599597317,0.00032747385473042007,0.0006024719795591398,0.0008403796823474173
ID_0QG01H,0.01000412471798309,0.005798828743207007,0.005911669779223647,0.001677512166261909,0.00268012997059874,0.0029602916027020912
ID_0QIEVZ,0.005804356377664053,0.004273243951495556,0.004459770963487834,0.000744600946605052,0.000913546833319942,0.001074144436929566
ID_0QRDVL,0.006358575067364259,0.005073452718644222,0.005354485595545988,0.0011594585107603023,0.0020490249032329155,0.0022936178884527393
ID_0RHXLP,0.005341913052798499,0.004092335478388838,0.004049594656425196,0.0002352008961014781,0.0005124618035070854,0.0005150534859570056
ID_0RNKFD,0.005959017461940412,0.006160689592884394,0.008822814961259935,0.0005153474714839229,0.0015749409505122903,0.003476546465590997
ID_0RYNOK,0.005731960402553428,0.004515915446542726,0.004551307637912458,0.0002853347046978645,0.0008487996040657732,0.000837124917079675
ID_0S0PVH,0.005569456386671822,0.004655987633192142,0.005140661002903924,0.0007396196789747653,0.0011998055670873072,0.0013501121304846197
ID_0S1SU1,0.010640269120423835,0.006483117545755327,0.006517126611987592,0.0047453066590343014,0.00432811940805463,0.004221598937449487
ID_0SBJWI,0.005180040624106073,0.0038923884907450107,0.004273010809302837,0.0001490087717640143,0.00048801566069474176,0.0005600957789432616
ID_0SDUWB,0.009888528937723814,0.004280227647934321,0.004895239323458317,0.0007127024219286697,0.002232907311508534,0.0027020992774041
ID_0SN05S,0.006071819568192691,0.00470128920501682,0.005397038592080359,0.00021244008373937418,0.0014346241825386992,0.0018070497172778441
ID_0T2A2U,0.005443550874621617,0.004255464630567078,0.004817386425658843,0.0004377925983871187,0.0013638140452646643,0.0016448877799285833
ID_0TQQFQ,0.005040535878177284,0.003839076022830155,0.004102895907141567,0.00017120409635144863,0.0006813403448040548,0.0007468042097628552
ID_0TWM69,0.005552235351885709,0.004221431087271128,0.004587258395428884,0.0005666729019342396,0.0007228055860511324,0.0009300771554006714
ID_0U0CZ6,0.006277929291836917,0.004812646098169699,0.005124795816227873,0.0005107002165888306,0.0011596422350418558,0.0017701085303986827
ID_0U1FIH,0.007164330085876765,0.007271722606034928,0.006884847583303429,0.000400093903397003,0.0018002069914506427,0.002027323662006403
ID_0U4OWS,0.005342904600913001,0.004826818414571217,0.006024096960908936,0.00021062313075081974,0.00208762965049274,0.003158685225687256
ID_0UNLYT,0.005229854748143022,0.003958218986037607,0.004413745597188668,0.0003099347575401461,0.000822057973746169,0.0010175845371039913
ID_0USD12,0.005304327502129239,0.003946091229534269,0.004410345098354675,0.00017322599117653264,0.0005788421344355124,0.0006421081651346067
ID_0V4XZ0,0.011941869110490633,0.012116398292222257,0.010660007442489919,0.001197010450311211,0.007863946119339974,0.010139871899836976
ID_0V5W7R,0.009870414969952687,0.0055703552441671205,0.006048206873150614,0.002239762997481481,0.002126288591586744,0.002364849497786285
ID_0WNG6D,0.0053279639249590605,0.01397676123768644,0.01184345005633019,0.00017296400881157387,0.012149178430967127,0.012648589712774987
ID_0WRPJW,0.005424966648328696,0.003785694342058827,0.003909168508370102,0.00037983283007248284,0.0007729168046981314,0.0006471880557219288
ID_0WZ4DT,0.0057980026829902295,0.004238927881948538,0.004552223838835632,0.00027794362488727957,0.0005896352287428004,0.000826331933874252
ID_0XYW8F,0.005504283691759453,0.004293875534670303,0.00524831038534183,0.00019969675793238902,0.001276520335731995,0.0018773291845175474
ID_0YHV2D,0.011438956216494383,0.012866852998224642,0.012128755918957608,0.005606396749893499,0.01164011254695955,0.013886790389450225
ID_0YXFYC,0.014467556432466942,0.01688372940241254,0.0209662917178557,0.005253762943992233,0.017994687427493963,0.022654940552865623
ID_0YXO2D,0.005288439087005659,0.003907382682796246,0.004027291703513089,0.0004350415807985187,0.0010529053306834917,0.0010102201787554486
ID_0ZEYV1,0.007728674141962179,0.005595180484553081,0.013000450877882694,0.00039306359615758123,0.002370255282113242,0.005356379404103701
ID_0ZINW1,0.006443010652101094,0.004752336493833625,0.005133219769419397,0.000864116004159869,0.0011949259274474983,0.0018126844680523655
ID_0ZOFHK,0.0054748547322351435,0.004175061360983771,0.004636872628489015,0.0003246656943563446,0.0007411077066926816,0.0009386843637769231
ID_0ZSP1X,0.005799597589333155,0.004274073270113682,0.00448172405594,0.0005593344831501231,0.0009576423436467792,0.0009740422191532226
ID_0ZWEL6,0.006292547449885838,0.005398268332034439,0.005378661278743801,0.0006956680778136538,0.0015519244989960627,0.0012855343554312186
ID_10D3G1,0.015935218209866858,0.012874919694358814,0.013136104469857982,0.0067573371796684,0.01242579806934647,0.01570507622056278
ID_10YMBD,0.0057285748774380625,0.004335536698621607,0.004821401226247022,0.0003285380943337226,0.0008640571854018429,0.0008976346389218833
ID_11E3S7,0.0092765328884631,0.006316672881233193,0.0064424844747362825,0.0013975537307472179,0.0022478672112517693,0.0026541570703732358
ID_11E7A7,0.005603302768777161,0.004922543428964053,0.005351877170828328,0.0005896984055993622,0.0017780402653891786,0.002086020797431025
ID_11K6P1,0.02454304126802818,0.008205492329800446,0.011030869292887772,0.009570024633686338,0.007046153494161699,0.009352044824852723
ID_11KV3S,0.006412306425589025,0.004816010341631998,0.005337255619638701,0.00042268960117060057,0.001446964733847031,0.001548546356249645
ID_11KZ0U,0.0066789170321824645,0.004775787633290536,0.005210551316489789,0.0002795798397169027,0.0015030684103132055,0.0018565169811830397
ID_11L375,0.006027694030210133,0.004964374321237866,0.006089353351795738,0.0002979246740995628,0.0017273161302796762,0.002524323392440294
ID_11LXBP,0.008545273452483668,0.005121063868247516,0.004913856907385349,0.0024099953453177963,0.0011020721877995406,0.001392549289310654
ID_11MWYB,0.005537110991867841,0.004029745697364715,0.004569915347809708,0.0002512046666000541,0.0006121378134728767,0.0007552729801021339
ID_11U5X3,0.006358575067364259,0.005073452718644222,0.005354485595545988,0.0011594585107603023,0.0020490249032329155,0.0022936178884527393
ID_12IR7V,0.00508650617600357,0.004002728301165933,0.00430672143674988,0.0001875520292852841,0.0005891017529694802,0.0007612436129488006
ID_12WOGA,0.005593032784393426,0.0041619915777741144,0.004114682721167397,0.0011371234832461008,0.0010950071131013268,0.0011778539400214983
ID_12ZAW0,0.005471275334365799,0.003830044905188492,0.00392647306164751,0.0002854890740429132,0.0005840384402362636,0.0006087422581769582
ID_13419M,0.005365050346379028,0.0037462949593688863,0.003660367305517789,0.0003909942026641682,0.0006755990377852008,0.0006995929726432603
ID_134UJF,0.005320109026802266,0.003992030406203864,0.004398732013483858,0.00032178558703086884,0.0008023515546381405,0.0009859382293203897
ID_13CYF8,0.006981280085473542,0.005555265763277936,0.00657175920266469,0.0008559076684876392,0.0024939674007285876,0.003619241866644277
ID_13DMQK,0.008969229686402553,0.005330815285433826,0.005241427662928376,0.003671190213078349,0.0014056917400805911,0.0017478084233122785
ID_13GQDW,0.005159830762287435,0.0037783492554148597,0.003978887999046036,0.00020691507258043727,0.0005186435362459757,0.0005241837052217149
ID_13U1NY,0.005563073254609364,0.004538164942532048,0.005172601486090875,0.00043552493120401306,0.001468866382737415,0.0017767275055777616
ID_13W4SF,0.005477359832224843,0.0038974764374518057,0.004323196547242251,0.00016856486756219996,0.000888287976324249,0.001035273221053292
ID_13XPOY,0.007890936477357762,0.006442140669516087,0.006640929452139243,0.0008726479832398095,0.0029077429740928615,0.003497818618455496
ID_14AZQV,0.137323175464996,0.08094842320240747,0.10144304610955307,0.13217705425972787,0.08496586492717005,0.1475037330187425
ID_14JUT9,0.005545977334039175,0.0050566882417674265,0.004565804042405812,0.00018402050127675236,0.0007123502401604443,0.0006619956713580219
ID_14Q6RD,0.005758422792330314,0.004474090773043143,0.005720776206819139,0.0002510038985049582,0.0013423614165024504,0.0021954892387880684
ID_14VB1C,0.006937143267900096,0.0039036249652503116,0.003929274553087289,0.0003922313025770077,0.00037184114790086206,0.0007047142304145207
ID_14WLPI,0.005463247140079711,0.003764952568630163,0.003842270692262625,0.00029246402730006893,0.0006174222237667053,0.000761539030041019
ID_152UY7,0.005904326335616779,0.0041261027935153806,0.004585321934419881,0.0004351316496369185,0.0009153330116370986,0.0010889047183768566
ID_15CTIR,0.049002720795071564,0.013824483590026757,0.014502479202915463,0.015956251762158855,0.013227337210494496,0.016410021130007505
ID_15F3L2,0.0074062168270653305,0.005362574878416211,0.006711810824113054,0.0005740172745357344,0.002046141127515478,0.0031074981914074023
ID_15HY2V,0.005142639644994724,0.004039041429107344,0.004296035270345562,0.00023015354742496729,0.0006829152347213062,0.0009491011801121535
ID_15LAWX,0.005565119078222248,0.0048326817158766315,0.0054298617750519595,0.0002088510998232712,0.002143125961314638,0.00310994725755475
ID_15PDE4,0.008048626175778058,0.004296898140501279,0.004130816144087056,0.0003401289099161256,0.0005676645756166227,0.0005791783650315302
ID_1619HA,0.005526538729346384,0.005068747084534586,0.00830883427818189,0.0004959916681248235,0.0027159916371076362,0.0054265453726571634
ID_167YYH,0.03339641627129884,0.00898065133730934,0.008804468527830605,0.01538372007192419,0.0057635295937037735,0.006974643365496873
ID_16FUTF,0.005526538729346384,0.005068747084534586,0.00830883427818189,0.0004959916681248235,0.0027159916371076362,0.0054265453726571634
ID_16IYHJ,0.008030281638016695,0.006202033059427783,0.019462557978801545,0.00032363778096878594,0.0020803959826788477,0.007843464281104507
ID_16O9TG,0.00543830717063501,0.0040075811610292555,0.004266356210648992,0.0001895483207691815,0.0005526945989495289,0.000833461403102664
ID_170IHM,0.005803420671447508,0.004338191163466806,0.004600668605107425,0.00037984794599240393,0.0007646389476962239,0.001299709161450672
ID_170KNW,0.005390949173020943,0.004018306345448407,0.004394225507052979,0.00012598123120293497,0.0005329369684978165,0.0009483218058104777
ID_17EACN,0.005393219711610426,0.004894286526759899,0.0060763582841582295,0.0003311526700206492,0.0023917395251226376,0.004038254998556581
ID_17EH3F,0.005569456386671822,0.004655987633192142,0.005140661002903924,0.0007396196789747653,0.0011998055670873072,0.0013501121304846197
ID_17FHGU,0.005704777637439105,0.004580011047882684,0.004695564198269099,0.00045173427914766925,0.001169172649746795,0.0015260496897103737
ID_1809CE,0.0055507752800742155,0.0051603158399399955,0.00596995521964294,0.0006391907532404128,0.0017135162906925985,0.0022445472676995743
ID_18BEK3,0.011515998119764203,0.009369549209470739,0.028994594782294304,0.0048208149383950965,0.006636625866659218,0.018803952721015923
ID_18QI1A,0.006086462089986035,0.004771572875778586,0.005467376738840308,0.00038498320392075906,0.0014932236964812946,0.0019866808936829182
ID_19BEFN,0.010250339852150602,0.00499091343225654,0.004467351340736242,0.0008104776027455771,0.0008685334641674753,0.0009378407447965157
ID_19G3H2,0.006412306425589025,0.004816010341631998,0.005337255619638701,0.00042268960117060057,0.001446964733847031,0.001548546356249645
ID_19LZOV,0.05129553188278051,0.09365707709861716,0.029515847742687278,0.038487985785193655,0.08693434786031957,0.029182828024475
ID_19O4B5,0.005318596428442938,0.004275314085544516,0.0051173232424399015,0.00023567720629899083,0.0015702611110513806,0.002200665370481039
ID_1AME4K,0.005171679918608185,0.004373483117258093,0.005423989380649398,0.00010756919108873156,0.0012279701406208744,0.0019654343429895277
ID_1ANEBT,0.006490576549244223,0.005254722608854102,0.0056512223152622295,0.00034169787440658475,0.00414322364784618,0.005206477943292598
ID_1AT9KW,0.005452125611454265,0.004087523361260522,0.004275584024159036,0.00022982264345994483,0.0007089560286084129,0.0005366188388935642
ID_1BWM6H,0.0065207564114190325,0.004693184029655335,0.005031172894528809,0.0005339921054268905,0.0012947250205363257,0.0017224851876093293
ID_1C4G5E,0.005670660610928683,0.004324118904443262,0.004730670833738044,0.0004888571325115713,0.0008863774669492376,0.0011621459531662558
ID_1C94ID,0.005232233149413734,0.003954521821527114,0.004540092050181077,0.000222999118299353,0.0009699725643601125,0.0013226867558299852
ID_1CHR0U,0.005474904186096128,0.004173835487254832,0.004719622019323978,0.00019499607004997785,0.0005605526922990424,0.0008715053725985314
ID_1CJ5FO,0.012865955155755398,0.014014524540083628,0.011433299259672668,0.003272090749868959,0.01487641580046071,0.013542430824393834
ID_1CMCRH,0.00566350805904035,0.004011036863198191,0.004392364368524817,0.0002655815123550887,0.0004986494730177494,0.000870912055633914
ID_1D3R5U,0.005261927234424288,0.0036737101053879433,0.0038266589536709666,0.00018011437274577215,0.0004993450618879727,0.0005838764886737522
ID_1D43WK,0.0053191875497786145,0.013706494367222098,0.011379941427573068,0.00017560870017401762,0.011688768704114304,0.011127310801054214
ID_1DT5V6,0.005181907002697422,0.004176536891229361,0.004859158461606164,0.00029450727144741376,0.0010994823448384412,0.001233254808396644
ID_1DU4K9,0.005716619995824142,0.00471784626513183,0.005461946076939982,0.00032875238230341156,0.0021633452714903577,0.002925542269834015
ID_1DUVNN,0.0053993358768648055,0.004396991179960498,0.004933103296997575,0.00035233597525647845,0.0009273706601941824,0.0011290373364342351
ID_1DVLLY,0.007434714327269173,0.004833107613598849,0.005504087295989757,0.0013757720020212722,0.001234050835455123,0.0013697854337698817
ID_1DWT84,0.011956004448323194,0.009228071804196478,0.010669161057415158,0.0018775612221973914,0.004169193575257915,0.006509856082625414
ID_1E6RRT,0.023131719922545837,0.00719869020166895,0.009334681436012347,0.006375887737409147,0.0053994648359275855,0.006501100939247307
ID_1EP7ZJ,0.00531693507569735,0.004129668239558218,0.0042807149448978125,0.0002183548270125545,0.0006643715968251192,0.0008214613838196979
ID_1F0IDO,0.008535038591305359,0.004465138108442295,0.004714430485768482,0.0009372932292675977,0.0008430449544067679,0.0013384674548079496
ID_1F53HQ,0.0050092948565486515,0.0037376662002264285,0.00398267383546251,0.00018717899330572682,0.0007128570633970421,0.0007834999453070677
ID_1FCLJQ,0.008674517551213989,0.004143044386912735,0.007287065548861047,0.0006301388779675338,0.0010585612907900183,0.002159909653725685
ID_1FJE68,0.005497946712300666,0.004336920007219777,0.004800138388062554,0.0004278547919138302,0.0010037838639945656,0.00106555855758478
ID_1FXKVY,0.006561782959793827,0.004630728040959859,0.004938153341680032,0.0003070499610542849,0.0013506906802587405,0.0017458702820667149
ID_1FYJNL,0.005321171963502499,0.004714190817804871,0.005980875228358661,0.00038560500836584677,0.0018447356301098824,0.0030326648403431683
ID_1G39W0,0.0061060109695920215,0.0053578153981024106,0.006091892238351872,0.00029638792115531653,0.0014954230527143325,0.0019462166748278466
ID_1G89F8,0.0058754492515334005,0.004961324158249932,0.005600898298825616,0.0008823079268532234,0.0016082900437343454,0.0019663240741960354
ID_1H0I48,0.006056833139087541,0.004346035577643302,0.0051834611043526345,0.00037551294485165155,0.0015203905713089185,0.0023510975216674843
ID_1HUSLA,0.005425221012472293,0.004341675586551833,0.0049324553196622946,0.00026372416145244577,0.0008279953360885676,0.0010232938234065
ID_1HXO1D,0.005769648048840696,0.005061563660662868,0.006241880590026063,0.00036771295493002955,0.0018381360073422988,0.0032148710938218034
ID_1I109E,0.005452343354724548,0.00450412627810587,0.005270541990410366,0.00018922311159039,0.001488300151904589,0.00232166476110181
ID_1I1DP1,0.007331944845982908,0.004015265141087657,0.00521839834687306,0.0004959621916011971,0.0004401486436185949,0.0008063518125863884
ID_1I4R9P,0.008169599837332054,0.004920099631131886,0.005209984514579548,0.0011327099248704844,0.0015023521262956811,0.0014395947706148946
ID_1IESDO,0.006091747585090087,0.004174892030357492,0.004697991858736673,0.00022102941228535378,0.0005987287080654677,0.0010191302393908626
ID_1IG1YN,0.007164585920007764,0.003892498375999126,0.003981967563531035,0.0003422851633482807,0.00037278905576037006,0.0005450404276519929
ID_1J3E42,0.005292874682178448,0.003996235824518408,0.0044932453756166245,0.00019965829685891133,0.0006207329618187613,0.0007040923707073649
ID_1JA2MK,0.005591329580102819,0.0044411805853534665,0.004887767677209962,0.00021414771079706344,0.0010966876863817312,0.001892644507251842
ID_1JDULR,0.00578001115749939,0.0047094557505036674,0.005209590513603178,0.0002511250961593768,0.0015980150024385627,0.0021076234524301245
ID_1JNSPA,0.019524636974450112,0.006004245282172477,0.006227898413282426,0.0030732234782862504,0.004488819648688944,0.004601304165946313
ID_1JQ73Y,0.0058514108412430895,0.003910403944132452,0.004014565604424546,0.00022927284563767242,0.000623767741161815,0.0006042419420496646
ID_1KJ6HF,0.005263147771432233,0.004016221414684829,0.004287351680700887,0.0004250080720011222,0.0010555055668692388,0.0012907297910497992
ID_1KRPQG,0.013886801572426517,0.010961866471946545,0.012454009282673806,0.002772992565158611,0.01176304282468094,0.015735190031374715
ID_1KUZ5C,0.007712397239986154,0.00919141470420707,0.04584961376510025,0.0004706512529864998,0.005276209573138043,0.02432188878724547
ID_1KWZ54,0.005104232868253349,0.003963513635535398,0.004350330014482019,0.00020761329052266486,0.0005109623001121836,0.0005080271303287594
ID_1L92EP,0.005886499065764983,0.004733819237323955,0.005434243863975731,0.0006581378750689903,0.0013727719673220769,0.0018926897119941654
ID_1LB0SW,0.006031581064779427,0.004627541615381661,0.0051169547591524865,0.00046865602205962005,0.000869767429972732,0.0016586866199280873
ID_1LR1PB,0.0057533957025657735,0.0045714957067477,0.00483275736355585,0.0006531121194915758,0.0009495030869176642,0.0011471537423906391
ID_1LR5GS,0.007291610195989081,0.004701557564674491,0.005291493681083595,0.0008727123422226847,0.0015781251898726034,0.0021376644886917087
ID_1N0WJJ,0.005779895374223664,0.004824308644830916,0.005851426274405987,0.0003120683846827334,0.0017828451212888244,0.00247279972970197
ID_1NH2JD,0.0054536121947450856,0.004138890203689456,0.004770975450427214,0.0003756663052421132,0.0009901301647869288,0.001247536328354787
ID_1OCPON,0.005371868365765237,0.004726209771281516,0.0060427855785894855,0.00038019954174770167,0.0014244737596381932,0.002079536659262222
ID_1PO93P,0.005313473409770809,0.00471102481139223,0.005827720430322226,0.00045275616779243404,0.0017164753287679955,0.002730879087221275
ID_1PTB19,0.005276303096661191,0.004154516474448865,0.0048535215250324745,0.0002922941493703016,0.0007333305774716073,0.0008596735480586558
ID_1PV3T5,0.005363487252864709,0.004011081464897966,0.004297115161835358,0.00017898991004569384,0.00043384636562335195,0.0004925470010918333
ID_1Q5P6G,0.011779309830690345,0.009148207113725508,0.011141028090236985,0.005645176466098744,0.008474517516317401,0.011496516877484144
ID_1QBGM5,0.01437420697534484,0.012416694949287333,0.012306776465701939,0.007506063562239356,0.010510404818603497,0.01012936973765861
ID_1QHERL,0.005675299742868621,0.0038705324440762557,0.004259145712526611,0.00026976954595961345,0.0008704491914571857,0.0009917551954572274
ID_1QI418,0.005099031049117067,0.003931998512199214,0.004469201991252434,0.00020909299738374747,0.0006567869848063457,0.000972648476478373
ID_1QMC23,0.005417031115049249,0.004411584089617434,0.005046839076538301,0.0004337974989433587,0.0011007863971974564,0.0013959119307713065
ID_1QOW1W,0.005114991339260765,0.0038669155869548184,0.004361497213284331,0.0001648285636454176,0.0005225657729762088,0.0007909178589341177
ID_1QOZJU,0.005530843074681326,0.00434349940751901,0.004716546292788892,0.0003367943629849217,0.0007662766487177772,0.0008920483707181829
ID_1QQANC,0.005671231117839181,0.004225646077699839,0.0047850151551946645,0.00022142936264214294,0.0010399933244288134,0.0009917426887405814
ID_1QRN17,0.005438458046501982,0.004404255552011216,0.005327279362669492,0.00022946735347645705,0.0013792321580672433,0.002280273293483905
ID_1RUKP4,0.05708433040656538,0.14792285341347455,0.19697148001184112,0.024782667007006553,0.2091639904597515,0.3118048587195939
ID_1S1KBW,0.005345516995894615,0.003629039206986366,0.0036370058181899425,0.0001795069410410775,0.0003058825446529243,0.00044854363943920474
ID_1SGSZE,0.005039477016868001,0.0037188081284259752,0.0038867714185404014,0.0002474406700160575,0.0006500757457076638,0.0007480998144955703
ID_1SU765,0.00585774242224026,0.004679086322298597,0.005047544004252934,0.0002139827343666551,0.0010604270370574136,0.0021178362796928055
ID_1SUIYY,0.005301191305012885,0.004035038144091441,0.004338148400713085,0.0004822882950101048,0.00094998023866742,0.0011812759397443924
ID_1SXWML,0.0059764182319578885,0.004477089059927342,0.0050216645138515025,0.00045645836746937305,0.0009146070197214965,0.0012385423742680348
ID_1T2JQX,0.005367650366566354,0.0042505845786624955,0.004988827466437518,0.000324511432468994,0.0009503038983867966,0.0014183854270152492
ID_1T7417,0.005769648048840696,0.005061563660662868,0.006241880590026063,0.00036771295493002955,0.0018381360073422988,0.0032148710938218034
ID_1TKH7D,0.005342666009765133,0.004966432016850055,0.006407473696728918,0.0005151392703154076,0.002278518367539907,0.003490069037434599
ID_1TLG7R,0.005167171520113824,0.0035970026737552952,0.0036832460763846202,0.00015669061866605582,0.0005078637035520083,0.0005287179070782269
ID_1TX26Q,0.006060386273407822,0.004266896237642739,0.004583227688218322,0.0007279169555129485,0.0008470765909217526,0.0011557430713252557
ID_1U5ABT,0.005503446989374501,0.0048682737328401195,0.006360038819333939,0.0003134944574273757,0.002128647161789522,0.0032310192628270933
ID_1U9QOZ,0.014314389330250438,0.006569436986117796,0.006024101445806997,0.0006738019507160347,0.0015589461456369468,0.0015663256428689026
ID_1UA6WQ,0.0066497691332025235,0.005442572518329159,0.004318460805049847,0.0008052508600173865,0.0016850085889832255,0.0012708443395538231
ID_1UBHGG,0.005392679164252526,0.004416954283340642,0.005382224147075301,0.0002902673550164504,0.0012895947008823108,0.002202469806483003
ID_1UIH4F,0.008031857118309234,0.07031638502038465,0.1281329760204964,0.0017645238903148495,0.054845506108727314,0.15091875146499223
ID_1UKOKW,0.005161494428644109,0.003803123564617511,0.004034936873359492,0.00017049974128887765,0.00044631324001504093,0.0005242633709510231
ID_1UREW6,0.005422926917640038,0.00400061331894345,0.004268996861117443,0.0003725658715575023,0.0008789439830582304,0.0009632447590468222
ID_1UWDL1,0.0062162311514469245,0.004250091125079972,0.004689342403089259,0.0004911786812965978,0.0008861966737301921,0.0010461369537118443
ID_1UYN03,0.005954939261295274,0.004728830878153008,0.005574843444901294,0.0005945720806352038,0.0017923538285523225,0.004221087492064516
ID_1UYUHI,0.005384362219654905,0.004814144419535947,0.007630846726903489,0.0004469797669870392,0.0021829363783237225,0.004119787048147643
ID_1VBX12,0.005215765979223924,0.004185475272837387,0.004752179399907492,0.00034331273310335143,0.0006655668909473556,0.000807716642083433
ID_1VFWEO,0.16993030639455253,0.2804956707464732,0.21822740815378294,0.17608457673023176,0.23407358813454915,0.3224651600525434
ID_1VP0UC,0.008075059926450651,0.00474237876818456,0.005457048112883396,0.003796958224709212,0.0018019490589822084,0.002409602930506638
ID_1VXGUB,0.005518417352459793,0.003944070483021832,0.003992326264310079,0.0003387737228610889,0.0005177871965904909,0.0005191354581142189
ID_1W5HMF,0.005530954196891113,0.003891009031306923,0.004013180217482609,0.00031648460906465615,0.0006480974937830194,0.0006925952047295416
ID_1WDZJ3,0.0054079670010678,0.004366413396053284,0.005272961254439533,0.00015065595835759402,0.0008836933048383371,0.0013236548839041756
ID_1X408O,0.23723709146707125,0.14942965247413528,0.10353071882450218,0.22714885058935688,0.18193246241737052,0.14090423707687172
ID_1XHBUV,0.0050127446394690415,0.003973323927065658,0.00450146715103789,0.00026876554075030046,0.0008376951302256956,0.0010279964432266075
ID_1Y57MO,0.006514745678577697,0.004871760117983088,0.005181629637270959,0.0005444779897671315,0.0011064648548465242,0.0014695759657118515
ID_1YO3DO,0.005341676803586951,0.004102963278505775,0.004484875885158833,0.00029037048760148125,0.000716190819613857,0.0009495192123190162
ID_1YP6FS,0.006225320462050695,0.004710176548185891,0.0051809587054157885,0.0002584230680937148,0.0011515119457247865,0.0010353368371087458
ID_1YPD87,0.005287639263538771,0.004079756134453036,0.004346520296125752,0.00020951644351951683,0.0006781182415467213,0.0007147993892726649
ID_1Z5H24,0.0059277859742525515,0.004589359717932799,0.005085363547192326,0.0003655148272150859,0.0011683939694635886,0.0012500061272128413
ID_1ZVAM5,0.007983310748961721,0.005084574257867469,0.004806152266418034,0.001287482178555076,0.0013461009226699578,0.0016305929932441117
ID_20E17F,0.005239979404101274,0.004394714782652233,0.004922869699294538,0.00020326221346031968,0.002701579348881522,0.0037667592543933694
ID_20X7IL,0.005397849336172361,0.004262928731027618,0.005004909999692806,0.00018367130469915073,0.0009458766534540013,0.0012426027458082183
ID_210G9G,0.006747613908284876,0.004702389923258757,0.004949527570120247,0.0004253118136475542,0.001930769403490467,0.0022246436511537777
ID_2149G2,0.005322751524409158,0.013640789348223837,0.011714776562556591,0.00017473521315417126,0.010742236126754798,0.012204246608204686
ID_21QNKL,0.016318376566426325,0.04071798696133893,0.0794369644699505,0.0057109330596970065,0.040903197022790806,0.1273534291105489
ID_224AL4,0.005506858449914777,0.00446308263112056,0.004538823354106251,0.0005067407693513452,0.0009833339207521066,0.0010793351230295727
ID_22B3GC,0.006119930873894572,0.004235951730235829,0.004637228590825071,0.00036403203303032774,0.0007349177039819366,0.0009589558853852092
ID_22EOFV,0.005129928219987748,0.004026547605019763,0.004586906271438114,0.00042041258679759137,0.0010875209704079957,0.001552757481802594
ID_22FKG1,0.0051084606616353745,0.0035338706207579365,0.0036160446578967333,0.00023089397536124552,0.0005334976230663795,0.0005399737849716262
ID_22JIZ1,0.005474832394832597,0.0037998823604309807,0.004012621293033464,0.00026325576198934066,0.0006723914558941019,0.0007051885266960211
ID_22KHLA,0.005363746088246434,0.004230913098375526,0.004810590876179508,0.00025526792425452783,0.0013217854462575238,0.00168083546694629
ID_22PEEN,0.011066270045593303,0.0057279166266735685,0.005860635386392815,0.002065165372366182,0.0022502904489988375,0.0023489213811034066
ID_22VI0T,0.00553711921049242,0.004217765751488794,0.004291840189924264,0.0007297576582147525,0.0010995688898491202,0.0010299583295241058
ID_22YEQD,0.005459283242734429,0.004090358461794925,0.004284896516656408,0.00020259234937235697,0.000620766924164084,0.000568172371930642
ID_2323FO,0.005121756073844952,0.0037929672184937122,0.0038729790934757717,0.00034547815876212386,0.0007033001150667737,0.0007196177365530749
ID_23EVXZ,0.005995942403546824,0.0047229804205019986,0.0050956065159428665,0.0002475322401446885,0.0011600876900658005,0.0014875073096383812
ID_23NRCI,0.005187016925689659,0.004318431736399397,0.00410351058591116,0.00017352107712622185,0.0005926036052433043,0.0005383809763073561
ID_23SIGG,0.07555098516557629,0.14325310487983006,0.19077680078147177,0.02290670042433858,0.13088249166798618,0.2582192337212459
ID_249DRM,0.005496569150051984,0.003741223200021069,0.0037612816979373295,0.0003697490963846496,0.0007523136919463834,0.00086729581452199
ID_24IP3N,0.0057138519143270635,0.004210171702677853,0.004551357783629586,0.0002592872509966979,0.0007241177770710832,0.000941136946346162
ID_24PYQA,0.14060122069700973,0.04697155340746989,0.06260340770900619,0.11654815568492839,0.04836565087914033,0.08980273690074812
ID_24SH8X,0.010339483147815775,0.00614606999285752,0.005669471471263065,0.0022533171906253895,0.0021833308557678475,0.0019095852775494937
ID_24TLS4,0.04333115332136282,0.30169655095350356,0.1634135563469474,0.023241222274663183,0.4118227900906866,0.2648380563560881
ID_258MZC,0.005387137351164345,0.0040256508864306125,0.004490356044058427,0.00024731442812853756,0.0006012932885412378,0.0009728170807140881
ID_25E701,0.006866786895469118,0.0050268432447682,0.005633780113070621,0.00047773750874673836,0.0012867052870683448,0.001711524827813755
ID_25FHZZ,0.014443348492911125,0.009812939406292506,0.014268693644295376,0.003723328921609575,0.004357218813609207,0.008499921015916444
ID_25GIGF,0.005639153503694386,0.003926390374986856,0.003931120335077948,0.0006958605738368876,0.0008198617946802476,0.0009652236666247536
ID_25V33D,0.005557395133877433,0.0050261034770584965,0.006347424647470621,0.0006963386742559219,0.001859153701956014,0.0031543173630565044
ID_25WW3Q,0.005024526929985034,0.004016706120552919,0.004913824753264794,0.00019195849936756785,0.0007470769764619837,0.0009842759916107776
ID_25Z5FR,0.005181314109480347,0.0038969332765767576,0.00410627286208608,0.0002479008763659563,0.0005153150570647576,0.000624405415167386
ID_263TA4,0.005322924353303373,0.004005329066812211,0.004309908479490772,0.00021290745163092921,0.0004471283964584064,0.0004991581075478758
ID_265JD2,0.0056268352158072125,0.004472683756665335,0.005129283936023384,0.00015767876546633798,0.0009276071069656587,0.0019601647921743902
ID_26AKFY,0.006410295820425041,0.00479513728118561,0.005469987531239974,0.0004045827455069111,0.0013760262139179114,0.0018301924796692882
ID_26D5YY,0.005777373000282729,0.004472705683874614,0.005268825036172416,0.000382470120109212,0.0011588867614354757,0.001649455213900203
ID_270DJ8,0.005483635835021497,0.004320139055636761,0.005059728662114451,0.00033056426775005573,0.001096739944834094,0.0015770353160104449
ID_27AIBY,0.47309499049460596,0.6392669725277959,0.7285726840822627,0.6542380129711247,0.7626079123808004,0.8790634934422472
ID_27PFIW,0.005676733898857127,0.004260653986445367,0.00484523567577505,0.0003549344670688022,0.0008027914956870324,0.0010583863109102007
ID_28EYPT,0.009915832504754316,0.0072010443767744825,0.0073989264926902585,0.0030301799943772377,0.006838968320951569,0.008091080985549389
ID_28J9J5,0.011680757035739708,0.007609296851549841,0.023330338452775438,0.0005780286390134925,0.0029417685210013094,0.008989119750729321
ID_28MU6X,0.005569456386671822,0.004655987633192142,0.005140661002903924,0.0007396196789747653,0.0011998055670873072,0.0013501121304846197
ID_28T7NF,0.005781409646269572,0.004298748135410929,0.004617946967636931,0.000485215097843032,0.0008578943339489157,0.0010814975792917286
ID_28Y3QD,0.005291485956590656,0.003938715573146674,0.0041059639166798395,0.00020979946515821068,0.0007099539194995476,0.0007373505127074813
ID_295N8V,0.005766045998877119,0.004177067193307044,0.004429980444807873,0.00013721727024912836,0.0009076342645786455,0.0010896784333448114
ID_29ISKS,0.0057533957025657735,0.0045714957067477,0.00483275736355585,0.0006531121194915758,0.0009495030869176642,0.0011471537423906391
ID_2A4701,0.005554341602456123,0.00445940691933039,0.004858181078989385,0.00024434725785639044,0.0011471150100408089,0.0015998911647536298
ID_2AELK0,0.007682725892432915,0.0041229754448774735,0.0038251145028864856,0.0006767765787552801,0.0006940240465093892,0.0007421437196048719
ID_2AFQRA,0.005399813106133076,0.004319931524567557,0.004985184406124964,0.0004426446991074303,0.0014241678959797804,0.0017635282714995083
ID_2B7SR5,0.0060492473563611955,0.004470046427828826,0.004828901750167475,0.00046028630349224475,0.0007766870536293188,0.001233741614518731
ID_2BK28V,0.005286396958144911,0.00417559479878831,0.005004053875130811,0.00011453457331608758,0.0008932364984117783,0.0011320091879121266
ID_2BSLWL,0.008998175592075667,0.005800660739237096,0.008143232857305711,0.00244188669536303,0.001575688186522671,0.005485945467769327
ID_2CCRSP,0.005427574628023147,0.004194623100209958,0.004826031699621303,0.00036369010097309236,0.0011818830200249352,0.0011831207678372445
ID_2CIKWQ,0.0064345586899739555,0.004953688145779145,0.005427766538989416,0.0006488851440524264,0.001146719011255412,0.001646538656081166
ID_2DZRF6,0.005620925040192081,0.004321453352049652,0.0047325865523086515,0.00039886790392055127,0.0008813138174039513,0.0010925452902142362
ID_2E4Z0T,0.010631009747404826,0.006540341200836348,0.006350093418711996,0.0027197760542213055,0.002540719762237041,0.0025097414313896807
ID_2EA5JN,0.0054281685040784115,0.004380650264456044,0.00533896703682174,0.00014345314173320325,0.0011276610627484352,0.0016690139701375421
ID_2ELMR8,0.096478139087287,0.060760451766439225,0.0512591468824167,0.07699771201184331,0.06832608971864783,0.06317631283100024
ID_2EPRTP,0.0054533936943422035,0.004944438975626636,0.005569152040843891,0.0005170929196437385,0.001369384241190538,0.0016114355617453406
ID_2ESPZK,0.005876802876907321,0.004722810313326777,0.005321648451434823,0.0002603146431499993,0.0015831422834433337,0.0019833189335476268
ID_2EUTBC,0.005182667756412161,0.004108385632563856,0.004647628750057511,0.00020181632881678655,0.000750081825016604,0.0008607919477032166
ID_2EYUSI,0.005281129006737057,0.003557885353563248,0.0035636790007138185,0.0001504225174684866,0.000422605395764243,0.0004076675419499904
ID_2FD8VB,0.006165971391631761,0.004352518146681836,0.0049427732906078825,0.0002726971902705807,0.0010651771745555424,0.00138711255698709
ID_2FIUCN,0.0823355867158188,0.30561279682908654,0.17571628148977864,0.06459995009133637,0.4006907049020531,0.2901910520929776
ID_2FK7L8,0.005321895402191378,0.0047108116020513745,0.006000150163170148,0.0004132100574635181,0.0017914528033823186,0.003010480208328144
ID_2FSC9D,0.0217126499537123,0.03431082514345336,0.01118010815706007,0.010553167668165678,0.015980812179446392,0.006109891216688784
ID_2FZGUI,0.005945975435657516,0.004311182044113914,0.004319675762788089,0.001010308326580133,0.0013383934820074034,0.0014708419755522797
ID_2HISEV,0.005485324101891374,0.004400626749707461,0.005017200308395059,0.000384565587173562,0.000852158782768802,0.0011881326247073552
ID_2HM4QW,0.0051304460929622745,0.0040069685082439205,0.004568546894463755,0.0003580382374917054,0.001008386173020878,0.0012056663344580726
ID_2I2J7A,0.2027886360025596,0.17514422275334182,0.11439222015902195,0.21036320304724548,0.23217758188017842,0.18320538919541682
ID_2IAGXT,0.004933456397117518,0.0037682830949238135,0.003980241838526456,0.00012632374850754074,0.0005083178327139944,0.0005093128694149297
ID_2IDMK7,0.009305507471342877,0.0047588829138138465,0.0060267221431607254,0.0008242332402251897,0.0009641136532865617,0.0011677834737774118
ID_2ILIQY,0.0052961002095557,0.004640035745196945,0.005694735314628472,0.00019675258767719395,0.0017797061063093982,0.002181312179661654
ID_2IMX6W,0.00563488483620865,0.003926059042372359,0.004331958727419427,0.0004057391456703671,0.0006416486700319995,0.0007872085366923866
ID_2IQTJO,0.07979783611846325,0.03239727347895671,0.016462773054286804,0.028012248894611128,0.025164269798748133,0.017559093510714614
ID_2IT3ZQ,0.14549292912282197,0.25163988066196985,0.27616308521042593,0.12661158990206953,0.3286561354198853,0.43969003019055686
ID_2IW233,0.005317120655980285,0.0039011753756096695,0.004313784955212918,0.0002230962158998198,0.0005156540225952469,0.0006250389404243436
ID_2IZGEP,0.005866417897240754,0.0046784915851917795,0.005033503857661617,0.00018542154216645283,0.0010711820101667842,0.0020141831619936534
ID_2J1VXU,0.006010328119529854,0.0041091125091070185,0.004583635113739323,0.0001971812009905003,0.0005481014216778016,0.0008277016024456943
ID_2JBYR0,0.005405453959115662,0.0039396902931542865,0.004268750123513761,0.0002026817574430733,0.0005942356425385726,0.000609699114660017
ID_2JDZDR,0.005139838241803622,0.0035400018054577258,0.0035743004441793447,0.0001978149227863156,0.0004164652535981458,0.00043149380077328814
ID_2JI71I,0.005249065946690145,0.004608878825663214,0.006039314983541775,0.00027504359126474207,0.002152767795756461,0.003854529118834501
ID_2JRV0O,0.0052938869443182966,0.0039088588035220565,0.004024989987044043,0.0004224644965846741,0.000781227024006972,0.0007480357775573968
ID_2JV0A5,0.3993481672938337,0.21188920278805196,0.19660277704778392,0.4630345435231485,0.22462519558148347,0.2960607809415337
ID_2KG52B,0.29809145822127875,0.2779103066613826,0.23425956659362224,0.17999605526991752,0.17628451828054204,0.15548092132316024
ID_2KKV8S,0.0984297040495544,0.09756651998958052,0.05174584077944528,0.058294136947569984,0.04859231929838138,0.0456999500033886
ID_2KMHBK,0.005337287515812222,0.004079975670731113,0.004754899434438266,0.0001079358613698411,0.0007338284056830736,0.0015490095654754478
ID_2KRTKC,0.005469529402794167,0.004731435397899196,0.006342081832029616,0.00019671282695072693,0.001969501279897054,0.00406290606341282
ID_2L800L,0.005825636622043768,0.004966368368733607,0.005424006075061805,0.001167780357193452,0.0016124851316123912,0.0023543564958680603
ID_2L8F6L,0.01018852751109052,0.05152880187628212,0.20559864492389401,0.0016941905350442053,0.06665205974005539,0.3455015822247738
ID_2LDNB9,0.006372008756927013,0.0050974950400095725,0.005844203159026126,0.00038231031193830924,0.001597344613611583,0.00223004869324803
ID_2LQ63Z,0.008104780348385554,0.005271722210716768,0.005698303930200682,0.0019300877839738707,0.002119935918055162,0.002937548886314596
ID_2LRZL3,0.0053418088676327425,0.004109158828618307,0.004664626199817945,0.00021861722649820078,0.0011493330917362278,0.0015684361681274383
ID_2M35S8,0.03787989142008624,0.011474406509909612,0.057639216838749535,0.00803420739542681,0.011724715247862508,0.052076515703917546
ID_2M59FO,0.0922274819178603,0.03392682868613719,0.04508378399336591,0.03885591133606726,0.04011618456119047,0.06619641196442617
ID_2MDCUV,0.005923518872529481,0.004084447467406212,0.004494205176479558,0.00036236664451441843,0.000601630389697399,0.0010958515291041155
ID_2MRPP3,0.005108483013772132,0.003910473950313755,0.004222331912334883,0.0001654467121849059,0.00047454380360300246,0.00045298648562780934
ID_2OUBT5,0.005403136416902316,0.01677042995682574,0.01384255838916483,0.00020702185118365752,0.016870915710210124,0.016109871567589685
ID_2P41YW,0.006182379331163661,0.0046632561860474415,0.0049045176605020105,0.00040484593498337125,0.0008610464913474924,0.0015733655479995901
ID_2P5Y4J,0.005902793917036605,0.00485789923634708,0.005921158845314064,0.0003171263887265325,0.001679167703046755,0.0024007058583160644
ID_2PVFDX,0.005996214515594588,0.004777711488664889,0.004677035201944387,0.000645245841463779,0.0011552653022580419,0.001240355390171198
ID_2Q0H2I,0.00615741053115566,0.004570279214915935,0.005184535407919,0.00045868227374686477,0.0008905693183229445,0.0019963435189465995
ID_2Q1AXB,0.013827094839592447,0.017208686809217947,0.011924152763593597,0.0036826095956461885,0.018415710126794875,0.01478649692235783
ID_2Q7ZYF,0.008419588967184614,0.004352966680414934,0.00436333405249038,0.0009653866083567825,0.0008247644720980564,0.0008763811517830196
ID_2QTOY9,0.005594477445353996,0.004088411115309368,0.0045978086052617,0.0004201623429403721,0.000994697532143852,0.001256349093019481
ID_2R52MU,0.11150405735643044,0.10734851931847897,0.11663036380291367,0.09564276481541172,0.1345295842503256,0.18381361566236587
ID_2R7V3V,0.005369033903703211,0.004856859245615228,0.007535233176840283,0.0005428007540633857,0.0025594795101029654,0.004239872894701934
ID_2R99F6,0.0654924581599446,0.028682642112329924,0.028093482126444917,0.024773319018963937,0.03399703842208565,0.038136360530489306
ID_2RX566,0.005751687429419011,0.004237677972164181,0.005041279302123846,0.0002859759637999889,0.0009774915821663564,0.001315477558737821
ID_2S5VX6,0.00599227456194609,0.004909753926407208,0.005324233925322235,0.00023412613687744097,0.0011143456115715884,0.0021019168701152478
ID_2S8CNZ,0.004951212844867723,0.0036383229716499266,0.003771971093546655,0.0002550180610262931,0.0005851100846715827,0.0006150726868669119
ID_2SLFP0,0.005315106460441278,0.0037045623113381157,0.0036219601102908017,0.00037305007005326445,0.000592653870614052,0.0006527575147759569
ID_2STV22,0.006786574903215929,0.005615949116565925,0.006666600475437525,0.0007168139351249145,0.00223868354270806,0.0031559622444852463
ID_2SWR73,0.005584539816356468,0.003975763347378827,0.004450605766166185,0.0001856012369905913,0.00048427764750750017,0.000727154618313828
ID_2T39AV,0.07217829781092533,0.015442837805395697,0.014823022487713116,0.01947149595294807,0.009066101589045755,0.011033059117636853
ID_2T7D9G,0.006086529294926334,0.004974357512454073,0.005324617007951302,0.0004464703281236803,0.0021316771710573703,0.0027412990303476437
ID_2TM2XS,0.005481100551927937,0.004107889522401494,0.004803125559687899,0.00023865421690583445,0.0007176615529587381,0.0010641703726798305
ID_2TMUS6,0.006372506342608779,0.004810441194346287,0.005206863523444416,0.0006237440015054998,0.0012999886111773288,0.0018598306378114695
ID_2TX4D4,0.005552235351885709,0.004221431087271128,0.004587258395428884,0.0005666729019342396,0.0007228055860511324,0.0009300771554006714
ID_2TZLAV,0.008843050332425113,0.006372607824236203,0.00730410546911632,0.0020158186692570495,0.0025648143808944504,0.00335391187844068
ID_2U0TW8,0.005466783115545222,0.004868203906352419,0.005495200418996465,0.00048788315895380546,0.0011381092758291713,0.0013312318266553841
ID_2UAKPX,0.03833337311628341,0.09614897989891127,0.02453275188337026,0.023912033752997768,0.07904253442674135,0.01883975130379603
ID_2UB21W,0.007774653290189234,0.003996886689559663,0.00400574987612962,0.0004980899098836133,0.0003525413737092059,0.00048390640659206653
ID_2UMLV4,0.005569102747437458,0.004351776684920188,0.004715737852629059,0.00032125278643216766,0.0010884606683531973,0.0015048180415459908
ID_2UT2U6,0.005437407385099533,0.0042545454132557154,0.004828235410071509,0.0003917914414575019,0.0013397631214127413,0.0017147061726770876
ID_2V1U3K,0.005535067639433768,0.004217142950788594,0.004295087634836656,0.0007467099650376865,0.0010687188288364218,0.0010496920979761967
ID_2V2H8G,0.005672963378247951,0.004338342452488876,0.004865268117657322,0.00047629633965683187,0.0010494450184933158,0.0013630011778298398
ID_2V5UEE,0.006157229861883151,0.004569875244302112,0.005186225458747426,0.0004749205026878777,0.0008808306002895301,0.001962195882071362
ID_2VHH1D,0.005335716083942728,0.004509106917450237,0.004860039338517483,0.00030788150849263377,0.0013811165684887879,0.0016556897256318048
ID_2VK1VV,0.005358476611737229,0.00396574893849292,0.004247022809332542,0.00024789727488419084,0.0007315612906510365,0.000811218878163881
ID_2VT9FI,0.005538629231202476,0.0043238184126128554,0.004853497098458275,0.00031950595978051666,0.0011697389682378632,0.0014866123728265047
ID_2VWEN3,0.010987243924451526,0.006280184563994268,0.004923675760581504,0.0021800394435007426,0.0015937837508854524,0.0015058025738979629
ID_2VZDEB,0.005848961121972927,0.00391519078033373,0.004023942850858721,0.00024910382398047443,0.000663330581123271,0.0006512850346971633
ID_2W993C,0.005890922047657071,0.0047500946972924805,0.004807256026982056,0.00019937438457994777,0.0005109271400005535,0.0006056984770213427
ID_2WABYN,0.005787346340080289,0.004299705108563517,0.0050030414918869155,0.0002736446248481027,0.0012777277498018014,0.0014079011081533463
ID_2WSSFW,0.0052222677002828665,0.004520736213707651,0.005747608291151442,0.00021305720766693774,0.0013879439543355472,0.002793323718878705
ID_2WWX3O,0.005906578807473183,0.004629505213839474,0.00513752616880014,0.00045278333942799906,0.0011895120588132765,0.001978245721461638
ID_2WYS02,0.005290167711077155,0.00421844935765564,0.004751976488401422,0.000262637808745091,0.0006298944306857635,0.0007372109441495171
ID_2X0LF9,0.005622428360540203,0.004347040232389177,0.005004139010345235,0.00044207132389792166,0.0011946144759475074,0.001518653807321115
ID_2X1SZI,0.0054281685040784115,0.004380650264456044,0.00533896703682174,0.00014345314173320325,0.0011276610627484352,0.0016690139701375421
ID_2X5YMF,0.0055171129135952995,0.003969827583392728,0.004348396814275797,0.00032530889365293796,0.0005565468451989875,0.0008818860847174849
ID_2XFJZU,0.005676100763872366,0.004378344785652183,0.0046104689101795085,0.00038808668831189186,0.0008500348389248304,0.0010799484304251498
ID_2XT9TI,0.00882837523248795,0.004981953480524526,0.0057814682508995924,0.002138656616127132,0.0021988873838323024,0.004855805685487306
ID_2YYGLW,0.15632357719059953,0.06081970919506084,0.056496504398935,0.12760915680207333,0.036606756767272965,0.051811309335052444
ID_2Z02YG,0.0052993144108883965,0.0040683256793088585,0.004538566787693865,0.0002059328444563029,0.0006720970734950022,0.0009287275294614208
ID_2Z66EB,0.005351235595731599,0.004003095150467615,0.004117411750784259,0.00024190996572729027,0.0005883857925341565,0.0005722085687650611
ID_2ZBL24,0.00588921875334998,0.0043107544874862415,0.0048942268889713755,0.0004366417477215985,0.0008854166079081123,0.001156960712133188
ID_2ZQ7PC,0.00611007732327712,0.0047523042787100955,0.005486998809930907,0.0008703211436005072,0.001852429662632827,0.0022242617472881757
ID_2ZX8MJ,0.006310541906727124,0.00577022773130513,0.005614428454824675,0.0005377614683602129,0.0014663730652930518,0.0011649515944732018
ID_307KZ4,0.005139830604081353,0.0038334027425137845,0.004140292135073455,0.00026427079665603995,0.0007334425302433008,0.0008407624301096932
ID_30POCS,0.005285087306055299,0.004037579697842375,0.004377991803283154,0.000319222787438942,0.0008060087473442212,0.000942087178766293
ID_30V9V7,0.0053911300361373345,0.004814463261835329,0.007524495860445968,0.0004540081282553801,0.00221821023638501,0.003934827301605998
ID_30WM42,0.00897469890027168,0.004908622895415631,0.006720724289777113,0.0005587464868313566,0.0015715943880872743,0.0020858364805177746
ID_3105ME,0.00592150520222785,0.004682962185648118,0.006122909699869663,0.0004093509334580011,0.001672087528588842,0.0025996336603062936
ID_312RLJ,0.005875457843381215,0.004668359883737829,0.006015137449318926,0.00034768224275561507,0.0015264239359538607,0.0025103791198874586
ID_31AGWA,0.00943134588158497,0.005491992095078987,0.004649664360083149,0.0018546113231288342,0.0013968116666892363,0.001380713070442318
ID_31FOC7,0.017768303868151664,0.014853164076399274,0.01609142243735577,0.0049782588805082125,0.013209701736557498,0.013672274898865177
ID_31K8SP,0.005259298587912424,0.004308863516959239,0.00544395968055191,0.00016236057323446492,0.0011523509264036338,0.0019148136666946433
ID_3240TG,0.22576087692733604,0.15060100139161123,0.09761103534825641,0.21055830498758318,0.20517838398148305,0.16087933286034167
ID_32HYGC,0.007842160088148444,0.007216388095077401,0.009319895880716515,0.0013915489385392618,0.005297636645733913,0.0059814611117916605
ID_32LKHY,0.005345081760750356,0.00429537798888065,0.004559572398858339,0.0004224626709342922,0.001265157539543869,0.0015018642234596307
ID_32QUF2,0.005387525041178534,0.003967744674991272,0.004173075133098156,0.00020470417490724065,0.0007403019464794724,0.0008763431123470871
ID_332Y6S,0.005810176895025084,0.004638168602423354,0.004997094368331426,0.00020511210500062383,0.0010153900142837718,0.002106930271922255
ID_33BHML,0.00534877582306347,0.004961906851133737,0.0063844159318148,0.0005020060424691878,0.0022891078394232426,0.003290804611542326
ID_33W80K,0.10939484439359581,0.10687447372510644,0.04184510635341016,0.08403564841323728,0.122900296689707,0.0431741281234631
ID_3410TA,0.008764545806462734,0.004887716394979222,0.005028606944747025,0.0010901931334363077,0.0014745292874887286,0.0015706138570137941
ID_345SCW,0.005524294577552443,0.004440420970941784,0.00508440432023024,0.00032864087547871226,0.00084972265153316,0.0010630981221462796
ID_348H1F,0.010006575877754602,0.005169886035351872,0.007078469270688345,0.0006595583553132581,0.0014956252451365762,0.002100032663505967
ID_34CCQR,0.0068734776797536755,0.006732185569364738,0.006362902047440375,0.0003822165104591658,0.0019512553344562822,0.002075342338038361
ID_34D3MN,0.005620925040192081,0.004321453352049652,0.0047325865523086515,0.00039886790392055127,0.0008813138174039513,0.0010925452902142362
ID_34N7CE,0.08472537394702029,0.09966874930727924,0.06265052063915227,0.02052542003316011,0.05237072520378399,0.03441589524249459
ID_34V217,0.005180972233145094,0.004175331121446573,0.004087532371795163,0.00015553565905736198,0.0004824320431229517,0.0004570765579637024
ID_34VCUO,0.005054339210216101,0.0037652619960342497,0.00400055435580251,0.00019869081486404547,0.0005980835444140226,0.0006912113480942152
ID_34Y9DR,0.005553231882317652,0.0037812554635502176,0.004998549845753163,0.0008368750679692577,0.000753068304942013,0.0016856118628316048
ID_352OA7,0.005212474622965416,0.0037812777611962067,0.004031472493446112,0.00027354850962481043,0.0007134722017691216,0.0008161542058425066
ID_3542I1,0.07736565238073412,0.03533097529692044,0.0708590182182244,0.040858005491302064,0.02255057730280472,0.09646719487486798
ID_35L0LZ,0.005964242276810329,0.004677743443405467,0.00547880541972483,0.0004377487415706482,0.0013780946709859906,0.0020520347518462635
ID_35Q4VL,0.005340909644560651,0.0047940203940725875,0.005906927068823914,0.00044146273087011546,0.0017901446357342502,0.0025833231784225925
ID_35RX02,0.0058753141786297165,0.004750009871384536,0.005228434744720763,0.0002983236812071624,0.0021912527165678683,0.0030552516462236507
ID_35VBIN,0.00540365502414832,0.003684776614314807,0.0039014542094043406,0.00032931598383747075,0.0012280051020166366,0.0015407024817022667
ID_36E2M8,0.005719613253717853,0.004074348976866873,0.004316344432080613,0.00016991212890602993,0.0010890585128508165,0.001144721983259111
ID_36M18R,0.005506409465390524,0.004414328385473947,0.004680686865945938,0.0005613565580660807,0.00103278403984527,0.0010320223554828765
ID_36R17J,0.008256737462533626,0.004751601626176006,0.00491827488335325,0.0006143674420757723,0.0006236924806865243,0.0008132272555672713
ID_36YJHO,0.010409657960711683,0.006850626154688491,0.005368020016792545,0.003836083989223427,0.0028992044954500775,0.0024249542975904367
ID_37FGZN,0.07568743263317934,0.008423997387861131,0.02440537753143638,0.052878017631799126,0.005732793552847414,0.028587773657794132
ID_38DTWE,0.00866294798935313,0.00481337220274917,0.004981968329891427,0.0006717578528238053,0.0010869297337647117,0.0011642519271943027
ID_38GYOD,0.0054004388164581385,0.0038440819888176515,0.0044083228337261655,0.00027435931187012094,0.0010917579554367044,0.0014240509858086203
ID_38TR4Q,0.005484724006286695,0.004872813677489638,0.00641702204157046,0.00018692117594944565,0.0017734299513897781,0.003559741974475938
ID_38Z3AF,0.005137960388513037,0.004049780608295801,0.0047068246289632,0.00021211063464702637,0.0009731200821211531,0.0012873926695840105
ID_390114,0.005839364737247273,0.00418793331219109,0.004974366784709337,0.00024850547926208433,0.0006936308654161048,0.0015930736781572736
ID_390VSL,0.005904404793496777,0.004452646407429031,0.004591264581883091,0.0002513855153008899,0.0006275400982269048,0.000961790279560854
ID_39VHVT,0.006120057300614639,0.004772400484906842,0.005074569934836194,0.0003489034802408339,0.0011243383626011135,0.0010041642380914852
ID_39Z87X,0.01873100551698647,0.03407755130937062,0.022929978199038817,0.0025542925474352066,0.017008513308079013,0.010674254619383289
ID_3A48N3,0.006587455482350778,0.005225863899023825,0.004679865277847985,0.00016685618638547756,0.000991058749916268,0.0009190751146715822
ID_3AFMQB,0.005833906850048629,0.005103998110708328,0.006149046040696232,0.000575255064851768,0.0017186474056941272,0.0023581987084987923
ID_3ARXWX,0.005329571058212769,0.0036192955461057854,0.0036264243302637647,0.00014538166728061478,0.00043849227053324854,0.0004616092514521093
ID_3B2BGV,0.0086959634368367,0.004656030682124796,0.004247027691483491,0.0006432516877249259,0.0006568274992711362,0.0007155102271769251
ID_3B3D83,0.005820084779156455,0.004180925425081724,0.004130025367051405,0.0004976636097186303,0.0007500370635520168,0.0006987032890523383
ID_3B5N8K,0.02241809669743995,0.008737610307021804,0.013264946774368859,0.006413502792871865,0.00858514375204295,0.014439990314456997
ID_3BAARO,0.007347206930206033,0.0040634725350300735,0.0037532476117206628,0.0005941062098922848,0.0005117276530588387,0.0006873661177325316
ID_3BE6BK,0.0059233479626185645,0.0038965778873018275,0.004095474141557312,0.0003514368618520954,0.0007311245414919721,0.0008963049739313375
ID_3BGZSO,0.00578767395253631,0.004583268024820791,0.0046812765527835375,0.0001711510706169221,0.0010821271625770883,0.0009398852887156562
ID_3BPFHK,0.4229177287919531,0.44211869817708654,0.4476605932383281,0.49521636856597917,0.5841466510489991,0.6533997182526579
ID_3C2BK1,0.00571404450524851,0.004450056531341779,0.005543858110276221,0.00020442043601986377,0.0012374560540250317,0.0019480138635244086
ID_3CH8CL,0.02260586348659676,0.04426208304658228,0.03942573825731791,0.006202459031104699,0.04176801465361177,0.03920265204068847
ID_3CP868,0.013710112662306888,0.005372468872443395,0.004500458080525822,0.002550800771731039,0.0014269539429554651,0.0012661289709676813
ID_3CW0MI,0.005667923294990644,0.004292860821508629,0.004645970230156989,0.00040183811411252483,0.0007691433942060894,0.0009033136800211166
ID_3D2WF7,0.005306745050971402,0.004576804102771195,0.006820904832055743,0.00033884474555918615,0.0017920101455540082,0.0032912734326524078
ID_3D546N,0.0054397643004943305,0.004576962388412321,0.005434177429983609,0.00039117034011999514,0.0014679019684534955,0.002368110135665412
ID_3D6P1W,0.005902342089253925,0.004939687571741355,0.005447548252504423,0.0006119295703323588,0.0013067436713924865,0.0016267050093600503
ID_3D6XKC,0.005313162208772839,0.0040871986359321015,0.004233104221737798,0.00035473446167686226,0.0009340830101592445,0.0009176098407564957
ID_3DF023,0.005160828602489899,0.004100329894505273,0.004042871437655945,0.00020179642286147895,0.0006036800652336036,0.0005855696325252688
ID_3DR3OC,0.00563128230494905,0.004372797172607506,0.005279166150459542,0.0004272419759422939,0.0015249080848939347,0.0018292963105587666
ID_3E044A,0.009851032494499397,0.004845243429340448,0.004516094590352563,0.0012026347196792452,0.0022625321619037147,0.0019054995728704826
ID_3E2WXH,0.006521491146157615,0.004697051641187128,0.005049720370174314,0.0005551393846710262,0.001340838407316068,0.0018075099152641664
ID_3EDRRO,0.005484764961241013,0.003936228104715711,0.004464371660149413,0.00026507204796678217,0.0007717071495057229,0.0010723898597825203
ID_3ERPGD,0.007523599261766309,0.0046105614863341795,0.004568614079219175,0.0013486663678261754,0.0008141720582530471,0.0009158405983491327
ID_3F0GYV,0.005731960402553428,0.004515915446542726,0.004551307637912458,0.0002853347046978645,0.0008487996040657732,0.000837124917079675
ID_3F60LX,0.005190004108812323,0.0041644396845149315,0.0049329577073175925,0.00030737565076168773,0.0009370994934219828,0.0014482114835136968
ID_3F8T7O,0.00535808910996779,0.004594241456053892,0.005911170757076743,0.0003118866809792944,0.0017744898231883892,0.0023867503436993697
ID_3FWH6E,0.014198675395964217,0.010001253041453209,0.01228777738733108,0.007042401664707065,0.009190547405093515,0.012569786404290496
ID_3FZUIO,0.11150405735643044,0.10734851931847897,0.11663036380291367,0.09564276481541172,0.1345295842503256,0.18381361566236587
ID_3G5BHU,0.010298213842837283,0.005581045723507764,0.006142895222655511,0.0019353131456323017,0.002148736387259889,0.002468944874348615
ID_3GMYTY,0.00575906434991297,0.004569184331324171,0.004643581388407293,0.0001958909371836771,0.0009867383075562845,0.0008886671875375579
ID_3GOCN3,0.39239607339106397,0.5850180806822075,0.7300670472071649,0.490628339398,0.7028293258969585,0.8847340363234586
ID_3GOFCW,0.016201953612147074,0.004935401805108963,0.0053566787554477765,0.007962832078122244,0.0023357813277472767,0.002510025413108343
ID_3GRDZX,0.005593028791366804,0.004415121373877857,0.004613178668295554,0.0005950287796636955,0.0012240442779534106,0.0014276258011143327
ID_3GS106,0.007658350656911051,0.00501458182994582,0.00541212895271637,0.001416960223213406,0.001981664105639656,0.0019455917027538857
ID_3H1L7F,0.07217829781092533,0.015442837805395697,0.014823022487713116,0.01947149595294807,0.009066101589045755,0.011033059117636853
ID_3H40OX,0.005545248922341504,0.003779815765322379,0.005012761456751777,0.0008085228717030634,0.0007171353903201933,0.001979512008537155
ID_3HJ5U2,0.3037562440581141,0.3671972510076811,0.45150616861292125,0.46405032397925866,0.3783965052259714,0.6556384301846507
ID_3HJF2B,0.09898109293839769,0.08168836776535648,0.15180024218343496,0.08348897719739042,0.09991975168711342,0.23259684637973208
ID_3HL2C9,0.005452343354724548,0.00450412627810587,0.005270541990410366,0.00018922311159039,0.001488300151904589,0.00232166476110181
ID_3HTFW1,0.007761250196258266,0.0042496535089386065,0.004451353717863862,0.0011599318749572983,0.0013247604605571407,0.001192475800174883
ID_3HTURM,0.00513785991592703,0.0040691209048916216,0.004579590738589127,0.0004472894973235722,0.0010276211639094015,0.0012839478645436733
ID_3HUETZ,0.00880872661010711,0.004711979478700014,0.004236618462920424,0.0007224939009132022,0.0008326071640033838,0.0008192775005262394
ID_3IPYPF,0.006130255675462528,0.004650803248830019,0.005040065668495066,0.00179905939456288,0.0019051934989885112,0.002083957198203317
ID_3IQMTD,0.0055605825267424375,0.004214151650624834,0.0045984439828398276,0.0003207543998341361,0.0007867780746212132,0.0009170730265933058
ID_3J4A5T,0.005325519022299175,0.0043889721977080475,0.004878576125598867,0.0001868440864128256,0.0013821523721593248,0.0012731706804801892
ID_3J4B56,0.008700786374785826,0.005317559108906601,0.00458624287546061,0.0020105540651227114,0.0013566718392242652,0.0013526315942867558
ID_3J6JIM,0.005405967746824909,0.003975469156828413,0.0043192237732057335,0.00019375468977801588,0.00050082784945453,0.0007405297748234637
ID_3JGGNS,0.005470980168309219,0.005221919013767127,0.006775049106970257,0.0004940354764135982,0.0028019820571708854,0.004647465343153083
ID_3JRM7J,0.005249625593547991,0.004191206880588505,0.0041998265796348066,0.000249594404034757,0.0006261655284977861,0.0006911927652724551
ID_3K6BSM,0.0077332006383311344,0.00460748663916802,0.004792170856148343,0.0008772102627807117,0.001027614648002139,0.0012187215594774592
ID_3KN8NF,0.005411391425820384,0.004048372244404358,0.005020005184500387,0.0002526779642181557,0.0009551001253772848,0.0013430588590219793
ID_3KYFSE,0.14799106284602093,0.07605830996962673,0.051255537408452144,0.14602552614187433,0.037102877277636476,0.04111304182088818
ID_3L5LS3,0.00731872276191677,0.0075335047568910575,0.007438546610843353,0.00045433345521338995,0.002801574004120179,0.0026471610923177458
ID_3L5YZU,0.006466727014377337,0.004649835041914968,0.004910405680640063,0.0004808830864795008,0.0011530600808820472,0.0013662342918474872
ID_3LJO3C,0.005463130611158523,0.004113903562601458,0.004381916535622748,0.0003482088491454542,0.0008561936547408591,0.0010415385711615862
ID_3M1E7H,0.006086529294926334,0.004974357512454073,0.005324617007951302,0.0004464703281236803,0.0021316771710573703,0.0027412990303476437
ID_3MCOUT,0.0052218299494165826,0.0041274823344448494,0.004631771428031035,0.000124653011705973,0.0005593841453421749,0.0007366932175653594
ID_3MMPJG,0.03141755481545501,0.014989604861017495,0.01776839387281076,0.011412777137742799,0.014281907168583085,0.018459322338280494
ID_3MQ2M6,0.0070597089816590115,0.00463770754124325,0.005412731294228305,0.0021479030341065844,0.0016028569552421319,0.002155261272784643
ID_3MUZN6,0.09642400293351615,0.056189656853702405,0.06680247535758228,0.07921561139095487,0.05553489330104784,0.09975390103908442
ID_3O27FX,0.00520614569573401,0.003995322933562529,0.004617373383475628,0.00012710576274379835,0.0006219834727013704,0.0011757956245222175
ID_3O3YPS,0.005450642730202036,0.003921148158713324,0.004458692334588668,0.00031586248026400964,0.0008986245295953362,0.0014101222345480893
ID_3OB2PY,0.006280663463643563,0.005391210483818038,0.005393313386572605,0.000706106389002591,0.0014840611047031204,0.0012891005519299462
ID_3OK7WP,0.005073886544277906,0.00389518856074706,0.004202912086061207,0.0003229746642825778,0.0008118309557154131,0.0010362704118769318
ID_3ONHGA,0.01379717847105152,0.006088167101242166,0.005827954349179098,0.002969521610580441,0.0034564515873404295,0.0036569188258293184
ID_3P5A12,0.005781424374368897,0.004208480931300414,0.004758481328598268,0.0008009700934310742,0.0009953444854382272,0.0010248358134997092
ID_3P9NV3,0.00531520481299972,0.004823354918018635,0.005892740055687289,0.0004755244363647864,0.002239866127938597,0.0027161072752071884
ID_3PM5TY,0.005593028791366804,0.004415121373877857,0.004613178668295554,0.0005950287796636955,0.0012240442779534106,0.0014276258011143327
ID_3PPVTQ,0.005356265180887969,0.004007039872401438,0.004463764767776697,0.00022638965352112653,0.0006036957793033997,0.0009046425886249866
ID_3PVLGV,0.00903915265186325,0.004935944636932469,0.005190865897453488,0.0011886014838770839,0.0012174279514608234,0.0015726088753741287
ID_3QF1JY,0.006150540442742151,0.0040725980284856125,0.004233184799305615,0.0003019864208737754,0.0006975835528464147,0.0007337723177849
ID_3R5UNN,0.005582329801065032,0.004360238169316882,0.004768033508674942,0.0004969696586849435,0.0010181370244097354,0.0010586499041539753
ID_3R6KBU,0.005394339624553537,0.00401497659694159,0.0047445020582127006,0.00031946862522983264,0.0009482057018739164,0.0013499508423117292
ID_3RH6TN,0.005882948567959819,0.004226561333587192,0.0046193762387099595,0.0004517369055171512,0.0009077031354791287,0.0012171301587886008
ID_3RTO71,0.006010834843272052,0.004334747182193111,0.004877456974058863,0.00038962742889887353,0.0011198806396738612,0.0015977558931731016
ID_3RTT5L,0.46390439707133885,0.5174332024197621,0.5679604633989962,0.5414767224433201,0.6721838903516518,0.7668105423728607
ID_3S3Q6C,0.005328553725755023,0.004335895600094498,0.005027114497826046,0.0004731069646224159,0.001207409551842267,0.001515748935953172
ID_3SOK7O,0.005287626390731437,0.0039041159149067325,0.004045993265880214,0.0003595856181170294,0.0008988549429620979,0.0009160391880138345
ID_3SR2CY,0.02157348510490885,0.01694405963333326,0.012850242005178513,0.010671504942668853,0.010384495566172242,0.0077168270362465916
ID_3STNLD,0.010298070828061317,0.04935802475783616,0.022352838143046446,0.002759751552295685,0.03900124762689439,0.026948491816135775
ID_3SXP9A,0.006131291424997384,0.004940375746584441,0.006283652049182283,0.00024999852368807806,0.0016066579198808246,0.0024719142423103575
ID_3TDLCS,0.005852578365592498,0.004630616732942855,0.005076339027303701,0.00022239526179325218,0.001102178363845193,0.001981653840736941
ID_3TL22U,0.007418442274029433,0.005260626201769781,0.005652844925833044,0.0037226060266558688,0.0013785729408710584,0.002012469367951354
ID_3TOHD0,0.00539513877485841,0.0044446361209314516,0.004612603314668036,0.00031288835414987174,0.00106288138152809,0.0012673482885205232
ID_3TOQ4O,0.005012043960189421,0.003981729239137851,0.0044840678864616875,0.0003136482115968893,0.0010322545949352517,0.001087137495108545
ID_3TV8X9,0.016884207469361017,0.007355764144988595,0.006760189919321073,0.003211701247141158,0.004845525408114952,0.005130289629934797
ID_3TZG4C,0.006253411868811391,0.004947452391008806,0.0063852957122283,0.0006948166340656907,0.0016152963362832697,0.002384168510986283
ID_3U5QW2,0.005978350747336929,0.004164630319601869,0.004782494201028051,0.000490900852335537,0.0015418859765474707,0.0019614830625859403
ID_3U6HHR,0.005211246517377426,0.004324124707358442,0.004827239900184753,0.00016625444459091916,0.0025560412034495907,0.0036447490517220655
ID_3U9J6G,0.005355033543562867,0.004126539094467416,0.0047550116058394706,0.00031603111358193,0.0010243049493869896,0.0012069128700155393
ID_3UF9YW,0.005538505288878651,0.004083790948640714,0.004419597594521565,0.00031037367715101773,0.0008243703760161496,0.0010501407414647073
ID_3UQ81U,0.005245689315985903,0.0040715480085609075,0.004725398628733979,0.0001478126064256264,0.0011502278291517026,0.0015645671781983532
ID_3V4E7G,0.005350475162541403,0.0039600649783643515,0.00414772885862594,0.00023331520909875147,0.0006980832791429635,0.0005719252121364686
ID_3VOPJI,0.005506348478482913,0.004740855883132846,0.005590744726703899,0.0006576385446047924,0.0015872844139265022,0.002450655130491921
ID_3VPHDX,0.009022160573147212,0.006497686628492502,0.007349121025776463,0.003545413429804506,0.0034983340718158307,0.00405783669477622
ID_3W1C1M,0.005546461077548664,0.004252438584229384,0.004633517032003079,0.000539743159768871,0.0008338271344152196,0.000911084451670575
ID_3WIPGV,0.006016738143395579,0.004755953801287105,0.004909751410297336,0.0002455408921777444,0.0008653887373500732,0.0008373097714220289
ID_3X96G5,0.005169905303462666,0.004120200184103256,0.004044080442646992,0.00017513370923367462,0.0005669777232645332,0.0004973105822963995
ID_3XSANB,0.007140417133107466,0.004642648875344768,0.005345114163267078,0.00234652301892743,0.001722644398971444,0.002130825875931597
ID_3XTXFX,0.0058254920073036185,0.0047069005881147565,0.004611960093981199,0.00027201458705581715,0.0009466339180870569,0.0009284702056676113
ID_3XYEKG,0.010110487454692868,0.007110108572259144,0.007889264481088202,0.00196621585928862,0.003756603384156939,0.005289391656324424
ID_3YHYSL,0.005007787015127917,0.00373428997852231,0.004018368046491007,0.0002038386254299424,0.0006447155396011442,0.0006907539900571445
ID_3YY9DP,0.005680869646239227,0.004610539973868479,0.0057844825985753955,0.00028104027455933163,0.001568048650402656,0.0020756822800133763
ID_3Z42A5,0.005181237305780338,0.003988267554967241,0.004297843803394054,0.0002260230516941001,0.0008629865263285728,0.0009325177007329516
ID_3ZIHQR,0.005816170385038474,0.004480884041373638,0.005124808149694021,0.0004028003687394117,0.0011193442481159052,0.001692449199378082
ID_3ZNQ5E,0.005561968108590231,0.004332122762029002,0.0048399737989941165,0.0004773559804349554,0.0008638065436072764,0.0014895914511250043
ID_3ZRYR8,0.06442569395986741,0.02668486965004707,0.013986726464055712,0.030839467423820956,0.025448152537137645,0.016959482068219713
ID_3ZWFOJ,0.005098392968278428,0.003952235488752931,0.004335062046080382,0.00019906795256898136,0.000504804130024776,0.0005115598902077576
ID_3ZWI9L,0.005321352703840445,0.004592492985017631,0.005782530635795615,0.0003950178864985678,0.0015644580892724483,0.0023951666799667108
ID_40HUN8,0.007920527307356944,0.005623074247854587,0.006914881492924084,0.0018777373723826618,0.001740088794499281,0.0022961523033692057
ID_414HOK,0.00617153449553156,0.00429673414239696,0.005262373085590779,0.0004041093414898039,0.0012283547955142771,0.0029486340927334493
ID_41NA8W,0.005364048248092077,0.004690529209931347,0.004889367555872158,0.0002267145906219719,0.0030806851316357137,0.0034667737552235593
ID_41NZ9C,0.013827094839592447,0.017208686809217947,0.011924152763593597,0.0036826095956461885,0.018415710126794875,0.01478649692235783
ID_41T2UA,0.00893825443055126,0.007500331805428764,0.008064873311730721,0.002277133110229605,0.003659801914531235,0.00393958631608229
ID_41UVG1,0.005798327269243204,0.004272085671341106,0.00446254751273518,0.0007850856505673242,0.0009086600737521833,0.0011305191289738062
ID_41Z3A9,0.005355172918189629,0.0037325905685592384,0.0036333870868628126,0.0002722660990997587,0.0005384883522493947,0.0005339064530941961
ID_42E5J9,0.005529458778366607,0.0041214351023663425,0.004305965889361014,0.00027083564826802144,0.0007234698827317381,0.0005992941060633445
ID_42HTPO,0.005142526330310901,0.004162749393495032,0.004684889985685794,0.0001185226438879403,0.0008570947934680576,0.0010222096823831745
ID_42K0G3,0.006252398330973457,0.004801671110961823,0.0055799512621208264,0.0005267274289978467,0.0014387967695556462,0.0019663530492918515
ID_42NPIG,0.1334420728020794,0.13573225626106794,0.03828202592378627,0.07865205536535029,0.1956735038564846,0.05686128059249719
ID_42P9TZ,0.0056639718986054135,0.004328124326483221,0.005195291623153235,0.0003527199879938655,0.0015410493606101599,0.0023858360549177233
ID_42T9XM,0.005808169101095563,0.004433852138156181,0.00514108186053325,0.00034018345900845205,0.0011290475672811361,0.001708381876614304
ID_43O6DO,0.006199124304228438,0.004909205588028601,0.0050644682148935334,0.00038153095609172455,0.0012810310444105457,0.0015980363010127945
ID_43WX04,0.005467315710570405,0.004036726520851712,0.00463628175805679,0.0002535033195440644,0.0008352422737031922,0.001082404513120355
ID_44FN7K,0.005168660102311413,0.004470070498420674,0.005587354760135056,0.0003453085723374661,0.0018311475414041771,0.0025883902637111713
ID_44QD5W,0.014398166009659926,0.009826147931132904,0.01494693003956495,0.0036307994184617593,0.004442239054685368,0.009309181330501745
ID_452A1U,0.005265745064875476,0.003976936101335962,0.0041661897335032476,0.00025848002207356705,0.0004781691017341688,0.0005961855386076088
ID_45449H,0.005112656735271799,0.003854684177374138,0.004390408302909023,0.00015920817869310142,0.0005497660407575558,0.0007233869700327452
ID_45IHF3,0.005416567625123593,0.0036894097765749244,0.003728888794047953,0.00025092424900797675,0.0006641858557119843,0.0006435072433859987
ID_45LBG7,0.005518484820188576,0.005063960165465365,0.008436039857242632,0.000461586105460962,0.0026533070764849856,0.005525375780246414
ID_46KU2G,0.005750328694519249,0.004175432919256031,0.004585280303466778,0.00031717160067832337,0.0009059471395510759,0.0011024405052472664
ID_46O9EK,0.0054832326835409,0.0041567290009108014,0.004624845841836754,0.00033692592757383265,0.0009034663833814511,0.001121179937370213
ID_46V35V,0.07230654972329144,0.049320839908469076,0.023752360098472897,0.05424546650979386,0.03391142582395377,0.018980119640071225
ID_473RDP,0.005557295195095728,0.004858051357960493,0.005556204581333044,0.000527325260370584,0.0020465650199609766,0.0031259123400978017
ID_475FQ7,0.00546263843684319,0.004084701628948442,0.004273091940747237,0.00035032217499773584,0.0007877928317891475,0.0008412062336782686
ID_475RRJ,0.0056212544798867545,0.004960808547847889,0.006042156692665802,0.0005236224907674908,0.0018354298623931365,0.0031759642532355747
ID_47HOMT,0.005518491097685633,0.004445196335600168,0.005128488684416273,0.0002028403970303088,0.0008505934401271311,0.001851291263351202
ID_47WWSO,0.00556159808077074,0.004545040879125988,0.005528576243720473,0.0003466108670345395,0.0010562117361423466,0.0013783442787206688
ID_47X9RR,0.005677455703947663,0.004127915984760057,0.004515871231485898,0.00029954557751467055,0.0010084884167173942,0.0011921027162451322
ID_48633C,0.005852578365592498,0.004630616732942855,0.005076339027303701,0.00022239526179325218,0.001102178363845193,0.001981653840736941
ID_48E1RE,0.008708192455377699,0.004341676433230626,0.0066114369428998945,0.0015993784710014887,0.0007941933851182606,0.0018417720125707554
ID_48PTGW,0.004990509066734622,0.0037886213342743684,0.004007032250702757,0.00018736013856083462,0.0007078146585560669,0.0007498858163599419
ID_48WC8Z,0.0058511233014035165,0.004331862844381148,0.004994849699010767,0.00036672079435223683,0.001234501831633873,0.0014849688159629536
ID_495ND2,0.005455837326324174,0.004423575593794152,0.004776160360035076,0.00014237915706047114,0.0008781316321937975,0.0014345776073885173
ID_49CDQ6,0.005804356377664053,0.004273243951495556,0.004459770963487834,0.000744600946605052,0.000913546833319942,0.001074144436929566
ID_49D2AR,0.005549027403715365,0.00436918269585649,0.004697529426692283,0.00025988883330013934,0.0007458824706210997,0.0008396112537586011
ID_49IRAX,0.02308205657771738,0.04360669773770121,0.04956671083371618,0.005203008172581524,0.045324791766227,0.049800310306758425
ID_49KF1T,0.01433990540668836,0.01165733822822561,0.013776031281906636,0.002888095323786464,0.008875347332938486,0.01083052213257007
ID_49V07R,0.005447459398911004,0.0037464178863757473,0.004801569056877141,0.000825290609271508,0.0005996814582585433,0.0015207757574306254
ID_4A2QA2,0.0561178617133327,0.05481434649156707,0.04339501744644773,0.03378141634818242,0.04058643166360858,0.03704950418499959
ID_4A6IYY,0.008092704381792474,0.004898512557737195,0.005417514307090542,0.003389323391709095,0.001666694249303536,0.002068222555937334
ID_4A8R3V,0.006045832793144497,0.00424738862371986,0.004788958278481668,0.0005395953766758107,0.0008794862856764544,0.0011129293621905238
ID_4APUQG,0.005569985963746541,0.0037813353594616317,0.00498300821058308,0.0010811291553191763,0.0007464111462333185,0.0017048606053315831
ID_4AWIOL,0.01007227407602238,0.006572440480354998,0.0067637515770857005,0.0032612568847966094,0.003822254106184516,0.004009299506148387
ID_4B4BTZ,0.005541171799541536,0.0042276667956087045,0.00489701448161257,0.00025546760468954697,0.0009354642454517362,0.0010066928865577805
ID_4BHS4D,0.06745949651316537,0.02505233982633418,0.021468376840076075,0.049875791992008964,0.01787686213351923,0.02003913555259557
ID_4BV3VQ,0.030432431893371747,0.04339003986231307,0.023396099129501587,0.013210875754595331,0.023467940978931567,0.01897591970488677
ID_4BYR7P,0.03968733955037497,0.03001548828702411,0.0195225293465772,0.015786273973737185,0.03437702687531635,0.02678419379260759
ID_4C1Q9A,0.0055620019355505385,0.00378010019164164,0.0049978065858360616,0.0010645651187145147,0.0007153848255508371,0.002017425835042269
ID_4C75NZ,0.0052961002095557,0.004640035745196945,0.005694735314628472,0.00019675258767719395,0.0017797061063093982,0.002181312179661654
ID_4CWI21,0.005428485836306037,0.004084069311256688,0.004389908410456387,0.0002726065542994676,0.00048417759689348334,0.0005790438369579279
ID_4D3I04,0.006466882415793741,0.004584992914895257,0.005041308874168694,0.0004319505826315965,0.0008039118159521399,0.0012835291027876628
ID_4DI6LA,0.008353471910448662,0.004827082606825126,0.004884732969015237,0.0007091717605044331,0.0010220650981170559,0.001079832804195198
ID_4DS9FD,0.005252240301017246,0.004333327458073696,0.004373624897779128,0.000231048482365833,0.000602034643312891,0.0006306609135927054
ID_4DZTOE,0.01501169519004275,0.027304401074867563,0.019683389134662065,0.0036338977158150887,0.01772478475100617,0.017384401841750524
ID_4E0IW9,0.006115414163619884,0.004318307168613158,0.004778671353155294,0.00025986289056431356,0.0010522826603771038,0.001223759276300634
ID_4E33DR,0.062191642814969764,0.04432554433158882,0.07056172950826728,0.040985545937924896,0.03516150628727915,0.09232004444251303
ID_4E94FT,0.0052510773085810165,0.003974435086624713,0.004314981213128778,0.00024623592819177895,0.0006373734220253171,0.0007045024088884352
ID_4EA27V,0.00540085871836886,0.004360474632180071,0.005065824459236799,0.0003463844502784783,0.0008148994006254175,0.001022506782341239
ID_4EDUOF,0.005890398967485917,0.0071255001434646715,0.008817766769751255,0.0003769325111841947,0.0022041002079234593,0.0022627002892478317
ID_4EFHFH,0.005196478423363994,0.004170895493035471,0.00498845730026131,0.00020005536540239,0.0011433886626741876,0.001546557632498061
ID_4FWY0M,0.009059454209738735,0.005526260985370724,0.005897354801275405,0.0029915841150251676,0.0034145709460861803,0.0029230522733691687
ID_4GDBBB,0.005570954657113111,0.003950157126115968,0.004414093296251475,0.0003029972661832091,0.0009918584568928916,0.0013469247372626893
ID_4GDTVN,0.005205616820372541,0.0039151138183630965,0.004111008193547193,0.00022594945458970038,0.0004719706739619839,0.000566642924032851
ID_4GRPQ9,0.03801613996277238,0.06247891589574029,0.01708792984592002,0.01392131760920891,0.031699622289312786,0.0122909745630623
ID_4GSCPU,0.009004683477303925,0.005575300012733835,0.006085920043308324,0.00189656107089029,0.001958513228662686,0.0020812490993694327
ID_4H45P3,0.005470980168309219,0.005221919013767127,0.006775049106970257,0.0004940354764135982,0.0028019820571708854,0.004647465343153083
ID_4H6ZU0,0.005866417897240754,0.0046784915851917795,0.005033503857661617,0.00018542154216645283,0.0010711820101667842,0.0020141831619936534
ID_4HQTGA,0.04937728557767103,0.01476460178335425,0.018375405428709156,0.023667800431991348,0.014834273205178121,0.023116739994079306
ID_4I22LB,0.0061161003096189305,0.004785360389205979,0.005891447623360215,0.00050432020629143,0.0013327214662301958,0.0021913024487503056
ID_4I4AGU,0.008645618180619824,0.011420206909222769,0.03181271834948311,0.0008244135446417425,0.009235102109119844,0.023270214732968655
ID_4I93LT,0.0053911300361373345,0.004814463261835329,0.007524495860445968,0.0004540081282553801,0.00221821023638501,0.003934827301605998
ID_4IB9N7,0.005330650928934296,0.0041683603386365045,0.004861300372048597,0.0002612056213087698,0.0005984996325041968,0.0007314015577754987
ID_4IBH3D,0.006119494280094176,0.0042538202951962764,0.0043291809785986485,0.000562967015533964,0.0010286593031241396,0.0010370209713100789
ID_4IHET8,0.006914856209832504,0.004486496885979044,0.004976891575421945,0.0008177914242106824,0.0010219366073546878,0.0011389614256022244
ID_4IJ44Q,0.020176388729198202,0.03482305939726589,0.0229666067164041,0.002758320585887027,0.016802138241930324,0.010829066253369279
ID_4IKKFX,0.005435279255088989,0.004106486582111063,0.004859825001325719,0.0001791756680393525,0.0006346483597341524,0.0014331104654251715
ID_4ISUVM,0.0051965534302566,0.004293117149689189,0.005213401236969002,0.00026189504454620223,0.001161098216231995,0.001821742380649995
ID_4IYAMD,0.005731960402553428,0.004515915446542726,0.004551307637912458,0.0002853347046978645,0.0008487996040657732,0.000837124917079675
ID_4JFJ04,0.019514290809684864,0.007383636489605786,0.007582650447993013,0.006342132711058172,0.004076338591195583,0.005671578971690392
ID_4JJJZB,0.0060070696354702574,0.004758366553519695,0.005023309683641985,0.00031684763614267227,0.0010806905358849458,0.0009285959318009912
ID_4JPZY9,0.019759422509600465,0.009822429950577688,0.008752645778457867,0.0061638748687287545,0.009023233664181528,0.008456942349013237
ID_4JT5BR,0.0065544511709943595,0.005313665933720038,0.0058245817468932926,0.001568503776064567,0.0028323420720788427,0.003802287898369958
ID_4K41LT,0.020799798115904565,0.009221185000953138,0.008920144547556305,0.005793415647969168,0.004304417863738264,0.005612725759492818
ID_4K4IHE,0.005614965367419556,0.004336750933835139,0.0045170973495198274,0.0006361783143424781,0.0009279709184468028,0.0010009353495666479
ID_4KJBXU,0.005313473409770809,0.00471102481139223,0.005827720430322226,0.00045275616779243404,0.0017164753287679955,0.002730879087221275
ID_4KNGLU,0.005363320777897822,0.004407365912983384,0.005265564760582555,0.00031477028123536315,0.0012874817165661042,0.0023229636292057105
ID_4KT11I,0.0053911300361373345,0.004814463261835329,0.007524495860445968,0.0004540081282553801,0.00221821023638501,0.003934827301605998
ID_4KV1ZV,0.005375687276842962,0.0040175506343546295,0.004450469286102774,0.0003259139521081545,0.0006077592304608167,0.0009508305445323931
ID_4L5H4Z,0.0590520923483532,0.06864482657509902,0.04717239834638293,0.03652089628706592,0.04431185416798731,0.044846195029077156
ID_4LDI6N,0.005497946712300666,0.004336920007219777,0.004800138388062554,0.0004278547919138302,0.0010037838639945656,0.00106555855758478
ID_4LEWIR,0.005441079044533984,0.0038041068272272414,0.003922597558054941,0.00025740866623927814,0.0006598739005641514,0.0006367642713324471
ID_4LITIF,0.005452343354724548,0.00450412627810587,0.005270541990410366,0.00018922311159039,0.001488300151904589,0.00232166476110181
ID_4LQISD,0.2180373147750188,0.19486806803262735,0.10055014232230994,0.2029615210846962,0.20703002263321577,0.1617698940017334
ID_4M0YMS,0.005494161511593033,0.0041311230602602035,0.004377513268953817,0.0003000988834151959,0.0006429314454470379,0.0011085524086335726
ID_4M4JIH,0.005254037370594779,0.003967812216771331,0.004254905413815402,0.00020567032578592035,0.00042917126990376806,0.00043507396249799993
ID_4MU095,0.007170916281803518,0.0063844133844733406,0.007490969314537531,0.0006736320553479505,0.002963751196061279,0.0029400151520204607
ID_4N5TQ6,0.005479233025732291,0.004505919996522439,0.005368211828953985,0.00040152292319108496,0.0008362340998729744,0.0011313696204599537
ID_4NDO8O,0.005610458771360484,0.0043221681945217125,0.004743913932110792,0.0004568621017000489,0.0008676705990293797,0.0011301140454565344
ID_4NNDXH,0.0052999417313559505,0.004044720512828983,0.0045936760834618,0.00020204565403343712,0.001115387544650258,0.0015561180481738041
ID_4NOKI6,0.005397849336172361,0.004262928731027618,0.005004909999692806,0.00018367130469915073,0.0009458766534540013,0.0012426027458082183
ID_4NRMAU,0.005350027184939942,0.004774334819830729,0.006029653683135351,0.0004124099540955017,0.0018739440337826225,0.0023603784289250238
ID_4O9FZR,0.0076432379700372265,0.004668417442949228,0.004559812135566519,0.00046050481663795364,0.0008417946453878523,0.0009793441018603253
ID_4OCPML,0.005460779026397446,0.004024097669803275,0.004292200831114924,0.00021365122911807752,0.0005729716124101979,0.0008792705325927927
ID_4OFTW1,0.029856744099505797,0.058323892600631484,0.03473451145593725,0.01476438629896965,0.06569079499914793,0.04179665636932839
ID_4OHGZ7,0.047076954050497895,0.010465834937239725,0.014597535241229417,0.010247496621171276,0.007478478375057797,0.012384298614876691
ID_4OHSTT,0.005378553175044098,0.004441190420357819,0.005155872044857414,0.00026430336055631464,0.001097852439943164,0.0013757296996831983
ID_4OJFGR,0.005644193732157326,0.0044232270506917816,0.005234984521342902,0.00032202266676623363,0.0008450072200250191,0.0018938747362478667
ID_4OPMF7,0.005309617275169577,0.004825050152646826,0.005912644242013007,0.0004987979582576827,0.002157909905942272,0.0028225904830474855
ID_4ORCRP,0.005399813106133076,0.004319931524567557,0.004985184406124964,0.0004426446991074303,0.0014241678959797804,0.0017635282714995083
ID_4OYZV6,0.04472149208661381,0.01969700886267122,0.0421175030844406,0.03301658567304294,0.018908461949238398,0.06424942140939555
ID_4PIPGN,0.03155769189428934,0.10106481781846852,0.1095952176372393,0.008677562875581352,0.13411197892339125,0.12273428786585618
ID_4POEBX,0.05276390387966715,0.04304316454803171,0.03334628576177218,0.025890376039962776,0.02786417665546676,0.024290929160445205
ID_4POIK6,0.007290375855092569,0.007465581814806725,0.007477626625846454,0.00038754681236332554,0.001927239998104431,0.0022293430384752516
ID_4Q4645,0.037566338581768,0.0353726880454494,0.04136626141762153,0.013617946354574972,0.041037959704477316,0.063351482477988
ID_4QDWP4,0.005780381820545517,0.004650849770299946,0.005199689619345113,0.00031072511525073824,0.0019505948745501952,0.0025253154518872383
ID_4QEIOH,0.0056009797039416566,0.00410949967916892,0.004671364669961658,0.00024391566792165094,0.00068572922852154,0.000706389332745322
ID_4QEJQO,0.005259816122914388,0.0041351986077238214,0.004840280318688413,0.0002961336055083983,0.0006860172029663876,0.0008900134071787975
ID_4R3SGT,0.005194799371668404,0.0038724419563939813,0.0039629071997121824,0.0003817876360935498,0.0008196010803519841,0.0008878823239898784
ID_4RB4RW,0.005400382836211509,0.004015701492826932,0.004182566708407033,0.00035165264626409263,0.0007224637391421244,0.0007951521342744439
ID_4RHCTV,0.005501630922504914,0.004208075400921498,0.004820445602792603,0.00017050715274926934,0.0008462607297531336,0.0012529532137616109
ID_4RU15B,0.007231499304252872,0.0073411663010428205,0.007310546240485612,0.0005053584104397777,0.0025877087981245436,0.002333232489073611
ID_4S1COK,0.0072343232744344725,0.003926405578435958,0.003992674767561029,0.00043887705343577117,0.00035743255725186605,0.0005623729203232823
ID_4SE3OH,0.008014185753843859,0.004125787332158945,0.005438752755385892,0.000523070906083993,0.000398420608963197,0.0006555040241143337
ID_4SFQ8P,0.007692671263552664,0.00412739535063528,0.003824360724962762,0.0006097716854328994,0.0005734598354212648,0.0007271866615574474
ID_4SML2V,0.014967310491344043,0.026252520375485353,0.019117242687210777,0.00360196092897812,0.01702608567261473,0.01658075887129446
ID_4SSZJI,0.005572070279665577,0.003929188813279809,0.004044266795856837,0.0005029200475895892,0.0010686808462872944,0.0010323544770081986
ID_4STW9Z,0.1537977475300092,0.23944153352008207,0.25128003743986493,0.15228866920686654,0.2825601017183529,0.37961325918010524
ID_4T4T5J,0.0053848368677500555,0.004002282553265468,0.004146546542867543,0.0004120789916411661,0.0008469499239743219,0.0007941105986041535
ID_4TGOWM,0.005794854539593027,0.004319331120272628,0.004619755916689559,0.00043064400819301765,0.0008567856178660257,0.0010521173164521802
ID_4TGSZ9,0.005585862937749236,0.004219362707631417,0.004889080024667822,0.0003309782874701317,0.0011875669370134225,0.0014849473113150728
ID_4TNBZF,0.005953309084199564,0.004324699433412256,0.004658964774805863,0.00036214280375921557,0.0005350995949833637,0.0009090662390137831
ID_4TNPPX,0.009395006202805516,0.00497877555223942,0.0049685180420531655,0.001259818405292675,0.001423141045444887,0.0015448595064093983
ID_4TOC5J,0.005329081024293951,0.00429878736420051,0.005164851121226172,0.0001832901501754389,0.0010447195147774606,0.001325863762020588
ID_4TY6TR,0.005274372880282581,0.003879411008654148,0.004002698152984258,0.00030994902158069986,0.0006117851939912941,0.0005577878448016533
ID_4U98W5,0.005833906850048629,0.005103998110708328,0.006149046040696232,0.000575255064851768,0.0017186474056941272,0.0023581987084987923
ID_4UD817,0.011397435862129608,0.023210335853519976,0.019061249207459153,0.0041579074295391765,0.025532861792921725,0.02266413765424204
ID_4UJ6I0,0.005734690311121558,0.004432799202460926,0.004852659899879441,0.0004994362890159919,0.0014747690577888303,0.001437107352007832
ID_4V99R0,0.008104780348385554,0.005271722210716768,0.005698303930200682,0.0019300877839738707,0.002119935918055162,0.002937548886314596
ID_4VK4NE,0.005270499977148715,0.0038845912831664948,0.004366287966423787,0.0002516530896440216,0.0008353307870741883,0.000898010818603657
ID_4VKQYU,0.008803623662100097,0.0045672978699096605,0.005817612358329064,0.000508349906312191,0.0005536973225063753,0.0021388419252657046
ID_4VMFY1,0.006036717178395505,0.004046916163412807,0.004053576923497195,0.00036011019148284837,0.0006104156298751941,0.0006481495417846639
ID_4VPY9Q,0.005844184583186686,0.004632370395818295,0.0050916548060754695,0.000245720004628453,0.00112512036876458,0.002109816713338899
ID_4VVCQH,0.022532861669336476,0.0702269672894332,0.08894113938814852,0.007668073540582069,0.08653888504399797,0.09914748576588749
ID_4W0S35,0.011001836895955701,0.008567040390909431,0.008927943355192848,0.004029448226675739,0.008603986677618254,0.00965072981028591
ID_4W9NRO,0.0053599571421335795,0.0038922611765571124,0.004416655119792365,0.00021128827126627603,0.0006674933926205204,0.0009416105892923559
ID_4WJ0SO,0.006147469454022558,0.00442048281860114,0.004933040228607024,0.00031845372724161573,0.000868815380630302,0.0011485753022284556
ID_4WUH73,0.006425222814072568,0.004337582327913273,0.004830182288842513,0.0006238696050284008,0.001134434324318648,0.0014389889968794407
ID_4XBB4P,0.0052562461970555975,0.003969242990024624,0.004647042898472224,0.0001929479147327974,0.0005532754727510525,0.001102453109135576
ID_4XJUM7,0.006440112987235792,0.0045096287611844105,0.004860167087371191,0.0002968547967224346,0.0006867096883296966,0.0011561601404506206
ID_4XQIY8,0.005809739633882571,0.004336209177827599,0.004797380180577924,0.0013569030335866073,0.000970861680615779,0.0011222925375312972
ID_4XW3SG,0.005808169101095563,0.004433852138156181,0.00514108186053325,0.00034018345900845205,0.0011290475672811361,0.001708381876614304
ID_4Y0VT3,0.005324813307598928,0.003625869271808423,0.0036575097891661246,0.0001919469767204191,0.0003364990541748493,0.0005783441362400708
ID_4YQQ0B,0.005558437034897516,0.004334419665830855,0.004712454401112009,0.00038378470869366346,0.0007906954208720676,0.001004676863503622
ID_4YQUG6,0.005156021727300856,0.004240131941449342,0.005097801180522614,0.0003544179726175658,0.0017619189197393944,0.0016787408383386881
ID_4YRJRP,0.013003421401834992,0.009984324821153119,0.011578933249074238,0.001935031918857703,0.006781895000779311,0.0076663192461693674
ID_4YX26C,0.005371868365765237,0.004726209771281516,0.0060427855785894855,0.00038019954174770167,0.0014244737596381932,0.002079536659262222
ID_4ZJ6HT,0.005369033903703211,0.004856859245615228,0.007535233176840283,0.0005428007540633857,0.0025594795101029654,0.004239872894701934
ID_4ZN2VI,0.005127938413944081,0.003918048884288288,0.0042218533255973896,0.00019090784702423169,0.0004194971664152564,0.000459201660701064
ID_4ZP64K,0.005316176383626817,0.004721127767013061,0.005962118833598766,0.0004264435225576328,0.0019665110445371,0.002544643348195661
ID_4ZRHI7,0.01052139108422465,0.00687664131093026,0.021099984020316702,0.002271913847453051,0.002526640181130729,0.007711568088827849
ID_50ELBR,0.057263231499476056,0.051340026751064055,0.020170366328512133,0.030695975433335354,0.06013137954506607,0.026241896435693295
ID_513OKE,0.005364048248092077,0.004690529209931347,0.004889367555872158,0.0002267145906219719,0.0030806851316357137,0.0034667737552235593
ID_51HR8B,0.00543830717063501,0.0040075811610292555,0.004266356210648992,0.0001895483207691815,0.0005526945989495289,0.000833461403102664
ID_51JHHB,0.01227142555820556,0.01050413877093721,0.009843235716008297,0.001188734511503796,0.009282862537081112,0.006936211854028784
ID_51YUZ8,0.06673437708004037,0.39327715527238377,0.36185666027359087,0.05117817673484224,0.4482213720692408,0.5125567224417339
ID_526E6B,0.005704654125785011,0.003979636360369354,0.004209872324552294,0.00037800359503107733,0.0006502253468177468,0.0007792507935823173
ID_52FYY9,0.005781424374368897,0.004208480931300414,0.004758481328598268,0.0008009700934310742,0.0009953444854382272,0.0010248358134997092
ID_52TFD0,0.005395690664409102,0.004047349800125935,0.004186057479740728,0.00029164342045682535,0.0007132348242509914,0.0006880906866866289
ID_52ZE81,0.3211181970226716,0.4954019309212959,0.4633819615378104,0.3599248792857698,0.5918704520108764,0.657027434838057
ID_533G8B,0.006277929291836917,0.004812646098169699,0.005124795816227873,0.0005107002165888306,0.0011596422350418558,0.0017701085303986827
ID_539EVX,0.005715179523414332,0.004046270327422614,0.004527891707382732,0.0002064414710152913,0.000517996489040499,0.0009513343712047924
ID_53B01Q,0.006136526126064741,0.004231681831654736,0.004602945696912929,0.00023914053081567683,0.0010744413320930611,0.0011838892487737174
ID_53HFX3,0.005429254139176014,0.003970307946625697,0.00420842656358045,0.0002092907170874926,0.0005067701895482404,0.0007155501855048969
ID_53NI04,0.005130608716196695,0.004043989604550443,0.004631277334888858,0.00031807320275982584,0.00103741737588864,0.0013350057094635318
ID_53TEOE,0.005818114619668808,0.004211598967341565,0.00454755407533641,0.00033913203862613145,0.0006290480398999043,0.0008932252314413006
ID_54A9SS,0.017919552499232886,0.013803117133355178,0.0148706315830286,0.00409409715839997,0.01515343514282429,0.019685006265208117
ID_54AWCS,0.00536654647481405,0.004018289379572254,0.0041325218492826695,0.00020233399818711005,0.0005511196338350775,0.0005762463695875504
ID_54JX22,0.00599293634012291,0.004909725802832521,0.005329784135015518,0.0002495390729152175,0.0010932562657409012,0.0020573351561541196
ID_54K01O,0.0076929579495948665,0.005312953301366559,0.005727055519592082,0.0040498419619570646,0.001445939953805564,0.002208977307054596
ID_54OCQC,0.01626326104708731,0.021994421125656926,0.026415350962240285,0.004816528901353295,0.02519663657486618,0.03741467716948148
ID_54RAVH,0.005393241271724645,0.0041604692620859675,0.004438463437477096,0.00033463325345420866,0.0008742293854981337,0.0009332576069786736
ID_55957A,0.062910416530754,0.012839364414054562,0.014229144511322707,0.01514637231755672,0.010073755583616227,0.012787808730105307
ID_55KL6G,0.005809051808042987,0.005699351667536662,0.007775059927486533,0.00043277274856901813,0.003000958911506602,0.006005334279609592
ID_55N807,0.008143782113843074,0.004426691291677402,0.004034086604937787,0.000706747907701831,0.0006431199778881261,0.000715038257666416
ID_5662X6,0.0057346258939856695,0.0043812133663069745,0.0048214002140007164,0.00038264733628635804,0.0011103067911823388,0.0011678644277548927
ID_566Q18,0.010640269120423835,0.006483117545755327,0.006517126611987592,0.0047453066590343014,0.00432811940805463,0.004221598937449487
ID_568IE8,0.005465329852994498,0.004182390376598205,0.004622054808112026,0.0003303942640759025,0.0008269362702673983,0.0008290153647856336
ID_569S5F,0.0056944856996497435,0.004439039531951439,0.005469536036408463,0.00017762107723107214,0.0011668640130431756,0.0017832233151328972
ID_56RYGV,0.011645341870558826,0.006934787935184686,0.007180280121412862,0.0027805326227886965,0.004932575807723986,0.005193611093434772
ID_56TEHN,0.005948453732774919,0.004565886791829963,0.004616111087551687,0.0003675680498475285,0.0009737541579455311,0.0008957709479748792
ID_56YK11,0.03726949095908705,0.04139955769868107,0.020119623984224986,0.0156330498841956,0.02266128985608459,0.016581830195277075
ID_56Z4H2,0.006704503222973497,0.004787296135105387,0.0051282911547515094,0.00034047296899740746,0.0011688308459966259,0.0014166454783750755
ID_574DIZ,0.010218800054196939,0.005604821157882307,0.006160831414560172,0.0019523384246286721,0.002146467330898134,0.002445843540226778
ID_574Q8E,0.0057732576794536795,0.004665554475728046,0.005519982146837592,0.000737745534480546,0.0017658258191885175,0.0028653945368466278
ID_57W8R1,0.005300121812167236,0.005034939285024034,0.006651727507763059,0.00023069199484331796,0.0029569572938093398,0.004654600773710939
ID_57ZCHT,0.0537038353740784,0.02023832427528218,0.011326091187821725,0.016176335282788716,0.016154151089531842,0.011822844623715007
ID_5844IN,0.005353446960263772,0.004001667047346954,0.004117195048807596,0.00023642791440515488,0.0006060261706661266,0.0005846479851938337
ID_58G5VW,0.007983310748961721,0.005084574257867469,0.004806152266418034,0.001287482178555076,0.0013461009226699578,0.0016305929932441117
ID_58OZCP,0.08112023963646085,0.03891295545360342,0.033421705710628906,0.047598922242534626,0.0438367649703774,0.04356510655820713
ID_58TJGH,0.015468750910368582,0.006588494834671438,0.03266439208618326,0.0016264656054533675,0.003393425828776139,0.020581190708418018
ID_58WL51,0.005354848447612428,0.004376999581832832,0.00490586822694554,0.0009189724198738515,0.001327431748132215,0.0016119597855838803
ID_590HV5,0.005704654125785011,0.003979636360369354,0.004209872324552294,0.00037800359503107733,0.0006502253468177468,0.0007792507935823173
ID_59TJN8,0.005882948567959819,0.004226561333587192,0.0046193762387099595,0.0004517369055171512,0.0009077031354791287,0.0012171301587886008
ID_5A0PRD,0.005494901182961679,0.004870808425416242,0.006389538214101706,0.00031167316331309243,0.0020833556445800047,0.0033258175158804425
ID_5A0ZN0,0.00543374257833428,0.004021316980276149,0.0041757643215774454,0.0002020220647462849,0.000598832181861971,0.0007468274993361035
ID_5A16YM,0.005975954194963256,0.004909792235281958,0.005342674655389313,0.0002664946024380618,0.0011438435264724141,0.0022588371758444463
ID_5A6ZTS,0.009093723517129604,0.0480130156139527,0.018782054976377596,0.001222645441574526,0.02922795829677447,0.008237947749152463
ID_5AS1RL,0.10829480607427469,0.18481554744713102,0.11642333948957895,0.08687256914345308,0.24902779596799587,0.1718900396583495
ID_5B1HJQ,0.005371868365765237,0.004726209771281516,0.0060427855785894855,0.00038019954174770167,0.0014244737596381932,0.002079536659262222
ID_5B2N7E,0.01024435715946877,0.007464327661304331,0.009037864633161414,0.004225453397860183,0.0031934563747190543,0.0046032844363035775
ID_5B3NF6,0.013827094839592447,0.017208686809217947,0.011924152763593597,0.0036826095956461885,0.018415710126794875,0.01478649692235783
ID_5BHS0I,0.005425391042584158,0.004333682585312467,0.004828945906346122,0.00039413309249929237,0.0009088391815604072,0.001122615196465002
ID_5BJBQN,0.005080035987963908,0.004169122444971754,0.004995641779827832,0.00029224257417430826,0.0010011214893153038,0.001441247830099915
ID_5BJWT7,0.005856871600832515,0.004678721373785392,0.005051023314032318,0.00020310405214862457,0.0010871486320380172,0.0021526083023726762
ID_5BWCPJ,0.005607328937572755,0.0042439611900747885,0.005421755427868303,0.00059791585060103,0.001871601068342202,0.002148589105218724
ID_5BWJ28,0.005332136978081081,0.004065766588721236,0.004410252822882322,0.00019267832209278354,0.0006453283197317128,0.0008407481433400642
ID_5C4970,0.0072926108002959325,0.004703668335144901,0.005292031068540873,0.0008902035578936976,0.0016092248526082082,0.0021959122804324294
ID_5CE2HM,0.02631731050326184,0.005413758668688818,0.011151558595646243,0.010298603402839208,0.0026903044589397206,0.006951553679531074
ID_5CERRE,0.005785199340701991,0.004021798345178616,0.0044277046639056164,0.00035314777623066855,0.0006887973237985992,0.0009489785828020631
ID_5CJYZP,0.011198217945554943,0.009837299899975074,0.009418912083245285,0.004419701562734444,0.009926033923343095,0.011040448464471688
ID_5CKDQ8,0.005630708773248099,0.004953647166030041,0.006013983475078679,0.0005532135704807094,0.0018313888403768401,0.003103435795095006
ID_5CM4SB,0.005669995525607205,0.0047594778473979815,0.005228904278011383,0.000322097753948378,0.0015264911382685395,0.0017497263364180417
ID_5COZTI,0.005233714024479889,0.004174183430313751,0.00466967934441296,0.00018628425495132684,0.0010081519599989036,0.0013747550403590048
ID_5DHFGC,0.005775917766734734,0.004183102580344196,0.004586215280080169,0.0003100767349965856,0.0006734509532416629,0.0008443348289189197
ID_5DLUXE,0.010434848431929008,0.006868243153072226,0.012167381134315229,0.0025161187853207988,0.0015642539462650514,0.010982224436563668
ID_5EH9MJ,0.005346452886843067,0.003967856107988209,0.004109085392372323,0.00014327611188127032,0.0005232955657208032,0.00048711235996685005
ID_5ESG41,0.0065207564114190325,0.004693184029655335,0.005031172894528809,0.0005339921054268905,0.0012947250205363257,0.0017224851876093293
ID_5ETGVM,0.008882888693735694,0.0053267148720360325,0.005247675108529156,0.0034845764828095936,0.0013378148631297837,0.0016347241667082932
ID_5F3FW3,0.0054028083695890445,0.0040366450039409675,0.004390526792683637,0.00011041027204494296,0.0006216082997209408,0.0008482517445734297
ID_5FC3QJ,0.007605461722268726,0.006201930340968281,0.007194060850317352,0.0014567203788407388,0.002620385914739627,0.003953163524462481
ID_5FIQN2,0.005679785928021008,0.004552773547384697,0.005705701395470491,0.0003460944111071363,0.0014924375995740758,0.0019793263586784845
ID_5FJ5OA,0.005890416481148105,0.004165104849910054,0.0045825437689723065,0.00021064715526971256,0.0014402572342963674,0.00160400415514706
ID_5GCMEA,0.008757685566141959,0.0048687678723855375,0.006658058138317584,0.0005672362629022673,0.001799853620149824,0.0021828518392651127
ID_5GE0S1,0.005804356377664053,0.004273243951495556,0.004459770963487834,0.000744600946605052,0.000913546833319942,0.001074144436929566
ID_5GKAF9,0.005249899403642552,0.003899682690462071,0.004192538015789725,0.00019165957733736146,0.0005620424821188957,0.0006506234044399027
ID_5GVW6U,0.006171774827465354,0.005325708322720763,0.006099142137214021,0.0011661054908332434,0.002171188754161818,0.0035094330733186187
ID_5H2YDZ,0.005815164017923596,0.004180028194614494,0.004135159521945916,0.0004962151420087543,0.000734679814399105,0.0007225818411690939
ID_5H4T9K,0.0055507752800742155,0.0051603158399399955,0.00596995521964294,0.0006391907532404128,0.0017135162906925985,0.0022445472676995743
ID_5HBYOD,0.0505826478707537,0.01003417029413784,0.011241341905710779,0.03436650399654121,0.0062719048173950215,0.008667218111643957
ID_5HD5ZA,0.005975954194963256,0.004909792235281958,0.005342674655389313,0.0002664946024380618,0.0011438435264724141,0.0022588371758444463
ID_5HSQYT,0.005438458046501982,0.004404255552011216,0.005327279362669492,0.00022946735347645705,0.0013792321580672433,0.002280273293483905
ID_5HUIA4,0.0055507752800742155,0.0051603158399399955,0.00596995521964294,0.0006391907532404128,0.0017135162906925985,0.0022445472676995743
ID_5I0I2K,0.005160617266510479,0.00419143380986596,0.0049472329765644744,0.00029772066838771867,0.0012597668039795282,0.0018114938313053236
ID_5I780C,0.005785643671320606,0.004516250786639496,0.004715491011727724,0.0003425202257925757,0.0009746492711020004,0.0018221392617838064
ID_5IAUIV,0.005274737968908174,0.004026869963188174,0.004372229930211938,0.00020240991852119914,0.0005751959786835805,0.0007511860831015865
ID_5IF81A,0.006732093877664579,0.003794128589897858,0.0039022433231319462,0.000510956149174911,0.0004508485852597684,0.0007606531386925943
ID_5IHZMO,0.005438458046501982,0.004404255552011216,0.005327279362669492,0.00022946735347645705,0.0013792321580672433,0.002280273293483905
ID_5IQK6W,0.008967253227271842,0.004939234702480401,0.005284348578590774,0.0008065968493708293,0.001344818527450186,0.0013808745243236557
ID_5J1CC3,0.007969709043890553,0.004919270324731167,0.005023548505519358,0.0008674482685678251,0.0016020851993046544,0.001949692471119798
ID_5JVBFT,0.0051447999257015105,0.004119436948933636,0.004688548007807018,0.000405618490135252,0.0010383034914588877,0.0013144982353519826
ID_5K7ETI,0.005719679450001669,0.004168512079237486,0.004307749742763085,0.0005591742269864084,0.0007663921207461786,0.0008957334396111543
ID_5KFOE3,0.005951647403405738,0.0045620054101635325,0.004353889014691154,0.0011424543481744665,0.0013479871565401612,0.0015403485313342435
ID_5KMQFT,0.005902342089253925,0.004939687571741355,0.005447548252504423,0.0006119295703323588,0.0013067436713924865,0.0016267050093600503
ID_5KRD2P,0.005663237399142741,0.004265375558479721,0.004812707262780878,0.0005553037731277281,0.0009245196079045428,0.0012565928545255356
ID_5KRNZJ,0.00782887059971406,0.005232385147793772,0.0045296371321344705,0.0004999887967612727,0.001192450315219999,0.0009094606732547992
ID_5L1LZ3,0.006553235035895386,0.0040551162567622695,0.004627252739414955,0.0002659335697436439,0.0006829529606022928,0.0006971165604492259
ID_5LE4HE,0.005569102747437458,0.004351776684920188,0.004715737852629059,0.00032125278643216766,0.0010884606683531973,0.0015048180415459908
ID_5LLHBD,0.005680869646239227,0.004610539973868479,0.0057844825985753955,0.00028104027455933163,0.001568048650402656,0.0020756822800133763
ID_5LZHSA,0.0055507752800742155,0.0051603158399399955,0.00596995521964294,0.0006391907532404128,0.0017135162906925985,0.0022445472676995743
ID_5MC5NZ,0.005141460030507957,0.0035630123400090725,0.003650866046544279,0.00019712319585772886,0.0006218636294031306,0.0006087463766495035
ID_5MQI2A,0.005407571714180086,0.0038467596880632743,0.004402739586652649,0.00023145257295384164,0.0008653783147678472,0.0011005794445912368
ID_5NLU55,0.02631731050326184,0.005413758668688818,0.011151558595646243,0.010298603402839208,0.0026903044589397206,0.006951553679531074
ID_5NP8O2,0.005449514871489976,0.004514890055619769,0.005018989460851106,0.0003438807163738107,0.0010797327723173977,0.0014621412317048106
ID_5O17MO,0.005906062373471817,0.004678739068159274,0.006139209541859224,0.0003994498291675232,0.001618528604906874,0.002668913410790445
ID_5O4DK2,0.005630708773248099,0.004953647166030041,0.006013983475078679,0.0005532135704807094,0.0018313888403768401,0.003103435795095006
ID_5O53M7,0.42801215909552837,0.7039611780684899,0.8533150187668591,0.5131152682872551,0.8286273727134282,0.9477406855322371
ID_5OFBIB,0.007140417133107466,0.004642648875344768,0.005345114163267078,0.00234652301892743,0.001722644398971444,0.002130825875931597
ID_5OGH64,0.0055388747461699705,0.004083791313023847,0.004416095567448376,0.0003082775366157998,0.0008296958448041157,0.001056293138907676
ID_5PJ9XO,0.0075939451139087075,0.0049358657609972585,0.005701949899912413,0.0015526514587138943,0.0021262362237729165,0.0026553111195710094
ID_5PJW4M,0.00571404450524851,0.004450056531341779,0.005543858110276221,0.00020442043601986377,0.0012374560540250317,0.0019480138635244086
ID_5PPY2G,0.008088694453276767,0.005240444513492332,0.005639765836002615,0.0011051506158060722,0.001408359456811931,0.0018030781242657627
ID_5Q8NWL,0.15815025648735773,0.043944849180263826,0.029522610838787544,0.15834573708760222,0.033251635183475,0.03594654037695779
ID_5QBTV9,0.005053336053270326,0.0037689478038582668,0.0040412982942158145,0.0001624063894188564,0.0005198598803198251,0.0006321696763533964
ID_5QLFQX,0.005295664698805175,0.004137987790802353,0.004863287441740703,0.00028526324747660085,0.0006905539466594793,0.0008428012078118261
ID_5QVDGC,0.005986495284682411,0.004392759413815923,0.004719528149697429,0.0005941570768030411,0.0014166820663027637,0.001668608208552479
ID_5QZP6R,0.005112709258621615,0.003865266815759178,0.004354932218895434,0.0001687908452970896,0.0004944343837340233,0.0007783055711630694
ID_5R164Q,0.00599990149636904,0.004644322244965221,0.0049403373378529404,0.0004005919049089575,0.0010339346228036867,0.0018440894105978254
ID_5R7WSC,0.005471089914242348,0.004042139284311821,0.004366632771884546,0.0003121294542272344,0.0005680472509442554,0.0009434733425824801
ID_5RBX0G,0.006818083790635184,0.0038803388868495704,0.003937540595000549,0.0006207201620191686,0.0004758096784048565,0.0010308503270117122
ID_5RBXPX,0.00599227456194609,0.004909753926407208,0.005324233925322235,0.00023412613687744097,0.0011143456115715884,0.0021019168701152478
ID_5REP3T,0.0058753141786297165,0.004750009871384536,0.005228434744720763,0.0002983236812071624,0.0021912527165678683,0.0030552516462236507
ID_5RJHPE,0.0056479513606270525,0.004130809912863502,0.00451166967018349,0.00034818121559054426,0.0006359645659226126,0.0008603982723984716
ID_5RO8MY,0.005294656290252648,0.004224471630482366,0.004413462664372217,0.00015349620804390636,0.0005506282657317701,0.0005496127905848151
ID_5S0DH2,0.005328763320600121,0.004709105490110317,0.005971882340296755,0.0004154737644763962,0.0018189287874688152,0.002855858851116976
ID_5S3A5Z,0.005040517069397631,0.0037368970014493032,0.003982600529769913,0.00019822788664730523,0.0005892625464022966,0.0006335136793240653
ID_5S5YUE,0.005289244530855142,0.004088132959292868,0.004309449849135117,0.0004270019670419935,0.0007789815933283465,0.0009238541675240687
ID_5T6WFW,0.007008613060462907,0.003941034311292034,0.005385857207750635,0.0009528309547276571,0.0012042718583517534,0.0018507305596158299
ID_5T9X89,0.006466727014377337,0.004649835041914968,0.004910405680640063,0.0004808830864795008,0.0011530600808820472,0.0013662342918474872
ID_5TKD3W,0.005209924760495065,0.004261017622808002,0.005106684631415622,0.00020740790346824746,0.0009771746756603759,0.0015557022709716626
ID_5TLZMB,0.005245117920432046,0.004242891950506649,0.0048104579901941625,0.0004094762254417202,0.00126456033125021,0.0014558459095895472
ID_5TTIUV,0.0055507752800742155,0.0051603158399399955,0.00596995521964294,0.0006391907532404128,0.0017135162906925985,0.0022445472676995743
ID_5UAGTH,0.005817648879379083,0.004662140178544749,0.005197374023039005,0.00016995689891549277,0.0013139568218897156,0.0019141031878335594
ID_5UDF18,0.005435408908483004,0.004172987831381803,0.004828723900366292,0.00033680186923084097,0.0010587535942827276,0.0011215947645116867
ID_5UJIQ7,0.00608994715776723,0.004366418020623917,0.004870334665536516,0.00042306931524886107,0.0008817766289084621,0.001327728539469236
ID_5UXMEN,0.005649742533232576,0.0038613224269666885,0.003946348197909355,0.0002133828995009667,0.0005572379406141826,0.0007407548549195946
ID_5UY3S5,0.008880663659473213,0.004724046434380569,0.004237681043916033,0.0007165436168634835,0.000757317584247575,0.0007841444119321618
ID_5UY94I,0.41504319395350064,0.5770886212993552,0.6403051293522644,0.542307254261259,0.7099616778864961,0.8185422037567993
ID_5V5YL7,0.0053407570044424445,0.0037718308584514626,0.0038784617551906085,0.0003890047115394253,0.0008359411925624445,0.0008262030689242008
ID_5VE34C,0.0056009797039416566,0.00410949967916892,0.004671364669961658,0.00024391566792165094,0.00068572922852154,0.000706389332745322
ID_5VE6UT,0.006494073084299927,0.004663629522983631,0.0051164856034109,0.0018820583435198235,0.00135147502687604,0.0015864893730011442
ID_5VF785,0.006441912425342589,0.00653717396297872,0.00793216885954968,0.00045126934365970076,0.0038992174343442645,0.008931632833401752
ID_5VLR2G,0.005503404934567472,0.004387710716840339,0.005136419015870452,0.0001503307945827731,0.0008769462770436908,0.0019440308204833813
ID_5VQXP0,0.01312902306908117,0.009814152950703465,0.01865121443324055,0.0065472907454505,0.008810381316777798,0.014767133413320374
ID_5W8IQ2,0.005032493176173897,0.003780594833837975,0.004165309840706709,0.00016532713345641882,0.00043165573922047555,0.0004813492041927708
ID_5WL00B,0.01367338640565814,0.011852559780025458,0.01108794215321129,0.005402947256773619,0.008040640956897025,0.0064969564084932496
ID_5WL3Y6,0.005177961454774082,0.004061161238338602,0.004512508680311118,0.00017120930846868643,0.0006297778897873919,0.0008339496660927719
ID_5WR4NG,0.00550160046867193,0.004925461779634022,0.00633732103318718,0.0003751624961286865,0.0017500001353805514,0.002930075129629522
ID_5XJZ15,0.005843596831613622,0.0047258366059770435,0.005247443961636044,0.00014635146235513903,0.0015846799355200723,0.0019599749528148866
ID_5XO6JY,0.00604483003474984,0.004651647008496026,0.005579925254556385,0.00037017803178941895,0.0013840776625133043,0.0017542522199825812
ID_5Y7E9L,0.007304183719849622,0.00479957566299441,0.005705373382527258,0.0011643196152594485,0.001666611888573571,0.0020489879139203742
ID_5YECKD,0.005945975435657516,0.004311182044113914,0.004319675762788089,0.001010308326580133,0.0013383934820074034,0.0014708419755522797
ID_5YH0SU,0.005462549638584532,0.0050440977328877375,0.006400142235465577,0.000390470161373097,0.002157591936316343,0.004185355992948975
ID_5YP67S,0.005989385974152203,0.004720097299558527,0.005659504341648466,0.00031097973922114905,0.0012065833779656727,0.0019278623690178996
ID_5Z1DAT,0.00894896872005795,0.005350786383957351,0.004553957412488364,0.0027184100219387938,0.0015046255506679259,0.001400318178542576
ID_5Z8WPJ,0.36682521739201013,0.3896352439103453,0.36567872960743275,0.48661997735376294,0.4785316179142652,0.5551771576071921
ID_604ZNT,0.007909309170478418,0.005128286623146572,0.005808103216645912,0.0018713248316402167,0.0014821078420003855,0.0017351201804939051
ID_6072SC,0.005993329054066577,0.00425570963693205,0.004838899043078528,0.0003484775173691353,0.001070371990452564,0.001481764004364518
ID_607D9L,0.09703624399309299,0.07073194365174265,0.04582699588974947,0.08267791103258615,0.0880875180191323,0.06867090604623295
ID_60GIV7,0.005330943298786496,0.004241154866145554,0.004846430218038643,0.0001463807291613652,0.0008212977461181525,0.0009429567584162251
ID_60GJ5S,0.005862339670730854,0.004411565042857655,0.004577462233825516,0.0006454393291076765,0.0010720856886550472,0.0013467398399569879
ID_60I9OZ,0.005342309886375082,0.003772968623022718,0.003857641178071761,0.000489710883853437,0.0009040224049303384,0.0008853134858350072
ID_60JSZD,0.005483816547276639,0.0038729841867203036,0.004071967957617017,0.0002810995380887427,0.0005735015119507958,0.000605562787891162
ID_60NL3S,0.01069014913259803,0.006449668937930624,0.005995187482185459,0.003728756552052132,0.002696333319239876,0.0025223056074941026
ID_60PIJY,0.005529458778366607,0.0041214351023663425,0.004305965889361014,0.00027083564826802144,0.0007234698827317381,0.0005992941060633445
ID_60YB9F,0.017159948337885044,0.006525254148787597,0.006365069293882103,0.006956023022381394,0.002594484457541595,0.0036911584498289865
ID_60ZK2I,0.005394615803072453,0.0042800002748356065,0.00487315855844415,0.0002889383858889812,0.0008814006559173419,0.0010264550347889832
ID_614OQG,0.014319798641515745,0.009115046063417639,0.028987297004385036,0.005073392422163313,0.005940185649460195,0.02825401798076908
ID_61GEC6,0.016451117358011476,0.005495940400307644,0.00536585004009419,0.004092014545153702,0.0020197957205617626,0.002106399577525201
ID_62960A,0.010406109005106957,0.009365273068211121,0.009538912697972668,0.00292096931963339,0.00565127079822,0.006664123614827198
ID_62NNPA,0.005351614184157764,0.0036304440510986687,0.0036298285683666865,0.0001745573488336879,0.0002826475397383394,0.0004460074485990401
ID_63DZQ1,0.005623307778155662,0.004076454057968558,0.004338698108661957,0.0002067455831055772,0.0005541235480000156,0.0006174604912534959
ID_63LRW5,0.006380538361364917,0.0045601900763561215,0.005345587132062588,0.0003249308890356117,0.0009539357472610267,0.0014114873171964528
ID_63M4X7,0.005558437034897516,0.004334419665830855,0.004712454401112009,0.00038378470869366346,0.0007906954208720676,0.001004676863503622
ID_63MA7T,0.005629659279111742,0.004126618959744475,0.0047229403612188865,0.0002392244205681498,0.0007576911752022863,0.0008623727174564879
ID_63SFM4,0.007181129107049995,0.007289977635935065,0.006793217613229566,0.00040137587630567677,0.0021728494588980165,0.00217795506741629
ID_64A0TW,0.005866417897240754,0.0046784915851917795,0.005033503857661617,0.00018542154216645283,0.0010711820101667842,0.0020141831619936534
ID_64SW9F,0.005054769113481917,0.0037778651837794145,0.0041120841113612,0.00023374892213517284,0.0005891387349157799,0.0007330709818164874
ID_64W76C,0.00531148005429529,0.003873486744422238,0.004239180839941886,0.00015025793534420126,0.0006350536111044685,0.0008771911844727876
ID_65FJEN,0.029294492340844327,0.3990090334903224,0.2874733585901786,0.012001281498296908,0.5082046928362471,0.4411429488834475
ID_65S4A3,0.005911625179103484,0.004208850995962933,0.004498652229390669,0.00013464223622287815,0.0007028734905603913,0.000879512963836408
ID_663PZ9,0.005980565963125766,0.00507506605771326,0.005754899484499325,0.000749873037544357,0.0014329600500069088,0.0017853611265400541
ID_665YVK,0.005309617275169577,0.004825050152646826,0.005912644242013007,0.0004987979582576827,0.002157909905942272,0.0028225904830474855
ID_6711DS,0.005308410341193929,0.00419208326157263,0.004640274760360505,0.00023469684398523395,0.001372954690818572,0.0013196977826819085
ID_671WLE,0.3429524045086448,0.3811294510336,0.35166032202540076,0.3522536099733595,0.47720418288254446,0.49343185477958257
ID_677O8P,0.005363559973779987,0.003827385863127141,0.0038892332701809867,0.00046832577292394307,0.0008615916919177416,0.0008803493079984246
ID_688DSZ,0.005768799290230189,0.004313699915716446,0.004671159687266233,0.00048137434642199576,0.0008898866804586817,0.0010501703742338319
ID_68D45A,0.005695205183513262,0.004404418166560937,0.004642009776167419,0.0003804428381197546,0.0009759611743555427,0.0012698368577234301
ID_68H8D0,0.09942547424489132,0.06622846953548918,0.05691916797012795,0.08076139859151331,0.07004522785702588,0.06591232338771688
ID_68PA5Q,0.005565119078222248,0.0048326817158766315,0.0054298617750519595,0.0002088510998232712,0.002143125961314638,0.00310994725755475
ID_69KUSA,0.005487117136460644,0.0044049139063738465,0.0050920626222758746,0.0002927241821842649,0.0005704791691231514,0.000846995491063373
ID_69NK4X,0.007987914418278322,0.005165793453321929,0.005579231302257198,0.0009591718257309223,0.0011721157008009173,0.00140527103310824
ID_69NSKI,0.00572667242905736,0.004255071499131648,0.004667343830494142,0.0004837564848311095,0.0008146502611811516,0.0009878472158641064
ID_69O2FI,0.008886477996185155,0.005874865995729616,0.006716917051137046,0.000868747678839431,0.0018200173169575934,0.0022326544092204676
ID_69Z23E,0.005399801625377301,0.004587551330280841,0.005515802508362714,0.0003139205368286922,0.0011323017444187233,0.002419749113696358
ID_6ALABP,0.005317561613296153,0.004068040920883225,0.004261726011788639,0.0001874026848978212,0.0006220326391423352,0.0006773725035862055
ID_6AMJI3,0.005364839781411014,0.0036601222464338608,0.003661188353740276,0.00026225585177831344,0.0005993074120170714,0.0006322917993023709
ID_6AQOOX,0.011532940709064184,0.010029644510517431,0.009340944424207744,0.0028745060008384792,0.004583220033879914,0.005255984625457907
ID_6AVKC3,0.00513420081173301,0.00396429253899137,0.0043768732977888455,0.00018013808646520643,0.0005291497027414838,0.0006228349462125817
ID_6AYBN2,0.006824304020187753,0.00660553831218698,0.006364031816542438,0.0003462836333113888,0.0013784162640016469,0.001704167194283797
ID_6B1SIE,0.005157204225950817,0.003939801214016804,0.004551666305281647,0.00020635887092281167,0.0006791655439646037,0.0008888083953181166
ID_6C4OE9,0.070774447685321,0.038140131644541254,0.026285658102281652,0.0432093695869315,0.0396896075934693,0.03664909764732927
ID_6CG8VP,0.008309066976527052,0.004166958892280987,0.0038126416869120627,0.0008070991428481861,0.00054083570848343,0.0005808074841545587
ID_6CNKK3,0.005272198874238046,0.004024627823290739,0.004380403535549862,0.00022208461110312307,0.000606193183924241,0.0007429073848087655
ID_6DDVP2,0.005196121202094187,0.0038183494319222007,0.004142629652530895,0.00013236252921682048,0.0005560756432623043,0.000687105436428318
ID_6DVPR4,0.005068180463211404,0.0037373065365889357,0.004069207661509498,0.00016394999077205322,0.0005660787074047071,0.0006321172768528632
ID_6E3A6Z,0.005202915965551008,0.004259580545308974,0.005114264866579396,0.00020613435158373274,0.000959088394109249,0.0016063420607740127
ID_6E3ARV,0.005770944846516163,0.0044117396680434535,0.0046102297758482645,0.0003519091057234412,0.0007707209529862776,0.001286641967741254
ID_6E9QFF,0.005518491097685633,0.004445196335600168,0.005128488684416273,0.0002028403970303088,0.0008505934401271311,0.001851291263351202
ID_6FCK76,0.005213049077549044,0.0041129364506494485,0.0046665476576369085,0.00024198346522529834,0.0008968816009371055,0.0012045688376683809
ID_6FWUC1,0.0111314640979094,0.009121563856505359,0.009654659140158405,0.0021401000477983367,0.00834337765588501,0.008181396914640017
ID_6FXFJ0,0.011258961516552009,0.006511433913294691,0.0075664075398470644,0.005325190500602546,0.0023007677717485097,0.0025697722271531857
ID_6G615X,0.006005510974013509,0.004605271954295346,0.004946214864739285,0.0007435208087668263,0.0009767754330197778,0.0011058747006333866
ID_6GEWIC,0.26000856002961925,0.3343154319761137,0.254842649216318,0.2768388070936391,0.4201128456859979,0.39780906306093394
ID_6GPIIM,0.00948689418560664,0.00472454087348137,0.004232534802846612,0.000960607293490232,0.0008420686237267979,0.0008477714221118807
ID_6GRKUL,0.005338281435006073,0.003628187755779388,0.003619388319206213,0.00021462951927801738,0.00034430297166086087,0.0006173509230336743
ID_6H2MJS,0.007160094866446006,0.003914552964735436,0.004026657714055276,0.0005219254857753761,0.00045961962942114095,0.0007517599235069836
ID_6H5F9H,0.01756660826102968,0.013354579179863045,0.012306990844225034,0.0046438826011687495,0.009513104117461419,0.011147104881140771
ID_6HDHTS,0.005367108703843352,0.0038601527790270347,0.004078249740082196,0.0003484077643126626,0.0009050003749572974,0.0009556729705873381
ID_6HMBCZ,0.005851424028022977,0.005100611519924081,0.006133230998572056,0.0005577684068120143,0.0017484301125811944,0.0022162217271561096
ID_6IAYCJ,0.005332136978081081,0.004065766588721236,0.004410252822882322,0.00019267832209278354,0.0006453283197317128,0.0008407481433400642
ID_6IE66T,0.01571557645402245,0.027099315992699442,0.008968268860554582,0.0037250154934200777,0.01286730728226272,0.005378903087686868
ID_6IHIP0,0.00572220541697159,0.004356725473887566,0.004510984096739768,0.0005619925810827985,0.0012208830446572836,0.0013986728530377879
ID_6J0OA0,0.020225936396074434,0.010463783841808277,0.010829843006190762,0.0053553003738028016,0.007144141308462486,0.009481406601831038
ID_6J7QV5,0.016201953612147074,0.004935401805108963,0.0053566787554477765,0.007962832078122244,0.0023357813277472767,0.002510025413108343
ID_6JXJ14,0.019514290809684864,0.007383636489605786,0.007582650447993013,0.006342132711058172,0.004076338591195583,0.005671578971690392
ID_6K7MP9,0.005344666918241464,0.0042323906452667055,0.0051572013101501704,0.00022794197959843623,0.0012020913867865862,0.00147448259250858
ID_6K8DCI,0.005853058406002213,0.0042182700111948164,0.004816743494189236,0.0003839535254989785,0.0006407155729592727,0.001301167298305544
ID_6KEAHS,0.005464715758637217,0.003932642697627233,0.0042094378203646424,0.0002940000918057301,0.000583050758194958,0.0006734946933653393
ID_6KEY2P,0.00587229921928319,0.004692309828608852,0.005503591894425557,0.00034638612616249296,0.0013553009692127155,0.002079770907668772
ID_6LI3EJ,0.005204722860708507,0.0034888022218187405,0.0034462837055556994,0.0001463893116214424,0.0003262746985668007,0.00041508648945082124
ID_6LSQM7,0.006297356439656967,0.004844634821319662,0.005701750412752343,0.0004371855703742215,0.0011970329823459385,0.0017127988952437144
ID_6M3VS9,0.0060004573069724395,0.004930145941299165,0.004846680139008781,0.00024605210873290085,0.001068785515967615,0.0009405463826917728
ID_6M47S2,0.005998025891261462,0.004242792750585292,0.004579688819625806,0.0001851475854767851,0.0010862045128962215,0.001173348841051818
ID_6M5MZL,0.005496191780445847,0.004433582696435768,0.0043481226936304615,0.0001844341343683053,0.0005796989005302191,0.0005486512980592252
ID_6MHG7Q,0.09786074837747878,0.021715888985791628,0.04058238613150644,0.08569916609550246,0.020093480497944308,0.05434833182014544
ID_6MSHHO,0.00531097250604943,0.004728894904674606,0.005980505011100275,0.0004652898973098041,0.0019260049264573044,0.0027055674001232252
ID_6NT1J7,0.005232767409760489,0.004168188343050698,0.004891170573024331,0.00021678378987987506,0.0009244162925849601,0.001302497553807793
ID_6NXJX5,0.005449171179018357,0.005401205870912515,0.006451167399949396,0.0005503423725308512,0.0023460480061693115,0.0028098659962626487
ID_6O0K2M,0.012455834324329913,0.006924870355580118,0.00601132495035723,0.0020058093246983883,0.0021686189488657544,0.0021213893104708955
ID_6O0STD,0.005342904600913001,0.004826818414571217,0.006024096960908936,0.00021062313075081974,0.00208762965049274,0.003158685225687256
ID_6O5T2L,0.046232071845197974,0.01259462437876166,0.013790266497521074,0.025839357061380644,0.006747020163115182,0.009378014714147884
ID_6O5TR9,0.0053293079280186265,0.003933542820368636,0.004237008397285976,0.00019140185893510247,0.00044547147972704364,0.0006011133484673006
ID_6OBWMT,0.011044472949182507,0.006694943337590935,0.006230035947441628,0.004126158835631199,0.002889166485482201,0.002897869597468117
ID_6OROO2,0.0073294172488180785,0.004016964782402686,0.005294307012087859,0.00041344667292708963,0.00036814477121748955,0.0007102168479308326
ID_6P0J6L,0.005601433928644291,0.0041223866570106035,0.004442548895244706,0.00017571758003547222,0.0006007090067702956,0.000796532947840268
ID_6P6UZG,0.016947941647549303,0.007374584618842373,0.006945271391913797,0.003777953056428379,0.0047009746194448905,0.005297359374919768
ID_6P7N3B,0.022010888467853595,0.16497929185608526,0.06677871253320229,0.008574612825787578,0.22761518624342814,0.1019269846831315
ID_6PA6IV,0.005525643981395005,0.0039309926013840904,0.004347475937591284,0.0002951824258745132,0.0007215470251464651,0.000901633608125185
ID_6PMH8O,0.005735948492984715,0.003984379273916574,0.004249552028874122,0.00036687455278461544,0.000659078191101414,0.0008430892906449934
ID_6Q0PHL,0.09098450130644073,0.060738729078524754,0.050951811698244205,0.0657881637459884,0.07170069827380605,0.06410599885326386
ID_6Q3C3P,0.06272201517977433,0.1273504284484121,0.22050810213758418,0.020884901896454807,0.1325978848008493,0.26877901075690724
ID_6QJT3U,0.04257436725682799,0.16434465667970818,0.15356064129214586,0.017313947995361782,0.16467349406741566,0.18402460037099203
ID_6QKL3H,0.005618517992687081,0.004261623385367316,0.004549560762681322,0.00026545009240209707,0.000805030238459461,0.0009816120461053014
ID_6QKMNI,0.026578479692153024,0.016297551777161395,0.021535967231801137,0.010180041862981118,0.016841079566482932,0.029498745187986612
ID_6R6JX6,0.005863674115503193,0.004938276504118201,0.005511889025376006,0.0004634626951182176,0.0015691786520049874,0.001961047904066641
ID_6R8K2I,0.005435374313909414,0.0037861207446665437,0.00396032905449188,0.000213365073112553,0.0006227915311024081,0.0006364582739824724
ID_6REL2T,0.005902599187337092,0.004222025147366732,0.00465121623962105,0.0003948123867878807,0.0009701555797902563,0.0011278830301146054
ID_6REZPV,0.0056275315476907554,0.0042457583407903565,0.004346762214330763,0.00040556258225907444,0.0009181772361596532,0.0010256923940896014
ID_6RK6HI,0.01405606523882543,0.009910071606326976,0.011950843488438822,0.003160671652186358,0.003762806416437431,0.006119017003556613
ID_6RW7WE,0.01170119106143574,0.022671465812544273,0.010374048823697272,0.0014651497191582872,0.009663226422448035,0.004942015088076628
ID_6S3LGU,0.005757570250823954,0.0043707046462259334,0.004741368141872417,0.0005899374617481787,0.0007284488900036248,0.0012170261499589558
ID_6SD288,0.026578479692153024,0.016297551777161395,0.021535967231801137,0.010180041862981118,0.016841079566482932,0.029498745187986612
ID_6SL7FX,0.00943134588158497,0.005491992095078987,0.004649664360083149,0.0018546113231288342,0.0013968116666892363,0.001380713070442318
ID_6T0VAE,0.005700223041970527,0.0044534037419057025,0.005563604612083223,0.00021822908518699156,0.0011973386689027518,0.001962857392843218
ID_6T87EC,0.005526538729346384,0.005068747084534586,0.00830883427818189,0.0004959916681248235,0.0027159916371076362,0.0054265453726571634
ID_6TKU5R,0.00599293634012291,0.004909725802832521,0.005329784135015518,0.0002495390729152175,0.0010932562657409012,0.0020573351561541196
ID_6TP6C8,0.008248251056704854,0.006168012458147964,0.006610972086979056,0.0009973657477732399,0.002656024192897455,0.0030643192385623255
ID_6TS54L,0.0052916747120901565,0.003907621506665086,0.004028105310175448,0.0004080687184827018,0.0007459501673680855,0.0007500811164876956
ID_6U3FDV,0.0050915833720510785,0.003849421818101594,0.004332882630957531,0.00018915349273522774,0.0005151930883565897,0.0006520252909717256
ID_6UCW4P,0.00559833251026727,0.004456375967340883,0.005104939138157627,0.0003699266541807598,0.0017110259710286918,0.0018476933710886746
ID_6UI50R,0.0052514537947231064,0.004204670451075233,0.0050879386049209295,0.0004621838069757759,0.0012366722036981088,0.0017183631127834025
ID_6UN1T6,0.0051132176439904605,0.004090786987316871,0.004274193875927779,0.0003180877594531302,0.000979895821707872,0.000971521591700406
ID_6UR8NI,0.00546253801989315,0.00422763143991383,0.004644873515723621,0.0003250852950453262,0.0009459173988282126,0.0012163653860483787
ID_6UT7IC,0.00599293634012291,0.004909725802832521,0.005329784135015518,0.0002495390729152175,0.0010932562657409012,0.0020573351561541196
ID_6UV94Z,0.005676240506126822,0.004026659079794531,0.004510197630755254,0.00022629159785865963,0.0005999777763231205,0.001013808460540505
ID_6V10CF,0.02190015708163227,0.009410724910004446,0.009066704443404244,0.005950661469601008,0.005259646280188339,0.006470176618215778
ID_6VLM19,0.005686525860345698,0.004199784707012803,0.004610977422312249,0.00033604202809232116,0.0007287134071097748,0.0013054839190864578
ID_6VX4DA,0.005235399028841527,0.003592893703416318,0.0037021260444679203,0.00011664393304855046,0.00039735812667210043,0.0004490797570246743
ID_6W4LRH,0.010215670146666765,0.005601107749278021,0.006159481510653253,0.0019104521161443903,0.0021535077899671505,0.0024461304299098026
ID_6WA8X2,0.005397849336172361,0.004262928731027618,0.005004909999692806,0.00018367130469915073,0.0009458766534540013,0.0012426027458082183
ID_6WFJ2Y,0.005470980168309219,0.005221919013767127,0.006775049106970257,0.0004940354764135982,0.0028019820571708854,0.004647465343153083
ID_6WQFJU,0.009059454209738735,0.005526260985370724,0.005897354801275405,0.0029915841150251676,0.0034145709460861803,0.0029230522733691687
ID_6XBTY9,0.005513871244034789,0.004275726049166057,0.00526462049514051,0.00025213582380427036,0.0009267035979344123,0.0013767416227882384
ID_6XOCO5,0.0383732399932136,0.030206818793858933,0.012477739197917979,0.011799526748954426,0.036903271309478576,0.016417498829229334
ID_6YKZ60,0.005475572674563631,0.004161316351876528,0.004546512163833614,0.00042070049847639187,0.0007924907926990028,0.000979895470825953
ID_6YYGIZ,0.04310702240555754,0.1195738976810488,0.05873085877262166,0.03385193278716462,0.08324867344487437,0.03855674741854672
ID_6Z7LIY,0.006182379331163661,0.0046632561860474415,0.0049045176605020105,0.00040484593498337125,0.0008610464913474924,0.0015733655479995901
ID_6ZEMZN,0.005618320229884691,0.00447397282805852,0.005093793845651032,0.0003456701852193784,0.001297811784320495,0.0019180669190605511
ID_6ZT49S,0.005555922006688092,0.004254581078751119,0.0046754007010957315,0.0006437307493620838,0.0008558582795819692,0.0012073863575755566
ID_7048GU,0.00550160046867193,0.004925461779634022,0.00633732103318718,0.0003751624961286865,0.0017500001353805514,0.002930075129629522
ID_70653K,0.0051799428826316924,0.004154322273799514,0.00407782292179814,0.00020022004292636508,0.0005846092308771139,0.0005900703171130735
ID_70AEKG,0.005950117102784568,0.004244280763318788,0.004785944730253298,0.00045658351138992486,0.0010981065926496951,0.0014320595369685274
ID_71ANPU,0.006330561442598627,0.004752914030043174,0.005309467814511669,0.0004110490600844734,0.001042009486672982,0.0014885268467184107
ID_71E57J,0.005116367229997459,0.003910797909157586,0.004331287873186272,0.00018254970463276514,0.0005341115318743418,0.000651318364014618
ID_71R9X9,0.005474239709875975,0.0042616184353587196,0.004762842787739241,0.0001856856313953207,0.0006003319608668883,0.0007077608805963934
ID_71RVRZ,0.005738722809488111,0.004242911922141114,0.004829371191802797,0.0002922593976436205,0.0013981640726893358,0.0013244310252968682
ID_71UMTJ,0.08442829313209767,0.3771991560273954,0.31331584034107,0.06488537112383302,0.5153290296322381,0.497299960158909
ID_71YN0L,0.0458383901758371,0.07750667548515257,0.03580594282876759,0.02353324254127212,0.09390500787579945,0.03962123889172607
ID_71YOL3,0.006613685376574519,0.004954133108165035,0.005622993960102096,0.0004895466559803615,0.0010305177476885997,0.001797327812965318
ID_71ZROQ,0.005421146600419652,0.00437785490831722,0.005348730577708674,0.00013302079288702112,0.0011131269060217408,0.0016791060150802123
ID_72DBE5,0.005048654211566876,0.00384253730998384,0.0041146803650586134,0.0001608302173518033,0.0007429146369551284,0.000963858494558353
ID_72UHEN,0.006337574982326997,0.004883784696121587,0.005231399491334084,0.0005421457993879428,0.001290159491993137,0.0023181310742979473
ID_7330RT,0.005290745537305844,0.013753474073683271,0.012209573658519853,0.0001878964881503393,0.012669956701769012,0.014855491240529749
ID_733Z0L,0.00535250727041568,0.004126288419792028,0.004764038184912212,0.00030812526482659774,0.0010235792462367887,0.0012728558955932526
ID_735U96,0.006068581314410068,0.0041377579303516895,0.0056667042025139,0.0005308502346663612,0.0005703610508831225,0.0008389537632153431
ID_73ULWE,0.005361023592535426,0.003893625785206649,0.004505468021485911,0.00025466003237495914,0.0009630661496707876,0.0012157556927065885
ID_73YX5O,0.005662247447641788,0.004136523567209593,0.004487460531811985,0.00022724692415070695,0.0005579160551661069,0.0009100855081709473
ID_74362O,0.005469525721543237,0.004119705040103155,0.004210041044350838,0.0002957610840167729,0.0007103996391494321,0.0006297042818045824
ID_744B0S,0.005473021260234724,0.004161155481054929,0.004620223987626025,0.00016739999361561311,0.0011038826031547298,0.001441368233017239
ID_744ERE,0.005639504383349444,0.004542635725543337,0.0057078385306225075,0.0003351635895178203,0.0016936242457319991,0.0021177971879882784
ID_745OT8,0.005760257056416381,0.00457360170724182,0.004706621595759347,0.00020402060513325556,0.0013097900089785433,0.0011201392946103919
ID_748PIZ,0.005245091775678708,0.003909954924365343,0.004226652317620835,0.00024776018989344556,0.0006467649597022017,0.0007954417521750855
ID_74JAB8,0.005866417897240754,0.0046784915851917795,0.005033503857661617,0.00018542154216645283,0.0010711820101667842,0.0020141831619936534
ID_74LR12,0.0062764024527205255,0.004571421479721324,0.005207172874496196,0.0004999591488105156,0.0014938996915849366,0.001965562989913659
ID_74MOYS,0.005491122978011742,0.004337059508995178,0.005053371268782404,0.0003349641467720342,0.001127447680437411,0.0015635253985952287
ID_74OIAW,0.005286404751353038,0.003905865567024178,0.004030365146206476,0.00042649464808826304,0.0010226613200722333,0.001021497550895879
ID_74WU7X,0.005650586373625545,0.004193512744489735,0.004684303660187351,0.0002640841972720877,0.0007303354212761314,0.0008064864665788407
ID_752ORM,0.006487913212143076,0.004561266958822738,0.004962652834457037,0.0003500361374088621,0.0007711775771304919,0.0014599584141639717
ID_75GT5C,0.008925931083787586,0.0046257596432842316,0.004160067804127578,0.0008875295378396046,0.0007905513428835732,0.0008520276675868606
ID_75H233,0.005400863811283917,0.0037465555511077293,0.003712954364725926,0.0003463755829777234,0.000778727564994376,0.0007356117851950268
ID_75LBON,0.005620938037511723,0.004321812575330344,0.004732623554957373,0.0004007784036167362,0.0008873717248565296,0.001100634652300517
ID_75RX5W,0.00626662042426302,0.005423267801863785,0.006520346429960661,0.0008621446578035041,0.0016964405927753193,0.002520681967272951
ID_75SAQ1,0.008090911551055917,0.004349432517856903,0.00432287031174867,0.00132998457269733,0.0013877757895015225,0.0012464995143571416
ID_75ZEAY,0.007737241950069349,0.004246745439631239,0.004306874281702342,0.00048343071803680566,0.0004444572531726807,0.0005938941976244038
ID_766C2X,0.07185344561671449,0.019166188084105692,0.03687227896236889,0.01577437564076287,0.02109588147994655,0.05613958090960451
ID_76QVHP,0.005754528811481886,0.004290770272825612,0.0047827188032538905,0.0013215958052361478,0.000939739310300908,0.0010848625707955443
ID_775Y66,0.12653172193225384,0.048394399479399275,0.05521541402990929,0.07986347926063736,0.04922109969873379,0.07111812575441918
ID_77AITY,0.005236507395301689,0.004155444138439585,0.004637597196660904,0.00015698638445756636,0.000870546562913495,0.0009459381431580641
ID_77P9GP,0.006129237454180336,0.00533837478217106,0.006065422213320779,0.00029274077299940656,0.0013075820725184505,0.0017794183131774105
ID_77YG7T,0.0054304648970414475,0.004094036347206498,0.004365672794053746,0.00021766577976183678,0.00045783605719524847,0.0005213582337535638
ID_781KAZ,0.005497946712300666,0.004336920007219777,0.004800138388062554,0.0004278547919138302,0.0010037838639945656,0.00106555855758478
ID_7841GQ,0.005096421580652053,0.003725685870543836,0.0038497454709739785,0.00032605038686551584,0.0006316465491317065,0.0006622402296395595
ID_7898T5,0.006252657186609912,0.0046194773630733,0.005062535258244052,0.0005012986681129173,0.00124247753766419,0.001761308669889529
ID_78AWWK,0.005506223691268131,0.004053115743066532,0.004623569398576566,0.000214684695660061,0.0006756600808835343,0.0008941384891526464
ID_78D5FE,0.007542332702016525,0.005184675886094321,0.007638274174603277,0.0006687557543566598,0.0010189554966761735,0.005058952115959021
ID_78O60N,0.008052319831070813,0.005732012630587967,0.008549845909963372,0.0011318446681866186,0.0012437705067312507,0.006557266567213329
ID_78W3J6,0.005801285559931013,0.00488392208594486,0.005597256302739614,0.0005343888045694685,0.00178611774169981,0.0023245842027280876
ID_797ML8,0.005492877397817455,0.0055057314761513924,0.006704833707076514,0.0005480130835234136,0.002267558454463884,0.003347912286367804
ID_79HBLQ,0.007568387023674895,0.005275771365851653,0.005365673494949675,0.000997731409582992,0.0017834426179704648,0.0019530941752480165
ID_79UIX6,0.005437407385099533,0.0042545454132557154,0.004828235410071509,0.0003917914414575019,0.0013397631214127413,0.0017147061726770876
ID_79Y7EX,0.00638276144293193,0.005388842484935103,0.0067324409073206285,0.0003521877507106869,0.0017709676749513934,0.002054890999594475
ID_7A0TY4,0.005463643370778669,0.005224361495837539,0.006819906083499732,0.00048100825831030994,0.002783081013440867,0.004853595357657922
ID_7A81Z0,0.01952289505134592,0.0062109359146640345,0.007477072510813599,0.002636780253371122,0.002694915982563785,0.0031519498191842
ID_7A9IEF,0.007987914418278322,0.005165793453321929,0.005579231302257198,0.0009591718257309223,0.0011721157008009173,0.00140527103310824
ID_7AMIMW,0.010915506279724393,0.01636969132999882,0.005695683951688709,0.003841465905364969,0.013988229239622821,0.004966750947831528
ID_7AWBEY,0.011179615477374987,0.006984975782165912,0.006646268751385878,0.004167233824559692,0.00299766098101121,0.0032561148635712116
ID_7AXVF1,0.005321567182917996,0.004539536601983522,0.005410764219553241,0.00030910837458778136,0.001260063725115307,0.0024976809907671293
ID_7B6TSR,0.005355033543562867,0.004126539094467416,0.0047550116058394706,0.00031603111358193,0.0010243049493869896,0.0012069128700155393
ID_7BECWT,0.005363633286904603,0.003959362932582547,0.004509834800417728,0.00020847620608012576,0.0006450729280143164,0.0008331619563232887
ID_7BGHTB,0.00624147081692187,0.004385876399418692,0.0051069244982195425,0.00047700972633453226,0.0010109210875812078,0.0016126223617021706
ID_7BRQK3,0.005009253987472468,0.003759739654296691,0.004030097070573979,0.0001738957303632571,0.0006172276320526395,0.0007169376771099131
ID_7BTHXK,0.00577416573733724,0.005510091316837506,0.00657664857438267,0.0004051484405845063,0.0026141158054922183,0.003677296491614647
ID_7C3ZMG,0.036214575935271685,0.011619679217017276,0.011261690888600732,0.01793943311814972,0.008148460397145705,0.008485661861433185
ID_7CNHAN,0.007548836781188481,0.005385859206217621,0.006420706582966189,0.0017411296263380987,0.001739461615765969,0.002775307616603809
ID_7D7P9D,0.005578356800411769,0.004005442983334043,0.004285071768433223,0.0003542074878352961,0.0006081184592318043,0.0006800224503090682
ID_7DB6U3,0.006022347358853356,0.004195546951545147,0.004494738439989999,0.0002790879159394752,0.0009224660182451996,0.0011346787356817597
ID_7DDTU6,0.005558620090802302,0.003795721058237555,0.003924636468307705,0.0002497245458808784,0.0005498642692560986,0.0005576877566930811
ID_7DOBZ7,0.005319809838346063,0.00470690155947963,0.0058010321162072125,0.0004483775087856726,0.0017328139660455673,0.002565646465795183
ID_7DOD5R,0.005256030760722393,0.004202449451109658,0.0049690298597582306,0.00014122609286192078,0.0010408699165083564,0.0014517547244454034
ID_7DYR0J,0.005275302778510606,0.0036063468385176146,0.003647578648111681,0.0003133730854522953,0.00045514494508103545,0.0008449997816797944
ID_7E6BAM,0.005452343354724548,0.00450412627810587,0.005270541990410366,0.00018922311159039,0.001488300151904589,0.00232166476110181
ID_7ED0FF,0.005828544854928138,0.0039212191533597,0.0041319514167286325,0.00038940432382134527,0.0013636934789691467,0.0014156598096740475
ID_7EDQMR,0.005799597589333155,0.004274073270113682,0.00448172405594,0.0005593344831501231,0.0009576423436467792,0.0009740422191532226
ID_7EKCJ1,0.006218461059846783,0.004402012688422446,0.004826717006102283,0.0003818211218660106,0.0008513385357117118,0.0011858037490198668
ID_7ELMZ7,0.005167280125984532,0.003992703599852828,0.004399985626472709,0.00014507156327552383,0.0007321555771306712,0.0010354890365515837
ID_7GF62F,0.008610476539624655,0.0047410285890955904,0.004176682074651644,0.0020440632340192185,0.0014500030444125718,0.001389545899431565
ID_7GNPFS,0.06913174629448132,0.0360994220811336,0.11974162251248548,0.05059897753089989,0.03614227517256986,0.17358611354135
ID_7GZXR0,0.005529458778366607,0.0041214351023663425,0.004305965889361014,0.00027083564826802144,0.0007234698827317381,0.0005992941060633445
ID_7HA42W,0.00517719244204385,0.0036501830082949624,0.0036750524189417336,0.0001946606925894107,0.00039870798519587463,0.00045881449440384847
ID_7HCA07,0.007368719421534352,0.009086733424189676,0.010068625407592367,0.0007332487074200153,0.005049824478747996,0.007016410815496707
ID_7HDOB8,0.005792486780628349,0.0042724681910592255,0.004484322571223453,0.0005811542324181228,0.0009271281553987626,0.0010175519683369846
ID_7HH53L,0.0055354742102868785,0.004477188279460623,0.005139118971282076,0.0003977754610953964,0.0008971795257460547,0.001214030980053608
ID_7HH5IO,0.008051374468645869,0.004822684962662826,0.005652741772047998,0.0003801900445355635,0.0016064368781767938,0.0022034041418795823
ID_7I6AN6,0.01405606523882543,0.009910071606326976,0.011950843488438822,0.003160671652186358,0.003762806416437431,0.006119017003556613
ID_7I8BU9,0.010739169491720204,0.010536091674739567,0.015103786861427743,0.00222737606730479,0.006126397303868466,0.011297379679728284
ID_7IAGGB,0.005699523074397242,0.003978226236061349,0.004216013062405208,0.00035434279776980194,0.0006254810760826914,0.0007986898261710313
ID_7IE517,0.0052656804679353285,0.0039543723650488465,0.004531904609009517,0.0003120464557465554,0.0006640992644352539,0.0009002857353358165
ID_7IHCZE,0.00515623257942743,0.004329754220501919,0.005293214310530797,0.0002855849463260202,0.0011648451581670655,0.0018976077719354764
ID_7ILHH1,0.005552584133037697,0.0040615680259719665,0.004409082826431673,0.000275479848895765,0.0010156560755687895,0.001195963133857337
ID_7ILKZQ,0.0057409023328828706,0.0037615932442046905,0.003829627777560022,0.00042664205241389053,0.0008128863003655405,0.0007919606679764802
ID_7J1S3Y,0.005687935085314524,0.00427006910277499,0.004956536383567714,0.00031995197164551786,0.0010702258335755289,0.001761823920343669
ID_7JDECQ,0.005348481553624312,0.003906513108747434,0.004279476659076274,0.0002668548322649904,0.0004573804379565341,0.0006234085209337112
ID_7JV87P,0.005459283242734429,0.004090358461794925,0.004284896516656408,0.00020259234937235697,0.000620766924164084,0.000568172371930642
ID_7KALEL,0.019052037979700707,0.020826848485031406,0.055366832903117065,0.009156308308025628,0.022830196128309856,0.07192686280680252
ID_7KU1OB,0.007931632604699455,0.005121491902452031,0.0059966319470157094,0.0019783268827464552,0.0029825464372889533,0.0036637676108440655
ID_7L24AW,0.0074276302716178595,0.004044897523415265,0.005129840539457619,0.00044955371288356354,0.00041121486330971324,0.0006625277144130692
ID_7L4RV1,0.005474648054448863,0.005224401147651231,0.006770425705911356,0.00045172226889949045,0.0028038274567903395,0.004649961257190667
ID_7L6OKC,0.005741278729583436,0.004076426656878754,0.004295190142947876,0.0001599067701539719,0.0008862010321105125,0.0009461307015042476
ID_7LNIHE,0.0052043888327456414,0.003632681309823066,0.0037301321670441525,0.0002696397587903025,0.0006182350466464738,0.0007040278807615861
ID_7LRO3G,0.005528310065849336,0.004174341553727678,0.005024054488847826,0.00021383942377162777,0.0011146700978805536,0.001536505020037374
ID_7M63MY,0.005518969926457521,0.003698779603786626,0.004762091435982964,0.0003259161063953872,0.0005317994671411677,0.0013999836335409175
ID_7M6M1B,0.009426660994386247,0.006884347270250384,0.007774393333663064,0.0015094748470793876,0.0024509321571824397,0.002993327504379474
ID_7M8G3A,0.005106348426935683,0.0037427566978892038,0.004183063031832172,0.0001758375618144625,0.0005167351238935088,0.0006229249246578701
ID_7N507C,0.005198148946366537,0.003887884167804541,0.004285826687448412,0.00013956640933410878,0.00041426627263392167,0.000476085691114017
ID_7NF6CG,0.06378175682159953,0.008866292879081557,0.009220367503763515,0.044261540513595286,0.00510081893570589,0.007109536364090986
ID_7O1I32,0.0058613171205526915,0.004840247129680554,0.005361839020177832,0.0005452821485471824,0.0017815528740791526,0.002344005674420068
ID_7OQTQ4,0.005384362219654905,0.004814144419535947,0.007630846726903489,0.0004469797669870392,0.0021829363783237225,0.004119787048147643
ID_7OSIUD,0.005813579813218271,0.00461296625211491,0.005729516726444543,0.0003760102225227982,0.0010295681072355828,0.0014053583771734168
ID_7P1FDA,0.005290815581723643,0.005029221762860361,0.006697751332347704,0.00022967859221333683,0.002897208085609296,0.004849614536514373
ID_7PNRDI,0.005466280210723368,0.004940760855717473,0.0055557357799475805,0.000495072852179841,0.0013808394848370677,0.00152242652815864
ID_7PYROJ,0.005384244242644997,0.004613076803528286,0.0051119531199222325,0.0006889265478074899,0.0014886471331976847,0.0018725503335625972
ID_7Q07MF,0.010208042130825623,0.004943411086565557,0.005862991513872934,0.005469836078442031,0.002198846082020016,0.0030212210978301465
ID_7R2JHD,0.005972931775669917,0.004831133041134317,0.00543674824459027,0.0003960720912795649,0.0013240243873644828,0.001787046787846964
ID_7R5UUT,0.006444438757765039,0.004629276341639074,0.005000496112137652,0.00023100508965606111,0.0011193340501167266,0.0014117170609534479
ID_7R8S23,0.005980565963125766,0.00507506605771326,0.005754899484499325,0.000749873037544357,0.0014329600500069088,0.0017853611265400541
ID_7RD23T,0.009028195835182643,0.00724292265656795,0.006183172292289123,0.0006704297634501723,0.0014656624373393119,0.001466272753777497
ID_7RLPJ7,0.005089531648016903,0.003943296754438784,0.004270267546612796,0.00023333551064218957,0.0013060832966233984,0.0015573412258483542
ID_7S0G4C,0.005849635482243777,0.004823397388050134,0.004994210962448197,0.00021503032875070337,0.0011409100065559049,0.0010296204863492486
ID_7S6FXQ,0.04800606232953656,0.019286811818261366,0.02334822490460339,0.024046792403428517,0.020257261965226325,0.031139877280665005
ID_7SDSE9,0.00522090971729689,0.004085736478500998,0.004559551185000548,0.0001999520773268379,0.0007015697628276815,0.0009546186653586011
ID_7SSXA0,0.005164486555633691,0.003933639206245385,0.004526464548765626,0.00018469228115601102,0.0008539307542281644,0.0011851126743538882
ID_7SZVJ7,0.00550160046867193,0.004925461779634022,0.00633732103318718,0.0003751624961286865,0.0017500001353805514,0.002930075129629522
ID_7TC22K,0.005757150820435469,0.004021249130161949,0.0044358079642546405,0.000579427136537366,0.0008626415069622934,0.001245509412753385
ID_7TRIGH,0.005426038980954582,0.004331185335987139,0.004952583343607808,0.000382430033649394,0.001435284336740516,0.0017954006167506117
ID_7UBQQ1,0.00562774601987136,0.00409518042856823,0.004409431273260611,0.00020223291475010918,0.0006386089758367319,0.0008027153926147654
ID_7UEYP5,0.005420710075113182,0.004480340696948665,0.005313667937820735,0.0003063159439973373,0.0012743425342727262,0.0016986171081966256
ID_7UONQC,0.007261886688477922,0.0050137913323430915,0.005152426768165166,0.0006980962619339495,0.0015240535809948868,0.001867280653250034
ID_7UYLNU,0.009238244399941477,0.005873172795424804,0.006406406939644352,0.0029237897454555133,0.0019499145492483415,0.0023844788302780765
ID_7UZ111,0.005511634344745472,0.00407048230215815,0.00432898694762822,0.00028849738767983547,0.0006481985116828216,0.0011600398055305718
ID_7UZ55C,0.005508683824534642,0.004284321485795995,0.0049009071418890755,0.0002892192872150255,0.00074596602519899,0.0009020529157719011
ID_7V19DB,0.005154649157337357,0.0035854470379389873,0.003682879557718267,0.00021614549049770322,0.0006642999825247812,0.0006886804957202741
ID_7VXCAN,0.0055507752800742155,0.0051603158399399955,0.00596995521964294,0.0006391907532404128,0.0017135162906925985,0.0022445472676995743
ID_7W5KVT,0.005856871600832515,0.004678721373785392,0.005051023314032318,0.00020310405214862457,0.0010871486320380172,0.0021526083023726762
ID_7W8OTR,0.005516704826608189,0.004264343085567628,0.0051926689785182605,0.00018178833338600213,0.001213688516810108,0.0015273354812704338
ID_7WRXP5,0.005640890576641012,0.004535702380115934,0.005312160102955901,0.00047843499301084474,0.0009426673553035434,0.0012038853292254533
ID_7WX39F,0.22305566472483254,0.11805818311506454,0.10842277899835545,0.2260932516130696,0.06849245470655282,0.06170420484477376
ID_7WZ9FK,0.005462549638584532,0.0050440977328877375,0.006400142235465577,0.000390470161373097,0.002157591936316343,0.004185355992948975
ID_7WZVHY,0.016623425424572732,0.06164956719793437,0.0540482994407941,0.00962381894334754,0.054349551168007194,0.039366321213593625
ID_7X3ANU,0.0060192767682189065,0.00490642371024782,0.0041264356642707915,0.0019261922291482793,0.001346484261522782,0.00144878495234894
ID_7X97V1,0.005382475968550691,0.003751671780194981,0.0038856704971539768,0.00018697041358326253,0.000398500268015591,0.00042580966600042704
ID_7XDH6X,0.005037993758222847,0.004165975614466706,0.005112238292290048,0.00017718926193922472,0.0016053949697445633,0.0015868948957081961
ID_7XJF6O,0.005411884292735551,0.0038490822969194567,0.004390473973371033,0.00022018592211044192,0.0008630510064156284,0.0010681586769463944
ID_7XQ792,0.0051293448629587965,0.004407117150774504,0.0054866569046977285,0.00027708271015287314,0.0019253991901411211,0.002957271122480935
ID_7Y1J8O,0.005443550874621617,0.004255464630567078,0.004817386425658843,0.0004377925983871187,0.0013638140452646643,0.0016448877799285833
ID_7Y58VC,0.0057533957025657735,0.0045714957067477,0.00483275736355585,0.0006531121194915758,0.0009495030869176642,0.0011471537423906391
ID_7Y6T5F,0.03382337243129528,0.023585037107055194,0.047738318860038535,0.018308079197847903,0.016595669745455278,0.05907542864963419
ID_7Y89QF,0.005591032080994707,0.0043083313714590045,0.004957965459798336,0.0005180213915218783,0.0010958973021972416,0.0014283838011071794
ID_7YBJBN,0.0052993144108883965,0.0040683256793088585,0.004538566787693865,0.0002059328444563029,0.0006720970734950022,0.0009287275294614208
ID_7YF5AP,0.023349043154690493,0.008538883844264778,0.05665218904412972,0.0038349335663399385,0.004400365192989599,0.027880374965698937
ID_7YIFAF,0.005443550874621617,0.004255464630567078,0.004817386425658843,0.0004377925983871187,0.0013638140452646643,0.0016448877799285833
ID_7YOW0E,0.005774408357402808,0.004009859312133263,0.005255340054020074,0.0013763388047202895,0.0009019466355863362,0.0018286945969003983
ID_7YX6BJ,0.005448499284165936,0.004020577845521243,0.0042339323037658095,0.0002358713038189412,0.0006105992409035895,0.000577828301870526
ID_7ZEBRI,0.005496495289559586,0.004145128080626732,0.00453972438545564,0.0003603902759219263,0.0006250959610211562,0.0007914009768742804
ID_7ZY0NG,0.0056009797039416566,0.00410949967916892,0.004671364669961658,0.00024391566792165094,0.00068572922852154,0.000706389332745322
ID_803TPA,0.005547074381687664,0.004398498537524857,0.004913248175765925,0.0003793830238956375,0.001536538902257304,0.0020834875488197897
ID_80C6RQ,0.005916734951239508,0.0046996102051780455,0.004899836252557427,0.00018329894595740852,0.0009848495981115194,0.0017426330112138432
ID_80I3YJ,0.005411599433920222,0.0038497511811990755,0.0043919232662325185,0.00023552867765058954,0.0009096260927198148,0.0011019743202906479
ID_81IJ38,0.005724091840338383,0.003900483394633552,0.0049666219914951204,0.001142938139815582,0.0009166138942467842,0.001584075224780416
ID_81ZCO6,0.005846348280123019,0.004436375536281277,0.004624671505497576,0.00040579075657024623,0.0008197461753602913,0.0013597725288334171
ID_82XV8F,0.008623794143089123,0.004621804803353787,0.005986596204888055,0.0007077966054451218,0.0006697204740829839,0.002265465479471037
ID_82ZVWD,0.005461167648285104,0.004091214720778351,0.0044212180364922825,0.00028396893674919335,0.0006597599498402103,0.0007146956149234427
ID_833EID,0.0225733384121308,0.083232663134879,0.04508661737966283,0.013674447339413767,0.08855922966542827,0.059255023653113324
ID_838T04,0.005819462864542977,0.004352635259763708,0.004616903637200719,0.00026645532231571255,0.001447067995484397,0.0011429175740546634
ID_83J5WV,0.005451904673911451,0.004305322879962128,0.005031630519020673,0.00036843565652727283,0.0010603516564692164,0.0016237008123996927
ID_83M5MJ,0.005809051808042987,0.005699351667536662,0.007775059927486533,0.00043277274856901813,0.003000958911506602,0.006005334279609592
ID_83W356,0.00518272867407565,0.0036114959501992385,0.003699362722902499,0.00025898335868296745,0.0006975865451098575,0.0007406174382853923
ID_83W49H,0.005426038980954582,0.004331185335987139,0.004952583343607808,0.000382430033649394,0.001435284336740516,0.0017954006167506117
ID_8412IY,0.005983343564536601,0.004600359308284944,0.005178782779937303,0.00024428648820583483,0.0011167762895899554,0.0017670481132817206
ID_84BF6M,0.00809422915817669,0.004888837080041873,0.005188001392044579,0.0011509816574952771,0.0015227894640259946,0.0013964335482028465
ID_84GSJO,0.011025262639211802,0.005073277588082978,0.004588730395646519,0.0012773041089001985,0.001103683925095748,0.001104510214531148
ID_84I8VZ,0.007581048460070798,0.004034234874058219,0.004168507792063036,0.0008058923856669363,0.000585031956370456,0.0012184242640932248
ID_84K1H5,0.005293944780495673,0.0038954370353627135,0.0043806271820939725,0.0001956473797178983,0.0006946015905421407,0.001100515720762387
ID_84O0XR,0.01252220472616954,0.010968534265040413,0.010622741783968347,0.005017125960126592,0.011384746923865858,0.010889007801212549
ID_85BE9E,0.005506229543641288,0.004855061378713576,0.00571651597121985,0.00034170662259832375,0.0023065828816647605,0.003523910489880703
ID_85BO18,0.005367108703843352,0.0038601527790270347,0.004078249740082196,0.0003484077643126626,0.0009050003749572974,0.0009556729705873381
ID_85E6LK,0.00708884146389343,0.006960643053118587,0.006487276565190846,0.0004169338155881727,0.0019299416458886827,0.0020840775928539627
ID_85I0GR,0.0059766254548881724,0.0049107196853460135,0.005348579500893287,0.00028453710947244474,0.0011190417193517887,0.0022289462693878053
ID_85J874,0.007889859723606117,0.0042783616696203544,0.0041243353132482076,0.0004962769107455449,0.0007562246011411016,0.0008689975820660984
ID_85M9K8,0.00785949295980661,0.004136432551177646,0.00381418816402208,0.000494365164141974,0.000543355185369449,0.0006695601147271947
ID_85P4YH,0.005347971025044139,0.003952405991218563,0.004498269367586395,0.0001927563916525135,0.0006622820381915414,0.0007483828902530195
ID_8659PM,0.010253665290352904,0.0069398076772112845,0.007494875541852751,0.004320201538721629,0.0037332153224763124,0.0039053150268353676
ID_868CQL,0.005630494436622351,0.004022466752646434,0.0043230992481066,0.0004495312290679901,0.0007386669729533448,0.0008621112093466634
ID_869AS8,0.005441343843289158,0.004220538790105956,0.004670238717722314,0.00015261817735636045,0.0006814433742407346,0.0011238267151671723
ID_86AMRV,0.005676963920446679,0.004443790580180555,0.005412854517917214,0.00022461574194443496,0.0013788340632396924,0.002065845215594178
ID_86DS0O,0.010218800054196939,0.005604821157882307,0.006160831414560172,0.0019523384246286721,0.002146467330898134,0.002445843540226778
ID_86OGKU,0.007488352301235496,0.006010806487958676,0.008236431042843918,0.0011074288168069863,0.0034864111486441365,0.0050322978202143945
ID_86RCT1,0.0056615416025796415,0.004659404835376976,0.005817729373983437,0.00031828992774511806,0.001168587027431803,0.0017053546292855736
ID_86WW5J,0.005156569062569081,0.004328492658591987,0.005394328079398352,0.00019911621860106682,0.001293715362784703,0.0020249533627945686
ID_86Z5BT,0.005511634344745472,0.00407048230215815,0.00432898694762822,0.00028849738767983547,0.0006481985116828216,0.0011600398055305718
ID_875Q3P,0.010949074277183361,0.006276782524919228,0.004939142958414191,0.0019899878091440655,0.0015582448896459464,0.0015069363032613411
ID_876BNL,0.04807894636372224,0.032611644253660914,0.018993396368565105,0.03586786182005413,0.025496199677955012,0.017803767659716724
ID_87V10L,0.0055168657344268415,0.003971281697772505,0.0043965910552463275,0.00020921317465693296,0.0006508234432627935,0.0007708216547438909
ID_87YV3I,0.005388179669569652,0.004331851239340785,0.004470983413295655,0.00042571792628334483,0.0007675201326987313,0.0009100730194567438
ID_88HS7P,0.006117897641232649,0.004629036914393727,0.00502563441762188,0.0005992098067641829,0.0011889040272930328,0.0015225472365824446
ID_88JV6U,0.005977972674838845,0.004502755254059582,0.0048547157515449035,0.0005323740598242887,0.0009487537801222154,0.0017066919241755427
ID_88K33G,0.010184281421163512,0.006453746473648575,0.009214263918450623,0.0032452035614443414,0.0018248285051386424,0.006652620249114648
ID_88SLJ5,0.011810038585411898,0.008686565451671844,0.00874214896025499,0.004308013892463681,0.004551807869185959,0.004033968548872297
ID_88VJLH,0.008843050332425113,0.006372607824236203,0.00730410546911632,0.0020158186692570495,0.0025648143808944504,0.00335391187844068
ID_88ZTCU,0.00534877582306347,0.004961906851133737,0.0063844159318148,0.0005020060424691878,0.0022891078394232426,0.003290804611542326
ID_895UNA,0.006010328119529854,0.0041091125091070185,0.004583635113739323,0.0001971812009905003,0.0005481014216778016,0.0008277016024456943
ID_897NU8,0.0050336934241786545,0.003832154341366157,0.004075454189335895,0.00016107668836258272,0.0006650098448754131,0.0007132518949036773
ID_89A4YE,0.005247455390789954,0.0037423175349606376,0.0038828552906413657,0.00018078889773897306,0.0006027445272912672,0.0007259596758309573
ID_89CEYW,0.0060614296735000675,0.004969772719657525,0.005617611702458748,0.0003608651487502188,0.0017516276150865815,0.0020165468072113014
ID_89E64C,0.009894156036267412,0.006135981327611966,0.004823728934063218,0.0016589259385139021,0.0015512291785041992,0.0015721323283024165
ID_89LK5U,0.009096505508481791,0.004771630498248019,0.004306719082375276,0.0006735299320781841,0.0006671594555975645,0.0007777587138240313
ID_8AII57,0.005276952904355972,0.003984719451142516,0.004382680519335776,0.0002469582918767367,0.0008693502470191504,0.0010120922258090256
ID_8AKZAI,0.028555871566437366,0.15656992939655673,0.07649848351933099,0.012742393805251934,0.17439344358153755,0.08133439757716204
ID_8AL0A1,0.005969806923408765,0.004245527519685936,0.005743447206107329,0.00030609076521108186,0.001189874121349981,0.0016440345003646056
ID_8ALEJI,0.3594227198285855,0.6358651055577429,0.7518811652575739,0.42161571393557,0.784848086006409,0.8984769369409314
ID_8APH0Q,0.005102886401926924,0.003840577365903672,0.004066653250480357,0.00030919235283876056,0.0006460598379204436,0.0008248349636880245
ID_8AQIX3,0.02798245265464319,0.02099775319060543,0.04283892499737516,0.007467902844119724,0.015579907568190911,0.026336670597076922
ID_8AQJGL,0.005093007440999628,0.0036932149713789996,0.003959044484754599,0.0001750673479774465,0.0005063717143707672,0.0004753296980127201
ID_8AYBAW,0.005230094604159716,0.0041176549549221475,0.004576865898658422,0.0001920152529434578,0.0006084951587742366,0.0008081013726541867
ID_8B0B3T,0.010296886492581214,0.005579775384552448,0.006142296052648952,0.0019094541361984456,0.0021447343346513745,0.0024686085700778996
ID_8BASDE,0.006016925279743093,0.0047552268083523915,0.004912069034752983,0.00025650634844577336,0.0008564442369822686,0.0008286429140779032
ID_8BZS64,0.005614640228145469,0.00419849046227239,0.004148301982417686,0.00035924530432680356,0.0006332309388297195,0.000634377295424897
ID_8CHBZO,0.006131291424997384,0.004940375746584441,0.006283652049182283,0.00024999852368807806,0.0016066579198808246,0.0024719142423103575
ID_8CR3X0,0.005761817773221724,0.0042488026469279915,0.004657473140546634,0.00034736360677658384,0.001183137224773082,0.001210065865540654
ID_8CSCDS,0.005810176895025084,0.004638168602423354,0.004997094368331426,0.00020511210500062383,0.0010153900142837718,0.002106930271922255
ID_8D2UXI,0.007036540801955721,0.006950953095593512,0.0068622286447825795,0.0004686870978448696,0.0017554460376099936,0.0019403480313777677
ID_8DBGRU,0.021911241281706826,0.008864202031989923,0.008128183630597242,0.003821968074957538,0.005433674602655325,0.00678133061495234
ID_8DEOE6,0.005651005888526725,0.004158387797638799,0.004132823509382644,0.0005205176982890119,0.0007311973711303053,0.0008105987310990662
ID_8DRM77,0.005473772504431366,0.003870033913095561,0.00406949762890227,0.00030767746959715165,0.0007887102941759891,0.0008319423213629097
ID_8DRNO4,0.005191040763597446,0.0039310371886714076,0.004362502594090835,0.00020524742461050134,0.0007552202082039102,0.0009662843266517337
ID_8EA5ZH,0.00599293634012291,0.004909725802832521,0.005329784135015518,0.0002495390729152175,0.0010932562657409012,0.0020573351561541196
ID_8EMU7E,0.005805530401825015,0.004680608003920913,0.0053645422357788556,0.00045392171736144144,0.0011889149507677585,0.0013587066732731108
ID_8EPQZD,0.0072290014284985575,0.003897188777749423,0.0039600696282506695,0.00035006787032795746,0.00039615341946845205,0.000587113872533295
ID_8EUWNU,0.005080996127766143,0.004200787609903588,0.0051016601909565865,0.0002616339337542013,0.0011340702011395894,0.001612566698808993
ID_8EX44U,0.008317224988042079,0.09428417593112896,0.08966931461686142,0.0005839491413596354,0.12740494386870538,0.10806000795402312
ID_8EYJ8O,0.005443125406853578,0.0038060360717826454,0.003910391484907303,0.00032017269679937175,0.0007012816848918267,0.000557157875169025
ID_8F32YO,0.005866417897240754,0.0046784915851917795,0.005033503857661617,0.00018542154216645283,0.0010711820101667842,0.0020141831619936534
ID_8F379N,0.005320161682227638,0.004428770345529903,0.005096946405751252,0.0003937892195355438,0.0017577768811254306,0.00266929741220891
ID_8F3PFC,0.00542913306272807,0.003738243805627998,0.004747334294533605,0.0006045753667918221,0.0005486864270216174,0.0012841027947146878
ID_8FWX6I,0.011630700715674522,0.052146025041538244,0.011370225704744398,0.004316347598342281,0.06043422886958089,0.011810029453884242
ID_8GEYYG,0.11313131961926051,0.01849104845769884,0.012489420233639381,0.050374093544031884,0.016264758600307495,0.013732784333557357
ID_8GOXK3,0.005497516342426169,0.004000198585858146,0.004424445044934628,0.00028286931777672805,0.0008014721867099049,0.0007017298800860717
ID_8GVR4A,0.00570812413616696,0.004066557666040363,0.004317154080755631,0.0001686943720461581,0.0009556146660990859,0.0008812704491688927
ID_8H40BW,0.0055595110579211866,0.0040009249688825405,0.004631246792672891,0.0001805452514879483,0.000906434843033401,0.0010934708168992755
ID_8H47OG,0.0053634988130481145,0.003684993065525782,0.0036986645272502833,0.00020923802409053105,0.0005479814782968803,0.0006126209766450813
ID_8H6FU1,0.0054496034634194225,0.004407287767727312,0.0043029588640249635,0.00020571341768121465,0.0005195216617738905,0.00048398691575867077
ID_8HARO9,0.005434156970368431,0.004380960432339621,0.005366432103628201,0.0001428073534282885,0.0010414252802728285,0.0015263739470272612
ID_8HCCLB,0.005755731934616527,0.004567436140532468,0.004643630550857643,0.00021697968894032217,0.001182756029857326,0.001030527215779772
ID_8HU32W,0.006081935433696065,0.004807693071172704,0.005083068661299297,0.00034146739079700026,0.0010139682372861446,0.0009519796137040164
ID_8HVUID,0.010842790319509394,0.004866218703282617,0.0043914229819822645,0.0016506071469873731,0.0012385080982181933,0.0011995800489351986
ID_8I7C6M,0.010217523674378741,0.005603271933741472,0.006160048851176392,0.0019287946376801612,0.002142722998734946,0.0024453306361571924
ID_8IHXOY,0.005581413733409023,0.004135267848398953,0.004757007647051625,0.00025579559043802883,0.0007411417587590645,0.0010440795936871032
ID_8IPOB2,0.005339716135662652,0.0042338539325014225,0.004942127511538341,0.000288354177133047,0.0006276007195391476,0.0008022913231116861
ID_8IY1R3,0.005428064977907613,0.004380914041652528,0.005338855262737237,0.00014677097856362863,0.0011400991932556416,0.0016600216762797943
ID_8J8ZIO,0.05870129705500336,0.1574397593726466,0.09164398738313703,0.04095802873463911,0.153038652961608,0.08475686892254022
ID_8JDABW,0.005595665973726278,0.003722353177462881,0.004774478520282302,0.0002340991769224588,0.0006110190731282815,0.0014959687594577457
ID_8JEWLP,0.005552235351885709,0.004221431087271128,0.004587258395428884,0.0005666729019342396,0.0007228055860511324,0.0009300771554006714
ID_8JMBE0,0.005551452571677552,0.005416080305550717,0.005333031132075554,0.00014847140460019255,0.0006769874572615718,0.000586344888809875
ID_8JO374,0.01128475389863182,0.00871906216937262,0.006533831717703008,0.004336449390308812,0.0031819874157724,0.0025328117858115637
ID_8JTFNT,0.006001697478820098,0.004311842970772695,0.004795175996119718,0.00030543164405695664,0.000905582194765983,0.001099546855889264
ID_8JXK5Z,0.005303308494445376,0.004055077545451944,0.0043916666382774515,0.00013452669886225693,0.0005018758248505891,0.0006227307136511843
ID_8K23T6,0.005691187132851175,0.004067930279770377,0.004410045948898242,0.00026916785506940954,0.0006306135975585315,0.0008151833143783754
ID_8K9BSB,0.005515620556362004,0.003881738628237847,0.003990984934934491,0.00038294071870468904,0.0007114157321595988,0.0007518251337273658
ID_8KA0CX,0.005249401255676776,0.0038473438086506547,0.004164494620437748,0.000129150966797093,0.0004661956314403651,0.0006334910397703073
ID_8KE31A,0.005653141156528726,0.003952817583115481,0.0041450024868905,0.00042029738037401595,0.0010069044912385222,0.0010247017285270829
ID_8KEJPH,0.005111950146793041,0.003981776064910799,0.004559699832310993,0.0002501378765180117,0.0013247769379242638,0.0015860751122455548
ID_8L1YW7,0.0056647465108226125,0.004532601054042388,0.0056806238762297885,0.0002818723931483326,0.0013593295702943487,0.0018146713659700278
ID_8L8UWY,0.0056009797039416566,0.00410949967916892,0.004671364669961658,0.00024391566792165094,0.00068572922852154,0.000706389332745322
ID_8LIA1C,0.005198980338101016,0.003805031027145028,0.004074841119064623,0.0003577358394866426,0.0007487420820358782,0.0008753237495287569
ID_8LZPFU,0.005758512530781776,0.005533926742698679,0.006601665113132674,0.00040759576715258285,0.0026287821957992987,0.0037701893825253636
ID_8MRLEX,0.005157262068291612,0.003952499970971154,0.004353694965967729,0.00018093920663678637,0.0004491941430876733,0.0005683576483515599
ID_8MS13L,0.008791371654853632,0.00717444671461394,0.010318666362297177,0.0030012447922061324,0.0034214496283978394,0.007090377745179151
ID_8NF6B2,0.00835095071622947,0.0043707988420391124,0.004187920025346324,0.0009492373655038004,0.0009352803471798955,0.0009689678428223902
ID_8NFKCL,0.005425823832320384,0.004414423891834421,0.004698442465991756,0.00031747954897036576,0.0007811576559147014,0.000918508048659021
ID_8NHM2A,0.005605540981404228,0.004068507872847122,0.004318619267980824,0.00018510671785781306,0.000542889627502455,0.0005945892824987974
ID_8NHTDF,0.02338394342527102,0.007902965236376673,0.007317075898604008,0.010007973639746637,0.005405748149136647,0.005121374403936248
ID_8NIMUF,0.006271715819421775,0.00486014442625586,0.005658122300940439,0.0006248882783501146,0.002075399717268415,0.002545992563467258
ID_8NS4P8,0.005619128330132102,0.004289662930156209,0.004627426389420312,0.00034426196669332115,0.0007622488505411893,0.0008402308480818857
ID_8O0VLW,0.0057533957025657735,0.0045714957067477,0.00483275736355585,0.0006531121194915758,0.0009495030869176642,0.0011471537423906391
ID_8O2G7K,0.0056998788583029055,0.003803280370098332,0.0038709161247085506,0.0006694355796225786,0.0009960784806642305,0.001077572257841428
ID_8OM0HC,0.005576468133395027,0.004358323554750745,0.004993741848960037,0.00021089870868014796,0.0013719136350504465,0.001781454076536909
ID_8OUOJV,0.006938940206000349,0.005738421773995035,0.010466121562254724,0.00044978517202251696,0.0020924050635242673,0.004174889216839356
ID_8P12DQ,0.006141138740017049,0.004848977100459871,0.005760215129857364,0.0004166479487544409,0.0017081477037757,0.0023190443780706947
ID_8P2W83,0.010151488350686215,0.02516126572059293,0.010148703968398098,0.0034389400639774957,0.02176336325828239,0.009757346877673505
ID_8P36CE,0.006045947036994991,0.004595627512606674,0.004782305990920166,0.0006210409179411843,0.0008084851851897785,0.0008797833424742257
ID_8PAGNV,0.01836909276915673,0.02967590194847993,0.05747448146209774,0.009644161823594163,0.02998472205199479,0.06624864465461872
ID_8Q3LRH,0.005519129591860099,0.0037245589362697763,0.00479793912268411,0.00038702808792123505,0.00048312785864775774,0.0012894424928321865
ID_8QIBCL,0.005368669148633283,0.003989684805523593,0.004319128902182829,0.00021101235327127603,0.0006103706009589604,0.0007309626666939877
ID_8QIBGT,0.0999901450779683,0.3194230916297394,0.27930190685658085,0.04907297916609916,0.4096012973221988,0.43115600182112057
ID_8QW09D,0.007717261847074282,0.0055816971523482035,0.007680589357859514,0.001172806288689555,0.0016964924605663027,0.005169614224017027
ID_8R5FFI,0.013344708503356836,0.007384496219084638,0.010809955774195534,0.0008555601698432317,0.002908901245823988,0.0040933551745761625
ID_8R80X6,0.005972583397659768,0.004151409050592981,0.0047292872268011,0.00026700098699484066,0.0006158956558270214,0.0008708024902552895
ID_8RJBND,0.005376893312841991,0.004024731181133563,0.004314399679506389,0.0002851411749897548,0.0006481425518933179,0.0006139546497692559
ID_8RP3M8,0.005530086910888236,0.004430404702298863,0.004631904714874419,0.00033993582943019453,0.0007487783123431488,0.0008276671024282183
ID_8T01EV,0.006519513547878965,0.004692393422644967,0.0050514864364880506,0.0005054977456061263,0.001260421977171116,0.0016575867923898956
ID_8T676E,0.005498482868580519,0.0038998407072483336,0.004395297501023273,0.00017586201368162361,0.0007879058017996541,0.000960976852306678
ID_8TH4YE,0.1435124489935988,0.22970392827140068,0.3052155086612391,0.11093878637437783,0.3191815012922719,0.4713489123373966
ID_8U14T8,0.005900513413666436,0.0043268701313968335,0.0044724277552056855,0.0004318223517807263,0.0011644106496355978,0.0014762331466794843
ID_8UHEOJ,0.023446502525958892,0.004989102557082591,0.008707701913226389,0.007217995671682047,0.0020453332988254955,0.0051892407544135875
ID_8UL5RI,0.02333062162848896,0.07216469530312417,0.05453075705307661,0.008871966137217678,0.07557979058374872,0.06205150506995184
ID_8UX59T,0.0053761516675158985,0.003673702568576234,0.003677742209819349,0.00016539653712276258,0.0005001743719445543,0.0005095164635141806
ID_8V1UTS,0.005260389593215445,0.003965663948139428,0.004308209833858126,0.00034973456228436526,0.0008463484156335678,0.0010153122938204465
ID_8V3O49,0.005454219081933403,0.003659142998083961,0.003758733128938981,0.00031596450319871996,0.0004555674381285053,0.0008981311019904781
ID_8VQ82J,0.005555922006688092,0.004254581078751119,0.0046754007010957315,0.0006437307493620838,0.0008558582795819692,0.0012073863575755566
ID_8VXM2R,0.005559091356169214,0.0037094965107007214,0.00478735564111199,0.0004545859500397884,0.0005299273010486855,0.0015647337512837056
ID_8WDSXP,0.20591336309087555,0.32796021718349494,0.4949038483304003,0.20883419321377042,0.4218287784508811,0.6911624755631839
ID_8WP8VX,0.007628026704009883,0.004936288335407657,0.005482674787590974,0.001218606245367127,0.0013683452339450107,0.0015860176968966774
ID_8WSJY9,0.14339295092115212,0.23161945652164648,0.20043157539605086,0.12498863615630126,0.3142550474243115,0.33140249702517527
ID_8WSWMT,0.005372083542692168,0.0036589656671153275,0.003672955961967012,0.00019539852906789255,0.0005094074731894272,0.0005503496528927462
ID_8X19A2,0.005610957205424396,0.0043734563391290135,0.0047082700776280555,0.0003189465931086215,0.0008638245732580363,0.0010857283680173113
ID_8X42H1,0.005600320117853135,0.00429659948807149,0.005061984230552192,0.0004536324980597763,0.0015460206657347032,0.002372378519154102
ID_8XAE26,0.006573588958678401,0.006971235563491748,0.009563556882869011,0.0008174208420660494,0.0028801852917703253,0.004429866206307855
ID_8XK367,0.005482359930244722,0.0046122173679988875,0.005081024914195844,0.00042393012973312164,0.0011583857078920313,0.0014919643492988335
ID_8XLXKL,0.005986495284682411,0.004392759413815923,0.004719528149697429,0.0005941570768030411,0.0014166820663027637,0.001668608208552479
ID_8XSPVV,0.005594477445353996,0.004088411115309368,0.0045978086052617,0.0004201623429403721,0.000994697532143852,0.001256349093019481
ID_8XUQIK,0.010253665290352904,0.0069398076772112845,0.007494875541852751,0.004320201538721629,0.0037332153224763124,0.0039053150268353676
ID_8Y14DK,0.005239501404910897,0.00405781991286462,0.004557283145581677,0.00021269603555359304,0.0008094479625446356,0.0010369132642427104
ID_8Y16EG,0.006440112987235792,0.0045096287611844105,0.004860167087371191,0.0002968547967224346,0.0006867096883296966,0.0011561601404506206
ID_8Y6GYA,0.005213486419003395,0.004105253540360072,0.004862914317182739,0.0003130494928156836,0.0008416289828243706,0.0010859391706031427
ID_8Y8FZW,0.009059454209738735,0.005526260985370724,0.005897354801275405,0.0029915841150251676,0.0034145709460861803,0.0029230522733691687
ID_8YFFOF,0.005372565790368542,0.00402604965488163,0.0041436202630088514,0.00022036332955472848,0.000633039471655084,0.0006570518549504804
ID_8ZC0YJ,0.005636219926196684,0.003845163406316182,0.004914865325994866,0.0005331591925006423,0.000632677698436532,0.0015236872061243588
ID_8ZHOIS,0.00547136472433278,0.005095367442951324,0.005481985433888756,0.00025386651102211866,0.003146314415194248,0.0037080001168479783
ID_8ZJKZ8,0.007373384712344155,0.004027620357233655,0.00532532691071446,0.00041191781205187,0.00036529806997748183,0.0008441275302963436
ID_8ZZTUS,0.04546948327337104,0.009167928141121332,0.008146495922949472,0.029807510355179173,0.006203587348239356,0.007920631611548809
ID_904OMU,0.005426038980954582,0.004331185335987139,0.004952583343607808,0.000382430033649394,0.001435284336740516,0.0017954006167506117
ID_90ES1C,0.005759259342135932,0.004574627973495902,0.005070967417710575,0.00028564784750398863,0.001365297438815503,0.001415608796227425
ID_90FA7U,0.00859311575591071,0.004972628561237019,0.005197048534411076,0.0015965672041711825,0.0018930900323577,0.0021640188677736743
ID_90GUIW,0.005690761284444039,0.00412980433903404,0.004542001140003012,0.0002570123028769421,0.0006193454505167358,0.0009310253019010228
ID_90OLRU,0.006357793676136099,0.0047486935791807424,0.004977520746909917,0.000937799073606306,0.0010947106831216077,0.0011613196903170573
ID_90XFU4,0.005741431025193076,0.004133438068004094,0.004267077430867827,0.0005101487596254588,0.0011875201998704633,0.0012036973320947088
ID_90Z3KA,0.012844018687600049,0.010884197642852683,0.006387334073045032,0.00421407801627951,0.004026098415880921,0.0025689491291275308
ID_910L6Y,0.006455824264826927,0.0055046959980642515,0.007331246453915615,0.0003531805315550723,0.001710955125336817,0.002537043008799413
ID_912IN5,0.006466727014377337,0.004649835041914968,0.004910405680640063,0.0004808830864795008,0.0011530600808820472,0.0013662342918474872
ID_917FV8,0.0057546073828508015,0.004320612674025324,0.004414849083394044,0.0004229137796020411,0.0007838881725324057,0.0007289941443392247
ID_91OUIW,0.006066384901631278,0.004905699888141316,0.00617723114226489,0.00037909698180759,0.0015972010060431702,0.002435474842451767
ID_92CEAO,0.007199729119463388,0.006595468242668325,0.008279886241251304,0.0006554953327123266,0.0045420760923702555,0.008914283798662714
ID_92GB4X,0.01379717847105152,0.006088167101242166,0.005827954349179098,0.002969521610580441,0.0034564515873404295,0.0036569188258293184
ID_92GH8G,0.006318731570405444,0.004881645704428683,0.005239262610013581,0.0004947312033435383,0.001236151236750412,0.0022854226262160105
ID_92PU7R,0.0071057522104301185,0.05082990248533373,0.0533230159440768,0.0005522819403307321,0.0613790601191782,0.07903693098303169
ID_92ZY5Y,0.005986345678552924,0.0044400432566770185,0.0049709788836587426,0.000524461512498708,0.0010393551892216146,0.001164313184544437
ID_938PPA,0.00547136472433278,0.005095367442951324,0.005481985433888756,0.00025386651102211866,0.003146314415194248,0.0037080001168479783
ID_939CFS,0.02674071186230485,0.00940897526560639,0.008943786435209627,0.009954641605606466,0.007300355262655757,0.006522025213917353
ID_93FI84,0.005161280727402108,0.003869178269280618,0.004535256181205286,9.574558160322928e-05,0.000595838845638026,0.0010291595059981706
ID_93HGEN,0.43364268072672707,0.4668810842656452,0.48738033525664337,0.5312717987446244,0.5984160338483395,0.6296664653666093
ID_93YWC8,0.005521551890147943,0.003732157450086193,0.0037700305435693555,0.0003609811322539857,0.0007691338470002645,0.0007945769688629997
ID_943TOK,0.006424791845987673,0.004699191373403507,0.0050620601500828075,0.0005017053584183219,0.0011241404820014247,0.0013862880891085695
ID_94CW70,0.01300692985759383,0.00555053495725605,0.007346132129617383,0.0012190534325173211,0.001404784299844712,0.002429529237622742
ID_94MXFN,0.005517076004743576,0.004855651234677529,0.005675485883438075,0.00031460346281620625,0.0023502802957702244,0.0033420927536591304
ID_94QLF8,0.005635268603698599,0.004463551476799177,0.0046994714555218435,0.0003272516040670737,0.0008045295199677206,0.001050834242307156
ID_9561UW,0.005779113039890722,0.004136565551308066,0.004492401618553984,0.0007319219250535422,0.0009456879419687557,0.0010988465210412443
ID_95AMEG,0.005369465760297503,0.004022741184624622,0.004135317332062608,0.00019059423665109912,0.000541332294993759,0.0005929826264761074
ID_95B75E,0.005754367304623435,0.004191371450453869,0.004653479449017028,0.00031146032378359,0.0006948924567640275,0.0009799160490655413
ID_95I388,0.0064292411705407304,0.004684871493124801,0.005016043681539029,0.0006453178008451578,0.0011063628274592513,0.0015884656875195227
ID_95L18T,0.005332493703385201,0.0044323241712761,0.005094413978789587,0.0004689795032910725,0.0011719068645763616,0.0015952402305040578
ID_95Y6Y3,0.006372094134827039,0.004811588353424685,0.005204274297828325,0.0005767667168737335,0.001323016221324338,0.001884669275526824
ID_96L2OE,0.007841389496884081,0.004798233139022325,0.005136230767937727,0.0010744563726489392,0.0014616643558075341,0.00146633337148424
ID_96NLJM,0.005969809896009078,0.004338509021047544,0.0048994517221852526,0.0003173038394456819,0.0011094819818433157,0.0013062129322601618
ID_970K1N,0.009084773444481727,0.004748729275082794,0.00425133067426382,0.0006261189089725056,0.0007397665971509286,0.0008104402608657956
ID_973XDF,0.005163700574310782,0.00418068946054646,0.004611350077080222,0.00016914621605480283,0.0009296862347558256,0.0011905770569415
ID_97B102,0.1385502388747873,0.021045585811989665,0.019959671295470327,0.09161894720813175,0.023452166849605847,0.02759503405217654
ID_97CA4Y,0.045165155421769465,0.04561369594624542,0.024036011591436098,0.031983426500765265,0.04667484881930285,0.031429102361846324
ID_97JMW3,0.005949353936683198,0.004035314107072695,0.0042313267926598775,0.0003737336673081988,0.0008079200443957484,0.0008956085112436297
ID_97O1LE,0.0054476527535036205,0.004060001579999888,0.004646396575424748,0.0002020118147249123,0.0007572564796311419,0.0009249865859466841
ID_97RNJ4,0.005463643370778669,0.005224361495837539,0.006819906083499732,0.00048100825831030994,0.002783081013440867,0.004853595357657922
ID_97YIMP,0.006487913212143076,0.004561266958822738,0.004962652834457037,0.0003500361374088621,0.0007711775771304919,0.0014599584141639717
ID_9856FP,0.0059566387484665745,0.004733256406878079,0.005281872062404361,0.0002692719753865864,0.001682631962319177,0.0025226403288370713
ID_987N4I,0.005996214515594588,0.004777711488664889,0.004677035201944387,0.000645245841463779,0.0011552653022580419,0.001240355390171198
ID_98FMQO,0.005257696820206021,0.003944789064596633,0.0043753226979536914,0.00015265297858498944,0.0007092944610778881,0.000788476909850079
ID_98OF3U,0.00652140460628593,0.004695642389134409,0.005050787273954419,0.000560888870413951,0.0012965297453378423,0.0017526021904621738
ID_9972R1,0.0057489192095626935,0.004654317737660198,0.005911499409309702,0.00031710638567195915,0.0018012265300734126,0.0021530234802432232
ID_99E1R1,0.006078465002843424,0.00420456177350567,0.004622429987307174,0.0005060960694071485,0.000736258638690631,0.0009105741588549789
ID_99UIDN,0.08340914598736937,0.054264932843126876,0.05517102357841594,0.048219733507703484,0.06518726728503436,0.07063990775411548
ID_9A0ZFU,0.005081548055024926,0.0039027940197671534,0.00413913366075207,0.0002563869058229172,0.0005944640448897352,0.0007103771074439605
ID_9A3RGH,0.0052961002095557,0.004640035745196945,0.005694735314628472,0.00019675258767719395,0.0017797061063093982,0.002181312179661654
ID_9AIPRL,0.006214377932171623,0.004505293342628407,0.00529870452667934,0.0003402026985181353,0.0012328127509316686,0.0017274955879281102
ID_9AOX8N,0.012804797870143707,0.017558173732164367,0.010807418490633892,0.0015149142004017744,0.016466139585436034,0.013284398087211966
ID_9AQYF7,0.005172336205493139,0.0039059394161695482,0.004257854856721161,0.00014322503330715705,0.0005827534751043417,0.0006263810746335737
ID_9AT8CS,0.005384362219654905,0.004814144419535947,0.007630846726903489,0.0004469797669870392,0.0021829363783237225,0.004119787048147643
ID_9B318X,0.015034084555775602,0.015854096368845532,0.03957625525550284,0.008076141817883267,0.014871049893991234,0.04988801824067994
ID_9B87OV,0.30053103152378097,0.2284081014459706,0.28279025541355607,0.43551432390172024,0.2597854764320821,0.38439817159125034
ID_9BDORD,0.006083735573550778,0.004660425767254814,0.005328221119092782,0.0006843398461439184,0.0012787006597552565,0.001913433700945296
ID_9BJ65V,0.005920162039198595,0.0047387792331244905,0.004577990451899813,0.00021601353195513365,0.0007853191917578542,0.000981247942348125
ID_9BLHQS,0.005731960402553428,0.004515915446542726,0.004551307637912458,0.0002853347046978645,0.0008487996040657732,0.000837124917079675
ID_9BMVWJ,0.005814175491621377,0.004572890674401328,0.004979867322869753,0.00013860991974565059,0.0009957599068041775,0.0019118875729563383
ID_9C6FDZ,0.0050775868014306365,0.003937156143696588,0.004330729294431777,0.0002187074791115821,0.0004691189052745445,0.0006054000744806159
ID_9CDLA5,0.2180373147750188,0.19486806803262735,0.10055014232230994,0.2029615210846962,0.20703002263321577,0.1617698940017334
ID_9CKT1G,0.007456352253984827,0.006473195347066344,0.007824179982817724,0.0008560181023827399,0.0017535938621104524,0.0031052515379296243
ID_9CLKA6,0.005190875107375569,0.003775748208600946,0.00404670669750172,0.00018579287290925337,0.00046911974060584536,0.0005788575449799671
ID_9CQJQW,0.02113084622191756,0.008902523533781499,0.008298781882378217,0.00363756990783352,0.005613994277098642,0.0075948081035856945
ID_9CS181,0.010152644499338795,0.0045135491477771555,0.00402966838438491,0.0015114689360349557,0.0011905406610251482,0.0012151421864092869
ID_9D1349,0.040356765352045715,0.00919346415524452,0.010477569007005248,0.013515495734235517,0.00739874270607354,0.00794302375168963
ID_9DMQEB,0.009902935214456931,0.004632714710994418,0.004541731928378655,0.001576656303897095,0.0012803658741261238,0.0012769354842463994
ID_9DN1JJ,0.13624985866504916,0.07558982119324287,0.04871825529562022,0.10192655616060067,0.08848054448481614,0.06980300196407724
ID_9DOYYB,0.005256030760722393,0.004202449451109658,0.0049690298597582306,0.00014122609286192078,0.0010408699165083564,0.0014517547244454034
ID_9DXFRR,0.006180247115001784,0.004289602905257393,0.004748268083538218,0.0006262097247970775,0.001522872870821966,0.0018371732783238899
ID_9E5OMC,0.005171655519562566,0.003954199854296092,0.004511724453379104,0.00028471658769066384,0.0011417740279747743,0.0014115511253827142
ID_9EAVDN,0.006059202816553399,0.004436653110188537,0.004786411048851997,0.00044033539453234715,0.0007837091890269045,0.0016160194087028376
ID_9ECTWS,0.11106808959470921,0.24775708148413875,0.1959906815706946,0.10128161282105266,0.2382964131555776,0.28898776238855534
ID_9EEUE8,0.0051335070094789504,0.0037874150226290134,0.00403245907717354,0.00020187368111984348,0.0005130393459140018,0.0006349561850209623
ID_9EHPRT,0.007621368624530675,0.004816202406943549,0.005095186328657888,0.0007886526020655339,0.001386308715369094,0.001311312312797354
ID_9EL678,0.005523778147451301,0.003896705919000759,0.004353433549377879,0.0002461710359041564,0.0009230699053192032,0.0012674482769601356
ID_9EU6JS,0.005393878118279504,0.0037975047882933214,0.004573664932675628,0.00021787140593702026,0.00045555242932353193,0.0008993568870456628
ID_9EVQEO,0.06769204387177802,0.015573490982198932,0.010467764130141673,0.03420731804923186,0.01392070529431755,0.010766241714757542
ID_9EYMB0,0.005295908608598449,0.0042028643718928765,0.0049805510284347725,0.00012883613547972074,0.000842312519103103,0.0011147063933321473
ID_9F8TC3,0.006345503093601746,0.0043828933406302876,0.005081052152117822,0.00035934107307638517,0.0011952233507220979,0.0016125872748270107
ID_9FI442,0.008520252919634479,0.005553413088755377,0.006000553395840854,0.001324010875712293,0.001489287701527393,0.0020061385237785784
ID_9FITRJ,0.00546253801989315,0.00422763143991383,0.004644873515723621,0.0003250852950453262,0.0009459173988282126,0.0012163653860483787
ID_9FOGDZ,0.0094325843469525,0.004556864976852053,0.004601952045271748,0.0011829589635272975,0.0008464432153657354,0.001033915320604533
ID_9GWO0I,0.005801324678575804,0.004358630701579967,0.004527398238195045,0.0004899382791698537,0.0008923978555443452,0.0009235440030456
ID_9H2JEC,0.005610957205424396,0.0043734563391290135,0.0047082700776280555,0.0003189465931086215,0.0008638245732580363,0.0010857283680173113
ID_9HL60U,0.00940938251596651,0.006904185447419935,0.007864262352698737,0.0016303881053511505,0.0024962626752422713,0.0032135392794108834
ID_9HLS3W,0.005547074381687664,0.004398498537524857,0.004913248175765925,0.0003793830238956375,0.001536538902257304,0.0020834875488197897
ID_9HPWEF,0.07821952434780086,0.05218894507014015,0.16064726235464394,0.05573182172586373,0.05725020453362935,0.2060027769489785
ID_9HR4BX,0.00576286946779555,0.004265722373279095,0.00502612553454788,0.00023716998394454215,0.0008438672687261165,0.0011968160561361173
ID_9HS5DB,0.005843596831613622,0.0047258366059770435,0.005247443961636044,0.00014635146235513903,0.0015846799355200723,0.0019599749528148866
ID_9HWS96,0.00599293634012291,0.004909725802832521,0.005329784135015518,0.0002495390729152175,0.0010932562657409012,0.0020573351561541196
ID_9ID54G,0.006129043877027588,0.004543397690115912,0.004991937966335157,0.000567608409842044,0.0008379402242782148,0.0016481856069450404
ID_9J6CK5,0.005545419360361745,0.0039019738355358844,0.004027786394341998,0.0003404374263128029,0.0007671670440495382,0.0007363666335283878
ID_9J6DPQ,0.005569456386671822,0.004655987633192142,0.005140661002903924,0.0007396196789747653,0.0011998055670873072,0.0013501121304846197
ID_9J9ZHB,0.005296623373357811,0.0036808759924224356,0.0036115382550408917,0.00025267181152074524,0.0005453612675315877,0.0005475500637664438
ID_9JAOHA,0.007134921141476934,0.00715776844266379,0.006906648341661384,0.0004909528738419686,0.0017695252608218974,0.0019774196075680265
ID_9JNJ9F,0.005393636497736506,0.004011029280472118,0.004137667061126002,0.000695035300661785,0.0008665534560906613,0.0008734503972740899
ID_9KA6N0,0.006280663463643563,0.005391210483818038,0.005393313386572605,0.000706106389002591,0.0014840611047031204,0.0012891005519299462
ID_9KDNRL,0.005221870799264644,0.003944453501614324,0.004267180604705839,0.00014067865665801058,0.0005823355923551962,0.0006235787363424636
ID_9KQ8G6,0.006371040084360494,0.004478371429065638,0.004899062073520485,0.00043991703922997865,0.0010692696701061107,0.00145370260614347
ID_9KT6CB,0.005417433886815445,0.004704535747350072,0.006192253585142641,0.00034084472537860964,0.0017812917204021977,0.0026376763332027144
ID_9L5QZW,0.005808115548695854,0.004605664611553639,0.005213917320197753,0.00025765131119233396,0.0013508834449199435,0.0020622511111462
ID_9LU58J,0.010591226763274854,0.0064870653817882835,0.006223952933575716,0.0022331283809669624,0.0024021970465919556,0.002301833349013851
ID_9M41ZB,0.01479698650106356,0.011554079858804895,0.011730394962995523,0.00785941229958308,0.010977908674897244,0.013766035847042352
ID_9M4UJW,0.00940938251596651,0.006904185447419935,0.007864262352698737,0.0016303881053511505,0.0024962626752422713,0.0032135392794108834
ID_9MROM2,0.005405349810443945,0.00404701718518692,0.004384359049997312,0.00026007601043621015,0.0009493709343339111,0.001042297147371173
ID_9MXZMG,0.005452343354724548,0.00450412627810587,0.005270541990410366,0.00018922311159039,0.001488300151904589,0.00232166476110181
ID_9N2BZ0,0.005139713247505254,0.004087812805373875,0.004775547811994653,0.00014760188891582682,0.0013362498246425388,0.0018168995702092085
ID_9N55U9,0.005270645176257358,0.004122567508200796,0.004684972479877254,0.00021957859595197226,0.0007635859760337574,0.0009155509696445725
ID_9NJBM8,0.0054185257798898675,0.003724563383880367,0.00476348004227479,0.0008664613450628124,0.0006515162679303244,0.0014857032806332902
ID_9NQ4B6,0.005856262362841506,0.004134107281727741,0.0046010213528358285,0.00038172625053070787,0.0009341677389094549,0.0010742889037095348
ID_9NSFQV,0.005674741604146199,0.0043448649165494565,0.004512957401762984,0.00033666362665447035,0.0007086474393458746,0.000838656628007735
ID_9O5TIS,0.005335113720169628,0.0036278622599332333,0.003615782850608705,0.00019192917476253384,0.00034541942518585676,0.0005313860280814327
ID_9OMVON,0.005978548395939606,0.004413113618136635,0.0049761612387589855,0.0003395330357532483,0.0011732081440808397,0.0012724008415332547
ID_9P0RI1,0.00969438798015191,0.005375512166974217,0.006164578380829425,0.0026814328980241347,0.0036060976207728654,0.006081727153115663
ID_9P61Y7,0.006602017092397408,0.004759704354507531,0.005273283896696473,0.0005571973365974336,0.0013706793642627958,0.0019481882209697432
ID_9PKSWB,0.010009242634253124,0.005596287967129175,0.006132174348030755,0.001777581298656059,0.0020511033554903332,0.0022236840644449156
ID_9PMVYR,0.005426038980954582,0.004331185335987139,0.004952583343607808,0.000382430033649394,0.001435284336740516,0.0017954006167506117
ID_9PQIUL,0.005562424783262991,0.0044417268073552235,0.005140985719887239,0.00012651655803686663,0.0008699128769155386,0.0017839809240471753
ID_9PTBA8,0.08822884003326435,0.07024943659799117,0.1329309869916073,0.07247807462251715,0.0827571684446957,0.1870532647639492
ID_9PU0VA,0.00523999193702622,0.004582397573761194,0.005763268682641848,0.0002741173378019866,0.0019205785738926325,0.003322415773769121
ID_9Q3QYV,0.0052203181084337505,0.003983977423831214,0.00421349592032758,0.000317056561985262,0.0006946293285401731,0.00082242415509649
ID_9QHKM5,0.0686951646865664,0.02739045838455526,0.01270766440806005,0.0051648404744319655,0.010227182217171187,0.0050558971535115335
ID_9QINRQ,0.009661528325917367,0.005801072517911152,0.004769140642895668,0.003076794010954638,0.001624438992118341,0.0017346417280123985
ID_9QKC85,0.005328385375211101,0.004140734350723889,0.004691643373254829,0.0002709573568394309,0.000767417776885058,0.0009946083282140372
ID_9QR9WA,0.005202299339250364,0.0041139708771065564,0.004504738712176651,0.00018245055302326313,0.0006522014053081002,0.0008300340167593509
ID_9RA6UC,0.0052140446180787515,0.003963876986908161,0.004298116210280003,0.00029431055644123244,0.0004912029221236613,0.0006058517958073548
ID_9RATZ5,0.0052196843573791415,0.003926934221503636,0.004340888248569267,0.00013970292897732108,0.0006222840430074555,0.0007870647056477058
ID_9RMHEL,0.007636977814250794,0.005268459932388107,0.0054334613699844134,0.0009138284642593456,0.0016329850308671042,0.0020234577522063725
ID_9RTFXI,0.005265901753090164,0.0041413741877401175,0.004677063588589845,0.00010888549247970704,0.0004591240142006127,0.0007839548411146511
ID_9S11YT,0.005420117089079493,0.0038540608829957185,0.004389886811700993,0.0002297288200627151,0.000842170015706997,0.001086685232872182
ID_9S3MDV,0.006256849759009889,0.004662333815951957,0.004937469582082045,0.00039078357158534065,0.0008912164413705591,0.001125028954505543
ID_9SL27X,0.006071819568192691,0.00470128920501682,0.005397038592080359,0.00021244008373937418,0.0014346241825386992,0.0018070497172778441
ID_9SPXYO,0.005413105023791904,0.004241727730046371,0.004797368112902853,0.0005029378612012179,0.001376613280747355,0.0018803331987559955
ID_9SXKX7,0.005569456386671822,0.004655987633192142,0.005140661002903924,0.0007396196789747653,0.0011998055670873072,0.0013501121304846197
ID_9T1VYC,0.010161285141073235,0.00570040250521861,0.005826250866665413,0.0020930435769391897,0.0019479160514622605,0.001995265016950506
ID_9T5MZ6,0.007692778548919729,0.005611262209109265,0.026916880939944106,0.0005057762481699267,0.002020815445609558,0.00880197212661467
ID_9T98SO,0.006611562258457077,0.004370477911627368,0.00495767637098819,0.0007356155641025946,0.0019251386974912601,0.002342052648666686
ID_9T9YY4,0.005743292434630157,0.004394329009487583,0.004465916881895242,0.0007361592617380928,0.001131380817153045,0.0011323456210959257
ID_9TOISM,0.005497946712300666,0.004336920007219777,0.004800138388062554,0.0004278547919138302,0.0010037838639945656,0.00106555855758478
ID_9TPR5H,0.005387089302514844,0.004607853457837037,0.005474065199418895,0.00041088113835740684,0.001606564976217838,0.0023127053512412383
ID_9TQ75E,0.005945975435657516,0.004311182044113914,0.004319675762788089,0.001010308326580133,0.0013383934820074034,0.0014708419755522797
ID_9TYH5Y,0.005503404934567472,0.004387710716840339,0.005136419015870452,0.0001503307945827731,0.0008769462770436908,0.0019440308204833813
ID_9U47O4,0.006269423599856127,0.004271292860834719,0.004676493549513893,0.0003962231099059845,0.0007720906411244144,0.000953996940742975
ID_9UFWRG,0.023480610216430133,0.010239596540693393,0.00938508724517025,0.004594811601320931,0.0055695954957412945,0.008942614239238233
ID_9UK4KJ,0.005389776917690493,0.004357220004296892,0.004532343927933962,0.00048225888044367863,0.000867314158890511,0.001140798366981502
ID_9UO8QX,0.010253665290352904,0.0069398076772112845,0.007494875541852751,0.004320201538721629,0.0037332153224763124,0.0039053150268353676
ID_9UV0JT,0.09942547424489132,0.06622846953548918,0.05691916797012795,0.08076139859151331,0.07004522785702588,0.06591232338771688
ID_9V09AE,0.0052856963449204,0.0039028159304592006,0.004049036514216643,0.0003507255570728352,0.0008770321706116739,0.0009261137575466823
ID_9V3JSL,0.007038739422447382,0.006955457917959257,0.0067548713158947825,0.0006020668987515754,0.0023217820716237435,0.0023202236457299874
ID_9V9BNJ,0.005647072195911468,0.00399325054720457,0.004100751374541134,0.00027418082373794294,0.00047351762232729073,0.0004958621053121701
ID_9VAPA3,0.0054263507957095095,0.00404471959772032,0.0043636860789434935,0.00032322081183036865,0.0009002502603132056,0.0009333186483005467
ID_9VQ06Y,0.015484423535588864,0.046500521101913384,0.08053178663973404,0.002810643796378579,0.047636546850219876,0.07337762596824271
ID_9VY7H9,0.006537904415258455,0.005695105096542444,0.004975683306352126,0.0003794671087337096,0.000797751720964759,0.0007790681722222863
ID_9W1DTW,0.0055022786104412715,0.00403171445265028,0.0044315959836785474,0.00021720396893115505,0.0006462949214267485,0.0006750207847489973
ID_9W1XKU,0.011981366435300502,0.00746214829799846,0.007141483288792511,0.0034566986293756504,0.0034837009380163765,0.0039568442340352445
ID_9W65RB,0.005433635232985574,0.004021486746948846,0.004175836095358057,0.00021189114401360166,0.0006204386432041952,0.0007650232186110875
ID_9WB9ER,0.00561678924955321,0.004325472107447458,0.004941588291576947,0.0001856862026238443,0.0006567810709190502,0.0007756389681306178
ID_9WPT8S,0.008492697188923655,0.0051286375155104,0.005538190172293398,0.0014791899348155456,0.0020890721774151477,0.0018820069528802392
ID_9X5DUT,0.0065207564114190325,0.004693184029655335,0.005031172894528809,0.0005339921054268905,0.0012947250205363257,0.0017224851876093293
ID_9XLCIQ,0.028597938246917115,0.05443788499601639,0.05071074096931143,0.005798310722876624,0.04103180844363378,0.03712395985799617
ID_9XMKQP,0.0051761724079323135,0.003975546964517699,0.004526987102085603,0.0002776275961705933,0.0006599196407773856,0.0011094523903036825
ID_9Y444Y,0.005578619020623933,0.003963671429471045,0.0038490471278195375,0.0006399927480462027,0.0012640167229364867,0.0010990578180620839
ID_9Y7QYI,0.010987243924451526,0.006280184563994268,0.004923675760581504,0.0021800394435007426,0.0015937837508854524,0.0015058025738979629
ID_9Y8SJ2,0.005345081760750356,0.00429537798888065,0.004559572398858339,0.0004224626709342922,0.001265157539543869,0.0015018642234596307
ID_9YG2KN,0.010987243924451526,0.006280184563994268,0.004923675760581504,0.0021800394435007426,0.0015937837508854524,0.0015058025738979629
ID_9YPBUW,0.005352475456835921,0.003933701327066036,0.004466218648950517,0.0002023389951518974,0.0008349245490073779,0.0012867586686017966
ID_9Z1OH9,0.005604884112542514,0.004705914480319182,0.005170158340603622,0.00029795189619635077,0.0007029959954211154,0.0008290901653963266
ID_9ZBFLX,0.005738050252931163,0.004555265218620856,0.004730250319801568,0.0004895913315427482,0.0010673158475328444,0.0011036727676514125
ID_9ZHQSC,0.006362895631738152,0.005782804550219599,0.005636693291464972,0.00017463818677543924,0.0011899246289798868,0.00107414317161014
ID_9ZL287,0.0053353052404430616,0.004828235958456392,0.0060510099512978005,0.0002021880057754128,0.0020783024745487195,0.0032420729784085095
ID_9ZLKG2,0.005828470459653737,0.004481645818963848,0.005111317445801478,0.00037747571169332444,0.0011214764008745375,0.001535195646872089
ID_9ZXQCO,0.0766100472970712,0.061562570878824135,0.05169845838840249,0.047196749504255356,0.08023806450607301,0.06396405065980412
ID_A0HXDC,0.006002902173880308,0.004751614470405199,0.004924065695230039,0.0002456732147334322,0.0008224400296189089,0.0008286784539672624
ID_A0P2EE,0.0053836004538547035,0.004026093962468755,0.004346320586833552,0.00025947514569412875,0.0006085249391303888,0.0006549875571155013
ID_A0YIQ0,0.013771853312073727,0.011111428073033915,0.010890413072728746,0.005019869538482658,0.006128726462879134,0.00564065784258345
ID_A11EEW,0.006667532684352778,0.005313851291299687,0.005708959020298387,0.0004348738220260178,0.0023788553539201723,0.00336607017594348
ID_A145CS,0.005120218038723095,0.003984260545059389,0.004499196283092875,0.00016325647439561358,0.0006965775948600326,0.0008094059464024089
ID_A1BP0L,0.005691199250876786,0.0040548201788800035,0.0038930980455796414,0.0018173658595686,0.0011060971029800085,0.0012162304332192194
ID_A1ECJZ,0.006058884801526117,0.004435003690175417,0.0047628513897166585,0.00043383539122249275,0.0007939304328744438,0.0016028937113943442
ID_A1QQRA,0.010672136871441553,0.00703371506208491,0.007321150237352665,0.0034742093817225162,0.0039496186913985315,0.003683752852283592
ID_A23KNJ,0.00537013074656743,0.00404698346578206,0.004252668124989405,0.00021877169984669417,0.0006620536794332585,0.0005863167485915377
ID_A2Q37K,0.005515195291312689,0.004798851949832078,0.005772509157283507,0.0006454480122995777,0.0017155836327143032,0.002610851128243587
ID_A2QCM8,0.007858160769564023,0.005779376343200725,0.00934192272796116,0.0019003994371383697,0.0014817665517512025,0.006672618506248188
ID_A33GZ8,0.005676629228232825,0.004440985188343539,0.005411280262978027,0.00023448630643297955,0.0013038563197480528,0.002009331486515406
ID_A38G0Y,0.006340313118739656,0.0047468558433809305,0.005016894127970821,0.001024732610002697,0.0010741818281291761,0.001601320969669492
ID_A3DNUK,0.013827094839592447,0.017208686809217947,0.011924152763593597,0.0036826095956461885,0.018415710126794875,0.01478649692235783
ID_A3JPS0,0.005503404934567472,0.004387710716840339,0.005136419015870452,0.0001503307945827731,0.0008769462770436908,0.0019440308204833813
ID_A43PS9,0.21276820452745493,0.26191017638073555,0.14719730458789387,0.1578886373495769,0.1570298738920552,0.09056019745190808
ID_A4LTP3,0.005924076062376569,0.004082602775291218,0.004566561975963084,0.00041942134288194263,0.0008117158063533466,0.0011246751320561276
ID_A50E5P,0.005509187744076428,0.0040776797331220456,0.004377050946321403,0.00022468654460858488,0.0012827677257247407,0.0013946460633708292
ID_A5YCBL,0.005303127150047942,0.004014007260266318,0.004259765758874501,0.0003671239595307137,0.0009007199982050346,0.0009404545768729721
ID_A66ERH,0.0053911300361373345,0.004814463261835329,0.007524495860445968,0.0004540081282553801,0.00221821023638501,0.003934827301605998
ID_A6815G,0.005800861675530571,0.004704359486729434,0.005766103298486286,0.0006263742094650318,0.0010643423721332576,0.0032293400056813823
ID_A6J8PW,0.006114297278598628,0.0049425214086877825,0.00630792388669954,0.00026991767770896414,0.001591388182168046,0.0025391694319086317
ID_A6QKLH,0.005300255416501344,0.003796558287787764,0.004145016587750017,0.00022723203559769562,0.0005413293839282407,0.0006805580652463708
ID_A6YFT4,0.0136265073746536,0.005607091386228392,0.010176847377499697,0.0020962853100796553,0.0013792765114455407,0.0022885982271638977
ID_A7AZEH,0.005364448066964543,0.004816983196698847,0.005218963450895232,0.0002551012321871623,0.003462454887798879,0.004778614833908408
ID_A7DKT7,0.005176510098779968,0.004134881827114185,0.00404401409710078,0.00015460499077143215,0.0004559205042661552,0.0004536769058521935
ID_A7GI40,0.005240496629926015,0.004041599624635297,0.004477946060469329,0.00022090248113447016,0.0009179347812261416,0.0012060857514822527
ID_A7GQU5,0.005141902551705967,0.003996798472762571,0.004131195483349821,0.0002948510480634307,0.0006674951140308157,0.0007042565973425013
ID_A7LTX0,0.04347162970122768,0.040079835250436076,0.02455257772362416,0.018148992637603344,0.0415931954931836,0.031919446819843975
ID_A7QLXN,0.005383079830535405,0.004015645874244047,0.004371640339119549,0.00022464404011500634,0.0007067968760418553,0.0009503070647397511
ID_A7UKVZ,0.00596723531009789,0.0044138415647818246,0.004980397705138082,0.0003571730448218414,0.001130861666616156,0.0013544641215915696
ID_A804C8,0.005945975435657516,0.004311182044113914,0.004319675762788089,0.001010308326580133,0.0013383934820074034,0.0014708419755522797
ID_A8CUPT,0.005199029848861481,0.0039383481273845495,0.004426092550772381,0.00020105753237526625,0.0006240217158129391,0.0008287530303192562
ID_A8FL82,0.005183713028665902,0.004027052514356319,0.004558874515789539,0.00019076941184540563,0.0009260691692262046,0.0010883013854028915
ID_A8HYQ6,0.005178448432770564,0.00409353900031545,0.004840153083794408,0.00023119373325673545,0.0008872912087265265,0.0012639857030026526
ID_A8N019,0.009412351489376853,0.005644735886971323,0.0059813408321702935,0.00293835807689036,0.0015089545225711399,0.001739556596476624
ID_A9BGIR,0.005342904600913001,0.004826818414571217,0.006024096960908936,0.00021062313075081974,0.00208762965049274,0.003158685225687256
ID_A9QQPQ,0.005630495869460361,0.004198972798812855,0.004645431500672863,0.0004559973293685768,0.0008338943615140945,0.0009509734818485547
ID_A9SOTW,0.005433209489646666,0.003664939115921157,0.004567972349116558,0.00031952166275681825,0.00038394766325255736,0.0008689913045062769
ID_AA0TBB,0.06952992544969352,0.05519694929417004,0.03840737698029387,0.03725746677413471,0.06980254610243183,0.048375514263435115
ID_AAG1MX,0.0055507752800742155,0.0051603158399399955,0.00596995521964294,0.0006391907532404128,0.0017135162906925985,0.0022445472676995743
ID_ABA2EL,0.005284875086181527,0.003934594243866996,0.004103817586523504,0.00021278767685564362,0.000557296156305803,0.0006404924800108821
ID_ABFR5T,0.006202404040233119,0.0055501924246567505,0.005223643291577158,0.0004472507807809928,0.0017008328234954717,0.0014601902548703255
ID_ABKXZ5,0.010215670146666765,0.005601107749278021,0.006159481510653253,0.0019104521161443903,0.0021535077899671505,0.0024461304299098026
ID_ABL5U6,0.006347402507221756,0.004577789279770338,0.00487172037810165,0.0004649245254883804,0.0009512433946571154,0.0012266095576670187
ID_ACHKGT,0.22733954376208335,0.4724298436121312,0.3675456826049889,0.21996268448317086,0.6336028532554352,0.5593296445786679
ID_ACIYGQ,0.023667870733515964,0.010204286223427231,0.009075702500125436,0.004766904300582086,0.005437343686045792,0.00823652553795605
ID_ACLR4X,0.005704654125785011,0.003979636360369354,0.004209872324552294,0.00037800359503107733,0.0006502253468177468,0.0007792507935823173
ID_ACNM6Y,0.029442454742282863,0.019045507583732132,0.026250180171313843,0.013387812872297556,0.019267469705343356,0.03579748738399977
ID_ACVINX,0.026578479692153024,0.016297551777161395,0.021535967231801137,0.010180041862981118,0.016841079566482932,0.029498745187986612
ID_AD0JB4,0.006098867477988784,0.004389554012068384,0.004989315627372155,0.00036887961988399517,0.001136227802880536,0.0015348170196044677
ID_ADLLTR,0.005415897369816675,0.00457961059205472,0.005244664827237181,0.00031843995121341246,0.0014514334203976304,0.0019502675604535346
ID_ADNSWV,0.005374666746855244,0.0050431209221495155,0.006411019019863849,0.0002809767980248369,0.00301400443161949,0.0037625357051965214
ID_ADPV8R,0.006543236586558181,0.004752168789609893,0.005157138595828788,0.00035734480915149564,0.0014144108777776716,0.0018340952320348145
ID_ADU6RR,0.005467177628628169,0.004321555157055197,0.005041690748806114,0.000330363368813891,0.0008818142380916693,0.0012889197907600479
ID_AE9R4L,0.005190702443149688,0.0039226924198765825,0.004489227628980087,0.00018066615034732891,0.0006831425748374462,0.0009588925150568306
ID_AESDDG,0.005435829454123792,0.004368944216121392,0.005038627561241343,0.0004091212279615571,0.000942739408821438,0.0012355082844127698
ID_AFAB4R,0.008083725569835679,0.005264720376064202,0.00569018946347024,0.00182376606386331,0.002007238259899043,0.0028335130043406725
ID_AFFUFE,0.005380437474415367,0.004031810887787901,0.004149340879888373,0.00018821085590248578,0.0004779934843093484,0.0005108924562420792
ID_AFJISS,0.0051251470882711795,0.00386874593138654,0.004152464056776355,0.00018251666318421482,0.0005904426041653564,0.0006851924813838156
ID_AFMCOW,0.006458816944158275,0.004393747590045435,0.004837771530064635,0.0006241237821543471,0.0010889735106668521,0.0014789966386152837
ID_AFNCWF,0.005329678223992849,0.004066270872136064,0.004113016943753957,0.0003203859924703462,0.000572123516777883,0.0006326049398303875
ID_AG0A6S,0.0876632632349474,0.0494273143858854,0.05439640632912439,0.07454382199132868,0.05428920331854735,0.08092485483673001
ID_AG56N6,0.09132065372871713,0.02052701041265651,0.09247999862152353,0.014162542297098832,0.017128115936664603,0.07912801106171921
ID_AG8V7R,0.005569456386671822,0.004655987633192142,0.005140661002903924,0.0007396196789747653,0.0011998055670873072,0.0013501121304846197
ID_AGSGHY,0.007402035618308026,0.004038801050828394,0.0051430502069734745,0.0004708250551262355,0.0003741004076220809,0.0006689491561393219
ID_AH9Q0K,0.023044788826696947,0.40120755115548645,0.2890729856685988,0.009599740465718385,0.49487454832611477,0.4321487848853226
ID_AHK206,0.0065207564114190325,0.004693184029655335,0.005031172894528809,0.0005339921054268905,0.0012947250205363257,0.0017224851876093293
ID_AHVSYQ,0.005878469862158769,0.004237469951109821,0.004549834868618841,0.00029096496669963473,0.0004719520201577562,0.0008004379175779985
ID_AIAL8Y,0.22576087692733604,0.15060100139161123,0.09761103534825641,0.21055830498758318,0.20517838398148305,0.16087933286034167
ID_AIEZLX,0.4189856480011929,0.6467691952111022,0.6085440478906372,0.5782348475134502,0.7656267200318924,0.7949976039476662
ID_AIQRMM,0.007523599261766309,0.0046105614863341795,0.004568614079219175,0.0013486663678261754,0.0008141720582530471,0.0009158405983491327
ID_AJ2J12,0.00561594474789848,0.004545511391710949,0.004767517646074378,0.0005419280749503645,0.0011355874824852353,0.0010830876702087383
ID_AJZY4W,0.005085128458966227,0.0039028788080143137,0.0044938271072812504,0.0002964994222648194,0.0009972542198057842,0.001408435246531901
ID_AKBWMP,0.0054479272803773125,0.00513105298856642,0.0064436149568261195,0.000473099089419031,0.002356213695833246,0.004014118511659303
ID_AKH3DX,0.006072752162893649,0.004544326134649013,0.004997519677899293,0.0019208763194116618,0.0010646063726209676,0.00140428417450672
ID_AKLZO2,0.005465507036592157,0.004083435463567242,0.004291475268682159,0.00020898239242843786,0.0008133344544435364,0.00112939937760677
ID_AKO2D7,0.005821301961915789,0.004591482008114879,0.00499442301741943,0.0004525910072918645,0.0009006814125162962,0.001258060110183348
ID_AKS62G,0.00599990149636904,0.004644322244965221,0.0049403373378529404,0.0004005919049089575,0.0010339346228036867,0.0018440894105978254
ID_AKV0AN,0.005465061031876031,0.004255158995828004,0.0047865037729180205,0.0002720517604832793,0.0010753914742348818,0.0013188172561551146
ID_ALWNWF,0.005242892213164059,0.0038500432413157196,0.003932997901050063,0.0002004330197079071,0.0004270186822621737,0.00047891108163397047
ID_ALY7ZZ,0.007140417133107466,0.004642648875344768,0.005345114163267078,0.00234652301892743,0.001722644398971444,0.002130825875931597
ID_ALZ6BK,0.013533023015118816,0.004947370601672606,0.004554209203567402,0.0017357274248453601,0.0011763646341450263,0.0010851044787197725
ID_AMG79K,0.005102495381603826,0.003942212174401698,0.004370660906384968,0.00012910363346289175,0.00042143525107708843,0.0005791114260339279
ID_AMLGLN,0.005381621217156262,0.003973855013469468,0.004093532849585808,0.00044441653280332435,0.0008547466904852922,0.0008408285006910532
ID_AMSE7R,0.005808169101095563,0.004433852138156181,0.00514108186053325,0.00034018345900845205,0.0011290475672811361,0.001708381876614304
ID_AN1U1Q,0.0051799943581901774,0.004164810569174034,0.004740306669004015,0.0004018374500495443,0.0007768924054262942,0.0010210821346792037
ID_ANAD68,0.00579955962894268,0.004615755446039161,0.0047679849021629375,0.00018424114488353315,0.0012533826531616284,0.0009756627072105589
ID_ANC2EL,0.008091043454014393,0.004994434086703143,0.005068571245379733,0.0021698607944644482,0.0011930843290462471,0.0014642553203318305
ID_ANHYB9,0.2617270606362736,0.4981132509520656,0.5447944261172321,0.31103313574072355,0.65706620573995,0.7489523261706884
ID_ANMF9T,0.0056009797039416566,0.00410949967916892,0.004671364669961658,0.00024391566792165094,0.00068572922852154,0.000706389332745322
ID_ANQ3L6,0.2240120896434935,0.12410439373176359,0.06148804029072396,0.21488780222498224,0.142545230561055,0.08180558909711627
ID_ANWPH8,0.010240495743945584,0.009014624792849427,0.009241051473193589,0.0030776714703048356,0.006674033824231374,0.0066261314109438176
ID_ANWYJ9,0.00581808183231625,0.004606736193498727,0.00520097640081205,0.0002305338703423184,0.001349286209526578,0.0019118516597827445
ID_ANX289,0.005172607220010579,0.003807533332145198,0.004164031984080348,0.0001591163756524052,0.0006595348346768126,0.0007735129063058646
ID_AOFGSF,0.005270868214620488,0.004013871870232389,0.004608814714852827,0.00023358393931049518,0.0010023372246113838,0.0013149158796920916
ID_AOHLCR,0.005424223837435366,0.0042278652607751705,0.004716175120191228,0.00017364030504745943,0.0006029551150631543,0.0006808544943618519
ID_AOJ7HM,0.20859059717347556,0.12439360463953217,0.1352193477672564,0.21811890593693908,0.16051486783890012,0.19656708838786469
ID_AOUGMR,0.005636633739435696,0.00420491526800597,0.004570799963604829,0.00025411084223047817,0.0008058800487991038,0.0014568957504392458
ID_APH98Z,0.00528846588047538,0.004039175753388024,0.0043706551486236145,0.00018017099369726686,0.0006287340684651824,0.0006999614685427841
ID_APINN8,0.010640269120423835,0.006483117545755327,0.006517126611987592,0.0047453066590343014,0.00432811940805463,0.004221598937449487
ID_APXA0T,0.0056275315476907554,0.0042457583407903565,0.004346762214330763,0.00040556258225907444,0.0009181772361596532,0.0010256923940896014
ID_APZ0D7,0.015804739829733582,0.010963175261919755,0.012625459492224265,0.004598114507035188,0.008539946953102739,0.010565371477051722
ID_AQD45I,0.053380449250020535,0.027224610394103288,0.016981330413132264,0.018576320845911265,0.029905498664203885,0.023001408003130372
ID_AQEDUU,0.02156736234873439,0.007669268327641083,0.008063735215398372,0.007761086191407166,0.005358404740142367,0.0071637859539807995
ID_AQEEKF,0.005332684493444102,0.003881921338009836,0.004400191185526445,0.00023013542814765897,0.0006190219191379053,0.0008555809670758096
ID_AQG7O8,0.005220704450409266,0.004232567862286371,0.004927146268620842,0.0003196997900535755,0.00139739825045074,0.0018666333767577662
ID_AQLJD9,0.005389160886254513,0.004003682558778298,0.004143458669855556,0.000428221620567989,0.0008778823515294212,0.0007926071532433879
ID_AQNPGS,0.011599188162721392,0.012576748712928517,0.0174918596593285,0.003339033731153987,0.01271862098827222,0.023577756723128385
ID_AQTW5A,0.005420218830038166,0.0043758446048035304,0.005307574383170808,0.000149364204132896,0.0010536494910892286,0.0015487750625650485
ID_AR0M29,0.005619128330132102,0.004289662930156209,0.004627426389420312,0.00034426196669332115,0.0007622488505411893,0.0008402308480818857
ID_AR4HAO,0.0053422700054278575,0.003634085607462442,0.004459842774346751,0.000256799925351506,0.0005046891074955847,0.0008551781028129377
ID_AR98VZ,0.005394259303126819,0.004028494433430556,0.004330542744632267,0.00032154743068801356,0.0005844172615342142,0.0006372650168775727
ID_ARK4JP,0.011165825392870086,0.004841840068549985,0.004961641938928731,0.005654420054910612,0.0016518009684827759,0.0020457063171643018
ID_AROTJX,0.004947602147851202,0.0036432118856279646,0.0037841054185663013,0.00024230613192880113,0.0005987543961128907,0.000739329427090509
ID_AS1OS1,0.010217523674378741,0.005603271933741472,0.006160048851176392,0.0019287946376801612,0.002142722998734946,0.0024453306361571924
ID_ASGRG0,0.008839919941298421,0.0049125596132542386,0.005102629065721096,0.000905591571747964,0.0011689607754891774,0.001506781503406705
ID_ASOI1C,0.005511885360565316,0.004205388072110487,0.004891327081832308,0.0003454880975170292,0.0008677089427018994,0.0011334645442660008
ID_AT9XW0,0.006177453837620584,0.004362796962717174,0.004907946665671869,0.0003220787176859799,0.0012249822263271021,0.0016152614292745554
ID_ATBCP0,0.047874372441281274,0.01343691432202851,0.007049811499165533,0.004233071902848207,0.003901828949858088,0.0023319309290423655
ID_ATOU9I,0.005359096242693937,0.004094196319954051,0.0045697227797139965,0.0001830954095807755,0.0006375839082244352,0.0007514490850139668
ID_ATOZFV,0.005103557625184095,0.0038531420279594494,0.004347690024626841,0.00017550595272066457,0.0006272522009938403,0.0008717465479489517
ID_ATS0PR,0.006561782959793827,0.004630728040959859,0.004938153341680032,0.0003070499610542849,0.0013506906802587405,0.0017458702820667149
ID_AUEQB1,0.006855510560931973,0.005388952709618311,0.005566142983792888,0.0004000890198046796,0.004549680008830301,0.004956558581997023
ID_AUK2TM,0.05652622499196166,0.015228713798998806,0.015156849101654256,0.024909822718562423,0.014681093656381004,0.016655679363269827
ID_AV3PSZ,0.01976969157097079,0.006303470346736295,0.007162922208010748,0.00530742793392029,0.00410408034077607,0.0065500075182825706
ID_AW91U7,0.005373971686052386,0.0042389897022891,0.004819685268195562,0.0003923540929594534,0.001330681523492766,0.0016933312933111362
ID_AWGISG,0.006521491146157615,0.004697051641187128,0.005049720370174314,0.0005551393846710262,0.001340838407316068,0.0018075099152641664
ID_AWHF2K,0.014657505642988419,0.022040892101082076,0.007333746066388162,0.009126892804951063,0.008724775376497495,0.0032044271898612727
ID_AXB1LU,0.005459283242734429,0.004090358461794925,0.004284896516656408,0.00020259234937235697,0.000620766924164084,0.000568172371930642
ID_AY542M,0.00581136542133767,0.03294409061317855,0.005270752372902932,0.00037319697957697754,0.010611548633846756,0.0021121897798747004
ID_AYT8DU,0.005356534885215068,0.004189871874572958,0.004894983025621316,0.00021415912476339027,0.0005244058732166961,0.0007459058079232279
ID_AZ8323,0.005781693745399704,0.004620864557235328,0.004783478654214836,0.000271487940819922,0.0011782744689431124,0.0009767018395880887
ID_AZRY44,0.005269318501763952,0.004134973199477316,0.00484403606536252,0.0003085215494432879,0.0006857510614687249,0.0008150959348755669
ID_B0H92W,0.005503404934567472,0.004387710716840339,0.005136419015870452,0.0001503307945827731,0.0008769462770436908,0.0019440308204833813
ID_B0QCIA,0.005597025401681252,0.00392299305114115,0.004361166905387095,0.00025382938605261757,0.000690354623789577,0.0008388249603936648
ID_B1092H,0.009901047946500681,0.006608228903837859,0.007297990236488745,0.002078840002243758,0.0024526707301089977,0.0030758235116149254
ID_B1FONR,0.009238610158891877,0.005945521741637059,0.005627639435841961,0.0006809271993783308,0.001262615172970804,0.0012779003437975672
ID_B1G5TP,0.0058030079133353256,0.0048171437574970975,0.004226934830864095,0.0003608683120419269,0.0008119801303240554,0.0008020939598107059
ID_B1P8NI,0.5782663461350899,0.7840893756439771,0.6514802667163796,0.860051068425985,0.8928573902910556,0.8475070220452287
ID_B1Q34R,0.00529256047673252,0.0044699438958772375,0.005497598243249134,0.00029732782653502056,0.0012226964840076826,0.001746663155729519
ID_B1UDBV,0.005305456843827288,0.004161752973091162,0.00496433251770485,0.00011018018120870725,0.0007045337729624462,0.0010290591245757318
ID_B22C03,0.010217523674378741,0.005603271933741472,0.006160048851176392,0.0019287946376801612,0.002142722998734946,0.0024453306361571924
ID_B2EQV1,0.010591226763274854,0.0064870653817882835,0.006223952933575716,0.0022331283809669624,0.0024021970465919556,0.002301833349013851
ID_B2UV3T,0.006401712716613196,0.0048727686733222655,0.005659219580920792,0.0004756944485769146,0.0011645408572973786,0.0017674141551190137
ID_B2X1DI,0.0051621637935693335,0.004459859953497171,0.005595961300218299,0.0003356354878940576,0.00166616524628752,0.0026188584134335855
ID_B2Z1PP,0.05249472129276767,0.037275803604273294,0.02015118003442039,0.03438202505460546,0.03708649851567945,0.02387397723718378
ID_B33J1S,0.005381374653510654,0.004248106153631601,0.004652777933707614,0.00042626087755636,0.0007485705010825746,0.0008658228485047831
ID_B33LO0,0.008108146193430844,0.004230853783125455,0.003940811091782102,0.0007205709565125464,0.0007064997330623446,0.0008935817717768908
ID_B38JUX,0.00763145947680345,0.006167268282285938,0.007114371751262462,0.0015845557828684227,0.0026280163106925,0.0037764361016286805
ID_B3CDOU,0.008070776688695424,0.004716194991383951,0.00488136922246838,0.0005491421783734808,0.0006640845100788068,0.0008620991773916561
ID_B3GS6V,0.005256030760722393,0.004202449451109658,0.0049690298597582306,0.00014122609286192078,0.0010408699165083564,0.0014517547244454034
ID_B3I0HN,0.007378938778397228,0.0051214583804315775,0.0054416303089114,0.000805964868074282,0.0018162931895899638,0.0021993928615647892
ID_B3KWIH,0.008393882037189897,0.004840587862323923,0.004874437743566212,0.0007911620608274106,0.001135813518000408,0.0012000214442083855
ID_B3QCGW,0.005019802921231763,0.003770251981483956,0.004205626438278674,0.00020479533142150346,0.0004751760835713825,0.0006360386353892436
ID_B44OOF,0.005803420671447508,0.004338191163466806,0.004600668605107425,0.00037984794599240393,0.0007646389476962239,0.001299709161450672
ID_B478DU,0.005669995525607205,0.0047594778473979815,0.005228904278011383,0.000322097753948378,0.0015264911382685395,0.0017497263364180417
ID_B4CFP4,0.024661745838195144,0.0065556791539720825,0.014172392220061827,0.002054500417460225,0.004652939800982529,0.008028671437373139
ID_B522KP,0.5143489262771367,0.46020303746799657,0.5410301212004567,0.5809096580720843,0.5675248776731265,0.7559192471417892
ID_B52MTK,0.005279422228229043,0.003939772833976772,0.004121989072249751,0.00026879090643470494,0.0005969878211427315,0.0007088668703319037
ID_B5C6RJ,0.005399813106133076,0.004319931524567557,0.004985184406124964,0.0004426446991074303,0.0014241678959797804,0.0017635282714995083
ID_B64QFC,0.006097163256907068,0.006094020808733677,0.005598358784572367,0.0004109385186905308,0.0010785123094533859,0.001065727319315872
ID_B660BU,0.005146713543815426,0.003986617774469012,0.00460012745620034,0.0002366487384174335,0.0011199482780551023,0.0014116980580606584
ID_B66QBT,0.005774408357402808,0.004009859312133263,0.005255340054020074,0.0013763388047202895,0.0009019466355863362,0.0018286945969003983
ID_B6GW66,0.00792636677483623,0.0046584615278278865,0.004825265012209918,0.0008554950092837996,0.0009515948444047103,0.001147163631928163
ID_B6QT72,0.00532370494875299,0.004036084267096205,0.004041018001442188,0.0004716106917978231,0.0009440191165238255,0.0009737462372350274
ID_B6R04O,0.0056425422347561975,0.003903961349494385,0.00388650051416373,0.00039035700638515806,0.0007663014221603228,0.0007950966704953313
ID_B6RUJE,0.0054745615502621945,0.004223421281590509,0.0051697922902137145,0.00022120829427564937,0.0011255548742285266,0.0014083089046606184
ID_B6UXCI,0.10246309598188075,0.20764999685993185,0.12570115604144763,0.08538597104906201,0.2320039706057883,0.19742033548210947
ID_B6ZZ5P,0.005490070434167879,0.003835249943962646,0.004066392663222699,0.000281155629679602,0.0006162595665904461,0.000781746746403633
ID_B7O2ZN,0.005224505532345235,0.004146318356406496,0.0046216866243698725,0.00016698408832452148,0.0007888518395088253,0.000979878673734916
ID_B7Q4VT,0.010591226763274854,0.0064870653817882835,0.006223952933575716,0.0022331283809669624,0.0024021970465919556,0.002301833349013851
ID_B7QGQV,0.007759370311389057,0.005552484872401483,0.008268696430772354,0.0011064287795469411,0.0012053157201494125,0.00612935396884198
ID_B7S9BY,0.005176515696242655,0.004135937539171442,0.004042956681595849,0.00017977432575452942,0.0004897366436171319,0.00048285328124092605
ID_B7XTJ9,0.01124975489233725,0.007851370524102024,0.007780986105910156,0.0054576481743305785,0.005173287640764898,0.005444603199028042
ID_B84S8R,0.005259298587912424,0.004308863516959239,0.00544395968055191,0.00016236057323446492,0.0011523509264036338,0.0019148136666946433
ID_B87F80,0.005475813816592805,0.004225321405216299,0.004764191104050642,0.000171614726703084,0.000978069020554739,0.0010494796341311127
ID_B8BL0O,0.0059766254548881724,0.0049107196853460135,0.005348579500893287,0.00028453710947244474,0.0011190417193517887,0.0022289462693878053
ID_B8EFZT,0.006291042401235507,0.005217117165134931,0.006228858201113365,0.0004121738796668243,0.001628859691184883,0.0024661453719125007
ID_B8FR1Y,0.0643501693215735,0.04978856373678936,0.0387753887515068,0.028422166059101056,0.027455341777922936,0.02442460720896912
ID_B8H7AK,0.0055398380736022025,0.004886073601271077,0.006334208874354405,0.00036546458678319405,0.0020972349531399597,0.003271911608430729
ID_B8PE1F,0.006536366352024621,0.0055098378878039285,0.005083300948418939,0.0002810495059839835,0.001171319472570344,0.0012579036794650444
ID_B8QQ14,0.005545906007244075,0.003953722292401447,0.004240839125924071,0.00033343973957429286,0.0006339695974306158,0.0007718934920646034
ID_B8SSFI,0.005989385974152203,0.004720097299558527,0.005659504341648466,0.00031097973922114905,0.0012065833779656727,0.0019278623690178996
ID_B8VB2S,0.009702761047704546,0.0057186690844171235,0.005378995713887786,0.0021102570234180743,0.0038281763484860876,0.0035108444380409953
ID_B8VYG3,0.007140417133107466,0.004642648875344768,0.005345114163267078,0.00234652301892743,0.001722644398971444,0.002130825875931597
ID_B97PWM,0.005507071143248474,0.00431261722876713,0.004534435567310991,0.0006331483841667348,0.0011897722051061011,0.0013973800839441745
ID_B9HQBN,0.0086362274964987,0.011889113856102647,0.01899232197189408,0.000626851017987438,0.005116217967795381,0.009958634437885456
ID_B9T63O,0.005526538729346384,0.005068747084534586,0.00830883427818189,0.0004959916681248235,0.0027159916371076362,0.0054265453726571634
ID_BADU0T,0.005264734268146613,0.0041370314935229215,0.004678622654125597,0.00018630402386350786,0.0006605340842746448,0.0009015390852674212
ID_BAFM4T,0.005620303062218578,0.004321127265599235,0.004752108095626856,0.0003812271089901467,0.0008671644984775026,0.0010552239111194912
ID_BAHEHY,0.005193240341707225,0.0038264656871627935,0.003958990359018457,0.00017457813163412815,0.0005185968345902502,0.0005761048028405381
ID_BAJPY0,0.010073928127354416,0.005342207246331681,0.005814745320043378,0.0013993801030855635,0.0016700502731922951,0.004126114114948743
ID_BAL7PW,0.005731070595358286,0.004457287154238603,0.005618126005846319,0.0002126363403652903,0.0012670523191619684,0.001997455704047257
ID_BB770Y,0.005438458046501982,0.004404255552011216,0.005327279362669492,0.00022946735347645705,0.0013792321580672433,0.002280273293483905
ID_BBB09D,0.005496677905944284,0.0046867392738005114,0.005571877285157505,0.00038366850304809465,0.0016411790411652494,0.0023664668141322974
ID_BBFEO3,0.005798327269243204,0.004272085671341106,0.00446254751273518,0.0007850856505673242,0.0009086600737521833,0.0011305191289738062
ID_BC5JMO,0.005799114333717894,0.006746524305599932,0.006789748056300274,0.00021800444786824273,0.004026720363034299,0.004990266412635417
ID_BCF7Y5,0.015065253395783703,0.010854184412628913,0.013847269686940505,0.003678752516856082,0.008564613188268575,0.010818659018250536
ID_BCUUEB,0.005316929702783902,0.004459833098091949,0.005379446674006569,0.00023444735320749864,0.0012753328319786983,0.0024466866012632254
ID_BD1I07,0.022771836834908854,0.0066122799759853225,0.006142809848210936,0.002696451585145401,0.0035213454941808785,0.0034771697037756792
ID_BD754O,0.005558080493930098,0.00418974433669991,0.004383787976013175,0.0003788292816000876,0.0008363347258925044,0.0011895074566809585
ID_BDJQVU,0.005370154860687801,0.003749021595704531,0.0036757793039556134,0.0002961402837958533,0.0006199806203501938,0.0006606562264537206
ID_BEDWST,0.005565647250222994,0.003958624709885644,0.003863506521951601,0.000497081645247281,0.0010956206113216464,0.000957260087327921
ID_BEGWIW,0.005285605296225167,0.003855804906290434,0.0042552193297386775,0.00023929429096514865,0.0005562588351584435,0.0006055048870967651
ID_BEJ4NZ,0.16151047880793884,0.18211536162673334,0.14194313264623182,0.1652002580660854,0.20858452087584164,0.1546748576470779
ID_BEKEYZ,0.007842160088148444,0.007216388095077401,0.009319895880716515,0.0013915489385392618,0.005297636645733913,0.0059814611117916605
ID_BEPICH,0.007823017627297788,0.004645680346314196,0.004676711493699398,0.0007740933300622605,0.0011659199122530874,0.0011897342008346603
ID_BEU1N6,0.0054149452191824266,0.004179419436511885,0.004866599462637862,0.0002822009294360968,0.001059704943980636,0.0013120851219788237
ID_BF07MI,0.005342666009765133,0.004966432016850055,0.006407473696728918,0.0005151392703154076,0.002278518367539907,0.003490069037434599
ID_BF8224,0.006424791845987673,0.004699191373403507,0.0050620601500828075,0.0005017053584183219,0.0011241404820014247,0.0013862880891085695
ID_BF9GRX,0.019748997203646874,0.008973716018397611,0.007638874568748463,0.005544567757186261,0.008694513121298644,0.007498423417025627
ID_BFB0U7,0.008573844215671077,0.005962272927527196,0.007248545242473373,0.000978240029041342,0.001953798355936735,0.0023457008078038885
ID_BG3G76,0.005840546335616239,0.003910489913051179,0.004038126991021976,0.00020371106728646161,0.0006046760611677048,0.0006130741289452436
ID_BG41I8,0.005619128330132102,0.004289662930156209,0.004627426389420312,0.00034426196669332115,0.0007622488505411893,0.0008402308480818857
ID_BGDOB3,0.006012286690061591,0.004007120111808589,0.004517815010384987,0.00025620555062463065,0.001031792451945405,0.0012000155412335086
ID_BGOJK7,0.0051965534302566,0.004293117149689189,0.005213401236969002,0.00026189504454620223,0.001161098216231995,0.001821742380649995
ID_BH79J9,0.00509171000526048,0.004170696555962168,0.004505598950225944,0.00015298148590326194,0.002401691887302258,0.0028609002489279945
ID_BH8KBA,0.011044472949182507,0.006694943337590935,0.006230035947441628,0.004126158835631199,0.002889166485482201,0.002897869597468117
ID_BH8L7O,0.005080187521891668,0.003817735675154713,0.00411999889612018,0.00020325531485412704,0.0005677392139877674,0.000615491378396584
ID_BHJIUD,0.009426660994386247,0.006884347270250384,0.007774393333663064,0.0015094748470793876,0.0024509321571824397,0.002993327504379474
ID_BHNY0O,0.006759435257588014,0.004555342131136844,0.005104176592562915,0.00040417039732656415,0.0011300178182878273,0.0015503287823452822
ID_BHSPH0,0.0052514537947231064,0.004204670451075233,0.0050879386049209295,0.0004621838069757759,0.0012366722036981088,0.0017183631127834025
ID_BHZQ1G,0.005221646808997603,0.004007523518074983,0.004618078098337025,0.0001654733243372761,0.0006039918028745207,0.0011771950170866817
ID_BI2AKY,0.005211535589491748,0.004435095947667226,0.004882472752773031,0.00022658691622634512,0.0030287454308862366,0.004155547622122334
ID_BI2VMU,0.019759422509600465,0.009822429950577688,0.008752645778457867,0.0061638748687287545,0.009023233664181528,0.008456942349013237
ID_BIBW8E,0.005233580096979481,0.004029777429049549,0.004644240800534345,0.00028609122396143255,0.0009989375434703968,0.0012677687766915542
ID_BIKMDL,0.0051989468103056,0.004464975969770721,0.00522464240941269,0.00038303873405430187,0.0011602806462331161,0.0015050571545400225
ID_BIPA8U,0.005908278876339984,0.004189883974118991,0.004272597042865822,0.0007228576423470055,0.0007858106588214731,0.0008961167315977825
ID_BIPIY7,0.009197314294818898,0.006784401885476294,0.008458307620502504,0.0033769852934666038,0.00351557968999591,0.004820709098542469
ID_BIVD7V,0.005519680465762024,0.004467865288146295,0.005183818067502142,0.00041760935893140304,0.0013948016331599433,0.0015066741317476713
ID_BIVIM6,0.03260042805449483,0.005447860389989268,0.01191373938651654,0.011084463047443618,0.0026666379165136574,0.01043158531466837
ID_BIVVQ5,0.005359240785026825,0.004056547233025454,0.004481580280595555,0.000225081287356887,0.0007023962073818393,0.0008649176890551586
ID_BIVWYY,0.019584581595931294,0.009030629769260666,0.008276230575053141,0.004150710149570216,0.0044777514653789865,0.005043280281014072
ID_BIYAR6,0.005547074381687664,0.004398498537524857,0.004913248175765925,0.0003793830238956375,0.001536538902257304,0.0020834875488197897
ID_BJ7D96,0.005865241010796883,0.00455795168937732,0.004715214729570608,0.0005611675525668193,0.0011324191880222557,0.0011833138345412355
ID_BJ7RH7,0.005779478933816011,0.004257495275458074,0.004780363153873767,0.0003656251638850243,0.001086814052430393,0.001292706709152758
ID_BJV0W6,0.012431533316589105,0.007118696114557029,0.007350968902446756,0.004675507668904502,0.002626661887780211,0.0031053174514961584
ID_BK64SS,0.006280663463643563,0.005391210483818038,0.005393313386572605,0.000706106389002591,0.0014840611047031204,0.0012891005519299462
ID_BK85LX,0.00615741053115566,0.004570279214915935,0.005184535407919,0.00045868227374686477,0.0008905693183229445,0.0019963435189465995
ID_BKDCXA,0.0053620791525528936,0.0041862854072142516,0.00520022734074,0.00018127893574248287,0.0006584627503649886,0.0009962855005342434
ID_BKG1JJ,0.005173064267580738,0.004080880462835009,0.004236711128007588,0.00021613441520592662,0.000980992408356203,0.001159265958179325
ID_BKIDXK,0.005336327709449633,0.0038638752724515007,0.004303694338810648,0.00019924947475269666,0.0007331743495849743,0.0009717226325303117
ID_BKMKQW,0.005399356905982256,0.003925041447063888,0.00439539680436435,0.00019939581113611273,0.0005518465337451964,0.0008183527844342095
ID_BKO8EP,0.005527944736508797,0.003932371265222982,0.004348459704073452,0.00031108481621772404,0.0007415548677161016,0.0009753873735378325
ID_BKPXHW,0.006178926328491557,0.004472949003381093,0.004881199641705324,0.0004391180529789338,0.0007352350906856677,0.0012542345076269057
ID_BKQMY3,0.005209924760495065,0.004261017622808002,0.005106684631415622,0.00020740790346824746,0.0009771746756603759,0.0015557022709716626
ID_BKVJQA,0.005312681826082202,0.003957024415496632,0.004231104281811751,0.00024319969670905938,0.0006526936271197599,0.0007725718512459401
ID_BLCTDI,0.005244664909409016,0.003893692909730068,0.004324376270350261,0.000301682659942289,0.0005630280264654373,0.0008181809908792574
ID_BLEVN1,0.005432444763796991,0.004348551670454329,0.004987354240988791,0.0004091099547097651,0.0011052830803521265,0.0014524647548763306
ID_BLJHKO,0.13080122033251082,0.061566152521683834,0.05215034328618936,0.06518712763571868,0.08065936339358357,0.06188999125541584
ID_BLJT0F,0.005648534587375769,0.004143508528528436,0.004542436703322518,0.0003487473107793766,0.0007497908046903691,0.0008840091810496829
ID_BMBE4U,0.006662571055506496,0.004483191036222059,0.004994151102912627,0.00048296391776940934,0.001195315712457098,0.001438929608863794
ID_BMD6D9,0.005499283732345119,0.004403082674651356,0.005163326310767995,0.0003949348793989976,0.0013477141432150649,0.0016359046446039777
ID_BMEQA2,0.00599227456194609,0.004909753926407208,0.005324233925322235,0.00023412613687744097,0.0011143456115715884,0.0021019168701152478
ID_BMM6XG,0.023226331970263258,0.03928446721086279,0.04894031765779663,0.005172491755677313,0.0381931199255591,0.04662251810221614
ID_BMNQKP,0.020656237102318214,0.006964957273425609,0.008235919999522712,0.0055179315732283695,0.005955381819966673,0.006846691212772428
ID_BN91DN,0.00493580783092795,0.003712885818656249,0.003939882170208517,0.0001585051519948138,0.0006324013702448879,0.0006007259334888393
ID_BNX7SF,0.09911717740228142,0.07278389590614649,0.06362838359609736,0.08699739878124686,0.08156540586567784,0.09191215637345755
ID_BOEF4Q,0.005842821999387093,0.004236774448680972,0.0045777601200855545,0.0003405661602365113,0.0007342299783559471,0.0011210587238360225
ID_BOJ8C6,0.006243202894534372,0.004863224019730267,0.005681995498321219,0.0010077201964120803,0.002020619910875853,0.0022788081365476575
ID_BOVCXK,0.006514494908874714,0.004643731957143829,0.005185856288450705,0.00047882556237688014,0.000881427508811886,0.0016259572009208558
ID_BOVGVS,0.0073685070165785144,0.004236459048839673,0.00527309882863816,0.0007486050050277039,0.0007627544876044098,0.002531728101331395
ID_BPD0T4,0.005589886687685094,0.004328553330358301,0.004635842339877092,0.0003428346937733533,0.0007679650497951194,0.000887527034470325
ID_BPEU3X,0.005443550874621617,0.004255464630567078,0.004817386425658843,0.0004377925983871187,0.0013638140452646643,0.0016448877799285833
ID_BPO1ZS,0.005139830604081353,0.0038334027425137845,0.004140292135073455,0.00026427079665603995,0.0007334425302433008,0.0008407624301096932
ID_BPRVML,0.00960477936347495,0.0045640928302030015,0.004126269974167248,0.0013939747729065151,0.0015082425356793318,0.001436654836796891
ID_BQ8JLJ,0.005453824301492923,0.004554805033873657,0.005314577673660287,0.0002784069041691993,0.0019826105218196622,0.0026329406579915847
ID_BR0ZVK,0.005321895402191378,0.0047108116020513745,0.006000150163170148,0.0004132100574635181,0.0017914528033823186,0.003010480208328144
ID_BR285V,0.06887610141193208,0.049037719249915665,0.07346526004606098,0.054424024164557674,0.05310091146002086,0.09757252390029801
ID_BRIWDT,0.006333238553193952,0.004491370770691046,0.00562258916365156,0.0004418250264385895,0.0007470935769888338,0.0025083107969055096
ID_BRL39M,0.01152617122272512,0.008922994108902982,0.011022724444892988,0.005334835345360963,0.00793595349955589,0.011184617885704873
ID_BRNJFB,0.005518491097685633,0.004445196335600168,0.005128488684416273,0.0002028403970303088,0.0008505934401271311,0.001851291263351202
ID_BRODNS,0.01195499360242793,0.007504558941479919,0.006945595477493608,0.005849536552738152,0.0062526092141783635,0.005643745691146571
ID_BRWHI8,0.010552551737302737,0.005498423119975191,0.007812935062965832,0.0008943941393799217,0.001862205705837248,0.002603950120418033
ID_BS1PBY,0.006199124304228438,0.004909205588028601,0.0050644682148935334,0.00038153095609172455,0.0012810310444105457,0.0015980363010127945
ID_BS70GA,0.3259528900047746,0.3767790805003285,0.15001792744947678,0.3720169101752336,0.5117373917658921,0.1979261857087791
ID_BS8T6P,0.005259285172952146,0.0039864394103591395,0.004184772480167733,0.00016293859474848007,0.00042507680082175833,0.00043773977609840503
ID_BSCWO5,0.013827094839592447,0.017208686809217947,0.011924152763593597,0.0036826095956461885,0.018415710126794875,0.01478649692235783
ID_BSI555,0.00510965792353273,0.004084733635357863,0.004746627311562604,0.00019887681790008006,0.0008743795138788292,0.001284287364959508
ID_BSI938,0.017015854046544515,0.005574055133931602,0.009672520241703928,0.001740206823150619,0.0012265668045048118,0.005246570427653061
ID_BSMYYX,0.00555294663435168,0.004267283583004017,0.005242120710344575,0.00017810007007001757,0.0007851884622383905,0.001716678111596637
ID_BSVNKG,0.005328042899693447,0.0047122398871188,0.0059534119681637025,0.0003895653443009953,0.001865317249884358,0.002902977346392436
ID_BSVW6P,0.015204608195485988,0.017066564587427308,0.023957234553347227,0.008363607397473593,0.011709399441729194,0.016397804869921727
ID_BTGNHS,0.0054281685040784115,0.004380650264456044,0.00533896703682174,0.00014345314173320325,0.0011276610627484352,0.0016690139701375421
ID_BTIN8A,0.005159328322967249,0.003917220874089755,0.004423051952318544,0.00019183409719692512,0.0006521819441365403,0.000840980897747485
ID_BTKIK1,0.005449763144410578,0.003813096841626218,0.003921860185277851,0.00035810919057281107,0.000767994701500799,0.0006425196491879008
ID_BTQVAR,0.005561513597094733,0.004488926053958632,0.005040287605558867,0.00021864464777486515,0.0008712360054910303,0.001928093565319524
ID_BTUU06,0.052748576912873636,0.00971649892803057,0.011841928898589833,0.005905951214539025,0.007294974900156083,0.012317414757611833
ID_BTYO7S,0.005202287155272178,0.004108738087173535,0.00475463542360018,0.0002843861430729369,0.0010134053863653989,0.0016092206610017652
ID_BU5Z0R,0.0052782117689067955,0.0038869819926601987,0.004313214383699546,0.0002360340750451875,0.0007038279993451462,0.0008417931630410273
ID_BUYSNI,0.005107669846361303,0.003714685735644089,0.00401516708851793,0.00019162607009012562,0.0008603440341367268,0.0009794539929366183
ID_BV33ZV,0.005328763320600121,0.004709105490110317,0.005971882340296755,0.0004154737644763962,0.0018189287874688152,0.002855858851116976
ID_BVVDWU,0.005272078275441531,0.004660585370927636,0.005987526134244051,0.00024659466431879343,0.001724396514083311,0.002695596556008767
ID_BW2KFV,0.005327110603062445,0.004162740024848763,0.004309400109044439,0.00017460955489119714,0.0006177149878136456,0.0005982161015691846
ID_BW4GGG,0.005450303060886203,0.004323762523821636,0.004777263835113825,0.0002702035632201419,0.0009910243001509545,0.0012828527027737573
ID_BWGEAG,0.006148630884412758,0.0040542869799394185,0.004496851544322453,0.00039301690480651866,0.0011715409412873256,0.0018058470174564252
ID_BWIO8Z,0.005546151496009608,0.004403695722433392,0.005033618452614067,0.0002911199953238931,0.000907829406911913,0.001144650498427257
ID_BWQ4QE,0.005332311789031064,0.00426587270500572,0.0043026412921862624,0.0004219357390557417,0.0006919858202370727,0.0007974007663153737
ID_BWSAN8,0.01115039272122352,0.007326812406587776,0.009792836662628571,0.0027198819380251297,0.005680439796019197,0.00847085084064721
ID_BWUBOA,0.004986243902845602,0.003672992833627921,0.003758130317115545,0.00018286409727804104,0.0005619923556882927,0.0006645780927329228
ID_BWW8DE,0.005844658812353768,0.004190840493651282,0.004696287278194634,0.0003443475364699954,0.0007207966916739402,0.0010466112774971039
ID_BXFZX7,0.005238507711561189,0.004093095956154462,0.004513231639280801,0.0001805565593276013,0.0005782540383039928,0.0007081186342665448
ID_BXIN9D,0.00541941734795252,0.0041099080113125115,0.004293550093230599,0.00020219361937967998,0.000712055004070518,0.0006985208276231509
ID_BXRC0F,0.006776201217911108,0.004623653606478402,0.005106036990916556,0.0006410508430343915,0.0014833414100045889,0.0018700868888241883
ID_BXXMB9,0.019748997203646874,0.008973716018397611,0.007638874568748463,0.005544567757186261,0.008694513121298644,0.007498423417025627
ID_BY2R2J,0.19995289306414404,0.10305297502653225,0.17492708708456683,0.2050797565155314,0.11208611957002139,0.2642561957548716
ID_BYU5HD,0.004981370170024201,0.0038532011359675732,0.004589320349289929,0.0002598681045297021,0.0008169159103801519,0.0011814482524944124
ID_BYW2CL,0.009511098874678868,0.00455536968021678,0.004603243484257091,0.001027121337379303,0.0007761011378660131,0.0008370812628478049
ID_BZ0G9W,0.005517076004743576,0.004855651234677529,0.005675485883438075,0.00031460346281620625,0.0023502802957702244,0.0033420927536591304
ID_BZ3FXA,0.018128578052458877,0.042797551653523794,0.03593001601638669,0.009366965683372181,0.05011361762687886,0.05392624962276244
ID_BZOPQK,0.005442873200944052,0.0043073908197021026,0.004922226907398692,0.00033420772467180514,0.0008845369102866313,0.0010160142262733206
ID_BZWK10,0.005213325037468436,0.00388066056026467,0.004260003551345053,0.00017864488151010988,0.0005340239324904001,0.0006219231924018735
ID_C01ZXM,0.006075421732340711,0.004316500794425535,0.004834997693488468,0.00032250722486199044,0.0008467312593095712,0.0011629258346172963
ID_C08HEJ,0.006417083608942558,0.00448795368438167,0.004790710121249878,0.00040512449810322645,0.0007460429389355039,0.0009969513389267582
ID_C09NJ3,0.005641365341237195,0.004336701842102517,0.005556555435655591,0.00026822987480877445,0.001083597303910493,0.0015750356781312458
ID_C0ECIX,0.008734651388872037,0.004832730751541608,0.006194919845573443,0.0006588768347462168,0.00160193668320699,0.00222198214647365
ID_C0J4MJ,0.007339905361052342,0.004016934589310558,0.005192068456173114,0.00044913681111804777,0.000403255929644209,0.0007588195270618373
ID_C19QG9,0.009620646212353782,0.005380789438960152,0.005000023381828221,0.0010477493779196812,0.0017121639150907482,0.0017221859421653655
ID_C1HUBS,0.005337509145437719,0.004006639273485374,0.004309667709152784,0.0002282928712184237,0.0004608256854691886,0.0005170934786215634
ID_C1JCO4,0.005380637693963703,0.004406250868381191,0.005308697157041182,0.0002585041654728108,0.001165039775421255,0.0020084378969818534
ID_C1K50D,0.044691807499395664,0.021164682567746892,0.050310893919384696,0.023644014251779127,0.016188569858335947,0.0585034173863175
ID_C1LESE,0.005389080769596794,0.004522136974186826,0.005507506953924938,0.0001971912122438452,0.00117328140793256,0.002597056224454641
ID_C1UEMJ,0.005186887827027225,0.004378573298704108,0.005580485317470552,0.00028321915147790235,0.001342860491191231,0.0017132862538994408
ID_C1X1NC,0.008983894209440367,0.0068956317252518,0.008379223869694969,0.0013450552597079027,0.0040990305702791165,0.004943208703864819
ID_C1Z14J,0.011635925166913835,0.010157010885440722,0.015520445175881099,0.0010593817786345384,0.004368304723287646,0.00648484675404228
ID_C2EX4C,0.005319228988864814,0.0039472210700884315,0.004126930349114156,0.0002601593705789855,0.000584656360177073,0.000705845561575339
ID_C2LJ70,0.008402681341385769,0.005450181079373111,0.005860042482449994,0.0010228657529239781,0.0013528375291310575,0.0018298453956583324
ID_C2SL3S,0.005848997409988059,0.0046217854429000905,0.004989774215923006,0.00031149900829022074,0.0008619894745032216,0.0011510893429694294
ID_C2YB30,0.006541668807945084,0.004346489515054237,0.004940850187921106,0.0003623908248048086,0.001141564963887058,0.0021276957334184464
ID_C368SW,0.006131291424997384,0.004940375746584441,0.006283652049182283,0.00024999852368807806,0.0016066579198808246,0.0024719142423103575
ID_C3E07L,0.005274639934639823,0.00436039813176476,0.004940385639524821,0.0001303073256356927,0.0015791851589333906,0.0020238456325664695
ID_C42QFG,0.0054004296990301705,0.0039052186733035117,0.004423892362099713,0.00023645365610190232,0.0007659030056838807,0.001095166672591723
ID_C43FWU,0.005828436205109033,0.00434041808813774,0.004681153267281252,0.0007693833990693425,0.001101537859131881,0.0011190501518761056
ID_C45TQX,0.00556741777211876,0.0047493376040601346,0.005193092981375845,0.00043407979302363247,0.0011715164681098983,0.0013397252824677928
ID_C4A9AI,0.005721155802044432,0.004356047399905607,0.004522301590149966,0.0005367512453959342,0.0011956930828272226,0.0013612244424131659
ID_C4ISDT,0.005836240044408195,0.004698987424012487,0.004937904897677921,0.0001375694567050302,0.0008484235117639437,0.0014546478113777895
ID_C4MM2J,0.005227094512813144,0.004323280253368951,0.007055620883779592,0.0002094626268769109,0.0012514594707482049,0.0029000632362444147
ID_C4SULL,0.00533837023717924,0.004364030014487739,0.005017075302589017,0.0004070745290403228,0.001073824483579275,0.0014712965319926808
ID_C4XYDR,0.005901066719237716,0.0041194163995812196,0.0044679624111152675,0.00017554794030740458,0.0010451200835403845,0.0010719228728072459
ID_C5CLUE,0.007252737531744428,0.0047145638546242435,0.0050849773364512315,0.0004274094642134711,0.0012205766006229692,0.002152058054663316
ID_C5D1GT,0.006995772747635067,0.006678054866892361,0.0065346791217223525,0.00041780570067622417,0.0016528260789677915,0.001808338656303559
ID_C5THPI,0.016002930254980532,0.047533032615926424,0.019539675599114535,0.010123989471232924,0.02137642053799892,0.008395607445268207
ID_C6D32M,0.006412660566055259,0.004802881070967648,0.005508618240735671,0.0003813083764359488,0.0011780685987693882,0.0018810352001333826
ID_C72Q1W,0.0068627203370879575,0.004783703497020971,0.005133319369117851,0.000898912305071273,0.0017634293899244171,0.0020012976839911545
ID_C774J9,0.005964687317202428,0.00455454080938624,0.004510844884754963,0.0006316195354558576,0.0011155885296033634,0.001240895875411658
ID_C7RAXJ,0.005331798053248965,0.004104109064708603,0.004605350724750279,0.0002287721727915805,0.0006115351493096683,0.0007211551851777105
ID_C823SH,0.005553781580539552,0.004145004602918949,0.004693484120304196,0.0002543718328821106,0.0006966971332523561,0.0009445583891604525
ID_C837CJ,0.00837683074327359,0.004833666653195361,0.004906471193197584,0.0006929632179950168,0.0009836791723521836,0.0010533507674476436
ID_C85QWY,0.04782337911023845,0.019315381453162393,0.01772725181022413,0.012523961358994562,0.01756615076013656,0.016809099902538104
ID_C8C5DP,0.0058201317632940565,0.004639679175678286,0.004981364901954897,0.00018738998445395135,0.000995557043387882,0.0019529534750247234
ID_C8HFHN,0.005370331476232662,0.004092176807243634,0.004223589137206599,0.00018863690149099917,0.00046530032432794897,0.00048258748607487786
ID_C8R4WH,0.005426038980954582,0.004331185335987139,0.004952583343607808,0.000382430033649394,0.001435284336740516,0.0017954006167506117
ID_C8ZEBX,0.005240621081575365,0.004307804485249437,0.0048785826371758895,0.00029877634426672423,0.0019451506441322743,0.0018048568188084868
ID_C9EOF9,0.005676629228232825,0.004440985188343539,0.005411280262978027,0.00023448630643297955,0.0013038563197480528,0.002009331486515406
ID_C9JHEM,0.005697468711399451,0.004182991692493756,0.0048839150640211226,0.00024319278997549554,0.0006894434811414133,0.0010914417147308245
ID_C9SGUI,0.0072926108002959325,0.004703668335144901,0.005292031068540873,0.0008902035578936976,0.0016092248526082082,0.0021959122804324294
ID_C9Z8BM,0.006587744477903819,0.0045518475529230384,0.004904602292641965,0.0008767409777778617,0.0012809147166842644,0.0016623849155932753
ID_CAC8HA,0.0053764607086713954,0.004300031451039811,0.004970254252250534,0.00037684216789235004,0.0010101648620931992,0.0012389342663914034
ID_CADS1W,0.00859940492230161,0.006102392256126642,0.007195992244884999,0.0008188687641676606,0.0017413874190232066,0.002127642129198296
ID_CAFKO7,0.005235329585425768,0.003941090945141587,0.004316305480661364,0.00017746635031043863,0.0008164056583045079,0.0008505616681226455
ID_CAKGEL,0.005400827678959337,0.00362471181127373,0.0037009785120561867,0.00023081503561627582,0.00032324719521221735,0.0006671638148980273
ID_CAWMEQ,0.005788476238317803,0.004322800195193702,0.004794954528061864,0.0010660252310097512,0.0008037255711116143,0.0009033935460975299
ID_CAXC7H,0.0057896301466640815,0.004842547982041266,0.004430764360151106,0.0003566225428780276,0.0012701479814260267,0.001806317747943243
ID_CB9JIH,0.43681625044083155,0.2583608978708405,0.26921804010483574,0.5243549587389805,0.31705375320714324,0.387682736114764
ID_CBFIEN,0.005653648055972986,0.004690934925805658,0.0054009461074029244,0.0004911364475788728,0.0013031008550514092,0.0020470669809069496
ID_CC0VYL,0.00939024524333389,0.005552661553846033,0.01891653168129454,0.00046220531001932286,0.0024905883808999953,0.007986293234922103
ID_CC1868,0.04149697591247299,0.028563759315889083,0.01834383912871981,0.027208399028996265,0.021568719332080884,0.0176020104808157
ID_CCCZIE,0.005525376243229858,0.003957084304867839,0.0042400126293239415,0.0002621231778936949,0.000620966298772939,0.0005891126459972919
ID_CCE14R,0.00539513877485841,0.0044446361209314516,0.004612603314668036,0.00031288835414987174,0.00106288138152809,0.0012673482885205232
ID_CCEFHU,0.005803420671447508,0.004338191163466806,0.004600668605107425,0.00037984794599240393,0.0007646389476962239,0.001299709161450672
ID_CCL3L7,0.005750346529305019,0.004238355040025936,0.005016817220624932,0.0002651511981553022,0.0008001599500858168,0.0017015489578417334
ID_CCQCPK,0.032942977356836094,0.011956707701976535,0.012745547303738055,0.013115959910361321,0.01062122592087019,0.014043894428809938
ID_CD4GLQ,0.008079927660624991,0.0047938499134906895,0.004939768727958651,0.0005662374108891872,0.0009965222748342384,0.0010498819701638363
ID_CDCTHP,0.005188314463276257,0.0038717087726548257,0.003963023069537957,0.00032802892772447435,0.0007954055346320937,0.0009402521436391512
ID_CDDM41,0.007584523165224692,0.005066106998842277,0.007009429705369565,0.0020449708428166326,0.0013333186476120987,0.0037891189738401797
ID_CDOW4B,0.005246147602377091,0.0036536982019579785,0.0037920553374684676,0.0002762768498480457,0.0007741571911310024,0.0008302695008188021
ID_CDSQZK,0.008849372795145251,0.004714766946630227,0.00425748699886998,0.0005855537443316623,0.0007206681036713696,0.000746893994093452
ID_CE1FVC,0.005534353734911047,0.0038815852456916943,0.00398899369752487,0.00021445846058050795,0.0006525095364904673,0.0005903085656552961
ID_CEKPDU,0.009668189586107587,0.005108874147844005,0.005273330822075696,0.000964040009680774,0.000966619928908775,0.0012011027811305063
ID_CF06U6,0.006595553378867591,0.00547448945655806,0.005369565579822502,0.00018063220122505088,0.0009716791822049648,0.0010626274492031836
ID_CF2J5G,0.022857421087653068,0.02043615398915865,0.02905404229572373,0.012041007574376112,0.019908313304165415,0.032347174391332285
ID_CFDN0Q,0.010009094403381604,0.005991552686083017,0.0053672418338534976,0.0035568066789440295,0.0031571778756372864,0.0035293636832405663
ID_CFEXKG,0.012867751478849242,0.00892283067203805,0.008000023783801373,0.005028393234862538,0.008240396720514047,0.009240111442053925
ID_CFIC5L,0.005288865839938085,0.004656580183181646,0.006488891033696729,0.0002265340059609276,0.0021158246885681284,0.004221379843537979
ID_CFM0IF,0.05276390387966715,0.04304316454803171,0.03334628576177218,0.025890376039962776,0.02786417665546676,0.024290929160445205
ID_CFSK8V,0.005538757038862954,0.004025878187468017,0.0042302371825549065,0.0003207553310654524,0.0006274685787653548,0.0007155436147562967
ID_CG3L2H,0.005419484068954455,0.004079485903589034,0.004703381499600132,0.00020747137217508083,0.0007911883573737329,0.0011042086077095654
ID_CG4YWK,0.0055507752800742155,0.0051603158399399955,0.00596995521964294,0.0006391907532404128,0.0017135162906925985,0.0022445472676995743
ID_CG7535,0.008750127332080113,0.0053531202198071354,0.005373858516961061,0.00216402653798978,0.0022017712265884554,0.0022215451247456918
ID_CGSEQY,0.028666583886020218,0.007064660995526214,0.011779977845530443,0.002952659794367421,0.0014649697337364475,0.005269523823897146
ID_CHT575,0.005864168657465492,0.004254177655487138,0.004566623302100043,0.0002845788818020135,0.0006790616787984442,0.000836450912106486
ID_CI0346,0.005264573237369463,0.003993303540106285,0.004218151976793915,0.00031501069694382525,0.0005337986317689496,0.0007307971024449584
ID_CI8CH1,0.007739950489816439,0.005074837475944788,0.006677656660374398,0.0016317236419736173,0.00119586667086651,0.002890425390818289
ID_CIAW5T,0.005353281074772344,0.004345095205020915,0.004929025743005818,0.0007210529971717562,0.0014363149265286708,0.0020632962006051515
ID_CIHIWL,0.00516421145762569,0.00419025721926256,0.005004321280105019,0.00021648352177077376,0.0010970359070914609,0.0016410270233631144
ID_CII7S2,0.005824290323110657,0.004660001382668107,0.005225003910320045,0.0002884840794209674,0.0013536141792850455,0.0019082069518342518
ID_CIW99P,0.005261602349135996,0.004272974538918021,0.004816895085490871,0.00026281506272402466,0.0008194320171566466,0.0010559467527099303
ID_CJ57AV,0.006255875243746116,0.004475604613365287,0.005311877343278413,0.0003336576352334943,0.0011381913266334499,0.0016433758150287987
ID_CJJFN7,0.005625648800268189,0.004570202237194247,0.0045313142336943476,0.00023397172658166018,0.0009321196876829101,0.0008071440979306444
ID_CJR13W,0.005730248168093235,0.0046362311586419834,0.005820966818021551,0.000316976972271193,0.0016186177434534496,0.002079226894039555
ID_CJRB1K,0.00592433407697486,0.004442833896504822,0.004766152170143068,0.0004661205778195358,0.000823097220666507,0.0013196959429087292
ID_CK7R8V,0.005472870441573421,0.004247196658370145,0.005283309471358072,0.00028393939348242625,0.0012578909435340027,0.0016755477656389547
ID_CKGVN9,0.0064155497733888005,0.004865720353198853,0.005519747964669487,0.0004952900348067101,0.001684705268678771,0.0020767373006832022
ID_CKOUOI,0.016657620722255687,0.009282265114038905,0.011183456024829534,0.009239807490337988,0.004524202949390171,0.0063591465917485985
ID_CKRXHI,0.005461333504006446,0.004023481604383938,0.004285062782026042,0.00020971083235774054,0.0007640111950888939,0.001013082606443875
ID_CL4OVC,0.005385060394782505,0.004002291453827729,0.00414811918221642,0.0004220300902873508,0.0008406493928479613,0.0007978044162677136
ID_CLJ4A6,0.005619128330132102,0.004289662930156209,0.004627426389420312,0.00034426196669332115,0.0007622488505411893,0.0008402308480818857
ID_CLLIH7,0.005903152396634384,0.004708680876769749,0.0055122446387052045,0.0006075828501952491,0.0014891035778542385,0.002117660255139404
ID_CLQ4CW,0.005365673067139937,0.004312759616514855,0.0047617344286612325,0.0005933286507717188,0.0013218699148093518,0.0013268381053890212
ID_CM5IWG,0.005839650129385427,0.004187963172683335,0.004971744053069562,0.0002426906994785066,0.0006984603061570203,0.0016153861267379514
ID_CMW05K,0.005863936052371476,0.004890080731686774,0.005377859010914273,0.0003303695946146704,0.0017138893058078186,0.001998356157519596
ID_CNKSHK,0.20607065810103148,0.2125878492587202,0.2648481828020169,0.19207915694385405,0.25948646878157433,0.3804370845772827
ID_CO06H0,0.00609744448159216,0.004713001359515987,0.0049235520097493535,0.000351623104222866,0.0012395420614545601,0.001565777898643492
ID_CO0M1V,0.14564127642158947,0.09633072874461085,0.05804801275392322,0.10778281412994047,0.12662401870614612,0.08813690797201086
ID_CO3YKB,0.022291411852986248,0.0066584238965896846,0.006998348818931615,0.005713352325863559,0.0050178187659053386,0.005412595275201412
ID_COCODS,0.005526538729346384,0.005068747084534586,0.00830883427818189,0.0004959916681248235,0.0027159916371076362,0.0054265453726571634
ID_COJM55,0.005322901623261114,0.004460125476858743,0.005363847176977554,0.00021186073549483238,0.0013020731988610656,0.0023325880686455996
ID_CON7O4,0.0051614812506490144,0.0035893724088612035,0.0036993697017606688,0.00016679779313976778,0.0006219736872500181,0.0006635476075425278
ID_COSLW0,0.005908225625287258,0.004373529381547011,0.004778325581667953,0.0005043956013850955,0.0010366659913531057,0.0011493461266760194
ID_CPYKMJ,0.006141611630283601,0.004739891295463039,0.004945104217913,0.0003557253997827787,0.001436055409537307,0.0016393871885297217
ID_CQFY1Y,0.009059454209738735,0.005526260985370724,0.005897354801275405,0.0029915841150251676,0.0034145709460861803,0.0029230522733691687
ID_CQKKBK,0.0051696193005980225,0.0039357803597034734,0.004517995185846467,0.00019960877561150592,0.0008707094001285539,0.0011708806627548426
ID_CQOM1C,0.005263314047644262,0.00391490417419496,0.004542302299469869,0.00022690960428847561,0.000767902815250925,0.0010215390770399117
ID_CQOYXN,0.005470980168309219,0.005221919013767127,0.006775049106970257,0.0004940354764135982,0.0028019820571708854,0.004647465343153083
ID_CQT5H1,0.005482515353646746,0.005043225880647055,0.005283495802894386,0.00026919873805049616,0.0030806554281684437,0.003424448939294252
ID_CQUX2K,0.006475455642692934,0.0039562150643443345,0.003954290070034481,0.00036791470973449893,0.0005851543278417314,0.0007302967581765985
ID_CRM4RV,0.044683925190132576,0.050762761291267965,0.08588128930837896,0.022811718118853436,0.04190151787218051,0.08723815073277394
ID_CRMQQO,0.005454772406826042,0.0049174074087021446,0.005955526174058352,0.00033057512636113293,0.0025668090753758845,0.0037828928343572052
ID_CS57AE,0.007370736297797256,0.004551280861883063,0.004561552451190014,0.0008339032725350139,0.0008324497866478721,0.0010238324772346282
ID_CSCQO1,0.01138595555978003,0.006572421142639244,0.006110110054314473,0.001552362674381473,0.0023169698095377852,0.002495958264692886
ID_CSM246,0.02241953691908767,0.07780271003243712,0.11214953090382421,0.005304582125714688,0.06461318455745241,0.10108215449004301
ID_CSVCR9,0.005395203193954486,0.003995099876531244,0.004307585120162586,0.00028176543528176745,0.0006020100541326195,0.0007822215426296725
ID_CTI20D,0.00556741777211876,0.0047493376040601346,0.005193092981375845,0.00043407979302363247,0.0011715164681098983,0.0013397252824677928
ID_CTIYZN,0.005392230320911891,0.003664814277805942,0.004538117765987144,0.0003398890850535316,0.0004606666933858849,0.0007515533441665484
ID_CTIZD5,0.006599840274780879,0.005621484780444577,0.0062366163077073634,0.0018212599728224545,0.003426184667024968,0.004903631544755602
ID_CV1BRR,0.05683004258723159,0.03244958189401506,0.026968424253448184,0.0375431042686612,0.0330198285319448,0.032075795241256935
ID_CV5P86,0.005175343239371615,0.0037978247865557363,0.004074535104420554,0.00014339290414222954,0.0004907912832882308,0.0005855236895040826
ID_CVIVFP,0.005373632625499241,0.003957891396334574,0.004372161916572487,0.0001363778535564985,0.0005926150381498266,0.0008503161583012077
ID_CVNZQF,0.005547074381687664,0.004398498537524857,0.004913248175765925,0.0003793830238956375,0.001536538902257304,0.0020834875488197897
ID_CVP7U0,0.005599716841391513,0.004111283140598456,0.004437377871689769,0.0001974769030671259,0.0004559217011859877,0.0006922786983367871
ID_CVPRQL,0.005542645454419843,0.003952277427094017,0.004272099629595463,0.0002559022064015462,0.0006259081050218607,0.0007254186627658608
ID_CVY7G5,0.06354991454971427,0.02503917403426538,0.012713857458419998,0.026897400718629207,0.023936696883834502,0.014496394946598828
ID_CW729L,0.00517328214824662,0.00412875726473707,0.004050276930099122,0.00014463086374302285,0.0004363110412962572,0.0005209703226689401
ID_CW7BS0,0.008881634589267573,0.004968774059675657,0.005506958066122375,0.0008159255829718017,0.0018275397989717995,0.0018974991685570528
ID_CWIW49,0.0051957412411003275,0.0040988369724461226,0.0045319174305775275,0.00018275042290182957,0.0005429981801704064,0.0008265217530105376
ID_CWTE3D,0.47544508230688154,0.3711925338392845,0.29914139381544397,0.563082503918351,0.4509682644226232,0.4476015330965208
ID_CWTFLH,0.005265379404514126,0.00431166804232545,0.005432807379624626,0.0001728289148669658,0.0011907033232918841,0.0018833290494770605
ID_CWUZQ1,0.014248545860882238,0.016682730943044212,0.012415281359360862,0.004604800076234599,0.01738411260883266,0.015149843110792616
ID_CXGCMA,0.005475864355557521,0.005053400475579587,0.0064737223471048955,0.000502260035812628,0.0026481540034459846,0.004542043137247075
ID_CXKAZG,0.21687934953334398,0.17479669241054616,0.16666193028076576,0.21250343818349016,0.22448632833268023,0.2595753688746413
ID_CXZJ2V,0.005184056164853966,0.004121356631517953,0.004048007946836658,0.00014575064126806268,0.0005517471042622912,0.0004525531289534322
ID_CY607Z,0.005660142308744424,0.004270367543096566,0.004331217162397346,0.0003485204355642588,0.000810846247076682,0.0009586425449585942
ID_CY8HQK,0.03229990458218564,0.010833961185035278,0.020563938321524804,0.005343756176638167,0.009983128159667159,0.017376788229974554
ID_CYGOO8,0.005455106572906157,0.003949451685575219,0.004333347935744689,0.00023722098410820853,0.0004135109952609444,0.0006173651346280941
ID_CYJMO0,0.005269672694970291,0.0041061800442698335,0.004896217866903333,0.00015723533977620303,0.0008239368385707841,0.001152042052545522
ID_CZ0VWL,0.005380140981622911,0.004088990735992703,0.004657643608573708,0.00020090072642996114,0.0010139713714874086,0.001341934903555455
ID_CZ1QYM,0.03801613996277238,0.06247891589574029,0.01708792984592002,0.01392131760920891,0.031699622289312786,0.0122909745630623
ID_CZ9O4I,0.02110032435650303,0.00869458139853208,0.00980217901316227,0.008414777485148323,0.007341463035360302,0.010846962855755314
ID_CZC128,0.0053442291442509105,0.0038896329293272654,0.00427204162083579,0.0002164151793630582,0.0006459935225879021,0.0008745573934122746
ID_CZIO8P,0.0055438751408107044,0.004460382343158321,0.005068610878343878,0.0002445405066919933,0.0011126638972245998,0.0016855691465198078
ID_CZJREO,0.010048010336139154,0.006229206882468846,0.005840667520306221,0.003223855959629484,0.005012085406875957,0.004400520194307331
ID_CZS6OU,0.004974353368919809,0.0037814251621594397,0.004298884789136494,0.00027341774499953296,0.0008224158630107108,0.0009630761462880587
ID_D02ECF,0.005224069137923481,0.003587024260254669,0.0037009441753158615,0.0001529374622629991,0.0006368725000549272,0.0007049549968416232
ID_D088YD,0.005074445256047379,0.004187758193102992,0.005067600315616077,0.00024915433500127706,0.0009687100356894183,0.0013717744787477882
ID_D0XOZS,0.005286404751353038,0.003905865567024178,0.004030365146206476,0.00042649464808826304,0.0010226613200722333,0.001021497550895879
ID_D11XF1,0.005906062373471817,0.004678739068159274,0.006139209541859224,0.0003994498291675232,0.001618528604906874,0.002668913410790445
ID_D14DB2,0.005438053641986156,0.0036882488694943835,0.004638964722675674,0.00026098756961066274,0.0003671083893723049,0.0008509532407996309
ID_D16TQ3,0.005319809838346063,0.00470690155947963,0.0058010321162072125,0.0004483775087856726,0.0017328139660455673,0.002565646465795183
ID_D1D4RK,0.005724098728745091,0.004307104068660317,0.004963617413053932,0.0002527716516182198,0.0011973002091924343,0.0016198405695454303
ID_D1FACJ,0.005440092834394289,0.004485830663037522,0.004832232373960872,0.00027978088068093506,0.0008318969746868716,0.0011073920998579624
ID_D1J9QX,0.010296607586030165,0.005579557991583852,0.006141988048130459,0.001911134085691238,0.002144751455183615,0.0024650537148420987
ID_D1SBOO,0.0051991739770464,0.004329173177923221,0.005443344894821365,0.0002228779694806893,0.0014464558714988467,0.0024940350524010274
ID_D1W7AZ,0.00554580510264786,0.003953853468314041,0.004265745796424205,0.0002623294965294115,0.0006521015660648703,0.0007034670223277542
ID_D243HP,0.04912347989962716,0.558574220806497,0.441421474427915,0.02831388186567395,0.6819224261744655,0.6357430230452107
ID_D2BHF7,0.0052326055006786,0.0039401242075742275,0.004260458432953126,0.0002315215494808476,0.0004933496577945913,0.0005074406082768324
ID_D2DLCV,0.005652587387142687,0.004137194310804648,0.0047743262490950455,0.000265772179699981,0.0007869620193448507,0.0009169981961556516
ID_D2HYNU,0.005532401914564037,0.004201919326787894,0.004456948813123885,0.0002503906183235083,0.000684682165020951,0.0007138857357427025
ID_D2SQ2F,0.009059454209738735,0.005526260985370724,0.005897354801275405,0.0029915841150251676,0.0034145709460861803,0.0029230522733691687
ID_D31ZVW,0.14016637610752178,0.09324303351132114,0.06510462018132201,0.10349119083465692,0.12363044407456418,0.09260732271811353
ID_D326DS,0.006150869619988,0.005083906845600942,0.005833434012943784,0.00036459503947039245,0.0015277378368488796,0.002111364300236339
ID_D3HW6G,0.005652587387142687,0.004137194310804648,0.0047743262490950455,0.000265772179699981,0.0007869620193448507,0.0009169981961556516
ID_D3WNMR,0.005240801357267574,0.003915588622349003,0.004100178850295647,0.00021074510496910101,0.0006590632325681328,0.0007217214471332104
ID_D3YDST,0.01161192144007939,0.0047640400796297765,0.0063774172176149025,0.0020131496962109705,0.0027188114485586948,0.0035910815819583256
ID_D4AGS1,0.007291610195989081,0.004701557564674491,0.005291493681083595,0.0008727123422226847,0.0015781251898726034,0.0021376644886917087
ID_D4H6PR,0.02454304126802818,0.008205492329800446,0.011030869292887772,0.009570024633686338,0.007046153494161699,0.009352044824852723
ID_D4HDFD,0.005296822317913274,0.003857098895987226,0.004340849477341992,0.0002756974788195484,0.0005680051722274711,0.0006813707136276504
ID_D4HUAW,0.005203404164675283,0.003514001308159111,0.003455715968040379,0.00020072786498056853,0.0003318559569321315,0.0004815821727174981
ID_D4UOPR,0.005672511662437157,0.004119336310186034,0.004503583358973495,0.0003070866513164103,0.0006808407953431444,0.0010296274414601301
ID_D4YOQ7,0.018787308515815247,0.040218964463497923,0.011926981786433914,0.009246461825034871,0.02107129152109134,0.006880159018407815
ID_D50NYH,0.005704654125785011,0.003979636360369354,0.004209872324552294,0.00037800359503107733,0.0006502253468177468,0.0007792507935823173
ID_D51DKG,0.016180621763481014,0.006484228322023743,0.00661922535456835,0.004145686452800098,0.0032714639696506767,0.0035439495965221258
ID_D51DUQ,0.005760257056416381,0.00457360170724182,0.004706621595759347,0.00020402060513325556,0.0013097900089785433,0.0011201392946103919
ID_D53KBD,0.00596093366870456,0.0047334854951618524,0.005094606570207105,0.0004711299232351015,0.0014918464676978622,0.001618735847649913
ID_D54YT9,0.005171704817031517,0.004129420258558464,0.00404659477742314,0.00019337383907545126,0.000560819736282197,0.0006106648935787204
ID_D5IC1O,0.006190098758176708,0.004262476888466022,0.00469814190366158,0.0002744918727769381,0.0012260169968398209,0.0015540910867187447
ID_D5RQPV,0.006088778490378755,0.004959898900214548,0.0052136145928417706,0.000445114811154707,0.0015890895508693331,0.0014461662424516371
ID_D5ZZFS,0.006449382490357591,0.004922307887421326,0.005896529796069382,0.0005483915141875226,0.0013671811208712597,0.0023196522415095547
ID_D69JXQ,0.024193762905621932,0.03331458752566279,0.012464618692541231,0.013772103490175332,0.03573041998422015,0.013676654981850552
ID_D6GTQM,0.005826934388585448,0.004716838025211979,0.005662431417769078,0.0005248443948035581,0.0016290484153506414,0.0025998739768923066
ID_D785R6,0.005603302768777161,0.004922543428964053,0.005351877170828328,0.0005896984055993622,0.0017780402653891786,0.002086020797431025
ID_D7H9P4,0.005048654211566876,0.00384253730998384,0.0041146803650586134,0.0001608302173518033,0.0007429146369551284,0.000963858494558353
ID_D7R1NQ,0.013866554902242522,0.01058557918476742,0.015014871152447087,0.002898831790575881,0.010289900960797523,0.01850544581770039
ID_D88GUO,0.00570850512455341,0.003950990040756612,0.003907042842149728,0.00014535823421984873,0.0004183796538310186,0.0004030711503584655
ID_D92BW9,0.005194799371668404,0.0038724419563939813,0.0039629071997121824,0.0003817876360935498,0.0008196010803519841,0.0008878823239898784
ID_D9F7JY,0.005294572042928357,0.003647370610312161,0.004469360303168896,0.00023508391303767305,0.00033884621463648747,0.0006371012407583128
ID_D9GW24,0.006045620538684381,0.0042963540678339854,0.004987907563030311,0.0004017175591338976,0.0010981385407582954,0.0013458414740390291
ID_D9L64Q,0.006252398330973457,0.004801671110961823,0.0055799512621208264,0.0005267274289978467,0.0014387967695556462,0.0019663530492918515
ID_DA24DX,0.04347162970122768,0.040079835250436076,0.02455257772362416,0.018148992637603344,0.0415931954931836,0.031919446819843975
ID_DA5QKQ,0.005575359717676786,0.004485975525687486,0.004604509879081598,0.0006685138558097823,0.0011469346861259688,0.0011697261632239045
ID_DAAUON,0.005288151928314203,0.004112962788961908,0.0044199034962945916,0.00023664483394041742,0.0007755962906596949,0.0009221936356200535
ID_DAM5SV,0.009426660994386247,0.006884347270250384,0.007774393333663064,0.0015094748470793876,0.0024509321571824397,0.002993327504379474
ID_DB3FQ6,0.005809051808042987,0.005699351667536662,0.007775059927486533,0.00043277274856901813,0.003000958911506602,0.006005334279609592
ID_DBNNI7,0.005393636497736506,0.004011029280472118,0.004137667061126002,0.000695035300661785,0.0008665534560906613,0.0008734503972740899
ID_DBOXYC,0.0049740418194247,0.0037748522675678945,0.0039894939651963805,0.00019094580381191529,0.0009566255169362997,0.0009943014896212632
ID_DBPJBC,0.0054530608173013785,0.004225368351046959,0.004852617540972069,0.00021416156771884566,0.0008809769318554584,0.0011066957982010957
ID_DBX7DS,0.0074783552591807965,0.004600555710261766,0.004568940953678489,0.0010181380256854412,0.0008216815187262491,0.0009069093468782231
ID_DCQ2HB,0.005265723668582601,0.003920731099944249,0.0040977828011411,0.0002165263636536425,0.0005464399674163958,0.0006284184325314716
ID_DCRP7F,0.0054226917791580734,0.00410090771250917,0.004532033311021011,0.0001858375973037893,0.0006513740200523763,0.0009071278866081417
ID_DD2PDS,0.00543622139012766,0.004301706967931673,0.005032916947938414,0.000455445846857926,0.001020905291301181,0.0016020088472964904
ID_DDEZZ4,0.01551516031595832,0.011041839033689793,0.009447021870010062,0.0037826704491538913,0.005654209399797059,0.007287753982393256
ID_DDUFHC,0.0051789066660852005,0.004137903766608089,0.004051133298527918,0.00013451143225725636,0.00044898475930670273,0.0004600000400587843
ID_DE895W,0.09098450130644073,0.060738729078524754,0.050951811698244205,0.0657881637459884,0.07170069827380605,0.06410599885326386
ID_DEFSVV,0.006043593364949988,0.004788412714695811,0.00598504174187185,0.0005072947731775021,0.0015939052258086182,0.002295536275579555
ID_DEH5S2,0.013289488891773251,0.005388960820211474,0.005505812203537176,0.001383958962780601,0.002035931395881024,0.002167808638272716
ID_DEHJ7B,0.005817189964816388,0.004321936510404932,0.004614299131637892,0.0003545676941465759,0.0008475559936145866,0.0010365760390396701
ID_DEI9SN,0.006781122218765129,0.007095984655399551,0.006532845448345463,0.0012354518136488979,0.0049053591107066615,0.0035845143689216233
ID_DEQONK,0.005469743394127357,0.00428807116980748,0.004936120010638484,0.0003080209416574368,0.0007336802297258024,0.000887548290395167
ID_DF3WU7,0.005452343354724548,0.00450412627810587,0.005270541990410366,0.00018922311159039,0.001488300151904589,0.00232166476110181
ID_DFLOY8,0.00792335012392722,0.004054549230652967,0.004064248721728681,0.0005359163561263965,0.0003849691193331505,0.0006501143398925695
ID_DFV6SX,0.00903818411553351,0.005009944077690774,0.0051786728169099065,0.0018247771681845998,0.0017219028286544946,0.0016888430815715863
ID_DFZGTP,0.005177961454774082,0.004061161238338602,0.004512508680311118,0.00017120930846868643,0.0006297778897873919,0.0008339496660927719
ID_DG3MSI,0.00967967708630228,0.005341360175197739,0.005696435776736048,0.0024752459871537815,0.002546643024165606,0.002498073520432093
ID_DG9EBL,0.005641060291138204,0.003989867647720284,0.004314500391652815,0.00028282723748180504,0.0007804293538913158,0.0008356482156429494
ID_DGJE41,0.006549202814295858,0.004591652385665688,0.0049521945627742,0.0005515230772452139,0.001215938695316904,0.0015257945433007059
ID_DGJX4J,0.00529122737377594,0.003676745646346893,0.00360052405342532,0.00030582988339864745,0.0006317946419797741,0.0005686590064487564
ID_DGWKWK,0.006057528261102207,0.00414472736010948,0.004670530140965664,0.00022794868826536786,0.0006084795808856059,0.0010361819215568104
ID_DH1QTQ,0.005850468242150304,0.004616878186857237,0.004780745372692833,0.00021250969323575262,0.0011582971174255302,0.0010208272335473119
ID_DH682H,0.005362600561563916,0.004854245275409481,0.007643787515929614,0.0005400275009783083,0.0025051350168123613,0.004431906297941879
ID_DH8BE3,0.005511009504787077,0.004444225371157096,0.005143749299810936,0.0002255772870507789,0.0008616019294886222,0.001993142394960665
ID_DHARBL,0.006252398330973457,0.004801671110961823,0.0055799512621208264,0.0005267274289978467,0.0014387967695556462,0.0019663530492918515
ID_DHD7VN,0.005988500864502612,0.004745615169900855,0.004935532237601824,0.00021650022059135706,0.0007632893243138208,0.0007643513348209
ID_DHHPAZ,0.005863674115503193,0.004938276504118201,0.005511889025376006,0.0004634626951182176,0.0015691786520049874,0.001961047904066641
ID_DHMWLG,0.005319809838346063,0.00470690155947963,0.0058010321162072125,0.0004483775087856726,0.0017328139660455673,0.002565646465795183
ID_DHNB48,0.010218800054196939,0.005604821157882307,0.006160831414560172,0.0019523384246286721,0.002146467330898134,0.002445843540226778
ID_DHPPV2,0.005349609325951501,0.004091785270939034,0.004577376641231519,0.00017346954638452515,0.0006070244527197183,0.0007959650619257469
ID_DHVX41,0.0055261354592794415,0.004354102336604529,0.004494390446218998,0.0007881745835024553,0.0011224247521875593,0.0011111199288233412
ID_DHZUBS,0.005544480038403138,0.003921027353664178,0.004351489476679951,0.00029531568860590324,0.0008993525158749636,0.000967450739042317
ID_DI7YTA,0.24667056825338918,0.3271349259476551,0.36330117583631855,0.08479342349336609,0.4052983731289873,0.47928013298038147
ID_DIGB5C,0.00569551298520885,0.004403792411795716,0.004639307111722882,0.00037967215116821706,0.0009809821393204237,0.0012763278323390328
ID_DJ6NAP,0.005452831655123088,0.004007646790362335,0.004359140181656205,0.0002175269904066153,0.0005380622688876788,0.0008591626235270754
ID_DJB815,0.010266209573052805,0.005502502496723887,0.005271194387248146,0.0012377440518551931,0.0014305064226091666,0.001624336377290335
ID_DJFGM4,0.006561782959793827,0.004630728040959859,0.004938153341680032,0.0003070499610542849,0.0013506906802587405,0.0017458702820667149
ID_DJLRHI,0.00532403476600675,0.004399379292933425,0.004876986822053955,0.0001810628481084088,0.0013058642451836487,0.0013329665126550535
ID_DJT4KL,0.005268147664875494,0.004002616554456487,0.004303278437768011,0.00023764513551166908,0.0005308993061358143,0.0006141749700874643
ID_DJU36N,0.005229618407222452,0.004109105558007962,0.004579423554660991,0.00017922844779619764,0.0005402119447260958,0.0008234945944609517
ID_DL0WVZ,0.04031899427232155,0.1059722288103294,0.17368309935931076,0.009222141094209078,0.11579348519484592,0.17722610934993152
ID_DL8DPL,0.005444105486280314,0.004374472282223565,0.004840808445244406,0.00032465863945589223,0.0010524919267215524,0.0012418324227469208
ID_DLJ036,0.005482397901428587,0.004514958398182888,0.005258857165646249,0.00032077280819336714,0.0015132615232757711,0.002281476538247806
ID_DM55ZQ,0.0053612619614676425,0.004438792760358422,0.005229160054581492,0.00022835949842568576,0.0017617499416248577,0.0021330689165488864
ID_DM8ZXW,0.0055347956296013644,0.004217571802735669,0.004293341136335746,0.0007432170882466524,0.0010830070450368434,0.0010413314837239508
ID_DMI52X,0.005314078862422733,0.003964479771916012,0.004327670868041407,0.00018068415938251635,0.0006001320845293519,0.0006212248229745022
ID_DMJWXV,0.0051189939899681305,0.004056613125610484,0.004719747214887706,0.00022641767593000232,0.0008185521058545035,0.0012183480948271864
ID_DMKQ4R,0.00546481314595269,0.0037169503451932842,0.004675125258223825,0.00033274361426335463,0.0004983821408122663,0.001232834062639911
ID_DMNH7M,0.005467774415961648,0.004992307803548482,0.0060272827088527535,0.0005929351065633305,0.002613681317076926,0.0027632982279024074
ID_DMS7D1,0.005600002911732676,0.004903782681928625,0.0054955538595230675,0.0006931346602483952,0.0019560035177412062,0.0025139681640689755
ID_DN79ZG,0.0056263467957175526,0.004104787526761504,0.00469514260341009,0.0003154581717537642,0.0006764004017922722,0.0008249388022461506
ID_DNQWGC,0.01195499360242793,0.007504558941479919,0.006945595477493608,0.005849536552738152,0.0062526092141783635,0.005643745691146571
ID_DNU0QM,0.005929901197157138,0.00422158054282697,0.004733778347909883,0.0002457095058794676,0.0006844519272343301,0.0010600275439572098
ID_DNX620,0.01391532560098721,0.00955494920661203,0.008896449221960201,0.00735162075492608,0.009377779540109592,0.010720166592340477
ID_DO3ZD4,0.005262990542622248,0.003987001816886794,0.004338861669508536,0.00020008412543117297,0.0006991922929426256,0.0006913296444228837
ID_DOH3RS,0.2737596827090244,0.16981986302589042,0.15231700046679625,0.31467283242146393,0.14132469323723373,0.16107203671943782
ID_DOM0PD,0.0059824213688355376,0.004378380824807667,0.004867103191549075,0.0001986202989434987,0.0017816213468043077,0.002299065415839098
ID_DOW1PY,0.006210564488848838,0.004962603496308728,0.005644204722240301,0.00029373158949416787,0.0015040503626402317,0.0018654381632637
ID_DP48N0,0.005128885551183558,0.003917383611599572,0.004310663910481439,0.00016458945468330295,0.0005336925546245311,0.0005932641071583557
ID_DP9A1C,0.0054237322621644305,0.0037850009569490883,0.0039172581135346754,0.0003066698488824159,0.0007290688538125075,0.000639805907050701
ID_DPNOLZ,0.005119214381040052,0.004164504554181707,0.004683995945549419,0.0001945785829323669,0.0011414502842928094,0.0013386089614025086
ID_DPT0O6,0.0057546073828508015,0.004320612674025324,0.004414849083394044,0.0004229137796020411,0.0007838881725324057,0.0007289941443392247
ID_DPVS20,0.008393163787173374,0.005445476466216316,0.005952897774362437,0.0010562772920584657,0.0014427135780836397,0.0020405437824701366
ID_DQ7RIZ,0.0670629391464221,0.020337261313186576,0.03275457572760997,0.03356395179847869,0.01933836909122655,0.03377246387134859
ID_DQP3PY,0.0052514537947231064,0.004204670451075233,0.0050879386049209295,0.0004621838069757759,0.0012366722036981088,0.0017183631127834025
ID_DQP75D,0.005426038980954582,0.004331185335987139,0.004952583343607808,0.000382430033649394,0.001435284336740516,0.0017954006167506117
ID_DRELA9,0.005462549638584532,0.0050440977328877375,0.006400142235465577,0.000390470161373097,0.002157591936316343,0.004185355992948975
ID_DS7LOZ,0.005274102701591997,0.003958781151432116,0.004290029127072592,0.00021483955743164355,0.0006209037419959583,0.0006880450129128084
ID_DST3IB,0.005321567182917996,0.004539536601983522,0.005410764219553241,0.00030910837458778136,0.001260063725115307,0.0024976809907671293
ID_DSUPIN,0.0055803449761174595,0.003971913591094127,0.004665382538370299,0.0002598174858156087,0.0007456407519638845,0.0009889313082186867
ID_DSYW1S,0.027144567139860604,0.01613986997042587,0.014070574827455377,0.014055036175336726,0.015220388896631432,0.015117801823768033
ID_DT00FS,0.08015060370776375,0.05773857083871044,0.03661609569366433,0.031141697266826224,0.03291868827816171,0.033743547091422264
ID_DT1RJO,0.05730412826941758,0.04090383227854016,0.02236504416156921,0.021646110350174056,0.042492824365128724,0.03034433346845764
ID_DT5H48,0.005818207401278337,0.004180106916200186,0.004105206195722542,0.0006441863491956804,0.0007375716685717527,0.0008223899463792903
ID_DTCNOM,0.005171473639034801,0.0041260759987158694,0.004039364635792653,0.00019665787192784678,0.0006002176470654067,0.0006044913478759892
ID_DTD1QY,0.005399736521985725,0.0045839772369439345,0.005149522583182468,0.0010342206359367481,0.0015236096824163727,0.0019050581099659758
ID_DUKW5I,0.007380928620485885,0.0040349244097650176,0.005176662444771295,0.00048311452445691305,0.00041876150398755115,0.0006979531713226107
ID_DULZGI,0.005106414038313923,0.0039588883969619276,0.004404616704693769,0.0001565732317166115,0.0004543070261221522,0.0006288233696893805
ID_DUQWFQ,0.006276040146761005,0.0052208720881113556,0.005615776082601713,0.0005559676249919272,0.003034511792770262,0.0028813881804419152
ID_DV95UI,0.006323823511157069,0.004774855684848676,0.005040385121463598,0.0005414035924190437,0.0011167094216106008,0.001413839705520203
ID_DVT2Y2,0.005231056216375306,0.004158835722159322,0.004693288007121907,0.00029534656258875107,0.0009621846621743012,0.0012218178976174218
ID_DVVRGO,0.005558437034897516,0.004334419665830855,0.004712454401112009,0.00038378470869366346,0.0007906954208720676,0.001004676863503622
ID_DWK7UW,0.00527898806499016,0.003972063874399996,0.004480045813836525,0.0002341505937884242,0.00091456041870282,0.0009612530990568213
ID_DXPTCG,0.005542733447884912,0.003952183761134146,0.004247217137567469,0.00032752482552928864,0.0006108027038373547,0.0007981462719050549
ID_DY6IPH,0.036887537857348635,0.06688086384471574,0.11440669543914216,0.02174815504811531,0.05753886679946243,0.11197012046979624
ID_DYA9YK,0.007036900699895858,0.007436225320677993,0.008472483458131161,0.0007154715385753805,0.005045967466846339,0.00576613608116531
ID_DYDUC0,0.053380449250020535,0.027224610394103288,0.016981330413132264,0.018576320845911265,0.029905498664203885,0.023001408003130372
ID_DYWKN3,0.005257040139669088,0.003877549706683207,0.004272040406467035,0.00020533923828122095,0.000549967385745635,0.0006554767200595711
ID_DYZZ59,0.006440112987235792,0.0045096287611844105,0.004860167087371191,0.0002968547967224346,0.0006867096883296966,0.0011561601404506206
ID_DZ75HC,0.0052638115841480175,0.003972800740777284,0.0042573798081172644,0.00024725518152820316,0.0005480868388383877,0.0005236222786018361
ID_DZ8R48,0.007770978293847651,0.004812620795102325,0.005162128019989389,0.0010112972342896478,0.0016228118354512302,0.0016629968769941255
ID_DZ9KDZ,0.005858187189224969,0.0039676489089575774,0.004101581886918628,0.0001960737163568724,0.0006073309374936883,0.0005833730351201857
ID_DZTIC5,0.019591301681043338,0.008840465016098854,0.007640414437897285,0.0055223699283921,0.008223561096078597,0.00720013695645976
ID_E01AVW,0.0074357222641313215,0.004052378375990441,0.005427366867770565,0.0006385866818135971,0.0005888850969072968,0.001013541506456884
ID_E03C34,0.005889914118931463,0.004288486225453537,0.004705199052432665,0.0003953393435829289,0.000692197533865807,0.0012174240397443993
ID_E04V5D,0.0052144855346637565,0.003918126454070661,0.0039581193082303505,0.0003802077816036227,0.0009074515353449262,0.0009769835565579625
ID_E0HFQZ,0.00547235449601092,0.004162450064153332,0.004425868798698715,0.0004961257352754924,0.0009015426235488371,0.0011176622062841744
ID_E0JXXI,0.016257134195329065,0.005376521932801794,0.005881553177138733,0.0013267794805491462,0.001718430593918398,0.0023682251036831947
ID_E0O1TE,0.005529458778366607,0.0041214351023663425,0.004305965889361014,0.00027083564826802144,0.0007234698827317381,0.0005992941060633445
ID_E0WVVY,0.005579608642621769,0.003916547776969846,0.003941968277265217,0.0004983725947365524,0.000798669454005791,0.0016277322309713256
ID_E1CQQL,0.0057479884859975685,0.0043654881189442215,0.0046318127670900945,0.0003920051870668512,0.000699009514294312,0.0011852721469391187
ID_E1PRPX,0.005356158067620058,0.0041221943882180975,0.004933387714615075,0.000313051282279777,0.0007131705937040067,0.0017656239397585611
ID_E1URRC,0.008104780348385554,0.005271722210716768,0.005698303930200682,0.0019300877839738707,0.002119935918055162,0.002937548886314596
ID_E1VE1N,0.00588720147820006,0.004552134966394866,0.005256577204823452,0.00041012926156718156,0.0012811421462502605,0.0019425996741957146
ID_E2CZGL,0.005297373656675841,0.004029787744203484,0.004259197393116392,0.0003010427868847992,0.0007363620678167644,0.0009352880751641133
ID_E2DO2Y,0.005536257910250152,0.004170903625370464,0.004682498899208185,0.0003174399530414633,0.0010184860580722075,0.0015262161825453265
ID_E34NO5,0.004980487515300587,0.003702347279420074,0.003974756955979479,0.00019299370152180232,0.00045887056861252214,0.0005006710848503294
ID_E44382,0.005848625186573589,0.00430484437611809,0.004466193276471901,0.0006793941347713715,0.0019255634924876578,0.0020372081583010172
ID_E4DAHN,0.01108789066139603,0.009535021490389796,0.009149974068243957,0.004484566310203991,0.007730230650015641,0.007082763328109014
ID_E57G26,0.005436705541818168,0.0043121299987829735,0.004905424979645231,0.00030273961459003376,0.0011472235816477896,0.001348343775245338
ID_E5C3ZB,0.1769434810099738,0.15875406376081075,0.19721181794470566,0.17079231631686223,0.20511161123072724,0.3102681652371967
ID_E69JOD,0.00535749383944065,0.004565478393188105,0.0053772214454353194,0.0004986636101191519,0.001323163389138684,0.0018297509052208354
ID_E6FA1Y,0.013964822336193883,0.009272235334223215,0.009859963119735565,0.004387525146456903,0.007740109213156672,0.008008288549542749
ID_E6FGS1,0.006454973022034541,0.00472082686981301,0.005454774280569326,0.0003938462334612519,0.0014660387165496577,0.0019751794660575186
ID_E72G1X,0.014540615053649694,0.005510908739258479,0.005810852865444922,0.0036986380183504433,0.001836868901085783,0.002574828703836332
ID_E78DPX,0.009186558534398766,0.004947668870598059,0.006760899756329713,0.0006166848288579445,0.0015126410639263483,0.0020365190389785553
ID_E7MX6C,0.008996811140523841,0.006274128242948847,0.006986757221602221,0.0016969176572282129,0.003835589683402682,0.004816181459748756
ID_E88WHP,0.005599936842867466,0.0042057296033368215,0.005450186409181044,0.0005616151176117318,0.0017989053327240258,0.0025651477605080544
ID_E8GMOT,0.005165140149449318,0.004115058595396065,0.0040422622725095865,0.00019988863017789807,0.0005785419180507486,0.0005744843410033811
ID_E8JXTE,0.051727566403888536,0.20828109128453928,0.17040795473645465,0.020720868447639228,0.2903341868227926,0.23097873718842568
ID_E8M783,0.005161739301504782,0.004085912163989828,0.004724512815476708,0.00016702153462525054,0.0009151727390754867,0.00134771424264682
ID_E8MNFZ,0.005322039552182779,0.0042332625072739665,0.004821192478819079,0.00014589788312681075,0.0008866418639616837,0.0010082410059271973
ID_E8TVW6,0.005106486259324574,0.003876989536641275,0.003984291704513175,0.00026286071665478495,0.000513980657587844,0.0005635853606605937
ID_E8WY7K,0.005819294695531099,0.004007030703417108,0.005253232087213601,0.0016807918020705446,0.0007980178086606329,0.002153512586038105
ID_E94KOM,0.15739460037237246,0.2988712656655363,0.36424858946870287,0.14460035452103873,0.40446147647068825,0.5528775469768159
ID_E958NN,0.005402243862877102,0.004729896393929107,0.00621605011041908,0.0003832141411740721,0.0019951570885290816,0.0030850258032122484
ID_E9746A,0.02723254303880337,0.010292133718409782,0.010099964750901469,0.00947940689453493,0.008220110014714257,0.00816536312199818
ID_E9CUC6,0.00537056780275509,0.003991524750355022,0.004254745684594261,0.00021068974237949524,0.0005419920845925142,0.000898608038854546
ID_E9HXCI,0.00574372231568879,0.004339267223011243,0.0039068104183175465,0.0020411884035015054,0.0011239452492893423,0.0011254505691252153
ID_E9MYEG,0.005980565963125766,0.00507506605771326,0.005754899484499325,0.000749873037544357,0.0014329600500069088,0.0017853611265400541
ID_E9X5DZ,0.005183589115982528,0.004253819308950929,0.004589699323193986,0.0002641171197895767,0.002066815577079967,0.0027188477956389444
ID_EA0FL1,0.005374666746855244,0.0050431209221495155,0.006411019019863849,0.0002809767980248369,0.00301400443161949,0.0037625357051965214
ID_EA1206,0.0055398380736022025,0.004886073601271077,0.006334208874354405,0.00036546458678319405,0.0020972349531399597,0.003271911608430729
ID_EAJN9C,0.005211535589491748,0.004435095947667226,0.004882472752773031,0.00022658691622634512,0.0030287454308862366,0.004155547622122334
ID_EALA41,0.012725611149224155,0.006592326595330363,0.00747035341630818,0.0059902828249659545,0.0024181236604129807,0.005443903279936392
ID_EBHVGH,0.005386606453922743,0.004015268154006467,0.004362176317133045,0.00022551932293465537,0.0008471572526211124,0.0008031933898085242
ID_EBNFRL,0.1677086517393623,0.3110850525778805,0.36054382884411,0.059797198070917164,0.43606163595506087,0.5667515796406439
ID_EC6XNQ,0.024227082001444616,0.04483342988050792,0.024107705997694746,0.01183964808065931,0.05005167748974615,0.02755424462984279
ID_ECEAEJ,0.00536091789468043,0.0046186582076653245,0.005682851546927982,0.000287495600017885,0.002372406977794591,0.0033628415431668284
ID_ECH1M4,0.005384167483948325,0.0043332068373824984,0.004855433068058319,0.000380937072965553,0.0010545823615277644,0.0013700300244904407
ID_ECWV3B,0.005342904600913001,0.004826818414571217,0.006024096960908936,0.00021062313075081974,0.00208762965049274,0.003158685225687256
ID_ED3ISP,0.005511123354574912,0.003948481524577856,0.004357068992189636,0.00020397073183644427,0.0006258637449891685,0.0007578933967342705
ID_ED5XL6,0.005324073033388646,0.003896435410762063,0.0042728868834595556,0.0002257426758606659,0.0004711201384689059,0.000603683426887923
ID_EDHCWN,0.0055507752800742155,0.0051603158399399955,0.00596995521964294,0.0006391907532404128,0.0017135162906925985,0.0022445472676995743
ID_EDMKFB,0.014099517459642701,0.008925245477351107,0.011474913292057699,0.0030314497001369487,0.003410705539459221,0.006245981614752256
ID_EDRP5J,0.005362255305974314,0.004309552967987598,0.004800246713555009,0.0005395961626760009,0.0009049482516610052,0.001254590445984652
ID_EDUPDW,0.006712195057975413,0.004931574524047751,0.005076960370639766,0.0004331481843020886,0.0009771745022461784,0.0013155310414321548
ID_EDY9VV,0.005250776349097748,0.003990652078020768,0.004312344853385343,0.00024547245310928907,0.00041463446792943347,0.0005049590167239035
ID_EE4T4P,0.005987839926220026,0.004391676311587958,0.00471609752929343,0.0006222401568440299,0.001375192518839593,0.0016112383067899284
ID_EE9QVY,0.009102344300584184,0.015721067088089916,0.013663416693588315,0.0013227447821764983,0.009441727543218934,0.006914159686429458
ID_EEA7EO,0.10447039064403497,0.04317435424638059,0.026063578773426882,0.08848766268594867,0.019123177888625855,0.016642183911799
ID_EEFOWD,0.006119494280094176,0.0042538202951962764,0.0043291809785986485,0.000562967015533964,0.0010286593031241396,0.0010370209713100789
ID_EELQZS,0.005380969941342828,0.004410651983505883,0.0053116069300508245,0.00027579678393021054,0.001286054799344231,0.0021076362422721246
ID_EEW8DG,0.005417431809687925,0.0037162037606388275,0.004614848718051929,0.000564551521137209,0.00048681607772773543,0.0008957865528820032
ID_EFML0I,0.010218800054196939,0.005604821157882307,0.006160831414560172,0.0019523384246286721,0.002146467330898134,0.002445843540226778
ID_EFQEXF,0.005907378920591984,0.004457375283021093,0.004935154979697708,0.0006069340703919434,0.0019697081072755497,0.001904093456566766
ID_EG3WG1,0.005817648879379083,0.004662140178544749,0.005197374023039005,0.00016995689891549277,0.0013139568218897156,0.0019141031878335594
ID_EGA5JQ,0.0052782117689067955,0.0038869819926601987,0.004313214383699546,0.0002360340750451875,0.0007038279993451462,0.0008417931630410273
ID_EGC3FR,0.0063389604588545475,0.004486040860577142,0.005610268535634821,0.000482322398036129,0.0007500376620577822,0.002507226353513931
ID_EGXW68,0.018832706863164125,0.04852118789849617,0.11562984708108198,0.002265092497473788,0.029478609317216017,0.07410590050795007
ID_EGZ2JX,0.0051564881700342236,0.004145710825127405,0.005077013216589851,0.00020296778865012038,0.0009819453960114245,0.001982143874568967
ID_EH2GC9,0.008075739819427193,0.005261508690774369,0.005707579096611585,0.0010285143345803269,0.0017338105664904506,0.0021368293625429447
ID_EH54DK,0.017666692301512268,0.005666717960026513,0.005557318776233293,0.0048031117250497855,0.0027419362391662987,0.0032581974100375655
ID_EH58J1,0.00556741777211876,0.0047493376040601346,0.005193092981375845,0.00043407979302363247,0.0011715164681098983,0.0013397252824677928
ID_EHAJ1K,0.5439040812719118,0.5874877561826161,0.7387654608820793,0.8495917039713772,0.757499799828345,0.8961461149875817
ID_EI276D,0.29076446899036745,0.11731520716700466,0.1392746831273949,0.3164329704872132,0.12704837424427684,0.18472291332176563
ID_EIJSRA,0.00794257333866956,0.00421957582582951,0.003885717380770234,0.0005320701167013045,0.0004921983856202859,0.0006165366357159434
ID_EIKAR0,0.005770944846516163,0.0044117396680434535,0.0046102297758482645,0.0003519091057234412,0.0007707209529862776,0.001286641967741254
ID_EISUUM,0.005214535830038913,0.003977818724254784,0.004643058375000958,0.00010032064911584589,0.0005708534804097099,0.001135585916916769
ID_EJ3RGR,0.0053562706241968615,0.004185221225271275,0.004420238001944831,0.0002975557141593192,0.0009328746383286615,0.0009975673881149338
ID_EJ4SY0,0.005337218251353528,0.004316359179340449,0.004545102717774147,0.00035302197976382657,0.0009500967276592468,0.0012364008145618415
ID_EJJIM0,0.005194799371668404,0.0038724419563939813,0.0039629071997121824,0.0003817876360935498,0.0008196010803519841,0.0008878823239898784
ID_EJQPOR,0.005334318006398603,0.004047798135412066,0.004616264445610487,0.0003514186148703762,0.0007383601931522823,0.0012666959137182883
ID_EJW3LT,0.005255337280823711,0.003888832265473065,0.0042806812222470495,0.00021589838235360737,0.0006111142272019423,0.0007286776019607875
ID_EJYLK4,0.005288439087005659,0.003907382682796246,0.004027291703513089,0.0004350415807985187,0.0010529053306834917,0.0010102201787554486
ID_EK7ZWC,0.006003405904708757,0.004594223655885313,0.005512532234135482,0.0003464662103954228,0.0013652860616438927,0.0017090191122856313
ID_EKJDOM,0.021120321666312565,0.00646040778614761,0.006826558581026459,0.003923770580952705,0.0044466560512765865,0.004686580557598892
ID_EKUPY5,0.005513826066779883,0.003772187256390062,0.00391146408270892,0.0003598370380028328,0.0007074196532406262,0.0006176907351972684
ID_EL2RHW,0.00537718887624873,0.004126173799170467,0.004246111431893778,0.00022335431991102464,0.0005482069582278177,0.0006216720482041576
ID_EL46XL,0.0055507752800742155,0.0051603158399399955,0.00596995521964294,0.0006391907532404128,0.0017135162906925985,0.0022445472676995743
ID_ELD3MH,0.3373366730647816,0.44759460164546716,0.36212864961552393,0.3548345252133056,0.5701821785974605,0.5493046866793551
ID_ELDV2E,0.22059371858354154,0.2771972717259415,0.3695397101615085,0.0640674347094476,0.3646533013216739,0.4773729025873184
ID_ELFXTH,0.005374666746855244,0.0050431209221495155,0.006411019019863849,0.0002809767980248369,0.00301400443161949,0.0037625357051965214
ID_ELGE1U,0.005241838162897349,0.004193536732108086,0.004921515583890394,0.00017052233718261683,0.0011319320640359812,0.001669687692811312
ID_ELJCIV,0.031005976003666176,0.0820072595353931,0.01836316282427415,0.01619764659696718,0.052450963927819914,0.016035843355405355
ID_ELOPWG,0.005009997091912899,0.0037400683849087408,0.004016422983974765,0.00021927335333253817,0.0008210058776204714,0.0008720327124716225
ID_ELPHXG,0.010258730737771456,0.006732098357400557,0.007331447804881713,0.0027521015803539848,0.005415383136830929,0.005788551498919522
ID_ELSO35,0.005668743545550203,0.00468585484883945,0.005746444301363816,0.00035259397079819314,0.0012500057610533636,0.0015560414533217425
ID_ELVMT3,0.005554388943587178,0.0039134742438709106,0.004124427343222261,0.0002870618841869006,0.0005300562889146548,0.0006984138449945103
ID_EMCF89,0.005553554006683231,0.0044019643389942124,0.004899962955322585,0.0004276182963396247,0.0015684109127604106,0.002046403223673879
ID_EMQNRZ,0.019748997203646874,0.008973716018397611,0.007638874568748463,0.005544567757186261,0.008694513121298644,0.007498423417025627
ID_EMRG7L,0.02765435565931737,0.08541660931342131,0.019935128660942852,0.012608061872311636,0.04875079996976522,0.012715588289958384
ID_EMRQ4T,0.005519406976119898,0.0036988136651272705,0.004739676857386244,0.000422091962916449,0.0005319096640408618,0.0014420742919017675
ID_EMVPFU,0.0053326415196373175,0.0042664276337831255,0.004307596607322744,0.00042138599524507204,0.0006909932778192836,0.0008229357768865953
ID_EN93YN,0.0059078932850857154,0.004305434873076605,0.004308130041410893,0.000427593740242431,0.0007963846630142751,0.0008920814835923964
ID_ENK045,0.006365082401886886,0.004430095969233993,0.00479313889321894,0.00043264648242332066,0.0010247389773702764,0.001105941701927627
ID_ENM2XK,0.005179454659209414,0.004200946699837968,0.005057714181174479,0.0002443888387837612,0.0012197491710891014,0.0017843594794765653
ID_ENNMFX,0.057025287390427226,0.07569025236825921,0.09388535123087195,0.038619484780097836,0.060856257136584914,0.1201642293293652
ID_ENU5TU,0.005330921824633968,0.0041267042507554695,0.004363552255023792,0.0004735060273121764,0.0010095152891732551,0.0010171247157402964
ID_ENZCKW,0.0053408777726693295,0.004242789358558761,0.0048327217538274925,0.00013459582475587736,0.0009205503799871884,0.0010461988727390762
ID_EOCGGW,0.07091806331799622,0.017377179842841657,0.04804678068547665,0.0075103254770483956,0.008085079070186471,0.022669589159836523
ID_EP24JU,0.02886472835661643,0.010212243955742845,0.012214635879921653,0.013730803964071074,0.010029927953125482,0.01310327430271362
ID_EPH6A9,0.0757663236372768,0.04877803979185699,0.04149604390622741,0.04373728320663064,0.05521084045246228,0.05215775716185552
ID_EPIA8E,0.0071752648662344876,0.00389879191747856,0.003964763203925789,0.0004445300424640295,0.0003822478422102483,0.0005758692894052865
ID_EPPMFG,0.14525813106577665,0.25842933205404045,0.14552123843296638,0.08322646900151418,0.36187854766385885,0.23979080796457533
ID_EPSM9H,0.005130382449870156,0.0038727585706876773,0.004184869754703431,0.00010265536628128383,0.00047492623619459386,0.0005364458098232101
ID_EPTS2K,0.005048797770472068,0.0037615874301544774,0.003993885952969208,0.00020649088608649157,0.0006589601648887967,0.0007276578149973224
ID_EPUV7F,0.005333642767574113,0.003958303501460723,0.004427444215558614,0.00018177917627312532,0.0007654060009696422,0.0008197010777739488
ID_EQ3DBB,0.005804356377664053,0.004273243951495556,0.004459770963487834,0.000744600946605052,0.000913546833319942,0.001074144436929566
ID_EQG3A7,0.017137408246323167,0.007337398838294502,0.006864349063294146,0.003907701200683851,0.004600620285154111,0.004992766885953075
ID_EQJPUR,0.09566620168151287,0.16592721732514626,0.08007047910812473,0.06089669319830702,0.16893082820329483,0.12271326710806084
ID_ER5H2G,0.006999512284453748,0.006683199785194192,0.006491150297603836,0.0005112668514867935,0.002037269707507558,0.001981807593089879
ID_ER9JGI,0.008998175592075667,0.005800660739237096,0.008143232857305711,0.00244188669536303,0.001575688186522671,0.005485945467769327
ID_ERFJWP,0.007553135511830329,0.0046204605607554775,0.00456376148266383,0.0009625208411750686,0.0006784856857741374,0.000855407343834109
ID_ERHVEE,0.005834677645984481,0.004592940280364601,0.004986721334673028,0.00045189154681646423,0.0009129652078387861,0.0011914561720400018
ID_ERLXBG,0.006466727014377337,0.004649835041914968,0.004910405680640063,0.0004808830864795008,0.0011530600808820472,0.0013662342918474872
ID_ERMOCP,0.005371868365765237,0.004726209771281516,0.0060427855785894855,0.00038019954174770167,0.0014244737596381932,0.002079536659262222
ID_ESCEIY,0.005647623183486852,0.004001142546759435,0.0042060872167723725,0.0003557913587536873,0.0009726540681202555,0.0009909828219600882
ID_ESM8N8,0.02329389993137465,0.04094197989337117,0.028805406607371617,0.010910604278821108,0.03800124156042466,0.04193360740203936
ID_ESOM9C,0.009473261636037202,0.005293813290125118,0.005498758741500357,0.0007219498225226539,0.00132527040430043,0.0014690081248860006
ID_ESYJ2B,0.006052390143374026,0.0043773814253609674,0.004915068109180022,0.00042976424151108507,0.0011428104507612028,0.0016631479170978645
ID_ET1AOI,0.005268248791315214,0.00409628702659162,0.004343249484475396,0.0004833358527019868,0.0009470528956776184,0.0009776496210672661
ID_ET6KNZ,0.4004513234584627,0.5615686238318848,0.7072800998562174,0.4972128621900826,0.6805705031039995,0.8714718618050492
ID_ETCHDH,0.005218438700852783,0.003971614920196861,0.004199445856198182,0.0002363808236473673,0.0005698154868010514,0.0007553339729136633
ID_ETJ0ZE,0.006099279496598527,0.004385709514562187,0.004968104421567321,0.0003708826435472323,0.0010647108525328572,0.0014792873560481726
ID_ETVXZ7,0.00545133496038824,0.004280220166954798,0.004817459813322236,0.00021172856151301672,0.0009005630417404296,0.0012917979653451384
ID_ETXKKL,0.005999114035195073,0.0041651843702661265,0.004628844565623621,0.00040929330541127805,0.0010000914162000428,0.0012180580037474515
ID_ETZB50,0.008241033801220762,0.00482236240520112,0.004809437344534854,0.0007662887820941012,0.00123846367148257,0.001470934247855225
ID_EUISRV,0.005721879036492473,0.0044720398410604345,0.00529123007679065,0.00023202993376665506,0.0013672116606819975,0.001282483302065835
ID_EUSUFK,0.005493547387638726,0.005094371819028676,0.005961718910709756,0.00039831330846621955,0.0021784146411116404,0.002896021384328894
ID_EUSZBN,0.00518480311755023,0.003925834349013972,0.004507181758223632,0.00024228225414305775,0.0008827791953181627,0.0010567640542325106
ID_EV4Z1I,0.005369033903703211,0.004856859245615228,0.007535233176840283,0.0005428007540633857,0.0025594795101029654,0.004239872894701934
ID_EVADQD,0.005714074536941269,0.004022115257138799,0.004474272631963034,0.00018976368134366025,0.0004815332830854404,0.0007698246489753895
ID_EVBKW0,0.02615917705559349,0.008209839409285479,0.008064380710202802,0.012118796981969772,0.0076305533596669455,0.007731467511244456
ID_EVIF8F,0.005630708773248099,0.004953647166030041,0.006013983475078679,0.0005532135704807094,0.0018313888403768401,0.003103435795095006
ID_EVO7GL,0.005288439087005659,0.003907382682796246,0.004027291703513089,0.0004350415807985187,0.0010529053306834917,0.0010102201787554486
ID_EVURSU,0.005813431631028092,0.004337249044304159,0.004791098219650544,0.0012398993058951079,0.0009786729365748497,0.0011198536858601778
ID_EVUXO1,0.11510916703074588,0.010282895617666335,0.006235041845231219,0.014960439328432959,0.002137973002557855,0.0013309797198370274
ID_EW9NJ2,0.015543749678802654,0.01475627152834836,0.015558892107746533,0.008888123854806399,0.01557794226262486,0.01911850064588164
ID_EWE6FR,0.014683174484277176,0.04792489634121246,0.022179533640819166,0.001824219362481223,0.02427500442988348,0.010367715939725141
ID_EWJ9VO,0.005774442574606244,0.004353506012069843,0.004958707482551344,0.0003621245024665666,0.0009743013947479474,0.0011711014560466288
ID_EWJGNL,0.005197101417150992,0.003582588539646062,0.004246816430165837,0.00019062048651539382,0.00034441959019235527,0.0005737195685714183
ID_EWOVVA,0.12162367992495168,0.06096312546709093,0.0537909574803841,0.07775811337249186,0.060969176629419,0.07400368657317831
ID_EWRTK0,0.005392635752082915,0.004105181742528175,0.004280167253787943,0.00022294140116955747,0.0006018319618278712,0.0006938806960795899
ID_EWS3VY,0.005354848447612428,0.004376999581832832,0.00490586822694554,0.0009189724198738515,0.001327431748132215,0.0016119597855838803
ID_EX6VFO,0.005338184287465185,0.0037707954232206677,0.003878421527980178,0.0003773180291406498,0.0007989134588120922,0.0008325488912936873
ID_EXAG19,0.005420337053101452,0.004375847874182933,0.005308955084138384,0.00014712577401179152,0.0010524449430506567,0.0016649780903171883
ID_EXDP8Y,0.0058761652778371995,0.004341576867651162,0.00448358741885151,0.00032330557007791713,0.00072790540416923,0.0007711380910311939
ID_EXXRVW,0.010298213842837283,0.005581045723507764,0.006142895222655511,0.0019353131456323017,0.002148736387259889,0.002468944874348615
ID_EXZ3UM,0.0054059113757300705,0.004320800858857321,0.004973207394919357,0.0004660432113401555,0.0014287548765501317,0.0016978150675805576
ID_EYK26U,0.005362600561563916,0.004854245275409481,0.007643787515929614,0.0005400275009783083,0.0025051350168123613,0.004431906297941879
ID_EZ948R,0.5197076670281929,0.5572932841448524,0.5818676050801403,0.7084648329733296,0.6740081459330645,0.7753528802063688
ID_EZDTQB,0.005443741432461701,0.0038574681939822063,0.004353556734169689,0.00015414059712991446,0.0007226291212688909,0.00094988991167873
ID_EZJR6X,0.00858692477613027,0.004568401418865176,0.004150430725889585,0.0004994113493493432,0.0006784604454146975,0.0006375188704420496
ID_EZO6E7,0.005425950908298602,0.004027372312614169,0.0043202520674555525,0.00021763547088034604,0.0006212239345620138,0.0008309800545898735
ID_EZOD1A,0.005832156170830761,0.004792229055198198,0.005169059965731036,0.00045795736810941843,0.0014131608716141646,0.0017626683345031465
ID_EZT9L4,0.005746924589954352,0.00512834229459386,0.005855749805363736,0.0003485420713086893,0.0018256134595916334,0.0026330088852994033
ID_F0GA7T,0.007396633218788535,0.0045966627426603,0.00529216728245967,0.003045709968033526,0.00178989779696702,0.0024524405038791075
ID_F0JB3Y,0.05781182480546075,0.04524530009844489,0.03601483906942378,0.021653727921992685,0.025063994599326754,0.02212587481770968
ID_F0XW09,0.00851855626874648,0.004955142939955025,0.005050098977005859,0.0008102535414929823,0.0009195903682056342,0.0010516711985311612
ID_F120A9,0.05213851324052884,0.028440939847053835,0.018110845946969326,0.017374407884194757,0.03351144521568635,0.024812328422623955
ID_F16709,0.0056370034021251516,0.00405049670509518,0.004446835122156249,0.00030725640458120827,0.0006372429471146002,0.0010257554215031156
ID_F1CKKX,0.005074352829783985,0.004238451370041344,0.0051386567360997846,0.0002301803998912724,0.000940969884502499,0.0011832753632798024
ID_F1SPJM,0.008623239314581744,0.005436742743468531,0.005661720072734344,0.001924148213268996,0.0022505296370810474,0.002507276584247481
ID_F2QJQL,0.008087628347319166,0.004186432114675882,0.0038797667897039635,0.0006268244864599367,0.0007236303049841521,0.0007769461945779799
ID_F313VZ,0.005089839949837008,0.004077238126904908,0.004830101958369229,0.0001590493917606675,0.0006276836918400271,0.0011192979621828171
ID_F3SZAG,0.13296537038565776,0.09937551002754207,0.2575844919845715,0.08118333162376538,0.0903947501433638,0.37997970523916375
ID_F3ZEOL,0.005452343354724548,0.00450412627810587,0.005270541990410366,0.00018922311159039,0.001488300151904589,0.00232166476110181
ID_F4C1ZX,0.005400214556287219,0.0039324789544736335,0.004356595841746554,0.00031579289278633413,0.0007366464328188252,0.0008322078588917364
ID_F4HS1L,0.005555922006688092,0.004254581078751119,0.0046754007010957315,0.0006437307493620838,0.0008558582795819692,0.0012073863575755566
ID_F4HZIQ,0.005518491097685633,0.004445196335600168,0.005128488684416273,0.0002028403970303088,0.0008505934401271311,0.001851291263351202
ID_F4K9RH,0.0059013703580622105,0.004130693980252794,0.0045995235164737365,0.00020183951341245878,0.0005649814119441214,0.0009584859877403072
ID_F4L75C,0.005566648119881282,0.0039017715136321768,0.0041130178041898936,0.00022325033983569255,0.0007676696256594518,0.0009747488463211082
ID_F4Z9QP,0.006548403807819192,0.00546221959477902,0.005597111326794507,0.0003660813292678129,0.00472030343028025,0.005571403517174942
ID_F5D4F1,0.005204966635034585,0.00391132267035188,0.004006682795458997,0.0005145242778202023,0.0008650375543568222,0.0009027134518320641
ID_F5HANJ,0.0254287536613316,0.01619664344517827,0.053417039638700536,0.012794007599575804,0.01345333701326828,0.08547155585230566
ID_F5NEVH,0.005518484820188576,0.005063960165465365,0.008436039857242632,0.000461586105460962,0.0026533070764849856,0.005525375780246414
ID_F5NM15,0.005432874925642424,0.0038591635141652075,0.0044024765222157695,0.00018673826989531715,0.0007274279488182716,0.0009656004463889716
ID_F5UXS1,0.005956874592335403,0.003986632671599252,0.004101312030644062,0.00033193168792162585,0.0006598994122781806,0.0006725110204092228
ID_F6BTEU,0.005495437051515405,0.005300467822667218,0.006209413342071942,0.00045122714797222595,0.002534721201784906,0.0036484688982381806
ID_F6CFLR,0.0062667732216727294,0.0065431038221221895,0.027576558478818618,0.00034503593583989114,0.001687732739893565,0.0101451722327257
ID_F6IK16,0.005634630968094825,0.004538422895811104,0.0052368214150109345,0.0003118150571552258,0.0009134460024013714,0.0020318932259304054
ID_F6RQR5,0.005204966635034585,0.00391132267035188,0.004006682795458997,0.0005145242778202023,0.0008650375543568222,0.0009027134518320641
ID_F6SO3R,0.1174925919267967,0.14820946777413946,0.023772697688838884,0.09602862519438411,0.17372665210318358,0.02962615376792072
ID_F6UFCA,0.005027043490708535,0.0038348740268621547,0.004101026282180494,0.00028868495578936003,0.0007053384885515622,0.0007922881398957161
ID_F702MM,0.005149742015013006,0.003955675429772796,0.004283485678250789,0.00024298066250961708,0.0006689392591885106,0.0007549584699943163
ID_F7H73Q,0.005808169101095563,0.004433852138156181,0.00514108186053325,0.00034018345900845205,0.0011290475672811361,0.001708381876614304
ID_F7RSFR,0.0054191784880536775,0.004091439356861194,0.004199402601701346,0.00016119102489769172,0.000506346749365744,0.0005591881500110243
ID_F7ZIJZ,0.00521532059906376,0.0036618172564107437,0.003692467138932805,0.00016146147882358143,0.00048342848488696906,0.000519582268186065
ID_F81GRT,0.0057606832752624985,0.004230335032434223,0.0045689222726611155,0.0002935117641779247,0.0006269141122142198,0.0009820427767047693
ID_F82ACJ,0.18484821235569632,0.14566408929544467,0.15514841402404517,0.17914299401855013,0.19472824954890858,0.23164398581598059
ID_F8AO95,0.005180565071176644,0.004143515644296282,0.0040469601484904695,0.00019058208705869468,0.0005379136139972107,0.00048504232304453663
ID_F8I9VJ,0.014540615053649694,0.005510908739258479,0.005810852865444922,0.0036986380183504433,0.001836868901085783,0.002574828703836332
ID_F8KMPL,0.0075025360512527015,0.004002806409730579,0.004105605104122264,0.00041332427947059967,0.0003762636417127951,0.0006698847252404808
ID_F91RCT,0.01437420697534484,0.012416694949287333,0.012306776465701939,0.007506063562239356,0.010510404818603497,0.01012936973765861
ID_F96FDB,0.005514194956240157,0.0038780208585370837,0.003971880019265099,0.0002718628807648741,0.0005005365684398888,0.0005388666761519946
ID_F9LA3J,0.045691653158352295,0.07391233684073013,0.12890729309927818,0.023699459714724046,0.09559403339028767,0.20670952154543817
ID_F9LL3S,0.006232768710953877,0.004808841032503844,0.005614543442401749,0.0005632302630776472,0.0014431049638637683,0.0020848804415588506
ID_FB09FY,0.005731960402553428,0.004515915446542726,0.004551307637912458,0.0002853347046978645,0.0008487996040657732,0.000837124917079675
ID_FB0WKU,0.005128919888016678,0.003867172764727081,0.004183569287527669,0.0001766681368580262,0.0005641840867033716,0.000613839054518262
ID_FBFZMG,0.005133248043499253,0.004197956796479396,0.004807711543629067,0.00023342945246768886,0.0006778805585205856,0.0007381212418736773
ID_FBOIDY,0.005511634344745472,0.00407048230215815,0.00432898694762822,0.00028849738767983547,0.0006481985116828216,0.0011600398055305718
ID_FBXD4Q,0.019772181779173753,0.005842063425810502,0.006270451807781608,0.007307773696962226,0.0027484837851239805,0.0036513887176604348
ID_FC0BNP,0.0055507752800742155,0.0051603158399399955,0.00596995521964294,0.0006391907532404128,0.0017135162906925985,0.0022445472676995743
ID_FC6AVA,0.008576323728956985,0.005269649302806956,0.005170966700208557,0.0028422853832104954,0.0012946519991096416,0.001768213389164027
ID_FCWH1E,0.04773349256354495,0.017496228423918157,0.010562027001581254,0.013021965668815381,0.014065740871549022,0.010515586500582439
ID_FDZWH6,0.0053554128401185315,0.0040772497967855445,0.004633024623646024,0.00018964810368333438,0.0005650216632655751,0.00104097001978899
ID_FE5SES,0.005479642084706395,0.003957689343735037,0.0045374980510888546,0.00026752602583161313,0.000926446498574786,0.0013273479542528033
ID_FE7367,0.00515535955586288,0.004187004785806637,0.004748442261281875,0.0002922394818689987,0.0011867026648407666,0.001211538860240024
ID_FE89WN,0.005363214664177345,0.0047566235851144905,0.0061286667425801715,0.0004835230998638707,0.0018909519528167973,0.002987553022248602
ID_FECS1U,0.005847293196964785,0.004353020440159026,0.004819774724405864,0.001500070543143819,0.001034692363189009,0.0012561847092691333
ID_FELSNU,0.005082106519453877,0.0038974470697037814,0.004418820836931488,0.00023368724890784459,0.0008809355806991963,0.001024539311903081
ID_FEV7BL,0.0055276514654916025,0.0043479005429971854,0.00513580126600757,0.00022263707595927937,0.0010552504590011255,0.0013839247590264026
ID_FFJR5D,0.03677629269684765,0.08540758099090874,0.15655072179714832,0.004135259185555141,0.0661662249638742,0.14069563816016
ID_FFXJXU,0.005704654125785011,0.003979636360369354,0.004209872324552294,0.00037800359503107733,0.0006502253468177468,0.0007792507935823173
ID_FGU02Z,0.005518491097685633,0.004445196335600168,0.005128488684416273,0.0002028403970303088,0.0008505934401271311,0.001851291263351202
ID_FH1O04,0.00592865109154727,0.003963298131640774,0.005251348124099415,0.0002484690842187908,0.0008987677699053288,0.0013734558154626063
ID_FHFMAM,0.005986345678552924,0.0044400432566770185,0.0049709788836587426,0.000524461512498708,0.0010393551892216146,0.001164313184544437
ID_FHGVV9,0.007476739736654215,0.004590879567775838,0.004565542271662247,0.0011220201860766973,0.0008464146362374623,0.0009458063639449002
ID_FHNDKH,0.02065197451348137,0.007986039728595198,0.007542142578765015,0.0033575584328822184,0.003321312776045767,0.004849685711626254
ID_FHRLXM,0.005804072212254011,0.004591243257878266,0.004646942983835775,0.00018678652857928617,0.0012093306747569409,0.0010456230513721505
ID_FHTL2A,0.0054726516955448026,0.0043963883791899565,0.004418227520593204,0.0005872640365683516,0.0008818653392595404,0.0010577411689784077
ID_FI6W81,0.040125979747558334,0.03475444881021224,0.01891187207266889,0.0227245803504621,0.04022772008778961,0.025179606984043344
ID_FI825B,0.005799649062885493,0.004334404071652275,0.005047980038213635,0.0002304571852025848,0.0012871697170450682,0.0013010889957504222
ID_FIKPR0,0.005485344617025637,0.004007719167630429,0.00448164195117198,0.00024379228149030787,0.0007490412248839567,0.001056648325058699
ID_FJ9WOU,0.015394985404262145,0.011940764576513834,0.02817958713538151,0.008814070669677609,0.005421775809001208,0.018433661344602822
ID_FJEDHF,0.005817648879379083,0.004662140178544749,0.005197374023039005,0.00016995689891549277,0.0013139568218897156,0.0019141031878335594
ID_FJF1VV,0.005715597369788821,0.004581784900609116,0.004688964363034869,0.0004986823947421043,0.0012030529840586408,0.0014778774723400389
ID_FJI00V,0.011520371421038738,0.006991509909375786,0.0075767819741136225,0.0034401082430638714,0.004246216392187597,0.006286702754384365
ID_FJIOSZ,0.006778475327993802,0.004484667027912957,0.007349667353543853,0.0008829140573505602,0.0014459239549676258,0.002411067325175707
ID_FJN24X,0.005559679610117184,0.0051793095505792384,0.006533648964110509,0.0004892226760560921,0.002477788189447015,0.00378720623077664
ID_FJN84X,0.010520068945569805,0.006333827281136148,0.009026212287729221,0.004789030120759966,0.0019105727713710045,0.006657726783584989
ID_FJY7M6,0.006372523884575344,0.004813263600066225,0.005217614461608672,0.0006227221023354441,0.0013581174909417122,0.001903259286488028
ID_FK332O,0.007304183719849622,0.00479957566299441,0.005705373382527258,0.0011643196152594485,0.001666611888573571,0.0020489879139203742
ID_FKHQWT,0.005406575578143771,0.003748187137616286,0.0037146202366384216,0.0003753016936887215,0.0008307716039962129,0.0007441901497189181
ID_FKK9MW,0.005384362219654905,0.004814144419535947,0.007630846726903489,0.0004469797669870392,0.0021829363783237225,0.004119787048147643
ID_FKP6WX,0.05747692717138837,0.5188268786241326,0.40662404104390387,0.03394066859319179,0.6305421578753162,0.5887828629862554
ID_FKYCE5,0.005897194512274199,0.0044064416772929375,0.004955558415326405,0.0003621499380774642,0.0012182888273825,0.0014310710421765347
ID_FL0OCB,0.0054080023576747,0.004683671653183687,0.005092837855142809,0.00033734262330731285,0.0018468798303884542,0.0019764997850525382
ID_FLBXIB,0.03061363885063152,0.061359367227644235,0.08951566056633742,0.015747688190140597,0.06903082202867207,0.13018212864843517
ID_FLWZUM,0.005436426919717718,0.0041028388305096655,0.004525868966500479,0.0001880118182024071,0.0006513857375691421,0.0008927227789814979
ID_FM2PGK,0.0053411496190354174,0.004286625320536792,0.0048092358563297626,0.00044852605035393,0.0008985053325710089,0.0011080040604319245
ID_FM47N0,0.0060305238638407145,0.004308110292129942,0.004834702524632439,0.0002458426860181259,0.0007722244471239089,0.0010789943112266957
ID_FM755F,0.0162054947782654,0.061989910265209794,0.05623626100619149,0.008016145963337872,0.07616176472440153,0.08364855725290143
ID_FM7JHM,0.005402243862877102,0.004729896393929107,0.00621605011041908,0.0003832141411740721,0.0019951570885290816,0.0030850258032122484
ID_FMI1VW,0.01138595555978003,0.006572421142639244,0.006110110054314473,0.001552362674381473,0.0023169698095377852,0.002495958264692886
ID_FMLX4W,0.005829797465579808,0.004167789932807159,0.004927274754886154,0.0003968521767881612,0.0012712447079749531,0.0017937167190968666
ID_FN7QN6,0.025759672783553282,0.012955687910104284,0.01071686293539599,0.007967479020297707,0.012677348981098261,0.013493994846422587
ID_FN8JFA,0.008149449594559807,0.0051370633888924355,0.00570701255215935,0.0014274522129733948,0.0017725852669376718,0.0020581520677850854
ID_FNIMWZ,0.005833906850048629,0.005103998110708328,0.006149046040696232,0.000575255064851768,0.0017186474056941272,0.0023581987084987923
ID_FNPWIO,0.005429278919510728,0.004407076851573079,0.004364790915123693,0.0002247374344763311,0.0006642338578260351,0.0006138953415695319
ID_FNREC1,0.019541002095996334,0.2969541587489089,0.21717965517666968,0.004564539123356767,0.38308977927293775,0.3341494458986816
ID_FO98FY,0.062312798615670684,0.29034773309579825,0.24666150644207738,0.0474256974950278,0.3833724052778128,0.3974770919870799
ID_FOX8D1,0.005392715175505904,0.004125505197893172,0.004695519275293172,0.00025439123762143037,0.0007129386608478278,0.0008365484351831595
ID_FP7DXV,0.005774442574606244,0.004353506012069843,0.004958707482551344,0.0003621245024665666,0.0009743013947479474,0.0011711014560466288
ID_FPAEGW,0.033515529765701546,0.02101631907476746,0.021780925387297305,0.009043005409262448,0.01149192769713271,0.016994371740586045
ID_FPANRJ,0.00609896839441033,0.004915771757505312,0.004947277873971921,0.0003290680431072221,0.0009301550543448883,0.0009952263031059972
ID_FPN3DK,0.005389080769596794,0.004522136974186826,0.005507506953924938,0.0001971912122438452,0.00117328140793256,0.002597056224454641
ID_FPUZW4,0.00525166201990891,0.003881814644923153,0.0041759701651780555,0.00017652029847779171,0.00047519039686420476,0.0005622240786470794
ID_FQ80WS,0.0054244286749204175,0.003735029938666355,0.004659393212466952,0.0005559003654707128,0.0004957647438189868,0.0008816705015191251
ID_FQA9MM,0.0053245157169797995,0.003814979279442331,0.004315374632932119,0.000208877626548307,0.0008367923241455522,0.0010690088857699094
ID_FQKEBR,0.007542717192598056,0.004102749566826579,0.005416883886555438,0.00045917685653433624,0.00041254659411764475,0.000754033953695044
ID_FQNAWD,0.0052253492732603655,0.004182832441655901,0.004814095529973077,0.0003745041547480913,0.000739660275971369,0.0009451786618945138
ID_FQTAK3,0.005396134821864754,0.004191169998459344,0.004696719892246813,0.00018066514930922435,0.0008062063037950175,0.000881970525510347
ID_FREVOR,0.005337436008712638,0.004020445349179202,0.004565336119639276,0.00020686928909803125,0.0007065250670354314,0.0008703722565026853
ID_FS3K1S,0.005703860489715075,0.004579544341311662,0.004714420368336936,0.0004325487448749399,0.0011454405253138308,0.0015211836399250994
ID_FS84JN,0.00993845117557381,0.0068500922489361585,0.0070435663325507155,0.0015464114280474349,0.005067476937047107,0.005573339289033464
ID_FSHJRR,0.005112727855466207,0.003951774253716594,0.00427945264547597,0.0002491932016000845,0.0006357193347044159,0.0009145608540013952
ID_FSYPFJ,0.0054155168793429045,0.004294864095430993,0.004923525794347594,0.0003333364540171872,0.0009188443338136632,0.001221289585534103
ID_FTIP85,0.005393219711610426,0.004894286526759899,0.0060763582841582295,0.0003311526700206492,0.0023917395251226376,0.004038254998556581
ID_FTQ35Z,0.00534877582306347,0.004961906851133737,0.0063844159318148,0.0005020060424691878,0.0022891078394232426,0.003290804611542326
ID_FUAXKT,0.005770944846516163,0.0044117396680434535,0.0046102297758482645,0.0003519091057234412,0.0007707209529862776,0.001286641967741254
ID_FUI65H,0.0141636032965849,0.007767846927072107,0.007275460243172178,0.00514639808192499,0.0031968070247782128,0.00414696279905105
ID_FUJOIH,0.005490327099538665,0.003938233095753425,0.004319101485080512,0.0002874076356373836,0.0007058255780180684,0.0008501994047823137
ID_FV08L5,0.014194101201906938,0.005235955760055948,0.0054023064177834545,0.001859865240381079,0.001487135849331104,0.0020208258399853226
ID_FVI9F8,0.005163512482546404,0.004003505984806527,0.004470739341461159,0.00015102321935079504,0.0004957007915884664,0.0007395415020304923
ID_FVWFLK,0.005502136959949042,0.004414339193573155,0.0049598166841354745,0.0006317486134678832,0.0012015250099085906,0.001874595870065883
ID_FVZ6BG,0.0053836834518922305,0.004011615009311352,0.004294511916394352,0.00027810892355165936,0.0006551538115125325,0.0008908613869226096
ID_FW0L11,0.005319141947025883,0.004492863282973047,0.004821713378166182,0.0001502411594885407,0.0022823097552040037,0.002761766041848219
ID_FW5MN2,0.01414532305908655,0.007512740664989405,0.007120026518671953,0.005307344024939804,0.0027252558061787438,0.003109501917623324
ID_FWAHKC,0.010215670146666765,0.005601107749278021,0.006159481510653253,0.0019104521161443903,0.0021535077899671505,0.0024461304299098026
ID_FWMKII,0.005858872718007304,0.004020365219811789,0.004968945517181245,0.00020227837855074123,0.0007008671978076961,0.0007344995931177271
ID_FWYKU6,0.0055507752800742155,0.0051603158399399955,0.00596995521964294,0.0006391907532404128,0.0017135162906925985,0.0022445472676995743
ID_FX76KI,0.018212765656945695,0.010195348565302298,0.011321997963266724,0.007606767697551656,0.00618630087484168,0.005995172565231255
ID_FXV3ZJ,0.0053353052404430616,0.004828235958456392,0.0060510099512978005,0.0002021880057754128,0.0020783024745487195,0.0032420729784085095
ID_FXZJ9P,0.005561281416889061,0.004334863233127503,0.00527383937961314,0.00018681631354231244,0.0009280645814899799,0.001296245362743505
ID_FYU27B,0.005452343354724548,0.00450412627810587,0.005270541990410366,0.00018922311159039,0.001488300151904589,0.00232166476110181
ID_FZ714I,0.005945975435657516,0.004311182044113914,0.004319675762788089,0.001010308326580133,0.0013383934820074034,0.0014708419755522797
ID_FZ85DE,0.00622746877422218,0.004367168047738631,0.0049591959073113845,0.000252281074643361,0.0011346426615930268,0.001494266850491292
ID_FZBCVY,0.01577777164575219,0.014852877900325951,0.015749396865323735,0.0021271426647915532,0.011434054627641837,0.015167487868950457
ID_FZHPYW,0.005554341602456123,0.00445940691933039,0.004858181078989385,0.00024434725785639044,0.0011471150100408089,0.0015998911647536298
ID_FZVHYY,0.005619598840642425,0.004075896971472283,0.004334787016421783,0.0001887139194491617,0.0005659782559768139,0.0006408347203106483
ID_G0I7ZK,0.0055620019355505385,0.00378010019164164,0.0049978065858360616,0.0010645651187145147,0.0007153848255508371,0.002017425835042269
ID_G0KUFV,0.06529647020054609,0.019292743737796207,0.03322977989123762,0.030329794575690724,0.01367618805100585,0.027232352036028546
ID_G17P84,0.006360180189015998,0.0046164503758825606,0.006037277340494034,0.0006987289895828668,0.0008909839604359748,0.0026827449649575097
ID_G1IG7E,0.010214048677292512,0.005607536016150185,0.0061631640575173325,0.0019024357200550844,0.0021023961793335483,0.0024182342033811665
ID_G1TRLN,0.005586454684351039,0.00421907822942889,0.00488010690094157,0.00033857143511966385,0.0011744527239231958,0.001406590722302041
ID_G1V02M,0.010271688358127331,0.005507960646508781,0.005249071286845712,0.0015089850926959692,0.0016609732106015389,0.001919084723203044
ID_G27PI8,0.034838833784185966,0.00546571506579818,0.011886000883916257,0.01552624865591291,0.0025751580199634117,0.009455072196562097
ID_G2AFM5,0.005262763357809387,0.004041890653374445,0.00429276123377544,0.0004111874752190895,0.0009064120445322169,0.0009568940450563081
ID_G2J9TV,0.005867833147990979,0.004399078208347545,0.0049345351931140095,0.00033885436149192237,0.0011704413649433131,0.001423347504245152
ID_G2O1VD,0.008152254952867267,0.004926835212096744,0.005231538957351688,0.0010889229454767544,0.0015010127120364733,0.0014385974138952675
ID_G32IUY,0.005307527358448104,0.004008213023577731,0.004307256473424808,0.0002102013861739202,0.000496902439487177,0.0005685862615985842
ID_G3G8F2,0.020930261766648004,0.03116893172227451,0.01331830134298401,0.006260812271982774,0.023796875114088855,0.009853332561434794
ID_G3JAYX,0.005377112604576505,0.004248592782460401,0.004838813890667756,0.0001712055470999981,0.0006821916113004706,0.0009571808425177949
ID_G3ZX83,0.0062745022149205375,0.004853765710176391,0.005372464745636058,0.0007962486004580163,0.0013628558658249042,0.0020820643898458273
ID_G44DHO,0.005804356377664053,0.004273243951495556,0.004459770963487834,0.000744600946605052,0.000913546833319942,0.001074144436929566
ID_G44S2G,0.006309798465998051,0.0045374933353707885,0.0047397194101360006,0.0003147467442364941,0.0007532389152510554,0.0008026570547898201
ID_G4C6ER,0.0387573502715682,0.056561840747747,0.07765075200395277,0.01062268397171843,0.07259461557119973,0.11573121033100109
ID_G4DDGB,0.006093490274711434,0.004360351281070578,0.0047064376367560385,0.0004501762504459997,0.0009516115941277227,0.0014004644308690606
ID_G4MECV,0.005070670034507082,0.004090727900075194,0.005744569342601227,0.00023907543803070117,0.0012332272806284078,0.0019454815753381176
ID_G4SI0V,0.00571523246323371,0.004167902574889893,0.004337877835515615,0.0004349278540952328,0.0007732667753576776,0.0008342726312720873
ID_G5CBCM,0.006043593364949988,0.004788412714695811,0.00598504174187185,0.0005072947731775021,0.0015939052258086182,0.002295536275579555
ID_G5ERJR,0.005425405064917161,0.004703725762471065,0.006169753517008232,0.0003413338671109556,0.0018460362886449447,0.0025092265715250966
ID_G5JSBH,0.005520264904217198,0.0044480404165538915,0.005192856513645543,0.00041869044898985397,0.0009933568985015372,0.0015161635156289552
ID_G5NRPK,0.006081398906866797,0.005216463572552316,0.005714160215222286,0.0006200373282979809,0.002772739741596915,0.0028508880816232787
ID_G5ULLS,0.007842160088148444,0.007216388095077401,0.009319895880716515,0.0013915489385392618,0.005297636645733913,0.0059814611117916605
ID_G5YFIJ,0.005731523842648739,0.004525671394708425,0.004999923881046567,0.0001667408610500543,0.0007510965071175631,0.001441405472800392
ID_G60X6Z,0.005596148835350359,0.004262665286320531,0.00450092966526125,0.000550069883333216,0.0008931793700051577,0.0009851389431057656
ID_G6554I,0.13218623020224224,0.08954627050135924,0.08838795352005471,0.10268063778626223,0.08717552508932226,0.12081880151313355
ID_G6NIUE,0.0063170338516564855,0.004398646300779024,0.00475666763305354,0.00039691652963895756,0.0009313352332723651,0.0010389610964566115
ID_G6R4XS,0.005343069746845497,0.004408666062465809,0.004980669977444159,0.00041410741948709977,0.0014795446116865189,0.0017668787027624309
ID_G76EJJ,0.005674568026831183,0.004538656908672456,0.005196936366172738,0.000339100088535202,0.0015266989960325387,0.00235962250987947
ID_G7CMRV,0.008828331092134887,0.006384184844179287,0.007377377396218248,0.00202345636141715,0.0025854710375507943,0.0034731179503824077
ID_G7GMXZ,0.005925378918482631,0.004082882891726584,0.004549232921283159,0.0004594491031566109,0.0008242468208952254,0.001174188504593958
ID_G7GY5M,0.005332493703385201,0.0044323241712761,0.005094413978789587,0.0004689795032910725,0.0011719068645763616,0.0015952402305040578
ID_G7TIWW,0.005429090233540856,0.004011045617706539,0.004138180120838527,0.00023312619751444778,0.000567733940500118,0.000646655979949962
ID_G7Z1L3,0.3380696330076025,0.4066774966208441,0.46644748135731284,0.3477007759230838,0.5415810982549923,0.6721046115231147
ID_G7Z3UK,0.009229267553694742,0.003721086574205826,0.004493883458733914,0.0018370552355576732,0.0011130344978817733,0.0021382095966013836
ID_G84HTM,0.006976969222278234,0.004592222760067071,0.008657369227063541,0.0008895939718475878,0.0011984444321359114,0.0023839149746668247
ID_G8ISGB,0.005063028080873933,0.003990550809171166,0.004504278521400274,0.00039005203021585586,0.001127072228671113,0.0011205772056671272
ID_G8MQYI,0.0055730932859640765,0.003975071587419482,0.004120299108896338,0.0004210179454540932,0.0007548662187746971,0.0007071591031837309
ID_G90D2D,0.017666692301512268,0.005666717960026513,0.005557318776233293,0.0048031117250497855,0.0027419362391662987,0.0032581974100375655
ID_G9RESG,0.005234710715380912,0.0041902164350243075,0.00522992784890995,0.0001425669344412267,0.0008957859281207473,0.0019310181077541485
ID_G9WW3Y,0.044596804051871934,0.019864861138643303,0.03291258006667269,0.025208982089293588,0.01272441189011463,0.0220516491117472
ID_GA55FI,0.009457606696294418,0.006248060007560845,0.006046874173358964,0.0014346858102079042,0.0023075069329158045,0.002750161788211213
ID_GAHF28,0.005437407385099533,0.0042545454132557154,0.004828235410071509,0.0003917914414575019,0.0013397631214127413,0.0017147061726770876
ID_GAJC6C,0.021167926893544995,0.006480435008140652,0.006594943505336694,0.0042472123746354435,0.0036632179108372054,0.00389160347526436
ID_GAMP7V,0.00550160046867193,0.004925461779634022,0.00633732103318718,0.0003751624961286865,0.0017500001353805514,0.002930075129629522
ID_GAOAHL,0.006057229177965778,0.004789786185605907,0.005968107447693848,0.00045546170349456473,0.0016210576180719105,0.0021661682409089655
ID_GAOFDO,0.005643656408372019,0.004104710209690959,0.004520308100157652,0.0002535615007521317,0.0006080473700286352,0.0007349178550053216
ID_GARNGB,0.010892196562472032,0.008749885714386538,0.009490016350369447,0.00270350377125894,0.004380405120760837,0.005916488001734474
ID_GB0OWZ,0.005721320702839604,0.004075694772962485,0.004410494166086371,0.00028233712634361224,0.0006711285081491905,0.0009151696643434254
ID_GB2SDS,0.006057229177965778,0.004789786185605907,0.005968107447693848,0.00045546170349456473,0.0016210576180719105,0.0021661682409089655
ID_GB2USC,0.007075700392774295,0.0074702846719027225,0.008512777597728054,0.0006661633656388892,0.004844011245532139,0.005150156254099866
ID_GB5XCD,0.019514290809684864,0.007383636489605786,0.007582650447993013,0.006342132711058172,0.004076338591195583,0.005671578971690392
ID_GBJJLZ,0.005371868365765237,0.004726209771281516,0.0060427855785894855,0.00038019954174770167,0.0014244737596381932,0.002079536659262222
ID_GBKQ4A,0.005570131752523479,0.0041776142449705565,0.0050148269571547634,0.00048582980897462797,0.0016426622297368335,0.0018706595443325146
ID_GBNTZ0,0.00553711921049242,0.004217765751488794,0.004291840189924264,0.0007297576582147525,0.0010995688898491202,0.0010299583295241058
ID_GBOV5S,0.005527540145564362,0.0040643930359752735,0.004282151110023106,0.00031729022529840457,0.0008068248938442387,0.0008567399095492132
ID_GCE89L,0.014952395869339531,0.006837499237676742,0.006858882325147354,0.0030062902484243575,0.004501846468753479,0.005099564308480819
ID_GCHBYB,0.00940938251596651,0.006904185447419935,0.007864262352698737,0.0016303881053511505,0.0024962626752422713,0.0032135392794108834
ID_GD1YS3,0.21442227595674027,0.12258360461946151,0.0585572658898488,0.23068889033715495,0.12412350736491672,0.07089764033315002
ID_GE0PML,0.005345976485601794,0.004187597566066729,0.004876927892918557,0.0002502677636892663,0.0005689555918421558,0.0007657552436912417
ID_GE4M9Q,0.00581808183231625,0.004606736193498727,0.00520097640081205,0.0002305338703423184,0.001349286209526578,0.0019118516597827445
ID_GEF4SU,0.01741740540728945,0.007183054565530761,0.0058636656937733015,0.0035003967600838975,0.002642911821979761,0.002375607623339826
ID_GEIU3Q,0.017657699508483882,0.013674918274659408,0.052785744572793586,0.009949016952224873,0.005051073741155927,0.023257819473807638
ID_GEWJ3P,0.006070278497706141,0.004538103151961243,0.004858507027750471,0.0004856989920100234,0.0008459492579297836,0.0013172214513864347
ID_GEWMZ2,0.005482134309054198,0.0038092517409526504,0.003779336646771336,0.0004930628716168925,0.0009749366236195431,0.0009384245725053867
ID_GFGBJP,0.005113531401343733,0.003537744310482018,0.0036182567079315036,0.00019060369449594767,0.00042886029629294974,0.00045236501996773605
ID_GFGI4F,0.005529458778366607,0.0041214351023663425,0.004305965889361014,0.00027083564826802144,0.0007234698827317381,0.0005992941060633445
ID_GFIAH6,0.006407240621863301,0.005349419914611004,0.004704190293601142,0.00037735358625457324,0.0006808588638825382,0.0006929286183679918
ID_GFJBOO,0.005799597589333155,0.004274073270113682,0.00448172405594,0.0005593344831501231,0.0009576423436467792,0.0009740422191532226
ID_GFNMAQ,0.00528932946639444,0.004393385696386675,0.005083995022275783,0.00025121213382214055,0.0008246427644426289,0.0016758780181068038
ID_GFQSV3,0.005328385375211101,0.004140734350723889,0.004691643373254829,0.0002709573568394309,0.000767417776885058,0.0009946083282140372
ID_GG25SM,0.014967310491344043,0.026252520375485353,0.019117242687210777,0.00360196092897812,0.01702608567261473,0.01658075887129446
ID_GG3PR8,0.010184281421163512,0.006453746473648575,0.009214263918450623,0.0032452035614443414,0.0018248285051386424,0.006652620249114648
ID_GGCNVE,0.056589553063665046,0.03787100387733474,0.04677054526329361,0.03198284457610674,0.039800052708762905,0.0664983010488055
ID_GGDIMC,0.17926944862353958,0.11313255227885473,0.04876792443967813,0.15037196368693975,0.12207505335899828,0.0672601274265702
ID_GGVJTH,0.006986335338679533,0.004488275479571087,0.004943112609419061,0.0007830513197808591,0.0009529786977982893,0.0009727457932563319
ID_GGZZ9O,0.011451625373266022,0.00782398648892261,0.007202487886926288,0.0035830333772336725,0.003924273964076833,0.003527764911387106
ID_GH8L5Y,0.005725269327953164,0.0041938662008127086,0.004890382273635522,0.00024511519769123454,0.0008407055538494141,0.0011674073835797978
ID_GHFIYF,0.005189013398638453,0.004090532172643236,0.0047487183553961265,0.00026163660298148786,0.0008848117880287951,0.0011616939298117923
ID_GHJU0P,0.005386864828035088,0.003969170688565707,0.004334396274469986,0.00025632584981418,0.0006309200124057972,0.0006634317504871491
ID_GI1C93,0.005798327269243204,0.004272085671341106,0.00446254751273518,0.0007850856505673242,0.0009086600737521833,0.0011305191289738062
ID_GI6XEF,0.005478693688215872,0.004254531647351207,0.005218694928260846,0.00021970243738123722,0.0011419143242299191,0.0016985293973470004
ID_GI8IYT,0.005413105023791904,0.004241727730046371,0.004797368112902853,0.0005029378612012179,0.001376613280747355,0.0018803331987559955
ID_GIFIE7,0.005115537003806213,0.003922530566536461,0.004246075940960238,0.00016538393612200274,0.0004209175671016643,0.0004543817827545677
ID_GIQVVF,0.0057546073828508015,0.004320612674025324,0.004414849083394044,0.0004229137796020411,0.0007838881725324057,0.0007289941443392247
ID_GIVEZ4,0.01421596174888127,0.012753314465269984,0.013395589001323248,0.0028909217506943867,0.013853893146936127,0.017624848521961
ID_GIYG6G,0.0059766254548881724,0.0049107196853460135,0.005348579500893287,0.00028453710947244474,0.0011190417193517887,0.0022289462693878053
ID_GJ1X0Y,0.0055724882081170345,0.003975874790849032,0.004142011419152814,0.0003492449697273794,0.000823544980080088,0.0007766755235282764
ID_GJ2GXZ,0.010933498279247809,0.006019794984910952,0.006321433304551034,0.0008947837845992833,0.0013923815976060426,0.0014308719298536127
ID_GJ6EAI,0.0056944856996497435,0.004439039531951439,0.005469536036408463,0.00017762107723107214,0.0011668640130431756,0.0017832233151328972
ID_GJJRW7,0.010972646311868986,0.0063127207426184,0.00603542050063982,0.0018031992041331573,0.0020100741737138195,0.0020963520334859407
ID_GJR246,0.005381374653510654,0.004248106153631601,0.004652777933707614,0.00042626087755636,0.0007485705010825746,0.0008658228485047831
ID_GJSBDX,0.005385501373399665,0.004372159430700486,0.005282959224396059,0.00041630248541024934,0.0016791414366745683,0.002208330598815763
ID_GJUTJ6,0.005443550874621617,0.004255464630567078,0.004817386425658843,0.0004377925983871187,0.0013638140452646643,0.0016448877799285833
ID_GKA6X5,0.00569816173004744,0.004499850164372057,0.004959571182465761,0.00018263246064380984,0.0009325888576701753,0.001765281991867613
ID_GKAI11,0.00517347538238324,0.004054732454112116,0.004509149755945521,0.00014908125594118555,0.0005395184828421156,0.0007473563792488157
ID_GKDTYW,0.005719414531767735,0.004201220635715603,0.004623708369408601,0.00031537507053263676,0.0011262993169806387,0.0011275132191033805
ID_GKQ47Z,0.0096687933765531,0.006139730118184702,0.008216583980310272,0.002804877886310007,0.0016590130006581324,0.005519291499950526
ID_GKSEUX,0.005596350139438703,0.003926196309396033,0.003983878891907448,0.0003847799958490535,0.0006057954381660915,0.0006411063794916852
ID_GKT8DV,0.005510062948042179,0.003942133207832646,0.004233161219893141,0.0002188138242485973,0.0005556832081660138,0.0006467868864466422
ID_GL5NBY,0.005867541333252041,0.004256125472901336,0.004588233471159533,0.0003484685811567615,0.0007822527252183914,0.0010825774900554014
ID_GLHVNV,0.0053631190587216,0.004212822231383402,0.004904069050988658,0.0003641652157650412,0.0007521749822587268,0.0009064747881136101
ID_GLQ3DX,0.005413105023791904,0.004241727730046371,0.004797368112902853,0.0005029378612012179,0.001376613280747355,0.0018803331987559955
ID_GLYI5H,0.005874577889934591,0.004709634502317509,0.004744218863543265,0.00025035321152582754,0.001183455488840071,0.0010139808074884332
ID_GMAXQ3,0.005369033903703211,0.004856859245615228,0.007535233176840283,0.0005428007540633857,0.0025594795101029654,0.004239872894701934
ID_GMWQ34,0.00544120462729822,0.005161542353544064,0.006525634793993852,0.0004594593217982362,0.002359169469197998,0.004162856670099278
ID_GMYJFP,0.005373069432076428,0.004024731250868405,0.004118668933078381,0.00022459049705911467,0.0006097902670507551,0.0006169059282522667
ID_GN401Z,0.005498564919615298,0.004096893542023753,0.004292741039186294,0.000187673227598613,0.000457415916326726,0.0007343641116082306
ID_GN5HJG,0.030580962216184487,0.01073360740663772,0.010821456703926896,0.004678510895012301,0.009000239266417437,0.012877661997740463
ID_GN7SOH,0.005427002611208727,0.004378181210982568,0.0053764000441157405,0.0001319487772713905,0.0010253320360989484,0.0015537949942840456
ID_GNQBPW,0.010640269120423835,0.006483117545755327,0.006517126611987592,0.0047453066590343014,0.00432811940805463,0.004221598937449487
ID_GO0M2G,0.00943134588158497,0.005491992095078987,0.004649664360083149,0.0018546113231288342,0.0013968116666892363,0.001380713070442318
ID_GO2BVN,0.005234576988718639,0.0036853039352849415,0.003718180144710153,0.00017598872458989202,0.0004619113795153412,0.000537080700576172
ID_GO6AEU,0.005529458778366607,0.0041214351023663425,0.004305965889361014,0.00027083564826802144,0.0007234698827317381,0.0005992941060633445
ID_GOGWE0,0.0054805538445305965,0.003963703378967424,0.004245701995440758,0.0002853682973284183,0.0007411480944187633,0.0007915803569751416
ID_GOSZ8L,0.005558979285059296,0.0044324408642122054,0.005131775849082782,0.0002907681485862558,0.0011333478277603907,0.0017810590316043981
ID_GOXE3K,0.005398035096726422,0.004208452047669766,0.004799285281823165,0.00027637340334984756,0.0013916506984174642,0.0018885246470327626
ID_GOXV1Z,0.005386272664945231,0.00458624838429136,0.00468607172748985,0.0003405981539758321,0.0013041248260648806,0.0015264249656231092
ID_GOZQWK,0.005177655541828382,0.004138128312913788,0.0040530896564419,0.00015180224865217836,0.0004521978212191088,0.0004510844193640569
ID_GP1DHX,0.005787317543714323,0.004287093308503358,0.004688514716986527,0.0003584380211305811,0.0009848013532958559,0.0011188627733290579
ID_GPFY9L,0.007617858528483578,0.004192529517620534,0.004038883563335303,0.0005671811304937957,0.0007471237792040132,0.0007995068857102736
ID_GPGXMS,0.005703004141263292,0.004993450501009358,0.005658379545269007,0.0002596633636754337,0.0015491012970581378,0.001991452361631935
ID_GPQQOT,0.005963434852283433,0.0040558941485913476,0.004546025760388722,0.0003901507026251857,0.0010069987317627871,0.001239926799815662
ID_GPUXEY,0.00534877582306347,0.004961906851133737,0.0063844159318148,0.0005020060424691878,0.0022891078394232426,0.003290804611542326
ID_GQEHIP,0.005332285928326267,0.003860673432361942,0.0039648395787485885,0.00027505776021694006,0.0005832453858673318,0.0005816146220313407
ID_GQHEYV,0.02123316460079916,0.008166563371581557,0.009191769409084258,0.006229091395959021,0.005752002488162098,0.007844720417045259
ID_GQKCKG,0.011371010741215158,0.007627676521182869,0.008435873023169647,0.003309224013935847,0.00566297189058148,0.00799165105405496
ID_GQWO42,0.005553533903791328,0.0037059199792878372,0.004802865114912307,0.0003750012338675919,0.0006179123856719762,0.0015413184308081956
ID_GQZQS4,0.006093490274711434,0.004360351281070578,0.0047064376367560385,0.0004501762504459997,0.0009516115941277227,0.0014004644308690606
ID_GR98DJ,0.02532438944969087,0.005314262733510333,0.01062902279642736,0.008881933919201432,0.0023219838316125684,0.005899892566369026
ID_GRCY09,0.007769802380324744,0.004715403100854563,0.004864811720869902,0.000493417624862033,0.0008423974934986422,0.0008607388916890118
ID_GRK0QD,0.006824637360416098,0.006737926063724873,0.01051163492488441,0.0010744907568922732,0.004994920724920711,0.01204722618555169
ID_GRQZ05,0.005875373383908919,0.004669117606783959,0.006013386161120992,0.0003655668543242802,0.0015338457482091754,0.0024273559483345836
ID_GS2DIL,0.05656895882261888,0.10226678384086396,0.04905298127884693,0.04558504329508024,0.06099526477818891,0.037465934638067924
ID_GS6GIY,0.005495437051515405,0.005300467822667218,0.006209413342071942,0.00045122714797222595,0.002534721201784906,0.0036484688982381806
ID_GS6HXS,0.02019455300291713,0.12036644499408958,0.05103732712848685,0.007640015588627186,0.1635531350094553,0.07670415286711342
ID_GSHF7X,0.005040535878177284,0.003839076022830155,0.004102895907141567,0.00017120409635144863,0.0006813403448040548,0.0007468042097628552
ID_GSJHB8,0.005364048248092077,0.004690529209931347,0.004889367555872158,0.0002267145906219719,0.0030806851316357137,0.0034667737552235593
ID_GSOEX8,0.005578213571972296,0.004099192872772355,0.00461993339646009,0.00022071203263242082,0.0006655806201907759,0.0006646664994526738
ID_GSRCHF,0.00974971019662058,0.005668084864219102,0.005324237154236883,0.0015700978060424798,0.0019387462530922929,0.0017206359793285994
ID_GTAZM3,0.0058753141786297165,0.004750009871384536,0.005228434744720763,0.0002983236812071624,0.0021912527165678683,0.0030552516462236507
ID_GTVZ8B,0.0051304460929622745,0.0040069685082439205,0.004568546894463755,0.0003580382374917054,0.001008386173020878,0.0012056663344580726
ID_GTXRS7,0.005245997484338883,0.003653193296365093,0.003810017004604243,0.0002342047730418501,0.0007349596035351477,0.0007854762830051476
ID_GU8TDA,0.005334038704463425,0.004010174747524684,0.004505813482712523,0.00014533541761308711,0.000784073523964881,0.0009277494846856938
ID_GU9R9I,0.005055681834640048,0.004211448005023583,0.005236044465588715,0.00020424035751349058,0.001155007054642025,0.0014511953762754823
ID_GUDWDW,0.005371868365765237,0.004726209771281516,0.0060427855785894855,0.00038019954174770167,0.0014244737596381932,0.002079536659262222
ID_GV31Z2,0.011001496654330036,0.00724811753269648,0.008907841916422557,0.0024378189153575125,0.0033179345003446427,0.0037056369581285626
ID_GV4GIF,0.026459703494393142,0.01718218683976807,0.015072114694231035,0.006588062544947455,0.01084411174679036,0.011836333214782925
ID_GVBQQE,0.005371371265339157,0.0041786957203765965,0.004581072596126365,0.0002698123817335882,0.0008577073436234473,0.0008245420195483578
ID_GVDCKX,0.009888554577526566,0.006014500957564216,0.006604286788384178,0.0023301940375655586,0.002292750782899895,0.002387506618937825
ID_GVIHSB,0.005139830604081353,0.0038334027425137845,0.004140292135073455,0.00026427079665603995,0.0007334425302433008,0.0008407624301096932
ID_GW0TFH,0.005549027403715365,0.00436918269585649,0.004697529426692283,0.00025988883330013934,0.0007458824706210997,0.0008396112537586011
ID_GW57CP,0.005373960438511937,0.004404888074143397,0.005316740788511963,0.00023959404100524102,0.001140137330981685,0.0020021885157785243
ID_GW81H7,0.005389532570561988,0.0042214199337152385,0.0047372171331920895,0.00016422080866739205,0.0005762542331541507,0.0007795436587559246
ID_GWCAWH,0.0059055954774170005,0.0049924552069606585,0.0049495797531419515,0.0004501715595986826,0.0009402228624335605,0.0010762140289126627
ID_GWFNDL,0.15610678619692703,0.24585546238076175,0.19600783487365106,0.15319619376661298,0.26431443152996004,0.27986037425135735
ID_GWHZQX,0.00509334648940058,0.003980705932926334,0.00484170910267603,0.00026378576845767656,0.0009937352276331898,0.0014174541548632451
ID_GX5WM0,0.005903522124235866,0.004064337672967425,0.004535989381130819,0.0004049816585752902,0.0008447981353699895,0.0011451478054165776
ID_GX7MD3,0.010591226763274854,0.0064870653817882835,0.006223952933575716,0.0022331283809669624,0.0024021970465919556,0.002301833349013851
ID_GXIV13,0.005446545784132151,0.003809417028665731,0.003914486442497949,0.0003059175462760449,0.0006444756593606162,0.000579033032683613
ID_GXNTBL,0.013836400383009444,0.007874152914218576,0.008881537422705936,0.007729742871054291,0.005336860894707042,0.007343210821835278
ID_GXO4MZ,0.005308120376755018,0.003982299896682929,0.004313513546186752,0.00019548609741296854,0.0005308335455481641,0.0008367228342534424
ID_GXWOO5,0.005462549638584532,0.0050440977328877375,0.006400142235465577,0.000390470161373097,0.002157591936316343,0.004185355992948975
ID_GY618Y,0.005779895374223664,0.004824308644830916,0.005851426274405987,0.0003120683846827334,0.0017828451212888244,0.00247279972970197
ID_GY67O6,0.018504683793020123,0.005367357615586025,0.005600167890559656,0.0015213618611698689,0.002579425361693925,0.0027192431559781368
ID_GYA6QV,0.05219593557544413,0.018987497201449287,0.016168735964512418,0.036562681144003656,0.01129174971470892,0.018365334604682336
ID_GYR7IN,0.007924380847129701,0.007664469424109394,0.007533841197771356,0.0011813571431274436,0.004360582964464634,0.0048624298850971776
ID_GYZ4QD,0.006563537132973317,0.005091749369077936,0.004304414356645234,0.00040100567013937136,0.0007143440208610516,0.0007999978386922829
ID_GZ2CK3,0.013966396584506418,0.004909114190002941,0.005323731219895087,0.00723130831806082,0.002209748750620531,0.0023716512828860824
ID_GZ4MXV,0.007035133619840274,0.006860949241543018,0.006558694832984513,0.00039074701134215274,0.0016834846794699404,0.0017754816916461709
ID_GZEIYE,0.0052917929246981705,0.003871526639125624,0.004235999470111715,0.0002287743201673812,0.0005007907242565315,0.0005873324291464959
ID_H0LTUX,0.005604702736183645,0.0035305283716250448,0.0037473934628587864,0.0002789950205708105,0.0009255402107087383,0.0009822302589665365
ID_H0N40Y,0.005532028295918948,0.004142866543506376,0.004337116586961807,0.0003403340813041849,0.0008487933479453004,0.0008548992706732317
ID_H0RGUD,0.005373945486747977,0.004038090262897598,0.004151852742428711,0.0003777339101707431,0.0007522298498373084,0.0007046447353199063
ID_H0WWMP,0.005194799371668404,0.0038724419563939813,0.0039629071997121824,0.0003817876360935498,0.0008196010803519841,0.0008878823239898784
ID_H0ZGLY,0.09466629822546886,0.1374573635951887,0.1057424343931963,0.04295548488263708,0.12217105846221082,0.07922878551724535
ID_H10W0Q,0.005462549638584532,0.0050440977328877375,0.006400142235465577,0.000390470161373097,0.002157591936316343,0.004185355992948975
ID_H173PI,0.0056792986054440536,0.004070496999733815,0.0044386991052632364,0.0004622365797542961,0.0007811687359048022,0.0008251432720666833
ID_H18RCQ,0.005523166170465296,0.004594450293615159,0.0056589165511793105,0.0004054949864036856,0.0010668010096450606,0.0023904477077042615
ID_H1MCDH,0.0053326415196373175,0.0042664276337831255,0.004307596607322744,0.00042138599524507204,0.0006909932778192836,0.0008229357768865953
ID_H1OEWH,0.005405011301483423,0.004107549852551764,0.004470282675457331,0.0002562893047312066,0.0007184223442569504,0.0009524889014968027
ID_H1PGJK,0.03439333105122132,0.005887558003731755,0.013873570345226426,0.018930168481592444,0.00330063489431655,0.010363148641048646
ID_H1PP14,0.005584126643792771,0.004517428812409204,0.005154847625805999,0.00030441727512705094,0.0018657862608520536,0.0025570984685277026
ID_H1QAOB,0.010248026895211312,0.005504252883198316,0.005252119983220183,0.001675500753015383,0.0016793930285879425,0.0019182963870255712
ID_H2IQKE,0.00576966336672581,0.004885463237514223,0.0052611328983445975,0.0010502801196093992,0.0014739343245326224,0.001821168124815608
ID_H2V2M0,0.005474239709875975,0.0042616184353587196,0.004762842787739241,0.0001856856313953207,0.0006003319608668883,0.0007077608805963934
ID_H3GX6C,0.005453837289543815,0.0040247766327915985,0.004385678775167872,0.00020912753051810165,0.0005263477401813108,0.0008453517752726032
ID_H3K94A,0.006252398330973457,0.004801671110961823,0.0055799512621208264,0.0005267274289978467,0.0014387967695556462,0.0019663530492918515
ID_H3YES4,0.0561178617133327,0.05481434649156707,0.04339501744644773,0.03378141634818242,0.04058643166360858,0.03704950418499959
ID_H4EEPQ,0.00568849529815735,0.004997826597699747,0.0056692524040697165,0.00029831211892066266,0.001580411311019849,0.002115794112665813
ID_H4MCRV,0.005555436023726358,0.00444100255238708,0.005153267982879443,0.00014621010503024687,0.0008876603388028311,0.0019215153403918436
ID_H4YDLW,0.006197672983425117,0.004444625207643206,0.0048100186038010796,0.0004478898390205276,0.0007370609941319571,0.0015006347434547217
ID_H5F13S,0.10565408838730816,0.15087049015909376,0.11664382286760228,0.07965140640583936,0.16291313210552538,0.17215402433369
ID_H5LBYY,0.0083714541280352,0.01011110195480912,0.017856545533219755,0.0008161105478045038,0.00635250396858768,0.01262880813448884
ID_H5M15A,0.20481136836948532,0.2562518038880898,0.16364168510281746,0.14655810997343574,0.3103871523720326,0.22791971425190935
ID_H5U4U0,0.21687934953334398,0.17479669241054616,0.16666193028076576,0.21250343818349016,0.22448632833268023,0.2595753688746413
ID_H6BCXL,0.0052354417244476256,0.003983117397097475,0.004579988069907524,0.00018275648737621234,0.0007808308097806063,0.0010204052219101836
ID_H6CCOD,0.00567071647151581,0.004346442963790622,0.005297070125437412,0.00023829591826663316,0.0011087971828206045,0.0016288856690890876
ID_H6JGLH,0.005304957280085302,0.0039848078856625085,0.004537318963710227,0.0002844705061608242,0.0008299661406131848,0.0010182305392558372
ID_H6PN64,0.005546461077548664,0.004252438584229384,0.004633517032003079,0.000539743159768871,0.0008338271344152196,0.000911084451670575
ID_H7MJ3S,0.006150869619988,0.005083906845600942,0.005833434012943784,0.00036459503947039245,0.0015277378368488796,0.002111364300236339
ID_H8FI6N,0.005040535878177284,0.003839076022830155,0.004102895907141567,0.00017120409635144863,0.0006813403448040548,0.0007468042097628552
ID_H8R1M6,0.005417037920597651,0.003766619481814938,0.0039106281993610235,0.00028029307486718383,0.0007089176091821428,0.0006441275218661819
ID_H8TZYV,0.0053814446187129975,0.0036449585585212776,0.004541251586959946,0.0002640175125192271,0.00043770144891511686,0.0008886519055612946
ID_H8UYPI,0.005839364737247273,0.00418793331219109,0.004974366784709337,0.00024850547926208433,0.0006936308654161048,0.0015930736781572736
ID_H973J5,0.006514745678577697,0.004871760117983088,0.005181629637270959,0.0005444779897671315,0.0011064648548465242,0.0014695759657118515
ID_H9HY14,0.005454229484285539,0.0050415973226444625,0.006435082003536903,0.00041670605706080034,0.002107837378489331,0.004307495543314349
ID_HAAT76,0.005625648800268189,0.004570202237194247,0.0045313142336943476,0.00023397172658166018,0.0009321196876829101,0.0008071440979306444
ID_HACR8W,0.005704654125785011,0.003979636360369354,0.004209872324552294,0.00037800359503107733,0.0006502253468177468,0.0007792507935823173
ID_HADVCG,0.005279585188457578,0.0035861164950485797,0.004439472978205115,0.00033714888594017046,0.00044815970824262194,0.0008254684691101712
ID_HAG65N,0.0052320081774033895,0.003961971941633434,0.004163477396600382,0.0002656301097530077,0.0004639065665252204,0.0005843644200775295
ID_HAGZ8S,0.005162734479583465,0.004096957642911611,0.004665521495699345,0.00033011110525491363,0.0008070397661781616,0.0008684303583254999
ID_HAVFMX,0.0053057922258723635,0.003659264248732251,0.004566098996734118,0.00019191898450289264,0.00038012793535965417,0.0007000407262281661
ID_HBC5QX,0.005259413751089156,0.003951519065418274,0.004222218376255737,0.0003289887808299171,0.0007423852217174938,0.000774633940829063
ID_HC45O8,0.007837559134089364,0.006000396086882709,0.0063234966829319094,0.0012836339546778413,0.002130988316869923,0.002641068108124842
ID_HCCTFN,0.005306401078727172,0.004628136058098447,0.005773298803587054,0.00043428493880363905,0.0019894447565330445,0.002607940051052251
ID_HCWZN6,0.007954934287263873,0.004075106264938499,0.006370328969364485,0.0006216151248195921,0.0008823096510643224,0.001745772303986491
ID_HCZVFD,0.005256030760722393,0.004202449451109658,0.0049690298597582306,0.00014122609286192078,0.0010408699165083564,0.0014517547244454034
ID_HD7QTN,0.008418100246598866,0.005451182947783293,0.0059031122702432,0.0010938219570242847,0.0013991970884287142,0.001888690604759492
ID_HD9ID6,0.005049067829967801,0.0038458536560272033,0.004132081883926222,0.0001855961249948316,0.0007580078916746586,0.0008290225110933187
ID_HDCRX0,0.005486571530864197,0.004029203743738886,0.004375640289673762,0.00025144037133653955,0.0005847605791558521,0.0007741309648997859
ID_HDPRVI,0.005456846013213672,0.003886003196228114,0.004270694112076091,0.0002534675926350133,0.0005589753415512113,0.0007451371149728615
ID_HDUN96,0.013652907182263219,0.007951779187778642,0.006930004478939486,0.0032141308932136423,0.0034918689536476795,0.0055062632139211655
ID_HE3Y73,0.07149319719456886,0.19734480994808545,0.11762039485263233,0.04019766922886067,0.24949181527549003,0.1629166898519974
ID_HE9HVL,0.00526749983012656,0.004256037107227022,0.004973408613875335,0.0005212378284805616,0.0012454665432657037,0.0017611935385526813
ID_HEFVRV,0.009059454209738735,0.005526260985370724,0.005897354801275405,0.0029915841150251676,0.0034145709460861803,0.0029230522733691687
ID_HFEO8Z,0.006353063658058268,0.005311459592340881,0.0056354540756255594,0.0010658570235348938,0.002369869405402827,0.002520999412612143
ID_HFVMM8,0.0052693414641116435,0.004034733122269304,0.004459801933835125,0.0002444855304759395,0.0006680137542321175,0.0007791091552242131
ID_HFZ0HI,0.0053911300361373345,0.004814463261835329,0.007524495860445968,0.0004540081282553801,0.00221821023638501,0.003934827301605998
ID_HG2OAS,0.005217752629530693,0.003843423869476737,0.003924075407402173,0.00016967383590788535,0.00048590331499374207,0.0004457613541746025
ID_HG6O68,0.005409894176683852,0.004381109029633461,0.005406748694466845,0.00021944497920123296,0.001030309389543214,0.001410271147536234
ID_HGDR69,0.005199561301670784,0.00378314184721022,0.0038064549230580826,0.0001545173703923394,0.00040112438352686184,0.00043296462452547375
ID_HGRAVW,0.005826571985254375,0.004317486308045637,0.004771392254383773,0.0003893252038152154,0.000782927885711478,0.0016361432519747697
ID_HGRL68,0.0058753141786297165,0.004750009871384536,0.005228434744720763,0.0002983236812071624,0.0021912527165678683,0.0030552516462236507
ID_HGV8W6,0.006080543561519893,0.00420762990102455,0.00468712900409208,0.0004984839216109384,0.0011245506164926642,0.0013717697389850915
ID_HHOTC8,0.005996849909230362,0.004666027348286629,0.0047928929238619375,0.0005814476274246899,0.001001655120150605,0.00121590098871417
ID_HI16T2,0.005334410461832601,0.0038457594865308146,0.004092654888391838,0.00020142115432208088,0.0005392427898404104,0.0006479280155919923
ID_HIBJMU,0.005385490134666879,0.00406797416376058,0.004782225728553267,0.00024100736483842637,0.0006458320594736738,0.0009532109309963655
ID_HIMNTK,0.006489596599124122,0.003959737597124041,0.003950631217158126,0.00037778173312294326,0.0005578649933495123,0.0007176141113306651
ID_HIWMGH,0.005966628870520707,0.003971658215353642,0.004146860508817596,0.0003136309759968865,0.0007817556698643597,0.0007494514598301754
ID_HIYHM9,0.005107186838898484,0.003916119874300974,0.004212371548416152,0.00030912542820696635,0.0007951720828745744,0.0009922953105307723
ID_HJ5KUJ,0.011638838712026039,0.009879299133885232,0.009440819937215203,0.005086387536813655,0.007743253311689686,0.007550410765393676
ID_HJN7VE,0.005055632759198177,0.003867112123520206,0.004382077547197764,0.00023830768913200054,0.0009528729991586274,0.0011325482468177194
ID_HJT0CJ,0.006303661799898691,0.005173617347501267,0.005517539071159477,0.00028595210342864273,0.003969023951561532,0.004931298125185185
ID_HK8NQI,0.005287626390731437,0.0039041159149067325,0.004045993265880214,0.0003595856181170294,0.0008988549429620979,0.0009160391880138345
ID_HK96CL,0.0236278165968986,0.04078476799620501,0.03215163361702165,0.009313052083174225,0.026725125989703183,0.036612863051977904
ID_HKCU5C,0.006584109545057089,0.005074510099554979,0.0060450962636950005,0.0006808204366699461,0.0018127796140421132,0.002701882405736045
ID_HKFQ1V,0.008412884060563534,0.004804876732546278,0.004983271308281805,0.0007294373370876428,0.0008294468679530123,0.001073692628541305
ID_HKTMZS,0.00530057103911188,0.003971129701060752,0.004258401231116775,0.0003832659732439305,0.0007839243634964508,0.0008538436835242545
ID_HKYOVX,0.005666638206815258,0.004239929026308413,0.004919480568273936,0.00023995606344647888,0.0009840426226648776,0.0011889837608337307
ID_HL1IVR,0.005143002250846771,0.004045299273207104,0.004476623702764259,0.00012812009362661795,0.0005242102375429422,0.0007089997363350047
ID_HL6L8P,0.006021610466352358,0.004524138905505948,0.005058196752685384,0.00029241446532256223,0.000949510185113702,0.0012609399512113215
ID_HLN7YL,0.010217523674378741,0.005603271933741472,0.006160048851176392,0.0019287946376801612,0.002142722998734946,0.0024453306361571924
ID_HM2KF9,0.006155503713606066,0.004875174069505227,0.004277435659349524,0.0003159566527371844,0.00067026815905442,0.0007009623679172776
ID_HM6F95,0.005295588780455123,0.003946916942832268,0.004226992086639612,0.0002448557282956416,0.0006474420991845381,0.0007579570785612627
ID_HMDPWN,0.007291610195989081,0.004701557564674491,0.005291493681083595,0.0008727123422226847,0.0015781251898726034,0.0021376644886917087
ID_HMY17R,0.005209006817511921,0.003941260942742593,0.004471063932918549,0.0002809847593663231,0.000998059069499965,0.0013330064807187626
ID_HN3HHR,0.005135068392245458,0.003893315961135937,0.004280486657030272,0.0001944416165601189,0.000508698664898176,0.0005377715484789706
ID_HN3Q2B,0.010543710206669688,0.009397922999235683,0.006903191658151001,0.0018530845619677235,0.002314606393971304,0.0021138905829891524
ID_HN86UX,0.005311844956275414,0.004223209537004111,0.00479505645175946,0.00013452618933794896,0.0008480417579966217,0.0010226153995845564
ID_HNASKY,0.00544000182902059,0.0051701625642029455,0.0065260866347090045,0.00042487498169304196,0.0023921508964188615,0.0041480482183232185
ID_HNBXAQ,0.005027366040871704,0.003825347677891536,0.004047250784118261,0.00020666525199496133,0.0007407232469546193,0.0008093009935105936
ID_HNW1SP,0.0060492473563611955,0.004470046427828826,0.004828901750167475,0.00046028630349224475,0.0007766870536293188,0.001233741614518731
ID_HNXAGO,0.005548426605403861,0.004885982593019027,0.006306795795677872,0.00038570949019232193,0.0021479379242627123,0.0031867459379691593
ID_HO7OER,0.0056316369253070495,0.004433050385328554,0.00465539281703327,0.0008428688785757833,0.0022070367272523225,0.002080032123278728
ID_HO8R7K,0.03653641161222425,0.01639051323171843,0.017733135459635944,0.012503424533042679,0.01799554491053879,0.02450307153977152
ID_HOITR8,0.008418100246598866,0.005451182947783293,0.0059031122702432,0.0010938219570242847,0.0013991970884287142,0.001888690604759492
ID_HOX29F,0.005473428642704661,0.004425872016527035,0.004360177737457036,0.0002380290571103491,0.0007647105894215925,0.0006862906102766131
ID_HOZ3DC,0.005379333054849253,0.004377630378807679,0.005083541731903916,0.00046226223926464804,0.0013508701541629928,0.002124402209262143
ID_HOZEHI,0.1375927574306561,0.25016090001851177,0.13473179829997103,0.13258358702171555,0.24104262587590106,0.20698836233247936
ID_HP3OJC,0.3935601927192756,0.20758604539201214,0.21587293254067963,0.4720940758644063,0.23453702876069424,0.28575207432277533
ID_HP61FB,0.005416366374022634,0.004082718797198883,0.004379244407337257,0.00023724912731962303,0.0005154233219377942,0.0005718431744477757
ID_HPAY1U,0.0051304460929622745,0.0040069685082439205,0.004568546894463755,0.0003580382374917054,0.001008386173020878,0.0012056663344580726
ID_HPEF5S,0.006141611630283601,0.004739891295463039,0.004945104217913,0.0003557253997827787,0.001436055409537307,0.0016393871885297217
ID_HPOX0U,0.005437826951989248,0.003794484835498613,0.0038983767203284135,0.0002707404619679593,0.0005847846554589932,0.0005252948579048798
ID_HPQ2YK,0.006955233455873276,0.005122758883362001,0.004761875716544891,0.00036323148885586333,0.0009365423632637735,0.0007392785520102009
ID_HPW237,0.0054195029558958795,0.004404299088000095,0.004373217156423844,0.00023320430605891436,0.0005907898323498347,0.0006162945785401844
ID_HPZYN9,0.0064026181665206615,0.004400034602362325,0.005043762224181871,0.0003084203996700776,0.0009636838312661579,0.0012143243922938293
ID_HQ0DQ7,0.005204258609381841,0.004101728683618222,0.004569188016925681,0.00014681716322451836,0.0004984310971171289,0.0008078505394131641
ID_HQCYED,0.5181236701185639,0.8306803467076476,0.7752260125551194,0.7048967339375269,0.9112000807023319,0.9066886076355407
ID_HQD8DQ,0.005856871600832515,0.004678721373785392,0.005051023314032318,0.00020310405214862457,0.0010871486320380172,0.0021526083023726762
ID_HQG7S5,0.005573617714264828,0.004044204571310098,0.004197664766333593,0.0003393722391719407,0.0006767713707533862,0.0006855148247775743
ID_HQT8FR,0.0078696645197132,0.004366053277097681,0.004641879503821819,0.0015588568662931498,0.0015253757107739146,0.001554630102544125
ID_HR5HVM,0.005384362219654905,0.004814144419535947,0.007630846726903489,0.0004469797669870392,0.0021829363783237225,0.004119787048147643
ID_HR6DTW,0.011044472949182507,0.006694943337590935,0.006230035947441628,0.004126158835631199,0.002889166485482201,0.002897869597468117
ID_HRAQSM,0.0050793209224759845,0.0038965416032427837,0.004211906966128519,0.00034334333522277984,0.000931523115186888,0.0011493901806145135
ID_HRFMYC,0.0051847960282527285,0.004306588740071375,0.005165377271225258,0.00033378140677628346,0.0013441913438987018,0.002139137649473836
ID_HRPHAH,0.007017981790434735,0.005541753716622896,0.005296264202641391,0.0006976115081734989,0.0017526248433780344,0.0017549210486845898
ID_HS5K78,0.005565488998076193,0.0038834902069956566,0.004049378588563351,0.0003546185422271422,0.0009219528344530935,0.0009024390045008731
ID_HSBW0H,0.005538453008458223,0.003906792821283264,0.004581813113966854,0.00016303440319872698,0.0006354255880095595,0.0005243078959387773
ID_HSPNIW,0.006078764928820482,0.0041677290341974775,0.004715145021101961,0.00024251961425543613,0.0013706464518412939,0.0017407216368753703
ID_HT2H75,0.01174568337476968,0.0065129175340537275,0.005783778237789488,0.0009374862882217679,0.0018131256793839344,0.0016822441637456304
ID_HT38F6,0.005716619995824142,0.00471784626513183,0.005461946076939982,0.00032875238230341156,0.0021633452714903577,0.002925542269834015
ID_HT4WWZ,0.006487913212143076,0.004561266958822738,0.004962652834457037,0.0003500361374088621,0.0007711775771304919,0.0014599584141639717
ID_HTIWJ2,0.0055620019355505385,0.00378010019164164,0.0049978065858360616,0.0010645651187145147,0.0007153848255508371,0.002017425835042269
ID_HTMPB2,0.007111016089751627,0.004485320297811883,0.004584716865680144,0.0012058862695543064,0.0015192764420866583,0.0016259181890531816
ID_HTMQPW,0.005628033389593879,0.003798817776779808,0.005075614346220665,0.001273879558058792,0.0008086108697504743,0.002370601263617071
ID_HTULB2,0.17929855324880992,0.40310309866165406,0.3033572027154226,0.1497259501280343,0.5211877406596434,0.47176732264778676
ID_HU2O61,0.005347042954065665,0.0042284302654964565,0.004249324899275329,0.00022441702000431185,0.0010817808753203297,0.001090280624054328
ID_HUF4P7,0.005388464946819251,0.004002680153669327,0.00416615325968548,0.0003600040549369625,0.0008147546584722641,0.000746140171020357
ID_HUVJV5,0.005196741298739432,0.004334138955490766,0.004123955643135843,0.0001957676631835475,0.0005966651568030044,0.0005717084240702506
ID_HUWRBN,0.004962388536173397,0.0038042376822492886,0.004048116691607489,0.00017481338117828054,0.0006483072353318241,0.0006425849641381001
ID_HUX15L,0.005823075482860831,0.004189520145232437,0.00462791552654951,0.00024909692487788736,0.000675622654276166,0.0012007854946633782
ID_HV0S70,0.00540732936185316,0.003897828641071926,0.004003928383428426,0.0002827253445607596,0.000563382033431605,0.0005540772575072819
ID_HVXRWN,0.06745949651316537,0.02505233982633418,0.021468376840076075,0.049875791992008964,0.01787686213351923,0.02003913555259557
ID_HVY7YF,0.006245019170376351,0.004267374405728931,0.0047443318478313755,0.00021625719281214204,0.0010255402851784765,0.001359221508809798
ID_HW0LWU,0.009238545806642571,0.006558659108168549,0.007209417301690918,0.0017330014245540626,0.00433607818941832,0.005562998961888117
ID_HW2F25,0.005542367801391124,0.0043355248367762155,0.00477658482895349,0.00036607774661450516,0.0008787865636243422,0.0010798586692918187
ID_HWGAEQ,0.009620646212353782,0.005380789438960152,0.005000023381828221,0.0010477493779196812,0.0017121639150907482,0.0017221859421653655
ID_HWML2X,0.00577416573733724,0.005510091316837506,0.00657664857438267,0.0004051484405845063,0.0026141158054922183,0.003677296491614647
ID_HWS14O,0.006412306425589025,0.004816010341631998,0.005337255619638701,0.00042268960117060057,0.001446964733847031,0.001548546356249645
ID_HWSETN,0.005541407463898358,0.0039641807775181856,0.004575847012212066,0.0002619149142180814,0.0007441398511845563,0.001050149642944921
ID_HWSMLL,0.013791707668754944,0.005372854118482524,0.004500762428984064,0.002272940498573059,0.0014007221120286256,0.0012523621184810738
ID_HWUQNT,0.005879376434568247,0.004429398943013289,0.0057710478348705985,0.0003010141914753952,0.0010615636482138448,0.0017240019343284438
ID_HX20WC,0.008716605226998459,0.004168402087772259,0.004237959697373258,0.0008497852878066348,0.0005411363507479494,0.0007007391056616862
ID_HX6A7Q,0.05677485182283883,0.014732739417877151,0.015478653681244776,0.021516023085082166,0.012965744098001615,0.01614960570602441
ID_HXFJXO,0.05918130562663481,0.054197030531578344,0.083685138190238,0.03309127120651961,0.05075231884348991,0.11436746895970536
ID_HXOTEN,0.02176762795868993,0.01375055805635137,0.013344272716455479,0.0054459549188153105,0.01307109623471523,0.017724305946225538
ID_HXOU9G,0.03054322451537242,0.02548733076053608,0.016160786997961456,0.017783337052567877,0.024377839742341183,0.013495231328448872
ID_HXU4D4,0.005993385037496685,0.004254061440008478,0.0048324169134470055,0.00036549997906357065,0.0010419950677424243,0.001448523660802589
ID_HXW1NS,0.005592378298473175,0.004308201437297518,0.004930652216060719,0.0005474219781546098,0.0010808774129618165,0.001455472463765247
ID_HXWPHV,0.00585834327683486,0.004121821847213481,0.004666044137074507,0.0002296974861932145,0.0005007114028148222,0.0007746624161363071
ID_HXWWIA,0.008758020831954623,0.004934282781862571,0.005660401734137845,0.0022630243002290094,0.0021772484521755,0.004160310930508591
ID_HXXXEO,0.005194799371668404,0.0038724419563939813,0.0039629071997121824,0.0003817876360935498,0.0008196010803519841,0.0008878823239898784
ID_HY29Y2,0.005390445120009663,0.003858872698863642,0.004288299499703105,0.0001885464831725312,0.0008328098719267782,0.0009236628934843847
ID_HY4MBL,0.0058230435556227535,0.0041809473637373735,0.0041000094383554925,0.0006451498824751344,0.0007487821120979621,0.0007938938476643183
ID_HY51VX,0.04547947440329379,0.01952937133528418,0.016976879080772306,0.017539966439225774,0.015224233754120733,0.014778208054949999
ID_HYF240,0.005260516424783308,0.003966050003866584,0.004313445555902265,0.00036164624926549483,0.0008628268587173429,0.0010338872463550885
ID_HYSZML,0.005374666746855244,0.0050431209221495155,0.006411019019863849,0.0002809767980248369,0.00301400443161949,0.0037625357051965214
ID_HYYD9X,0.007887985187514329,0.008881760598162229,0.0077591427550637426,0.0007164687805151854,0.009300660595575098,0.00947980212816349
ID_HZO9J4,0.016201953612147074,0.004935401805108963,0.0053566787554477765,0.007962832078122244,0.0023357813277472767,0.002510025413108343
ID_I06XZJ,0.022298714552007243,0.006094763183359508,0.00982325819680873,0.0028963038940230073,0.001611719110561044,0.002214656069756727
ID_I0BZX6,0.00759248097255137,0.007869600297911465,0.008351521648583392,0.0008847984140269857,0.0032010283124175518,0.0033440830326427412
ID_I0OGOO,0.005259298587912424,0.004308863516959239,0.00544395968055191,0.00016236057323446492,0.0011523509264036338,0.0019148136666946433
ID_I0TZH8,0.01258811915190134,0.007360282380744389,0.007183776071990351,0.005725553656265931,0.004712423622414912,0.005522619591333903
ID_I19UPL,0.012900734370762291,0.01036718260346867,0.023682583308909367,0.006007333416834554,0.00827076615708384,0.018536082383921484
ID_I1NTQJ,0.012328872572500966,0.00877850157217657,0.007040085458814699,0.00519236812154414,0.00518039447389597,0.00359222319456606
ID_I1RLPK,0.005951647403405738,0.0045620054101635325,0.004353889014691154,0.0011424543481744665,0.0013479871565401612,0.0015403485313342435
ID_I27KUP,0.061272407864520595,0.007764241007962223,0.007360951080931072,0.041347443017152326,0.004654204345828413,0.005197182225014968
ID_I2EHXW,0.00957921004214811,0.005732947553054387,0.0057124745794639355,0.0021726875817442877,0.0020470454240090817,0.0022716896234133035
ID_I2M4VZ,0.007897037924855613,0.004964494820813404,0.005578923929393333,0.0008211423271919999,0.002409861426651345,0.0028884498882037766
ID_I2QI8W,0.005254986830561466,0.004175024256683276,0.004806104944599988,0.0002053763478651465,0.0008628882872280261,0.0011004616909919204
ID_I3D2M6,0.029490675782414127,0.011249198720109507,0.01066253069848808,0.005906888081779321,0.0073899208737728045,0.01134696899691969
ID_I3EHXO,0.005651661288883728,0.004203102339483568,0.004776336791664605,0.0002996853536318328,0.0007454204109720908,0.0013789163505488144
ID_I3EOVL,0.007010024409277073,0.004702764305651353,0.005758739013242118,0.0018060669843808622,0.0018566502719747932,0.0019686298166763207
ID_I3HT44,0.005366714378778565,0.0040034376962782385,0.004283747793875813,0.0002482324973985576,0.000592951673942603,0.0007626290843626834
ID_I3TWPN,0.009166224266200132,0.00562673748813819,0.007374401244573993,0.0034949723091410962,0.0016400689019614124,0.004988436334132775
ID_I3WYPK,0.005380315221353241,0.004825031873176748,0.006057434691098909,0.0004882165220733598,0.0017391778463957176,0.0027373461650257213
ID_I4CLRD,0.005794854539593027,0.004319331120272628,0.004619755916689559,0.00043064400819301765,0.0008567856178660257,0.0010521173164521802
ID_I4N3U4,0.011318345642360422,0.007552627794446154,0.007691239374495607,0.005532533022678808,0.00503210814149263,0.005317114227960962
ID_I52U1R,0.17094498599549593,0.3081935260769531,0.272428372807132,0.17730990989765247,0.3071445507138139,0.4125446205008048
ID_I5ITGA,0.005342904600913001,0.004826818414571217,0.006024096960908936,0.00021062313075081974,0.00208762965049274,0.003158685225687256
ID_I5VRO5,0.005125611082566826,0.004422307222536085,0.005302059938466404,0.00031683830736721757,0.0014864906410150247,0.0018556521031828535
ID_I5WORJ,0.008814262612688676,0.011150649774689296,0.0232403767730728,0.001039960729955821,0.008934972587047112,0.01637745842395905
ID_I62XI1,0.00620471353783416,0.004747224625082389,0.005436578424890813,0.0003550450490369934,0.0010513285481345612,0.0015651203826880216
ID_I69X2E,0.006224185069721401,0.0048185981020881525,0.00518706367193159,0.0006983176307659592,0.0012109484281582466,0.0015614860027667883
ID_I6YHZD,0.007607087655797373,0.004189757895095731,0.0040368103048309635,0.000565671629534073,0.000737487342935396,0.0007899319984915449
ID_I71IWR,0.006071819568192691,0.00470128920501682,0.005397038592080359,0.00021244008373937418,0.0014346241825386992,0.0018070497172778441
ID_I76YXQ,0.005270868214620488,0.004013871870232389,0.004608814714852827,0.00023358393931049518,0.0010023372246113838,0.0013149158796920916
ID_I79GFF,0.05249472129276767,0.037275803604273294,0.02015118003442039,0.03438202505460546,0.03708649851567945,0.02387397723718378
ID_I7DW67,0.571167079255899,0.758266233508081,0.6833426046450511,0.8777057965743463,0.8580175790555662,0.8468727063928567
ID_I7R7TF,0.006277516824226766,0.005387859196811619,0.005407623196715789,0.0005313314609010219,0.0013263237933440236,0.0010769381868788962
ID_I81UCW,0.0053460261739608165,0.004700816043879739,0.006042394065301736,0.0003788800494278286,0.002035570174386428,0.002756497778872989
ID_I85AHY,0.005147653882203261,0.0039353816032927725,0.004231197855198412,0.0003266718381789161,0.0010858031526552096,0.0012340535331710977
ID_I88AP8,0.005900347723388923,0.004804131704786786,0.005960159010991124,0.0004226399314514237,0.0018082710590172765,0.00243104322995047
ID_I891F5,0.00533537567731069,0.004116201670856141,0.004320802340841097,0.00025484934558214675,0.00045518537882211657,0.0005037487037411265
ID_I8C23T,0.005655807224914366,0.004206582840385937,0.004787121761795336,0.00022237610816872315,0.0007940030341398041,0.0007887607468959211
ID_I8EM0Z,0.02502232959693221,0.011377891410458484,0.01581817530588575,0.00610250677629186,0.008291292747893229,0.012209724442722494
ID_I8FAWN,0.005459283242734429,0.004090358461794925,0.004284896516656408,0.00020259234937235697,0.000620766924164084,0.000568172371930642
ID_I8PCQM,0.0083108150386138,0.005340297028932449,0.006390636630403754,0.0010338501964641323,0.001606964917017224,0.0041928220141916805
ID_I8VO8O,0.005209718909392385,0.004039874452105265,0.0047678317767584555,0.0001873249167563954,0.0008792185609374372,0.0010587009245299826
ID_I8ZJUM,0.005886380924979835,0.004331056474195768,0.004631261931388997,0.0005112327554264453,0.0006623837083424953,0.0011207825184450988
ID_I94FEK,0.005322901623261114,0.004460125476858743,0.005363847176977554,0.00021186073549483238,0.0013020731988610656,0.0023325880686455996
ID_I9K28A,0.00536091789468043,0.0046186582076653245,0.005682851546927982,0.000287495600017885,0.002372406977794591,0.0033628415431668284
ID_IA6PQX,0.006256574102486822,0.00558795423585282,0.008765700031909088,0.0007971689556119485,0.003777867129966203,0.00931848707627234
ID_IA7XNG,0.0059676489264853675,0.004782299632734733,0.004998781159292166,0.0003146404629476739,0.0009076238221955676,0.000979468424645618
ID_IADFLZ,0.00599227456194609,0.004909753926407208,0.005324233925322235,0.00023412613687744097,0.0011143456115715884,0.0021019168701152478
ID_IAR1TC,0.020000601042469104,0.019290335417817415,0.011277874765447636,0.0034443893820447326,0.013979402947115891,0.011155861155059427
ID_IASVT4,0.005866417897240754,0.0046784915851917795,0.005033503857661617,0.00018542154216645283,0.0010711820101667842,0.0020141831619936534
ID_IB0RDU,0.005798327269243204,0.004272085671341106,0.00446254751273518,0.0007850856505673242,0.0009086600737521833,0.0011305191289738062
ID_IB3VU7,0.006487913212143076,0.004561266958822738,0.004962652834457037,0.0003500361374088621,0.0007711775771304919,0.0014599584141639717
ID_IBYOA8,0.005833906850048629,0.005103998110708328,0.006149046040696232,0.000575255064851768,0.0017186474056941272,0.0023581987084987923
ID_IC3T9Y,0.005253462385127873,0.0039678309689472665,0.0042518715782157955,0.00021448536328933358,0.0003688325371551132,0.00042543987011191655
ID_IC7OWJ,0.005668492872589862,0.005045891861457692,0.005681077916349297,0.0006304619852577846,0.0027403647304878086,0.0032816609999596832
ID_ICLT74,0.005431545896784076,0.004083888875577852,0.004540571778918722,0.00013139247591568555,0.0006377110604565467,0.0008780995027524521
ID_ICMGAL,0.0055431227952529,0.005013452615828413,0.0057302176080726045,0.00042963770715962753,0.001286383283674952,0.001557155118258845
ID_ICQGA8,0.006866786895469118,0.0050268432447682,0.005633780113070621,0.00047773750874673836,0.0012867052870683448,0.001711524827813755
ID_IDJRR2,0.01052669999809783,0.017356393837808962,0.056632737070246124,0.0021187544334354594,0.01840616471554377,0.05707757295046741
ID_IDNZZO,0.005384167483948325,0.0043332068373824984,0.004855433068058319,0.000380937072965553,0.0010545823615277644,0.0013700300244904407
ID_IDZWVW,0.005866417897240754,0.0046784915851917795,0.005033503857661617,0.00018542154216645283,0.0010711820101667842,0.0020141831619936534
ID_IEG8FD,0.005589413185345496,0.004104985566519312,0.004501830397452566,0.00024993247492101535,0.00071805680383933,0.0007975221370667029
ID_IEMM1P,0.007837502055690148,0.005407356758268618,0.005719377367303888,0.0019476423509841847,0.0012037895477106835,0.0017625185471431529
ID_IEUVNM,0.18883905390129924,0.06385185215106776,0.052334852714651985,0.202467225838843,0.023866296570796683,0.029878545925415948
ID_IEX25G,0.005463130611158523,0.004113903562601458,0.004381916535622748,0.0003482088491454542,0.0008561936547408591,0.0010415385711615862
ID_IEX2UL,0.019748997203646874,0.008973716018397611,0.007638874568748463,0.005544567757186261,0.008694513121298644,0.007498423417025627
ID_IF01BZ,0.2031992219793185,0.35867108847229384,0.32076025449715645,0.19837773473415216,0.5101741527707104,0.5168721309490251
ID_IFIIGQ,0.005288689295008762,0.004034868286884576,0.004163608293600565,0.00016831140019713583,0.00039644458983662694,0.0004974528069829916
ID_IFP722,0.005609070352489806,0.004204965753581029,0.004830510812936761,0.00022235470429765594,0.0008771819874292585,0.001154435585446436
ID_IG1LYN,0.005858559845767638,0.00474112819429455,0.005006348654847667,0.0005635575016989496,0.0012878214230289033,0.001357649247294179
ID_IG2VDI,0.010296886492581214,0.005579775384552448,0.006142296052648952,0.0019094541361984456,0.0021447343346513745,0.0024686085700778996
ID_IGHXNY,0.0051909435939802625,0.004302903011337957,0.005151454079250851,0.0003525446510415682,0.001381940145383336,0.0020580567064448028
ID_IGRJAM,0.005535641101404784,0.004158629902067281,0.004782327757531453,0.00023056206920544408,0.0007118988857061899,0.0009736037578327346
ID_IGRKAA,0.005317096203850788,0.004234052137527065,0.004891770488202774,0.00031533346422791316,0.00082296732963584,0.0009383033912207121
ID_IGUSKY,0.013767763226938146,0.013673453931899223,0.006127375603589189,0.00607098775833133,0.0070374703377880906,0.003299763639863636
ID_IGYW5G,0.006256574102486822,0.00558795423585282,0.008765700031909088,0.0007971689556119485,0.003777867129966203,0.00931848707627234
ID_IHC0B4,0.006110556577786287,0.0040890206627855275,0.004424662644483462,0.0003896553248523376,0.001273352266922335,0.0011031893520692811
ID_II16H0,0.005780475779898138,0.0042097845866001645,0.004597178209747293,0.00029276828829412544,0.0006012633505262343,0.0009901565382956932
ID_II3KSP,0.0071474834276705305,0.0038955592494381085,0.0039633532226409935,0.00046271349058886767,0.0004435900272547974,0.0007550486697636642
ID_IIJINI,0.007077865434122494,0.004909966602238928,0.007070473577781651,0.0007062823506616472,0.000988236475794647,0.004593423953394751
ID_IIL1YE,0.005367352973037482,0.004847337711416905,0.006050679772825111,0.0005110577843426141,0.0020600876783917984,0.003093180944235716
ID_IIPHYO,0.009911061022906485,0.004689011762945656,0.00420362145718926,0.000724463323745284,0.00068537251889456,0.0006140784358217518
ID_IIT0BK,0.005336135401424168,0.004492921495593665,0.005272243980852253,0.00018430196178221612,0.001175442174193971,0.0021721778936340795
ID_IITBB8,0.005179294366008917,0.003951007514502289,0.004465438856024521,0.00024618492600353366,0.0006356168023910463,0.0007981046863845234
ID_IJCE63,0.20305106330082026,0.20117728409079158,0.22458703159611818,0.09000557130777849,0.2673072153462074,0.3742349366208216
ID_IJCL0H,0.005278670523375574,0.0039763653284762696,0.004266816119906266,0.0002654514124890918,0.000638699259288881,0.000640762375838508
ID_IJNDAU,0.005839554022812952,0.00463996462459616,0.004707009021698291,0.0009057893796186914,0.001125466984454001,0.0013173859442757302
ID_IJXCEY,0.005770545214387597,0.004173762926584957,0.004864215733006734,0.0003063878869061983,0.0007370285396743946,0.0016217552913230507
ID_IK48F6,0.005572271903046574,0.004040148137755596,0.004329253708523771,0.0002649733176731398,0.0007089343417599602,0.0008505149776791561
ID_IK4PH0,0.005385060394782505,0.004002291453827729,0.00414811918221642,0.0004220300902873508,0.0008406493928479613,0.0007978044162677136
ID_IKARHH,0.005976949018157758,0.004717740531753478,0.005675614339339998,0.0003272572286659545,0.0011940940007898956,0.0020514286247560426
ID_IKDMI9,0.005136889680338679,0.004093148765049641,0.004747991918459699,0.00027548546856034017,0.0009896491890149296,0.0011290390190332917
ID_IKW38H,0.005535890109587355,0.004275547097671675,0.004803146151655125,0.0001242129150238663,0.001048390192402172,0.0015570091774374897
ID_IL6LSS,0.0049053170831310534,0.003704805127958765,0.003904132604738844,0.00010866487621153481,0.0003907687258159921,0.00042670520956871865
ID_ILOCIE,0.00514894862754858,0.003805032498809111,0.004140581524138154,0.0002634337184565904,0.0005655016033162992,0.0007036632066370996
ID_ILTCSC,0.00755074560955902,0.009950072526229571,0.008679366607583835,0.0013702816544678145,0.008310800772895179,0.009390154949777858
ID_IMR2O6,0.0053326415196373175,0.0042664276337831255,0.004307596607322744,0.00042138599524507204,0.0006909932778192836,0.0008229357768865953
ID_IMWQJR,0.0055004644765744735,0.004241894438244813,0.004798068246846261,0.0001555506767628001,0.0009146664278556617,0.0010321706600082679
ID_INJW15,0.008560534177745422,0.004291709473637711,0.004051106715642385,0.0012557038805115271,0.0010917214698259582,0.0012611992050634278
ID_INOMV4,0.0055507752800742155,0.0051603158399399955,0.00596995521964294,0.0006391907532404128,0.0017135162906925985,0.0022445472676995743
ID_INQA11,0.005234978048676249,0.003926514909979278,0.004265528275372021,0.00027146069056300766,0.000615451716458193,0.0006589159485205956
ID_INW8YA,0.0052935172396283,0.004238519106221454,0.004924528074454902,0.000263907066416185,0.0009304570254612738,0.0011661461137704705
ID_INX5GB,0.005988769295738553,0.004120113507497343,0.004549577464677737,0.0002784723824685549,0.0005851620772789225,0.0009862859749042818
ID_IO9T8L,0.010009329943854712,0.005990456380542304,0.005800871640080461,0.002836322792454722,0.0023904527810640324,0.0023005130310299483
ID_IOLDZU,0.00729651877577725,0.003910093078102156,0.005620715312659993,0.0003657503722291551,0.0009426873702994563,0.001741364098025237
ID_IOMDD3,0.0057533957025657735,0.0045714957067477,0.00483275736355585,0.0006531121194915758,0.0009495030869176642,0.0011471537423906391
ID_IOMK3G,0.015487820905214347,0.005819022459337662,0.006051822804170275,0.004805615834793189,0.0019412447120986608,0.0027389006712561347
ID_IP98ON,0.0054079670010678,0.004366413396053284,0.005272961254439533,0.00015065595835759402,0.0008836933048383371,0.0013236548839041756
ID_IP9G8X,0.010426461510899779,0.006698125148473761,0.006420865835158138,0.0023861666427475755,0.0023783004495311322,0.0028384820435433554
ID_IPWW84,0.005428064977907613,0.004380914041652528,0.005338855262737237,0.00014677097856362863,0.0011400991932556416,0.0016600216762797943
ID_IQCCG4,0.08842704989358512,0.03358373944165871,0.07159799300025091,0.04400347348927681,0.03144460712345912,0.1102948650617257
ID_IQGKMC,0.005582494473927565,0.00457634458423932,0.00540340391492592,0.0002942389135568017,0.0019413626278923662,0.0027984066745906392
ID_IQPKA6,0.005213306267793801,0.003913713263703556,0.004212951344638654,0.00023423907310137656,0.0006549931061481122,0.0007106407516321479
ID_IR01XD,0.005275267534121708,0.003972291819639156,0.004651328584905314,0.00018365995762925348,0.0004836476154283883,0.0010985688967531664
ID_IR8CDY,0.03465934069585422,0.08043147862477676,0.05777348369038111,0.01932084315211276,0.0772041452001589,0.054469108225532935
ID_IR8LH0,0.005738768072228848,0.004183143892932693,0.0046408292994475474,0.00038083596438895617,0.0009419388758282788,0.0010747735640515847
ID_IRIQ9N,0.012667671287116105,0.011629508411565282,0.011727678229802644,0.0036933260193625834,0.011207663975461912,0.0138751720785745
ID_IRZOS2,0.009238857956059323,0.004823818800604366,0.005091864924262689,0.001995728645668505,0.0019715577161178457,0.0018857514260922981
ID_ISHX3X,0.005619128330132102,0.004289662930156209,0.004627426389420312,0.00034426196669332115,0.0007622488505411893,0.0008402308480818857
ID_ISJZ5E,0.005809051808042987,0.005699351667536662,0.007775059927486533,0.00043277274856901813,0.003000958911506602,0.006005334279609592
ID_IT01YY,0.00541606404453957,0.004003827574293874,0.004093420298774485,0.00019971523382934835,0.0005866830050093421,0.0006010639501127823
ID_IT07FQ,0.005450686294635294,0.004538994133176419,0.0051521341698568075,0.00040507955559252666,0.0011925488072366327,0.0019310981044932507
ID_IT2HDM,0.0054153756936110116,0.0037757216205603233,0.003930580157259581,0.00031345469084577985,0.0006940774348950252,0.0006550189608798895
ID_IT9MAB,0.2027886360025596,0.17514422275334182,0.11439222015902195,0.21036320304724548,0.23217758188017842,0.18320538919541682
ID_ITEO5N,0.005745064296041715,0.00432343422123587,0.004533102858933106,0.0002898096558794298,0.0006653432359736786,0.0007994682174996999
ID_ITFJ7K,0.05289308863445088,0.019846006159872493,0.011493828193320208,0.016411559151135457,0.016342093556494332,0.012677018320676072
ID_ITM93O,0.006053448199901221,0.004513156770275496,0.004863336265905425,0.0005594464610875016,0.0007627180125964654,0.0012700868405527198
ID_ITNBRH,0.014398166009659926,0.009826147931132904,0.01494693003956495,0.0036307994184617593,0.004442239054685368,0.009309181330501745
ID_ITWWC2,0.006965141279689762,0.006548151799672627,0.006398891468016564,0.00044428301872125275,0.0016918472664120825,0.0020132644259970144
ID_IU1RUI,0.005167519609097945,0.0035940416659515956,0.003691408272375359,0.0002100360968575724,0.0005270819241649991,0.000557958564563982
ID_IU4G95,0.005410334406360819,0.004159809920825515,0.004321687902042672,0.00019484151298077015,0.0006443574172116383,0.000604531859810784
ID_IUCQZS,0.005731960402553428,0.004515915446542726,0.004551307637912458,0.0002853347046978645,0.0008487996040657732,0.000837124917079675
ID_IUNS0S,0.0056506057763563745,0.004374911097042272,0.005419118765826773,0.00019399466089705284,0.001203308261930585,0.0015622904844569858
ID_IUXQPV,0.005371312857969094,0.0039036270964374416,0.003997733573354328,0.00018406261632520403,0.0004735778394887164,0.0004742583157175006
ID_IV0V7P,0.010280242259163797,0.009038555523692385,0.009501624255917076,0.002967071191649999,0.007868335612270155,0.009062942176703701
ID_IVC3Q9,0.006111058023799498,0.004496359810599889,0.006054292325406697,0.00033773158015004657,0.0010959180922243351,0.0017981195287645607
ID_IVGM81,0.005256030760722393,0.004202449451109658,0.0049690298597582306,0.00014122609286192078,0.0010408699165083564,0.0014517547244454034
ID_IVHQHJ,0.0067973418167552365,0.004455254975330419,0.004956445017971017,0.0007987797807243774,0.001009753065092053,0.0012181944076855697
ID_IVLEST,0.005225266537456728,0.003924566950822395,0.004296696019039978,0.0001374313056309055,0.000505504420026924,0.0005555962723735691
ID_IVO26V,0.005722523744785762,0.003954709780292962,0.004397562790024492,0.0002891426635484685,0.0006950461972735821,0.0008743488487864748
ID_IVOGMZ,0.013243891125159954,0.01459512161575877,0.017007602829897214,0.002733040267773244,0.01096425982109895,0.015135814059647432
ID_IVW5DG,0.0055507752800742155,0.0051603158399399955,0.00596995521964294,0.0006391907532404128,0.0017135162906925985,0.0022445472676995743
ID_IW1QYO,0.005182766961383066,0.004291437534059098,0.0063557312894056365,0.00020287414747432563,0.0013714903136488618,0.0024910284832234683
ID_IW2314,0.012011248386870683,0.005652291895390891,0.005726353075457675,0.006384924842970513,0.003184164604662233,0.003055203862392994
ID_IWB0AZ,0.0052270170675041425,0.004103164974679275,0.004747789351869273,0.0002394057141320306,0.0008629050809896275,0.0011038353888849029
ID_IWBKMP,0.0055961260318320915,0.0039027977793943515,0.0043100750768849975,0.0003011887709807936,0.000549175905486945,0.0008328929467140459
ID_IWBR0X,0.26816521189763576,0.32432120123353947,0.34537209831583415,0.36082191458567237,0.3977681950170562,0.5086108357420106
ID_IWMYMJ,0.014447767990874189,0.0430323041355936,0.021976502464128855,0.00202859867440059,0.021984887085527448,0.010235497705413779
ID_IWPNJZ,0.00564629325654857,0.004310167967978097,0.004675965522883472,0.0003496531294987121,0.0009503012905584129,0.0010107678238372541
ID_IWZ84Z,0.0053336867577093135,0.004676023327609601,0.005977409515135351,0.00022015755696340689,0.001602730165479099,0.002692563214667028
ID_IX1VNT,0.4275904887827484,0.700021406688234,0.6884683683411461,0.4955106041359463,0.816189622099546,0.8555928696355763
ID_IX1XZE,0.0057645630057824625,0.004231824901266236,0.004800582218527498,0.00032023621477911013,0.0010519951510596832,0.0013315816307815107
ID_IX6FLE,0.005765013034740963,0.004162307623178784,0.00461585116182836,0.000396592176851979,0.001126073874914378,0.0014720553651508333
ID_IXDD5C,0.0058230435556227535,0.0041809473637373735,0.0041000094383554925,0.0006451498824751344,0.0007487821120979621,0.0007938938476643183
ID_IY6NOF,0.006195978983780794,0.004684387743015808,0.0044484275229231,0.00029984308116397164,0.0014969374507397394,0.001429389864058677
ID_IY9L9I,0.01971061776867378,0.10201992268143703,0.036676412129276935,0.009218646506035488,0.1269672721170977,0.055695684331064935
ID_IYB7UH,0.005552967002066676,0.004165253180087722,0.0046900912344353405,0.00015650517530555147,0.0007695737109266768,0.0013545013540113473
ID_IYKBYV,0.3484668950182923,0.656905705937481,0.665063041118433,0.3650561759890669,0.8088259139216343,0.8503437067002144
ID_IYSD3F,0.005977555537783811,0.005137739963029253,0.004734002618168843,0.0003011498817051488,0.0007459708570123425,0.0007565618806154922
ID_IYY83U,0.005236218365059685,0.004162168520315594,0.004645239916696548,0.0001772382764589673,0.001094422668845422,0.001277576789820119
ID_IZ6LA1,0.00543149424429517,0.004576749369591998,0.005298133666472941,0.00042169729856066476,0.0011386195225215148,0.001571767520854322
ID_IZ777T,0.005269763926919916,0.0040340288313546625,0.0045376082739428955,0.00024045125533617696,0.0012304036099356512,0.001763109309331317
ID_IZF4GN,0.005818207401278337,0.004180106916200186,0.004105206195722542,0.0006441863491956804,0.0007375716685717527,0.0008223899463792903
ID_IZKU1L,0.005854714956337574,0.004094250320615524,0.00452089260290678,0.00017802883737701468,0.0004908195174601528,0.0007494060000815878
ID_IZPAAG,0.005596148835350359,0.004262665286320531,0.00450092966526125,0.000550069883333216,0.0008931793700051577,0.0009851389431057656
ID_J055PC,0.09721465968590143,0.12668826784675702,0.14303105749541845,0.07679092004070105,0.09300073953404397,0.16013037479610734
ID_J05HUM,0.005538393631352458,0.0040834684495684274,0.004441100579175425,0.0002908815012325121,0.0008072319383038651,0.001036453718533572
ID_J0QHSL,0.005102691484489242,0.003943072156891812,0.004270398888701126,0.00034688561176298723,0.0009123780588881691,0.0010338859888921275
ID_J0T940,0.5059080381132784,0.6735865429848026,0.5582639261318396,0.7418217214764246,0.8067901761433693,0.7598826307598767
ID_J10FQO,0.006206944767843753,0.004643598550336017,0.005102893299997684,0.0021162577730081513,0.0011795048264517014,0.0017589139484317233
ID_J1H455,0.005749863099152775,0.004154669875289533,0.0046430979030706475,0.0003290413761482934,0.0009286885030650868,0.001181761348897166
ID_J1IMQO,0.005808178208016413,0.0042862406851357105,0.004792085022208674,0.00038391118654030633,0.001491356587458959,0.001626552638565256
ID_J1KBN7,0.00883720473554713,0.006404204965409052,0.006241005115090271,0.0028276904792105114,0.0024846441336229814,0.003928842278411971
ID_J1LSS5,0.00852304884238535,0.00439623934925001,0.004237785610754135,0.0007473791751852226,0.0008969455812511064,0.000989291415446527
ID_J1UM6R,0.007078819072832705,0.00607079970891033,0.007321093967933237,0.0005139617700842858,0.005857486677955587,0.008936002352412258
ID_J23PY3,0.009244113204440027,0.010118155040459502,0.011277056830160356,0.0015488914510176932,0.006963689479180221,0.00775378042388356
ID_J28DNK,0.005550897221196627,0.004384038334286988,0.005045367603172735,0.0003382585581414591,0.0007468543899443067,0.0009833470441024353
ID_J2FJRW,0.006559505279764937,0.004449670963764036,0.004933599651732959,0.0007477963418470913,0.0012176960908397139,0.0016099299086204221
ID_J2U4P6,0.005951827615104925,0.003983536823522329,0.004100006462729473,0.000375809985767455,0.0006939784397594475,0.0007514073656130554
ID_J2UQDN,0.005270424688388713,0.003635895558191343,0.0035572108810421788,0.0001934709995385219,0.0006100398296576673,0.0005434504705756326
ID_J2UW6P,0.005379296076248773,0.004250793217682465,0.004786301524106417,0.00037206522757273093,0.0007896474515614868,0.0009671673604758119
ID_J2ZRX7,0.008756073129033657,0.005366892851238677,0.0058279777561834984,0.002154328067024067,0.002247195615247493,0.0022317713485567694
ID_J30HVX,0.005675919265810373,0.004378409305859173,0.0046123602353958714,0.00036762364639459353,0.0008543751633902743,0.001086514990324935
ID_J3426Q,0.0052961002095557,0.004640035745196945,0.005694735314628472,0.00019675258767719395,0.0017797061063093982,0.002181312179661654
ID_J34RHZ,0.0052418408587340095,0.0041966365160104714,0.004753012071076292,0.0003670908346800369,0.0013760944292140762,0.0015340183610444494
ID_J3EJ0R,0.005045455541249829,0.003855493827517209,0.004190848126318893,0.00034302107483400406,0.000863681916417567,0.0009856208153824675
ID_J3WB2P,0.005263638888153323,0.004093492305604753,0.005095157825557306,0.00019909143211049404,0.0010208636161464122,0.0013844028052999965
ID_J415GF,0.005834677645984481,0.004592940280364601,0.004986721334673028,0.00045189154681646423,0.0009129652078387861,0.0011914561720400018
ID_J41EOZ,0.00507305907344629,0.004137521629625744,0.005000225344908919,0.0001463100635961161,0.00108827215564178,0.0013952967487952583
ID_J4IIGE,0.005515195291312689,0.004798851949832078,0.005772509157283507,0.0006454480122995777,0.0017155836327143032,0.002610851128243587
ID_J55FHB,0.02886472835661643,0.010212243955742845,0.012214635879921653,0.013730803964071074,0.010029927953125482,0.01310327430271362
ID_J55KEV,0.00587272611888395,0.0040577463179366086,0.004522976728136866,0.00037123527505461795,0.0008857637726180071,0.0012015566906135853
ID_J5L7RD,0.005339674611662434,0.004251110634326422,0.0048735727338758365,0.00020379162132288438,0.0009466333287766556,0.0011861605902201585
ID_J5P69A,0.005093257106761086,0.003823895100163309,0.0041395388974440825,0.00015239307819122565,0.0005076006282961407,0.0005429029523063681
ID_J5T35I,0.013549186106877309,0.01611935871272405,0.010466433600649975,0.0036126856836252485,0.015098650695123284,0.0096999259344762
ID_J5Y7PU,0.00533837023717924,0.004364030014487739,0.005017075302589017,0.0004070745290403228,0.001073824483579275,0.0014712965319926808
ID_J6FHL2,0.0225733384121308,0.083232663134879,0.04508661737966283,0.013674447339413767,0.08855922966542827,0.059255023653113324
ID_J6NXSU,0.005596148835350359,0.004262665286320531,0.00450092966526125,0.000550069883333216,0.0008931793700051577,0.0009851389431057656
ID_J6RJJ3,0.38371147716028936,0.18702846803995649,0.2256654682154025,0.4335687339397833,0.21155506583397013,0.2982503982119018
ID_J6VA25,0.005154456227732895,0.004332302871910922,0.00467641959879681,0.00016045204477474622,0.00191890680610272,0.002475320743225042
ID_J70B1Q,0.006372523884575344,0.004813263600066225,0.005217614461608672,0.0006227221023354441,0.0013581174909417122,0.001903259286488028
ID_J74M23,0.10986657884746852,0.03222481395277296,0.04260152727419047,0.05737638997856089,0.03708848656130016,0.06390596534162475
ID_J78U93,0.005276968294055698,0.003968275404732561,0.004193927704611495,0.0002667612834992155,0.0006435049380718233,0.000843431908832238
ID_J7N1FB,0.005326417794899821,0.0039592325448353045,0.004161449867255276,0.0002558212968754001,0.0005940717622835494,0.0005966833479128093
ID_J841FF,0.005691047202441332,0.004258417475691568,0.004840450013150434,0.00023251708160924493,0.0008756301510501151,0.0008395826054988922
ID_J85QL1,0.008267994752276357,0.007403881246739727,0.008607491306786464,0.0018216058187770616,0.0062187821150661285,0.00822906381832191
ID_J8AEJ1,0.00544833210388569,0.0041549994626756855,0.004715426052920952,0.00028147176267059697,0.0007388290665825312,0.0009803714874059306
ID_J8IE72,0.005553231882317652,0.0037812554635502176,0.004998549845753163,0.0008368750679692577,0.000753068304942013,0.0016856118628316048
ID_J8JXVY,0.0052783481455630984,0.003999147089488843,0.004354067716024065,0.00027223139706390064,0.0005811779137500958,0.0006873799253458411
ID_J8S3V7,0.0055507752800742155,0.0051603158399399955,0.00596995521964294,0.0006391907532404128,0.0017135162906925985,0.0022445472676995743
ID_J8SQUH,0.005207173936304032,0.00446245654360545,0.005650697552838437,0.0002003994152049274,0.0016589151399169198,0.0027607109132625936
ID_J8UC33,0.005989385974152203,0.004720097299558527,0.005659504341648466,0.00031097973922114905,0.0012065833779656727,0.0019278623690178996
ID_J8US98,0.005352360114162423,0.004710622899108691,0.006110895229720507,0.00038017724677085016,0.0019149718258848127,0.0028822482049500908
ID_J8X1JQ,0.005388179669569652,0.004331851239340785,0.004470983413295655,0.00042571792628334483,0.0007675201326987313,0.0009100730194567438
ID_J8YA05,0.00628808031100649,0.005423017226298346,0.006506144117357456,0.0008337230007723369,0.0017256108909571059,0.0023901082896562406
ID_J98CG9,0.005346688068202147,0.004175468605133565,0.004741106605008295,0.0002191622446003751,0.0012736958032065683,0.0015867448632281929
ID_J9X62N,0.005620925040192081,0.004321453352049652,0.0047325865523086515,0.00039886790392055127,0.0008813138174039513,0.0010925452902142362
ID_JA5369,0.005515133752621655,0.003980498052315614,0.00430553257804603,0.00018417511864091943,0.00047217850960948744,0.0006899209696093921
ID_JAF898,0.005852578365592498,0.004630616732942855,0.005076339027303701,0.00022239526179325218,0.001102178363845193,0.001981653840736941
ID_JAGL6N,0.005241542285158111,0.0042469069255313225,0.0044624376596690924,0.0003416360322500986,0.0008574019403966833,0.0009859790298924935
ID_JAHUY4,0.005569456386671822,0.004655987633192142,0.005140661002903924,0.0007396196789747653,0.0011998055670873072,0.0013501121304846197
ID_JAUDVH,0.005722395843988145,0.004537602178094516,0.00431764322969459,0.0003995136395040588,0.0008798074307004819,0.0008090190405718043
ID_JAVEA5,0.054957512852214604,0.016432199503580318,0.01618255928717583,0.03429539534087317,0.007724885015810358,0.010401087380706121
ID_JB2Y8O,0.12873763082685794,0.5850539069770162,0.5668737418813686,0.08899958932703975,0.7185553378495942,0.7850619796358624
ID_JBIQNN,0.0053989910989269045,0.004022659588104893,0.004344582659799102,0.00034557736573862945,0.0008140850983418158,0.001043579582947683
ID_JBLH5N,0.005477407024995196,0.0038284533061290218,0.004047475518822824,0.0003111522607152201,0.0005982270378189706,0.0008385651102627206
ID_JBXMIO,0.005222917072094697,0.0041000834053539015,0.004575915962654837,0.00022055719386725002,0.0007454377903771175,0.0009395742260229836
ID_JCS18T,0.0058479702821771585,0.00467700614441803,0.005921980598133234,0.0004569341565424858,0.0018515051548542909,0.0030602824370057056
ID_JCTVHU,0.005752701631142102,0.0041801267973664465,0.004560756029503059,0.0002035777892214856,0.0005736618251267038,0.0010031634215055538
ID_JD38LC,0.015819865685006523,0.011427548848798395,0.030902097404753144,0.008851992558215404,0.00587030280755841,0.016141293363082572
ID_JDD3BW,0.007043817355386803,0.004448198491838647,0.009359271435371653,0.0010864065848541318,0.0009328956349414276,0.0020699837582665967
ID_JDHBFC,0.013827094839592447,0.017208686809217947,0.011924152763593597,0.0036826095956461885,0.018415710126794875,0.01478649692235783
ID_JDKEGM,0.004997274391095217,0.003713717154544811,0.003987178756080962,0.0001547062361646863,0.0004352343754469224,0.0005122865019333639
ID_JDWZ6W,0.008862747307642959,0.006401788370846895,0.0062419204556942815,0.002957155422577515,0.002460486637191937,0.003883396320097228
ID_JEKWX9,0.005170819831064367,0.004196752873361643,0.004743062744788565,0.00024161170363968856,0.0008394436306777567,0.0010049679467905462
ID_JENU4O,0.005307711777106577,0.004071469345577494,0.004431030357132698,0.00020652199079699955,0.0006195897221969685,0.0006362838900996172
ID_JEO0RE,0.006252398330973457,0.004801671110961823,0.0055799512621208264,0.0005267274289978467,0.0014387967695556462,0.0019663530492918515
ID_JF1SSX,0.07881242940969012,0.11635929198680225,0.09982034934706388,0.053750197090811185,0.08003735785655355,0.10901006328316191
ID_JF3WUN,0.05522949094080609,0.01260350125249118,0.01564588341847492,0.02748225593095036,0.00964333273542536,0.011606272216131237
ID_JF5PXT,0.006992984642591625,0.0054919114877467435,0.006497299458233186,0.0007988413546086244,0.0022203335031515,0.0030486265790088097
ID_JFHIVO,0.006293129786997124,0.004399758041780518,0.004790275416560908,0.000507367818453594,0.0012318959918817807,0.001464639973462049
ID_JFKDW9,0.010987243924451526,0.006280184563994268,0.004923675760581504,0.0021800394435007426,0.0015937837508854524,0.0015058025738979629
ID_JFSXTY,0.0053911300361373345,0.004814463261835329,0.007524495860445968,0.0004540081282553801,0.00221821023638501,0.003934827301605998
ID_JFVGSJ,0.005475864355557521,0.005053400475579587,0.0064737223471048955,0.000502260035812628,0.0026481540034459846,0.004542043137247075
ID_JFWEX9,0.005168330994123309,0.003590931183907882,0.003682826035855697,0.00018476464007617413,0.00047850633135578533,0.000497122545626397
ID_JG6KVB,0.0053326415196373175,0.0042664276337831255,0.004307596607322744,0.00042138599524507204,0.0006909932778192836,0.0008229357768865953
ID_JG81AP,0.005202915965551008,0.004259580545308974,0.005114264866579396,0.00020613435158373274,0.000959088394109249,0.0016063420607740127
ID_JGBB5Z,0.005392847088833094,0.004202950140383165,0.004707987207933465,0.00019669894797377736,0.0005190325604631939,0.0006214323751290681
ID_JGCMOM,0.005967831176716292,0.004578671744354209,0.004640138647548994,0.0005931794971248968,0.000879439642491877,0.0009657200428004608
ID_JGO3WB,0.005529458778366607,0.0041214351023663425,0.004305965889361014,0.00027083564826802144,0.0007234698827317381,0.0005992941060633445
ID_JGR6AQ,0.06367863308746265,0.024983402158513794,0.013034545469678818,0.027333895876955207,0.024442941212211116,0.01550097500988435
ID_JH0R8P,0.12047902738680617,0.03753027509000933,0.04760983314168273,0.09713185730922447,0.03800358964956113,0.07191662933087645
ID_JHAC5O,0.005440092834394289,0.004485830663037522,0.004832232373960872,0.00027978088068093506,0.0008318969746868716,0.0011073920998579624
ID_JHEJ6C,0.009723944370339641,0.0075553025950642495,0.008681855097338584,0.002751878815004701,0.004434232617303694,0.005934880066170622
ID_JHKAO1,0.005161877709501616,0.0037844417554964,0.0041675190809073535,0.0001661086590472635,0.0006906683251498972,0.0008246416760351297
ID_JHWMUP,0.10816045102205948,0.13979810043605956,0.14436662913878706,0.05382442421504122,0.17353918060694992,0.19839002714893342
ID_JI09Z4,0.007291610195989081,0.004701557564674491,0.005291493681083595,0.0008727123422226847,0.0015781251898726034,0.0021376644886917087
ID_JI0NUP,0.005418905174637911,0.00430031964417721,0.004742198322822644,0.00035120177201813783,0.001121326470595709,0.0014412311457956259
ID_JI3FZX,0.008806220790139986,0.006384778987689938,0.006220296758765031,0.0027591125453645215,0.002303189122689579,0.003671981770765298
ID_JI8Q5T,0.0053635037126404566,0.0036446998235754305,0.004465818422527279,0.00021698217430253245,0.00032553000075537816,0.0007354801500193215
ID_JI8Z14,0.0057642082092233815,0.004266078336505323,0.0046926805314248,0.0003219611912801181,0.0006423248851793753,0.00082991729422626
ID_JIDZNT,0.008567233271222892,0.004860753806709104,0.004976915353025126,0.0007435446675285022,0.0011461139027203278,0.0012765275546304485
ID_JIR3BK,0.005511009504787077,0.004444225371157096,0.005143749299810936,0.0002255772870507789,0.0008616019294886222,0.001993142394960665
ID_JJB0N9,0.03405988899843661,0.013578442821021679,0.010749144783398397,0.018669586326032935,0.011206793842196229,0.009910817565799689
ID_JKBQHX,0.005750526494964269,0.004127165039311153,0.004685912032600524,0.00033646202667639833,0.0015507755444852526,0.0016554235856801206
ID_JKMK9T,0.005923488617550163,0.00403234729208661,0.004432677580374509,0.0003357853436630552,0.0008636549850073123,0.0010208185776289123
ID_JKUDBT,0.00763145947680345,0.006167268282285938,0.007114371751262462,0.0015845557828684227,0.0026280163106925,0.0037764361016286805
ID_JL96S9,0.005546401883644623,0.004197396140124725,0.004732772566312668,0.00030907267106026164,0.0007857098355061338,0.0010146771048717927
ID_JL9J80,0.006292547449885838,0.005398268332034439,0.005378661278743801,0.0006956680778136538,0.0015519244989960627,0.0012855343554312186
ID_JLGA9S,0.005958086923522807,0.05787478477032026,0.045023733253179744,0.00036232107122155245,0.06465404073540115,0.06715800703863159
ID_JLHKHD,0.005636984620039083,0.004108695486161551,0.004411371547207915,0.0002793293406464857,0.0009148171471372828,0.0012230663702625885
ID_JLIJV2,0.005518491097685633,0.004445196335600168,0.005128488684416273,0.0002028403970303088,0.0008505934401271311,0.001851291263351202
ID_JLMYMA,0.005191085718847327,0.003917245391289315,0.004169527370276367,0.0001949645464307001,0.0007175135558371355,0.0007908901503826105
ID_JLNANL,0.005892220824201829,0.004668899796618944,0.005905989552660616,0.0003679818408610098,0.001697805556246318,0.002141560968829905
ID_JLWJBX,0.07833287230595537,0.01445296482227755,0.014159356568593181,0.06247728719036493,0.011954673156362283,0.013965766940235647
ID_JMKVHA,0.0052004102467463256,0.004350518365590108,0.005417631163347821,0.0003264000702754164,0.0012087661558915564,0.0019339006276260949
ID_JMND8O,0.005537862953406225,0.004079408866545097,0.004841744583597417,0.00022440926427899237,0.0006969007400328406,0.0013076204936491866
ID_JNAKG5,0.005664232343142775,0.003968885311794691,0.004196566897267122,0.0002472158702240121,0.0005865043562574203,0.000634750117408494
ID_JNXALI,0.005474239709875975,0.0042616184353587196,0.004762842787739241,0.0001856856313953207,0.0006003319608668883,0.0007077608805963934
ID_JOHIEH,0.006070278497706141,0.004538103151961243,0.004858507027750471,0.0004856989920100234,0.0008459492579297836,0.0013172214513864347
ID_JOQSKL,0.005820041544320684,0.0042007153141769985,0.004629665673173169,0.00045471382032109624,0.0008784855373284797,0.0014689083184133654
ID_JOWST8,0.0052357561208657795,0.004121369911849175,0.0045816555019396925,0.00016407144915430986,0.0004689867236321675,0.0007187843512395155
ID_JP0H9B,0.006603725179204064,0.004871280816332866,0.0050670698330055036,0.0006186124401352677,0.0011415276607446717,0.0017129520970391734
ID_JP5OOL,0.018213783545326302,0.03499671488495745,0.014081590537574878,0.011856981167383901,0.017317972483376062,0.0067079531494303275
ID_JPHAG6,0.005431893689059015,0.004200149201353001,0.004616150267176231,0.0004141472850401325,0.0010791400346656771,0.0013774981296666437
ID_JPUGLB,0.00536799773032821,0.004112919463489773,0.004879246665829662,0.0001251537034099975,0.0006742051046033673,0.0015026358723632387
ID_JQIX21,0.005582329801065032,0.004360238169316882,0.004768033508674942,0.0004969696586849435,0.0010181370244097354,0.0010586499041539753
ID_JQMJO8,0.005047346987837147,0.004128565031850018,0.005020320740010489,0.0002594496362186134,0.0010362739544539858,0.0015197617786809176
ID_JQYQPR,0.008839919941298421,0.0049125596132542386,0.005102629065721096,0.000905591571747964,0.0011689607754891774,0.001506781503406705
ID_JR3K1A,0.07396487058010405,0.021808748008936778,0.029341085120266185,0.046300489925583055,0.01946663320233824,0.03069991882394084
ID_JR89XU,0.005387089302514844,0.004607853457837037,0.005474065199418895,0.00041088113835740684,0.001606564976217838,0.0023127053512412383
ID_JRGWMB,0.005510037174255169,0.004388399296007663,0.005124087978811402,0.0001311899423746049,0.0008613170324001552,0.0018220037138660522
ID_JRQ0K2,0.005856871600832515,0.004678721373785392,0.005051023314032318,0.00020310405214862457,0.0010871486320380172,0.0021526083023726762
ID_JS0FD0,0.0053221735474684164,0.00413606255884077,0.004768709552465438,0.00022763712370816645,0.0006746959304179002,0.0006939328724490062
ID_JSA4H2,0.008248251056704854,0.006168012458147964,0.006610972086979056,0.0009973657477732399,0.002656024192897455,0.0030643192385623255
ID_JSD8GD,0.010215670146666765,0.005601107749278021,0.006159481510653253,0.0019104521161443903,0.0021535077899671505,0.0024461304299098026
ID_JSJ61E,0.007206878156908998,0.003896142628625805,0.003956572342621713,0.00041095260303396604,0.0003861728788226608,0.0006122453153223836
ID_JSJFMM,0.019591301681043338,0.008840465016098854,0.007640414437897285,0.0055223699283921,0.008223561096078597,0.00720013695645976
ID_JST03I,0.0073239933638167744,0.004363905744152151,0.004956261254997586,0.0031528216079978193,0.001670774765787012,0.0018502321531323317
ID_JSWVHL,0.006210564488848838,0.004962603496308728,0.005644204722240301,0.00029373158949416787,0.0015040503626402317,0.0018654381632637
ID_JT0RBZ,0.01007227407602238,0.006572440480354998,0.0067637515770857005,0.0032612568847966094,0.003822254106184516,0.004009299506148387
ID_JTBQR7,0.007744649217153431,0.003973195090766658,0.004193444789024158,0.0008325962009395555,0.0005679731420289019,0.0011131791399386082
ID_JU38M1,0.00601501757818588,0.004748890850978926,0.005496079012376987,0.0005420734824890712,0.00136000552578245,0.0021809392506603174
ID_JU8JNI,0.005519129591860099,0.0037245589362697763,0.00479793912268411,0.00038702808792123505,0.00048312785864775774,0.0012894424928321865
ID_JUTR7C,0.005428064977907613,0.004380914041652528,0.005338855262737237,0.00014677097856362863,0.0011400991932556416,0.0016600216762797943
ID_JUWIIQ,0.005400463965243838,0.0040233124245486265,0.0043974699975835255,0.00017199873326132682,0.0006872433930393387,0.0007078485286565603
ID_JUWVD9,0.128800288312142,0.08575519267551722,0.08976935859381853,0.0971773634752065,0.08448404496133016,0.1284573956075749
ID_JV6D5V,0.005381621217156262,0.003973855013469468,0.004093532849585808,0.00044441653280332435,0.0008547466904852922,0.0008408285006910532
ID_JW1LBC,0.024657231277191362,0.13581413897332317,0.11109626776516375,0.013272840246117877,0.17457208258017265,0.1566335110116442
ID_JWE28K,0.005368837028218239,0.004244285187562848,0.004783113440529062,0.00020198355152162647,0.0007726706851686013,0.0010102371148247745
ID_JWJ6LD,0.005474239709875975,0.0042616184353587196,0.004762842787739241,0.0001856856313953207,0.0006003319608668883,0.0007077608805963934
ID_JWVELH,0.0062147631591388435,0.004101756887352825,0.004571867551481338,0.00042055981255487114,0.0009710504527406083,0.001301606766478926
ID_JWXL0Z,0.00546253801989315,0.00422763143991383,0.004644873515723621,0.0003250852950453262,0.0009459173988282126,0.0012163653860483787
ID_JX2N58,0.0069223220230725194,0.0038918769758375846,0.003932213223803843,0.0003883372059650222,0.0003831238442584563,0.000729334283688895
ID_JXBY22,0.005261619105428026,0.004135371856031145,0.004535368961444664,0.00024276025914740762,0.0005427364224184609,0.0007184086523749944
ID_JXG6HY,0.006805030420338575,0.005967571756170592,0.005961721979492436,0.0003485550213781517,0.0017353900650068281,0.0017386984209714373
ID_JXGHCQ,0.0052926293061076836,0.00367713418035629,0.0036111538878522646,0.00025981329188470273,0.000585625916309521,0.0005211464037472863
ID_JXJ5V1,0.008743798084461088,0.004879614060704395,0.005063392164738177,0.0009959149247205587,0.0013393800355277887,0.001398214394911583
ID_JY1YPW,0.005492858838445943,0.004452499724804968,0.005516989683165569,0.0001890727501905858,0.001261314536405475,0.002281795793782172
ID_JYQN2M,0.005553554006683231,0.0044019643389942124,0.004899962955322585,0.0004276182963396247,0.0015684109127604106,0.002046403223673879
ID_JYRV1A,0.011897543468504065,0.00792447417447799,0.051838750275551064,0.002026463562949095,0.005259648153682684,0.07599103865666212
ID_JYWA52,0.006669885463883929,0.006692337024189464,0.008651250336582468,0.0006096689352374868,0.006052148968273385,0.010176634542276675
ID_JZPTYE,0.005365415159368997,0.004444605883466228,0.004935744939752516,0.0008019100961960247,0.0014343262222280876,0.0018051964608235879
ID_K05FSC,0.005316457957122951,0.004549115055388857,0.005752874150318772,0.0003661629675886539,0.0015605946688392826,0.0024040541722458687
ID_K0L9RN,0.017294078800947615,0.005828202056756382,0.005445790594621911,0.0045159341318887995,0.0034444451506144558,0.0031446245453586185
ID_K0MGYR,0.005252277540958893,0.0038799663239739842,0.004260217280317556,0.00016867163359052053,0.0008866465646339351,0.0010470637820559159
ID_K0PEGT,0.005330391689944824,0.004003562369307458,0.004306680990085806,0.00022034087778006532,0.00043671747833028287,0.000469052671418879
ID_K0TAT7,0.005665961910347035,0.004550397994477406,0.0055717008879589145,0.00037799105700676416,0.001456909717506927,0.0019978323868591495
ID_K11Q5X,0.005443140550791616,0.00524986523885973,0.006322248277097837,0.0005201294334477671,0.002134138141703363,0.002610216277096327
ID_K1APAR,0.005518491097685633,0.004445196335600168,0.005128488684416273,0.0002028403970303088,0.0008505934401271311,0.001851291263351202
ID_K1CKSA,0.005306062725723525,0.003854294771294233,0.004273236519308166,0.00022179352047433097,0.0006779477554786298,0.0009064611850273804
ID_K1L86J,0.025703476629056962,0.005912171236621401,0.00636283891893517,0.011114064077821376,0.004473122449851272,0.005061840410114967
ID_K1MSGS,0.005908225625287258,0.004373529381547011,0.004778325581667953,0.0005043956013850955,0.0010366659913531057,0.0011493461266760194
ID_K1OC1B,0.005660142308744424,0.004270367543096566,0.004331217162397346,0.0003485204355642588,0.000810846247076682,0.0009586425449585942
ID_K1P3J8,0.00707978807663355,0.004431780471447145,0.005059529015544383,0.0005933075941091974,0.0010432041235281105,0.0016268020357510491
ID_K29ICA,0.009009051061336797,0.004928770885897129,0.005196872212850299,0.0012725344034174263,0.0012099127248313402,0.001575761327026964
ID_K2FMPI,0.005314078862422733,0.003964479771916012,0.004327670868041407,0.00018068415938251635,0.0006001320845293519,0.0006212248229745022
ID_K2JIN9,0.00535749383944065,0.004565478393188105,0.0053772214454353194,0.0004986636101191519,0.001323163389138684,0.0018297509052208354
ID_K2KN9C,0.005470980168309219,0.005221919013767127,0.006775049106970257,0.0004940354764135982,0.0028019820571708854,0.004647465343153083
ID_K2YFYU,0.006032251277733406,0.0048206232761108785,0.005727289574929033,0.00033934952026340573,0.0014293702489666263,0.002083332634583598
ID_K2ZCCX,0.00587229921928319,0.004692309828608852,0.005503591894425557,0.00034638612616249296,0.0013553009692127155,0.002079770907668772
ID_K3MAY0,0.019234636417991793,0.06488542752354776,0.08357643061984509,0.0049256214376783534,0.0790146551199057,0.08435258228732058
ID_K3NMVQ,0.005299394046337944,0.004006628526383772,0.004280553856644972,0.00021411791131365924,0.0006939691046447487,0.0006650524909520316
ID_K3PNUV,0.005237334916689926,0.004050735519787404,0.004938053034614616,0.00017858195038137609,0.0008009630351207169,0.0010840995647428044
ID_K3QT3V,0.2051503634381389,0.3966834891239273,0.2795323581241183,0.19585739290645562,0.524476261513154,0.4379380457726894
ID_K440VM,0.006135529984688854,0.004280765564590717,0.004697286596867095,0.000311428618974271,0.000848528228899078,0.0010536394544950081
ID_K4CEJB,0.005829186503242005,0.00422500008954321,0.004522673993605004,0.0003460314111812989,0.0007206832646766319,0.0010040537388486786
ID_K4Q8V0,0.0058088920441078705,0.004598463071099006,0.0060667160437804105,0.001017343088325671,0.0022521858009850845,0.0030748153934766196
ID_K4V6T1,0.005519406976119898,0.0036988136651272705,0.004739676857386244,0.000422091962916449,0.0005319096640408618,0.0014420742919017675
ID_K4ZNMT,0.005058868829806157,0.003770259409750201,0.004041428301560685,0.00018354715897971914,0.0005418160714591581,0.0006146296546366821
ID_K565PV,0.005409772402792058,0.004723072321261406,0.006189039420594545,0.0003782595616317127,0.00203924916309008,0.002941924563578533
ID_K59VOO,0.005050262397793703,0.0038684201903367715,0.004190634054915854,0.0003255866200768065,0.000891102892745197,0.001114035206891478
ID_K5EEX9,0.005584126643792771,0.004517428812409204,0.005154847625805999,0.00030441727512705094,0.0018657862608520536,0.0025570984685277026
ID_K5JUQC,0.005504053396885361,0.004113905969253237,0.004495180226104861,0.0002450351600615597,0.0007686885339967227,0.0011345009788971915
ID_K5QXSD,0.03467783129719542,0.011753058813207071,0.01611398324338809,0.011783595275455734,0.011448837091009424,0.018900448525973824
ID_K6VD1U,0.0057529817243539855,0.004081399022119267,0.004298077803306537,0.00014345419541651842,0.0008340892876135674,0.0009047616269862261
ID_K7P1AA,0.005306381291606629,0.004069718815472614,0.004269682317908072,0.00022821643072934054,0.0005710488290829808,0.0006478285093719378
ID_K7TUMS,0.007871003040548179,0.005068898699445362,0.005862713290970563,0.0011453272289139041,0.0013589512588032923,0.0016168714054921396
ID_K7VOHK,0.14509807563981614,0.16960191011911324,0.10131655943747227,0.12070946778880641,0.16908752847370861,0.11807200566346297
ID_K810PX,0.00571404450524851,0.004450056531341779,0.005543858110276221,0.00020442043601986377,0.0012374560540250317,0.0019480138635244086
ID_K8D9L9,0.006323823511157069,0.004774855684848676,0.005040385121463598,0.0005414035924190437,0.0011167094216106008,0.001413839705520203
ID_K8ESYM,0.005287639263538771,0.004079756134453036,0.004346520296125752,0.00020951644351951683,0.0006781182415467213,0.0007147993892726649
ID_K8IR50,0.009426660994386247,0.006884347270250384,0.007774393333663064,0.0015094748470793876,0.0024509321571824397,0.002993327504379474
ID_K8P06C,0.0053911300361373345,0.004814463261835329,0.007524495860445968,0.0004540081282553801,0.00221821023638501,0.003934827301605998
ID_K92S3H,0.005993152187289557,0.00425554740837651,0.004844800318985017,0.0003656914591050182,0.0010597485235899825,0.0014612183736337737
ID_K9F2L9,0.0052718096176681785,0.0038698542078596863,0.004105490044619233,0.0002746768215823317,0.0006299378484491913,0.000718850348609478
ID_K9FTZZ,0.005726957806441708,0.004369640087955759,0.0053102754367575855,0.00044008546807881713,0.001458049606879916,0.002510025485552167
ID_K9FWUG,0.008210008319828606,0.0046594784913758566,0.004849078046561249,0.0012345218958632394,0.001368916833398116,0.0015794209588511224
ID_K9GCJZ,0.005762248552184477,0.003850648541168809,0.005475928913231876,0.0003337672184547102,0.0010099608715408333,0.0021784477479338286
ID_K9MJH1,0.006646619201825302,0.004650458517283931,0.004916840309246577,0.00043828175376161356,0.0016439476414328918,0.0018168339256194326
ID_K9PYT8,0.0051311519818919024,0.00391156477565301,0.004462219205037093,0.0002103879461571616,0.0008168692608328153,0.0010768047428281195
ID_KA4RGT,0.005389160886254513,0.004003682558778298,0.004143458669855556,0.000428221620567989,0.0008778823515294212,0.0007926071532433879
ID_KA4XEL,0.005356857740893156,0.0040063397931715435,0.004132303800869238,0.00018527232059747126,0.0005843837274883658,0.0005620289284088263
ID_KA5MGI,0.06979501044186856,0.1284641258843537,0.07948328623082883,0.01677489005411448,0.07852742413766954,0.04282153312292116
ID_KACN6Q,0.005731960402553428,0.004515915446542726,0.004551307637912458,0.0002853347046978645,0.0008487996040657732,0.000837124917079675
ID_KB433X,0.00550450189310227,0.004289651398818045,0.00442175899034134,0.0005770570577394972,0.0010522496770254924,0.0010574812654156054
ID_KB7C08,0.006021610466352358,0.004524138905505948,0.005058196752685384,0.00029241446532256223,0.000949510185113702,0.0012609399512113215
ID_KB7EEN,0.005355033543562867,0.004126539094467416,0.0047550116058394706,0.00031603111358193,0.0010243049493869896,0.0012069128700155393
ID_KBMX7S,0.006372094134827039,0.004811588353424685,0.005204274297828325,0.0005767667168737335,0.001323016221324338,0.001884669275526824
ID_KBNPFA,0.005993329054066577,0.00425570963693205,0.004838899043078528,0.0003484775173691353,0.001070371990452564,0.001481764004364518
ID_KBW7CU,0.015617725158522142,0.008703032378527067,0.007687164363299848,0.007586512723946575,0.004124868447143795,0.0035528756276173
ID_KBYL88,0.005547074381687664,0.004398498537524857,0.004913248175765925,0.0003793830238956375,0.001536538902257304,0.0020834875488197897
ID_KC1ZNC,0.005343523907346513,0.003640774957147659,0.004487881135292803,0.0002526231028075286,0.00042604463779260653,0.0006720519747700186
ID_KC3CBG,0.005155922741332953,0.003941861943580706,0.004381333320498357,0.0002895981725712483,0.0006321360342170386,0.0007122530873562627
ID_KCI4WE,0.0052326039906467215,0.004109638792014511,0.004579414204926617,0.00018588718358361896,0.00055320152460831,0.00080241469096929
ID_KCL7CV,0.005288439087005659,0.003907382682796246,0.004027291703513089,0.0004350415807985187,0.0010529053306834917,0.0010102201787554486
ID_KCT2EE,0.005562352411122701,0.0040836540425980075,0.00441573382768453,0.0002164496123164708,0.00043990795325106225,0.0007661220038026204
ID_KCZ1QX,0.005437407385099533,0.0042545454132557154,0.004828235410071509,0.0003917914414575019,0.0013397631214127413,0.0017147061726770876
ID_KCZDMC,0.005175061200918144,0.0037907330193079165,0.00413398440859167,0.00015748651026046445,0.0007698630323917287,0.0007876321682514449
ID_KD638L,0.005260590685299518,0.004351555613046056,0.004929947515104982,0.00023423341240474027,0.0013717708915050087,0.0016970206442790741
ID_KDHH6J,0.0053010406232991535,0.004164226675198637,0.00485652825517802,0.00026895082219796114,0.0005780615672068956,0.0007654977022174929
ID_KDNPHD,0.028488213411627113,0.008994084668984732,0.04818496637507321,0.015276428718390203,0.0067012868526783705,0.035716656781295125
ID_KE6EOH,0.011857835678114015,0.009741635313235112,0.011089810130651637,0.0027970011490686293,0.009284699034684568,0.012944900994955261
ID_KEGBSM,0.004990397022975552,0.0037159886672685446,0.003922538480015336,0.000312068930429821,0.0006599491131127219,0.0008393401834061147
ID_KEJ9UP,0.005169633041087857,0.003595646842206988,0.0037077185049058277,0.00017200794191850322,0.0005391007048589006,0.0006314429832340587
ID_KEK3CV,0.005342486922322391,0.004623437822502998,0.0059512922795040895,0.0003963323512596612,0.0019215691653664607,0.002648151330191656
ID_KEMXON,0.005737025799386392,0.004364073661873704,0.004639689147181932,0.0004022710883058492,0.0006928179702485419,0.0012804800737944298
ID_KEQHOC,0.00576432073702278,0.004041762863779826,0.004468795876474359,0.00016096855901166147,0.0005793035714953152,0.0008628382450229502
ID_KERY7T,0.05028074042487798,0.020945141012529728,0.014928545446879318,0.03079173907007437,0.022138153255903015,0.019523277756455664
ID_KEVQ52,0.00862378804694901,0.003820047137204874,0.0047038865650922855,0.0012580931442488015,0.0012675216185602874,0.002575689336306749
ID_KEZP3H,0.007639352157202294,0.0041190315752805545,0.005347896700948724,0.0005523659321278864,0.00038669601448568095,0.000666593609540456
ID_KF1S3W,0.043320950212640104,0.051864906590920586,0.08720417825951002,0.018386624456456446,0.033868471651119385,0.06763132391402422
ID_KFKH2L,0.005479440226285753,0.0036547649843713215,0.003774191243485018,0.000268368313233269,0.0004235032957652138,0.0007554620095390138
ID_KFOW4P,0.014160683078113129,0.013603302417903858,0.010865600478561159,0.0023317509505092174,0.007834600359980983,0.008192857133629244
ID_KFS68B,0.00556055612746604,0.004272393140038015,0.004924969938421605,0.00027868362012934577,0.0009845136227677193,0.0012617683585085394
ID_KFTO2Q,0.005565026124747,0.004332626093833792,0.005278601632472837,0.0001815344063509875,0.0011217401596454039,0.0015428384632982536
ID_KFZM4L,0.005373655838844444,0.00383936164516941,0.003766377077930145,0.00041457199968290945,0.0005888572193179611,0.0007006968892438884
ID_KFZT1Z,0.011739226601493735,0.008061532641889588,0.009686869348987139,0.002326791772165756,0.0032532671551791475,0.003904354568821279
ID_KG679D,0.005314078862422733,0.003964479771916012,0.004327670868041407,0.00018068415938251635,0.0006001320845293519,0.0006212248229745022
ID_KGBQSU,0.005749791810731399,0.003779434008356378,0.004950890194139428,0.00026505651006009497,0.0007811536590912874,0.001821317533535163
ID_KGCLKE,0.006414175102679389,0.00544107424180739,0.007029565303384567,0.0004671141473831689,0.0020695456118194604,0.0029137557214220836
ID_KGELXP,0.005844044767549365,0.004626385927046558,0.0047904138075864815,0.00024839430045260044,0.0013546778992743708,0.0011180952741287513
ID_KGJM6D,0.005725362722768211,0.004421276866996511,0.004638225947315335,0.0005518103964202169,0.0010219658418240895,0.001112076566255206
ID_KGPDZS,0.005425405064917161,0.004703725762471065,0.006169753517008232,0.0003413338671109556,0.0018460362886449447,0.0025092265715250966
ID_KGXIB9,0.10469076117701076,0.01936912164485334,0.015690495932435655,0.05873395663790866,0.017130736627711366,0.016313175461824325
ID_KH6UO0,0.0064292411705407304,0.004684871493124801,0.005016043681539029,0.0006453178008451578,0.0011063628274592513,0.0015884656875195227
ID_KHCER6,0.005817648879379083,0.004662140178544749,0.005197374023039005,0.00016995689891549277,0.0013139568218897156,0.0019141031878335594
ID_KHKU4Q,0.005542645454419843,0.003952277427094017,0.004272099629595463,0.0002559022064015462,0.0006259081050218607,0.0007254186627658608
ID_KHQLO9,0.0073565141279017445,0.004118197996934979,0.004162067983394202,0.00044336252170069316,0.00042604005204065947,0.0005780525779772801
ID_KHSX16,0.005330730079291475,0.003842085652075661,0.004072480509196564,0.00025984265251164106,0.0005432367550756817,0.0006738709081547106
ID_KI0M9B,0.006622561726349721,0.004951101966257978,0.005579870611803582,0.0005677542759124477,0.0015730383153043787,0.002158938694294986
ID_KI0ZBU,0.005521167514157167,0.004073823729145992,0.004632356017094012,0.00021338046819151658,0.0009353921896829245,0.0012200145485529005
ID_KIDIEK,0.005407467050608273,0.012146956778028057,0.013381795287546253,0.00016318691279201768,0.009890992879114718,0.015283073474260398
ID_KIINWT,0.005296623373357811,0.0036808759924224356,0.0036115382550408917,0.00025267181152074524,0.0005453612675315877,0.0005475500637664438
ID_KIS1RR,0.005517646140801712,0.00417324463315997,0.0046075251561262095,0.00012772652669377796,0.0006720470172120662,0.0011835798030769723
ID_KJ3TCA,0.010075769261073632,0.009027221817854845,0.009363338212171527,0.002741180453767781,0.006755463325566784,0.006932069603019613
ID_KJVX1G,0.005801285559931013,0.00488392208594486,0.005597256302739614,0.0005343888045694685,0.00178611774169981,0.0023245842027280876
ID_KJZGN2,0.005259298587912424,0.004308863516959239,0.00544395968055191,0.00016236057323446492,0.0011523509264036338,0.0019148136666946433
ID_KKBQQS,0.37867695926697353,0.3139946399671095,0.25851924324747794,0.4628813334024073,0.20256302764330586,0.2443551126393931
ID_KKGOZ3,0.005553554006683231,0.0044019643389942124,0.004899962955322585,0.0004276182963396247,0.0015684109127604106,0.002046403223673879
ID_KKMWCT,0.005989385974152203,0.004720097299558527,0.005659504341648466,0.00031097973922114905,0.0012065833779656727,0.0019278623690178996
ID_KKQ9JS,0.005067412455948064,0.0037951436645205124,0.004172111598651574,0.0001158876886129186,0.00045990423795286696,0.0005416337849614937
ID_KKWKS6,0.005771014999173702,0.004009359735303674,0.004264298461429708,0.0004610874064439443,0.0006645866358205659,0.0008173503605493983
ID_KL4MG7,0.005850491758987499,0.004386695790701574,0.004676881717415353,0.000428893766407944,0.0009068017956909837,0.0016705505313475194
ID_KL7CZ1,0.005629517791815754,0.004195103377118334,0.004790686011078888,0.00028142136465328924,0.0008432970092263479,0.0008463988354341699
ID_KLG612,0.005447975930109976,0.004289548158289191,0.005004303527147263,0.000310405132518082,0.000858547492515117,0.0011670228176173733
ID_KM14WW,0.005648398083659968,0.004348140351325755,0.004779162305624549,0.00040435820609192023,0.001046807483959995,0.0013091834672011387
ID_KMFM96,0.005945975435657516,0.004311182044113914,0.004319675762788089,0.001010308326580133,0.0013383934820074034,0.0014708419755522797
ID_KMRABQ,0.005211246517377426,0.004324124707358442,0.004827239900184753,0.00016625444459091916,0.0025560412034495907,0.0036447490517220655
ID_KMW5EI,0.007500751142233091,0.007857339258792605,0.008076427275456209,0.0008301411878535414,0.0034536172840127013,0.0035362987356622444
ID_KNBOAS,0.007601891066341286,0.004115392744921597,0.005385700443649753,0.00046258736992314066,0.0003457166339094971,0.0006558418744474402
ID_KNDB9Y,0.005590451082398193,0.004139329791806122,0.004540759612268414,0.0003266730487881331,0.0006990278371629634,0.0008581487428950704
ID_KNF9P6,0.007432517957695422,0.007438002855923699,0.009828864864736326,0.0016956929637272802,0.007244369241371142,0.01057782631751506
ID_KNHULM,0.006466106901621028,0.00464665352553835,0.00489497394334108,0.0004626758338428974,0.0011178362500536693,0.001314407369569321
ID_KNMCFG,0.00556484168044001,0.004321628114469872,0.005269018490493267,0.00017576849889585117,0.000870216982451923,0.0014312906234546208
ID_KNMLWQ,0.006027694030210133,0.004964374321237866,0.006089353351795738,0.0002979246740995628,0.0017273161302796762,0.002524323392440294
ID_KNUO6I,0.005209924760495065,0.004261017622808002,0.005106684631415622,0.00020740790346824746,0.0009771746756603759,0.0015557022709716626
ID_KNY5YG,0.006704180865711197,0.004367580469814688,0.005338266496777315,0.00023804405714824978,0.000987931423617536,0.001096811904372136
ID_KO4YXJ,0.005369033903703211,0.004856859245615228,0.007535233176840283,0.0005428007540633857,0.0025594795101029654,0.004239872894701934
ID_KO7FBB,0.005387576125509507,0.003704073827854805,0.0036990611484047117,0.0002416770022673293,0.0006168740835120625,0.000648664201263603
ID_KOAZT1,0.005747340340545534,0.004132834557178992,0.004250921601701308,0.0006200413009133106,0.0011359624229013762,0.0010189673615115878
ID_KOBTYW,0.011899740340041133,0.006056991666990293,0.00640239193385614,0.003927015458453571,0.002078198162297447,0.0024990033505983677
ID_KOCUZH,0.012455834324329913,0.006924870355580118,0.00601132495035723,0.0020058093246983883,0.0021686189488657544,0.0021213893104708955
ID_KOHT88,0.005201638959358855,0.004203603650361824,0.004879197552391198,0.0003428917402458018,0.0011646913835566162,0.0015287558798546676
ID_KOOJEU,0.008873038713611366,0.005932934377535877,0.006660007568809444,0.001496128408734745,0.002071400685961429,0.0025577070052137715
ID_KP9MAP,0.005734663271561274,0.004432773686381818,0.004852369696755192,0.0004990480298683671,0.001474777775970526,0.0014385344693555388
ID_KPIEP6,0.005359240785026825,0.004056547233025454,0.004481580280595555,0.000225081287356887,0.0007023962073818393,0.0008649176890551586
ID_KPTHEC,0.0561178617133327,0.05481434649156707,0.04339501744644773,0.03378141634818242,0.04058643166360858,0.03704950418499959
ID_KPUZSL,0.005810256684747853,0.0038949438374410433,0.004024852187410719,0.0003159494035016172,0.000706344244208087,0.0007389238415486726
ID_KQ2RJU,0.01318512402106974,0.005910130326868462,0.010166484357429163,0.0023071834035684343,0.003154287967611558,0.005478005284387856
ID_KQ5EXO,0.006463884524885259,0.005478697746612841,0.008124116267472984,0.0003885058881446772,0.0015228815486346102,0.002533467571936234
ID_KQAT5X,0.0058186391976234675,0.004149893740160544,0.004409712480289414,0.00012777066549469828,0.0008525533373242587,0.0010586905662890822
ID_KQBP25,0.005301498784188062,0.003975845805093951,0.004285988778921883,0.0001967182749310304,0.0006987173483173484,0.000671967481327127
ID_KQCZIM,0.005475115126135722,0.004195433488670953,0.004353105362890227,0.00023986538965384925,0.000697881324971306,0.0007262649940243621
ID_KQF7DD,0.0056211671800722104,0.0039827678119067275,0.0040251049692678394,0.00029447915919008884,0.0005631249188355023,0.0006379209316731677
ID_KQKFQH,0.005715265066159941,0.004364294325578331,0.004929240097380034,0.0004905835799897303,0.0009802786334477107,0.0012160657002349786
ID_KQNHNN,0.5747403915568969,0.733371051800285,0.7072386378081501,0.7396234173607869,0.8458519972972203,0.8756214710607706
ID_KR841V,0.005555922006688092,0.004254581078751119,0.0046754007010957315,0.0006437307493620838,0.0008558582795819692,0.0012073863575755566
ID_KR985R,0.005249625593547991,0.004191206880588505,0.0041998265796348066,0.000249594404034757,0.0006261655284977861,0.0006911927652724551
ID_KS8ESR,0.005358976997103126,0.003876567058692513,0.004216538756747602,0.00022999414160096294,0.00057000173071833,0.0006538319896380741
ID_KSA6SI,0.005451583688331279,0.004138683903938573,0.004779991347612682,0.00036894918415701644,0.0009903152384621629,0.00130944436867047
ID_KSCMRK,0.0061259817097467145,0.004862241647401355,0.005785303922593968,0.0004582256171799956,0.0016706396153103897,0.0024069217055022736
ID_KSMN02,0.006759435257588014,0.004555342131136844,0.005104176592562915,0.00040417039732656415,0.0011300178182878273,0.0015503287823452822
ID_KSMO5R,0.006190188687008734,0.004261381699694842,0.004698064432439193,0.00026335805302377634,0.001185534790960835,0.0015519843107844108
ID_KT51IW,0.013128301468819726,0.010226800991585636,0.04070232706827385,0.004986384942642259,0.0038969722152544495,0.014268509692036281
ID_KTCVZC,0.0053226033467958745,0.004060797737640276,0.004378477259130992,0.0002616108964077383,0.0006660038597454806,0.0007787197470411394
ID_KTRS8U,0.005235353925217025,0.004008683609399389,0.004654964296978236,0.0002864771344058645,0.0013111551277586212,0.0019858029915156257
ID_KU8IY3,0.08150748467123922,0.21798893450779072,0.18271028440786025,0.05072205345146378,0.1845564889705019,0.24929613589105087
ID_KUBEQ7,0.1977371071534031,0.15972404534478957,0.09611447558345518,0.1834668917880883,0.18922458993565147,0.12596553439469246
ID_KUD6LS,0.00588720147820006,0.004552134966394866,0.005256577204823452,0.00041012926156718156,0.0012811421462502605,0.0019425996741957146
ID_KUH46J,0.005912567859134437,0.004785173199407778,0.0051564474231222636,0.0003429313261621323,0.0008502195155654979,0.0009903909916276579
ID_KUJ9FC,0.006043593364949988,0.004788412714695811,0.00598504174187185,0.0005072947731775021,0.0015939052258086182,0.002295536275579555
ID_KV3UHT,0.006066384901631278,0.004905699888141316,0.00617723114226489,0.00037909698180759,0.0015972010060431702,0.002435474842451767
ID_KV57PL,0.011100144041969271,0.006177960930526474,0.007249011955687046,0.005209273037130123,0.001977217993597496,0.0021592733486543217
ID_KV5X78,0.006182814344746362,0.0048076100750996725,0.005893593650748583,0.0005330911729490308,0.0013984052938839338,0.0021227372160230137
ID_KVD9F9,0.005304466080892138,0.004316099704592106,0.004937977756332641,0.00036596919013079837,0.0010270430832010795,0.0012900009436929197
ID_KVE8Y5,0.005396198724017145,0.004216989442142846,0.004913593837940023,0.00014852999837113804,0.0005973021679282027,0.0014730997492553885
ID_KVI6CR,0.005551338661060835,0.004395130857143497,0.005361612473555744,0.000276315234432131,0.0016444566426673686,0.0016503218416736556
ID_KVRLKK,0.005783558888423519,0.004532301775559217,0.005341477814484252,0.0003453686649720879,0.0009124042807584126,0.0020293781742720843
ID_KVYYM5,0.005387496011560164,0.004097137328045574,0.004260792354596848,0.00026648138818186333,0.0007079254429527705,0.0008345270415148697
ID_KVZHRX,0.005433496611699746,0.004030927647907103,0.0045692782385658715,0.00018867850315676423,0.0006292951030001374,0.0006044930317324547
ID_KWN3LW,0.007165903180540856,0.007287926624395314,0.006881210135753317,0.0004118973908144191,0.0021537444359077565,0.0020625784570954984
ID_KXDGFP,0.005557908489040436,0.004442831920142375,0.004772312783701164,0.0006006096256073902,0.0011004226992506396,0.0012963207505430191
ID_KXDRD1,0.011184147891681175,0.004969681091403288,0.005067052680942534,0.005126850592477131,0.0014058511725087955,0.0014445688748843354
ID_KXJDXJ,0.005501385618119262,0.004404579956013415,0.0056275089087196185,0.0003697712304755165,0.001559864942577093,0.0021361622966164172
ID_KXM5JC,0.005255451059293246,0.003967672159033499,0.004296605153086595,0.00023186420050902264,0.0004804387292498415,0.0005729352495566777
ID_KXVGAS,0.0051560021597384445,0.004224751523048841,0.004913228697833462,0.00031998416673373553,0.0014263204249069536,0.0018141112112333624
ID_KXXYIZ,0.005644193732157326,0.0044232270506917816,0.005234984521342902,0.00032202266676623363,0.0008450072200250191,0.0018938747362478667
ID_KXY99G,0.005452110723786237,0.004030596533195304,0.0042058476728716685,0.0002519334616756452,0.000662119946792391,0.0008127313047264588
ID_KYD4DW,0.0088399895048403,0.004912236033188357,0.005102322804356403,0.0009963163611349053,0.0011265188904742024,0.0014780524397234136
ID_KZ62H4,0.005150840847840574,0.004028601396702612,0.00445663298101373,0.00013274376992777973,0.0006167438695666574,0.000906571763019713
ID_KZ7WF1,0.005780121110684889,0.004216057422399554,0.004853015310218391,0.00020356980530239661,0.0006249595183753562,0.0008876686408718099
ID_L03W0G,0.005354525337864798,0.0036645018661899927,0.003654609205126708,0.00014199843769508938,0.0003880216148182494,0.0004184473204164259
ID_L0BWUO,0.005908278876339984,0.004189883974118991,0.004272597042865822,0.0007228576423470055,0.0007858106588214731,0.0008961167315977825
ID_L0L85S,0.0071071889517112016,0.007157834749796302,0.0067537165667742,0.0004975566792163422,0.002410868612990028,0.0022118022398235813
ID_L11QW6,0.00556741777211876,0.0047493376040601346,0.005193092981375845,0.00043407979302363247,0.0011715164681098983,0.0013397252824677928
ID_L18EB0,0.006193778467288921,0.005219439094777331,0.006334762315250729,0.00026307731342727525,0.003630948038801062,0.006004095614136692
ID_L1ALDL,0.3587063656709891,0.6248468253662381,0.6585156971226191,0.3945851110952792,0.770988683913499,0.8390493481505257
ID_L1C8T4,0.005570413428026533,0.004136232777254473,0.004387278259644609,0.00022204048579764073,0.0007292304888932926,0.0006224826940336031
ID_L1RS7T,0.00803693707931528,0.004899802849611184,0.004413111416617744,0.0014866818998283027,0.0010165833527044856,0.000999495649448638
ID_L28R04,0.006021588142033798,0.004484268656611659,0.005016384547712662,0.0013085702463333092,0.0010137406666292155,0.0014407779953675083
ID_L3102W,0.005458583886408537,0.0038207503517650302,0.003921793335315399,0.00030532638366546943,0.0007711103968288735,0.0006701999563081242
ID_L33I7Q,0.18597797488686843,0.13199143526935758,0.10100477362491798,0.1897227255130265,0.16497251439939034,0.1325427164421532
ID_L34AJW,0.005360375526348794,0.004090906848069215,0.004110080168349721,0.0003144848244210808,0.0005169223293349029,0.0005804926123425752
ID_L41OWZ,0.005666833413265422,0.004358562746442721,0.004937920741571204,0.0004633950791562176,0.0011718149110252593,0.0014626309671561053
ID_L44KDR,0.008393882037189897,0.004840587862323923,0.004874437743566212,0.0007911620608274106,0.001135813518000408,0.0012000214442083855
ID_L4DEEY,0.37040615315293923,0.23768235490989126,0.15378978080027544,0.4631898990522368,0.15727303606535215,0.14148629365629609
ID_L4EYKT,0.005782712614119778,0.003908141093621415,0.004052054449927053,0.0004946783502352816,0.0008235087007136565,0.0009949077323050193
ID_L4O697,0.006521491146157615,0.004697051641187128,0.005049720370174314,0.0005551393846710262,0.001340838407316068,0.0018075099152641664
ID_L4WIOX,0.005280378672266075,0.0038624007503354333,0.004199425448808107,0.0001613347443394347,0.0005274195121531096,0.0007008928132893914
ID_L4Z7FR,0.005866417897240754,0.0046784915851917795,0.005033503857661617,0.00018542154216645283,0.0010711820101667842,0.0020141831619936534
ID_L5M3EC,0.14322811167875574,0.09484751946724843,0.06490084253252443,0.13868899399647291,0.0829257980882642,0.07593046660881747
ID_L5XIHQ,0.006548219971733753,0.004707068924564073,0.005098550071163174,0.0005034563187852819,0.0012149690892713592,0.0015451657236021101
ID_L620RV,0.011318345642360422,0.007552627794446154,0.007691239374495607,0.005532533022678808,0.00503210814149263,0.005317114227960962
ID_L6C55N,0.005147776693609425,0.003566960230422465,0.003680819840287729,0.00024953490195809305,0.0006625498353074642,0.000683812134147356
ID_L6E64E,0.0072846056132159715,0.004007963151897588,0.0052417280861555,0.000552887609221814,0.000493517818583953,0.0007571193871375307
ID_L6J9SJ,0.006305011355784586,0.005470033472097367,0.006978393508453771,0.0003068212268530331,0.0016840916322096427,0.002188289818972466
ID_L6LRCQ,0.12208794427667155,0.058119079400893045,0.054126443104310085,0.08547966543473061,0.05864940991105807,0.0767921079709372
ID_L6LXEE,0.006525296432114377,0.004871014562795023,0.005595379205213001,0.00042193417382693115,0.0012798934105297604,0.0017865192825400767
ID_L6SYR3,0.005260590685299518,0.004351555613046056,0.004929947515104982,0.00023423341240474027,0.0013717708915050087,0.0016970206442790741
ID_L77EMA,0.005040535878177284,0.003839076022830155,0.004102895907141567,0.00017120409635144863,0.0006813403448040548,0.0007468042097628552
ID_L7KG54,0.005643542004525025,0.003985704539966399,0.004255338612974234,0.00027768224227054544,0.0006664305178452937,0.0006988621854380853
ID_L8NEX2,0.006379238139069941,0.005321215642815998,0.005655976377409394,0.0013511293879007959,0.00247289769745109,0.003008991839866368
ID_L8T6ZB,0.005300342068125697,0.004588247940597951,0.00599551576503739,0.00012609441965403373,0.001083058803145054,0.002026756412799697
ID_L8X1MO,0.015643594910324864,0.012293125286546224,0.03194290330040585,0.008523593551555277,0.006310274252100641,0.016921126080786268
ID_L8XKD7,0.005136045463157301,0.00402821873036161,0.004584737485513653,0.0001220558437710517,0.0005352137728554243,0.0006665863733361354
ID_L8Y0QF,0.005569102747437458,0.004351776684920188,0.004715737852629059,0.00032125278643216766,0.0010884606683531973,0.0015048180415459908
ID_L9AYVK,0.005989385974152203,0.004720097299558527,0.005659504341648466,0.00031097973922114905,0.0012065833779656727,0.0019278623690178996
ID_L9BHE4,0.00512945159590884,0.003994028552607814,0.004416372904120815,0.00014953368464759183,0.00048525236780207957,0.0006349483164635585
ID_L9IPGA,0.005276295387654125,0.00358372653513787,0.0036155490281678097,0.0002950027996112671,0.00041474163958114276,0.000621838819341953
ID_L9N1KK,0.012566985163276739,0.0065407880085030165,0.005610608233149767,0.003508867825536093,0.0019737975373668947,0.002004009509541164
ID_LA2NIK,0.01138595555978003,0.006572421142639244,0.006110110054314473,0.001552362674381473,0.0023169698095377852,0.002495958264692886
ID_LADXTU,0.35195409151569323,0.5944915817972898,0.402825464360224,0.4546188484536884,0.7257419091082308,0.5723683141555798
ID_LB1ZVJ,0.005989385974152203,0.004720097299558527,0.005659504341648466,0.00031097973922114905,0.0012065833779656727,0.0019278623690178996
ID_LB396K,0.005203071674310002,0.003955727972232121,0.004559541076429672,0.0001846252520425659,0.0007611187712501914,0.0009651538058721072
ID_LB4MOB,0.006297356439656967,0.004844634821319662,0.005701750412752343,0.0004371855703742215,0.0011970329823459385,0.0017127988952437144
ID_LBAOGX,0.0053700996325393765,0.004093333617596502,0.004590639108913442,0.00018559697077989845,0.0007867418042383813,0.0010843665336221736
ID_LBOZ73,0.005635268603698599,0.004463551476799177,0.0046994714555218435,0.0003272516040670737,0.0008045295199677206,0.001050834242307156
ID_LBTY56,0.159639055171774,0.12445034860227422,0.06309553757979629,0.13542106483715377,0.13550856024015773,0.06903111037030092
ID_LC7WV1,0.009643284213165827,0.005323868597934529,0.006115604054748205,0.002611895103265227,0.0035660840919872296,0.006025677051902973
ID_LCBLI1,0.005334040685815925,0.0042998994558543285,0.004377830796353268,0.0004791783657900088,0.0007843787304023765,0.0010462573752592645
ID_LCR0WS,0.006245019170376351,0.004267374405728931,0.0047443318478313755,0.00021625719281214204,0.0010255402851784765,0.001359221508809798
ID_LCRAB6,0.034734525052128096,0.009876932581636595,0.010323107293690249,0.015420136898610355,0.007889405196096062,0.0092297513245379
ID_LCYPU0,0.005332136978081081,0.004065766588721236,0.004410252822882322,0.00019267832209278354,0.0006453283197317128,0.0008407481433400642
ID_LDDHLU,0.010731012747261954,0.004945245048575018,0.00665588479826397,0.0011777926308378674,0.0008533282073095859,0.002984336608535928
ID_LDL582,0.005027366040871704,0.003825347677891536,0.004047250784118261,0.00020666525199496133,0.0007407232469546193,0.0008093009935105936
ID_LE7AJZ,0.007549079419888902,0.004637102631261519,0.0050033338949116634,0.0005661139548461588,0.0008892699181121572,0.0015392662149920548
ID_LEDDTJ,0.15941452700683947,0.1166988506104737,0.12045227152952946,0.13696716196460645,0.14593097998869073,0.16398978092534233
ID_LEG1GM,0.005415897369816675,0.00457961059205472,0.005244664827237181,0.00031843995121341246,0.0014514334203976304,0.0019502675604535346
ID_LEWKQY,0.0058613171205526915,0.004840247129680554,0.005361839020177832,0.0005452821485471824,0.0017815528740791526,0.002344005674420068
ID_LF7K1G,0.005384459182301121,0.004001287663752663,0.004170809342643105,0.00035233935971082934,0.0007817513065772232,0.0007504805325593859
ID_LFFY7U,0.008704589898330527,0.00527759864515361,0.0051805652795990295,0.000595187472763165,0.0010443801062446996,0.0011422140705732583
ID_LFO2EU,0.006514745678577697,0.004871760117983088,0.005181629637270959,0.0005444779897671315,0.0011064648548465242,0.0014695759657118515
ID_LFP94I,0.005373279012189821,0.004112068665401836,0.004113692047922629,0.0001616877862749458,0.0005384473427913788,0.0005305832911536157
ID_LFVE77,0.005384985535592368,0.004889639155303083,0.006108164925203954,0.0003578565583231101,0.0023359129337692237,0.004129842810899081
ID_LG9GE0,0.0056944856996497435,0.004439039531951439,0.005469536036408463,0.00017762107723107214,0.0011668640130431756,0.0017832233151328972
ID_LGBT94,0.3726133607208162,0.16443567378288151,0.20472725000699318,0.41572252503672086,0.1811067962904279,0.2684326344863163
ID_LGOAXV,0.005356160502254068,0.004197255378493779,0.0047218748679233626,0.0001860010412356885,0.0006169087263897905,0.0007230696675003214
ID_LGQONB,0.005313162208772839,0.0040871986359321015,0.004233104221737798,0.00035473446167686226,0.0009340830101592445,0.0009176098407564957
ID_LHAJ16,0.007401994072318317,0.004036724871764668,0.005172179612112931,0.0004665376526951769,0.00036850049870497376,0.0007932475159467466
ID_LHUDOH,0.005258679871269562,0.004199867977252962,0.0048297137917541035,0.0004511193060395469,0.0010403024703252639,0.0012966569260347192
ID_LI9Y1T,0.12162367992495168,0.06096312546709093,0.0537909574803841,0.07775811337249186,0.060969176629419,0.07400368657317831
ID_LIBKDI,0.005356265180887969,0.004007039872401438,0.004463764767776697,0.00022638965352112653,0.0006036957793033997,0.0009046425886249866
ID_LIDJSX,0.0056944856996497435,0.004439039531951439,0.005469536036408463,0.00017762107723107214,0.0011668640130431756,0.0017832233151328972
ID_LIHISF,0.009142773565588921,0.00491150821873372,0.005215347042866613,0.0014320957056918827,0.001683137929788601,0.0018530394456435836
ID_LIIIBA,0.006564133085561649,0.005615426041564017,0.005802577128481604,0.0010028747537571597,0.004918888881602543,0.004111427733538721
ID_LJ3UDV,0.015056056702951045,0.0317034389914663,0.03481355432966897,0.0018373423778517428,0.02895832541489527,0.04604298064236235
ID_LJ63XA,0.005209924760495065,0.004261017622808002,0.005106684631415622,0.00020740790346824746,0.0009771746756603759,0.0015557022709716626
ID_LJS85L,0.00599293634012291,0.004909725802832521,0.005329784135015518,0.0002495390729152175,0.0010932562657409012,0.0020573351561541196
ID_LK2JX0,0.005285542895082919,0.004012870583036963,0.004198016259673157,0.00023214998410074842,0.0004542037565491807,0.0006366641952281133
ID_LKHDH9,0.013959902643807151,0.009236299262177032,0.011283942119190354,0.005868468692777214,0.007829867822143175,0.011176654064501728
ID_LKUGYH,0.005652441676427586,0.00386134818463846,0.003941260207010744,0.0002820678361264439,0.0006164008018036242,0.0007356903214077808
ID_LKVF8D,0.005613024213870185,0.004245525446110132,0.004271652978417833,0.0003261093987588522,0.000716367593590863,0.0007608818594413441
ID_LL7LKM,0.008909421146086964,0.005882621165130741,0.006315587252195403,0.0012700098976991235,0.0019881695843786866,0.002473245087512153
ID_LLCJJG,0.005165869466805286,0.003591672083243709,0.0036986842897845907,0.000155096745876997,0.00047131128289431456,0.0004790820652810074
ID_LLP2C0,0.0055482582861992435,0.004355522901023624,0.00496021994232101,0.0002640878912557528,0.0015246797042718452,0.0021099554456073134
ID_LM0UJO,0.007187743417743459,0.0038972067608618525,0.003987941518254834,0.00035927721338464,0.0003124117107232791,0.0004878580256874561
ID_LM303R,0.005176322638576891,0.00416079723646462,0.004811233951631721,0.00024002893642684702,0.0011939490006449025,0.0016000149842025203
ID_LM4X5P,0.004982907071101311,0.0037057331671906026,0.003978066591101544,0.00021491215281693003,0.0005666525303253675,0.0006354316255467307
ID_LM76KQ,0.010932752682997267,0.009235067750919212,0.009080481204029437,0.0043176820355009995,0.007200713897566747,0.006921697213898194
ID_LMECJK,0.014773493954439349,0.009441642723024923,0.03253767331889921,0.004994094449851906,0.004939439583373795,0.029797501754248248
ID_LMJQO0,0.006358575067364259,0.005073452718644222,0.005354485595545988,0.0011594585107603023,0.0020490249032329155,0.0022936178884527393
ID_LMWRAC,0.005220148341337813,0.004009023793878718,0.004620349953784477,0.0002627118925152609,0.0010322650039670716,0.0013085048258960302
ID_LNBIPO,0.0071008505131609275,0.0071030720509970054,0.006811946547057391,0.00044368964288937345,0.001956249128099342,0.002198499199654059
ID_LNUKMI,0.005627562165680844,0.0038512012389928406,0.003856760773380044,0.00044140067877556076,0.0008051136445908755,0.0007821782147938354
ID_LNZ9ED,0.0052188989771685245,0.0038543834382291004,0.004294780481845838,0.00024004995041154308,0.0006038058847884759,0.0007681327433881502
ID_LO3Q82,0.005339480856703878,0.00440041391662416,0.005149503556338007,0.0004528134191552326,0.0011683618486808876,0.0018466870106847494
ID_LOIBL7,0.005165418814375984,0.003595210179819608,0.003682883960075746,0.00016569706624025365,0.0005195660646931436,0.0005451519753000583
ID_LOIPDR,0.0057790850757208625,0.0046219936860617756,0.004783850904603853,0.00022144899069339772,0.0011649453659619234,0.0009804021871540549
ID_LP5DMO,0.01055734491567506,0.0056599988582169795,0.00585512673143332,0.00326547981347496,0.0024802807608481654,0.002370486477247672
ID_LP9JYH,0.006718148811850921,0.004793586083401913,0.005245558637665429,0.0005527103408182446,0.0011380298420172997,0.0016596808363264954
ID_LPBHAQ,0.005551131110756577,0.0038903187913916443,0.003874701749821266,0.00042737086225419035,0.0005297439092029597,0.0010949937151374198
ID_LPH3DB,0.005161043204552289,0.0036337149227011144,0.003655537500814302,0.0001739266087454678,0.0004431813346502751,0.00046231614994272495
ID_LPR3IG,0.006754606125570675,0.004038025416073817,0.004079609032822379,0.0009702896736387221,0.0011814942178525617,0.0010570796704107682
ID_LQCAHB,0.005434393118766488,0.004100640151799288,0.0051450096720490395,0.00029150946572881973,0.0008638353355364298,0.0014220351817232782
ID_LRD6RE,0.005944378519870785,0.004444527493502176,0.005473526895284814,0.000505413586864036,0.0014635143628135864,0.0021738080480969905
ID_LRK0VM,0.011124748420766769,0.007193061908857085,0.007851346367456366,0.004134070463962482,0.0030496264968083095,0.003966248033248375
ID_LRLRQB,0.25047398328600956,0.47927569694674854,0.16385849801427857,0.21009297907478622,0.6190538338310866,0.26589064025372866
ID_LRT2RR,0.005460779026397446,0.004024097669803275,0.004292200831114924,0.00021365122911807752,0.0005729716124101979,0.0008792705325927927
ID_LSLZLB,0.010709789638905669,0.007025110903930843,0.0062720492340227,0.000994149261984868,0.0017985584688501267,0.001660857182945022
ID_LT4IZ3,0.00550108829975786,0.0039770626178585134,0.004330147898526356,0.00022864172450007752,0.0005554408680480317,0.0008717766355026231
ID_LT6OU6,0.005994697574822828,0.0042747764020809745,0.004705367009105815,0.0007042056944888508,0.0009539588573060172,0.0013857101304636586
ID_LTA2T4,0.005321567182917996,0.004539536601983522,0.005410764219553241,0.00030910837458778136,0.001260063725115307,0.0024976809907671293
ID_LTDZIO,0.005423891937746981,0.004305601140821043,0.00472384734205045,0.0003399588666019733,0.0007888509740456238,0.0008630494464983018
ID_LTGA17,0.005908278876339984,0.004189883974118991,0.004272597042865822,0.0007228576423470055,0.0007858106588214731,0.0008961167315977825
ID_LTPY2G,0.007969018524699592,0.004771013676774883,0.004904577053231107,0.0004515374185597519,0.0008737084192971753,0.0008741913031422692
ID_LTTNP4,0.00517556001492622,0.004361389616948946,0.005236124103781307,0.0003079028039328322,0.0013155158148883837,0.0018884505728602823
ID_LU1WVW,0.005891202705768622,0.004215100803965641,0.004479804517976416,0.0002305761081398524,0.001153373088930375,0.0013000437924539528
ID_LU4HLB,0.005695260649851896,0.004480348133799446,0.004783553272255788,0.0005189646780176858,0.0012251202866199614,0.0014637890570093402
ID_LUDHWT,0.05082563107365109,0.016272366119230684,0.0170724453806241,0.02805003291421481,0.00817525429989621,0.012339780493915486
ID_LUMWXR,0.005572517358301014,0.0043804269815207325,0.004586676542191363,0.0007948084028000997,0.0010068555267336286,0.0010838454999616747
ID_LUPPTN,0.0979862591542855,0.03300183411929829,0.041049898984228984,0.04364640359488867,0.03932603085366739,0.061527501158820684
ID_LUR5VG,0.04467377829052633,0.10221126032061861,0.11481141276172002,0.009390268622664738,0.10344445130863819,0.10259573923554162
ID_LV4Z3X,0.005821074482956646,0.004508559155076644,0.005279078445084441,0.0003959708046642159,0.0014806759805638294,0.0015652176686171725
ID_LV7EWN,0.014937924149428686,0.005515804485611151,0.005760554839047436,0.005199759062222099,0.002059194663109479,0.0029710993971876704
ID_LVAH3V,0.006087433129608374,0.004273898176277326,0.004768946618418412,0.000407384596513053,0.0010377950751394463,0.0012867594472388438
ID_LVGS8N,0.005576468133395027,0.004358323554750745,0.004993741848960037,0.00021089870868014796,0.0013719136350504465,0.001781454076536909
ID_LVL634,0.010476140702746831,0.007335588747869062,0.006913114441082986,0.004101630843356295,0.005455343047761517,0.004544483908163168
ID_LVNFZZ,0.010271688358127331,0.005507960646508781,0.005249071286845712,0.0015089850926959692,0.0016609732106015389,0.001919084723203044
ID_LVSOMI,0.006482221094875121,0.004394496462300056,0.004805874318853084,0.00044124146324362357,0.0011506085402725492,0.0014085318841865957
ID_LVSS4O,0.005585996482242062,0.004344632570860058,0.004964972639987157,0.0002777850917642535,0.000983228086255293,0.00134891644648082
ID_LVX4OV,0.044683925190132576,0.050762761291267965,0.08588128930837896,0.022811718118853436,0.04190151787218051,0.08723815073277394
ID_LW7SED,0.005528289484394164,0.003762632542755151,0.004888026211877159,0.0012716558546929419,0.0007274380734265355,0.0020072356714229828
ID_LWNW4V,0.005342904600913001,0.004826818414571217,0.006024096960908936,0.00021062313075081974,0.00208762965049274,0.003158685225687256
ID_LX7DZQ,0.005530086910888236,0.004430404702298863,0.004631904714874419,0.00033993582943019453,0.0007487783123431488,0.0008276671024282183
ID_LXTW02,0.00539953035286906,0.00417836009878636,0.00480362249700553,0.00020044961411967913,0.000763834011927437,0.001283440644185597
ID_LY0FR7,0.005773440717608993,0.004574972200696726,0.00462802812305187,0.0002039680213846832,0.0010167569112509939,0.0008883980562566388
ID_LYOJCT,0.005292552664752653,0.004266580362504786,0.005147871302389946,0.00016066884611169448,0.0009388785091355586,0.0014047563584628513
ID_LYPHKJ,0.005191288409532861,0.004004366795399096,0.004441301056547391,0.00031515421864157587,0.0006273893744050563,0.0007281984600784278
ID_LYQHB8,0.022360079503848634,0.10997106835054467,0.25004616602704294,0.007980994049537359,0.14846983833039454,0.4075193889759668
ID_LYVJ1L,0.005381374653510654,0.004248106153631601,0.004652777933707614,0.00042626087755636,0.0007485705010825746,0.0008658228485047831
ID_LZ4OU6,0.006040340819557091,0.00497467392029788,0.005631386478740599,0.00041568500487977047,0.0017504250109481119,0.0021401992885300303
ID_LZENBE,0.005546154802833063,0.0036608343236692546,0.003691980580074405,0.00019773789819237634,0.0004959731487695526,0.000558654550482145
ID_LZH474,0.005069525309129356,0.004220961175759345,0.004639997742012196,0.00022077103332030515,0.002809158233226024,0.003781262260009341
ID_LZIJWN,0.005446883748499522,0.004226993783823196,0.00486164818884034,0.0002712280597091147,0.0008979422512849056,0.0010877580508977368
ID_LZLMVM,0.005316929702783902,0.004459833098091949,0.005379446674006569,0.00023444735320749864,0.0012753328319786983,0.0024466866012632254
ID_LZLRNV,0.005506229543641288,0.004855061378713576,0.00571651597121985,0.00034170662259832375,0.0023065828816647605,0.003523910489880703
ID_LZU656,0.007516447564391095,0.0056882667601687266,0.009149211782456378,0.0007037976200538178,0.0017904808541827715,0.005418961215645627
ID_M074K8,0.009197314294818898,0.006784401885476294,0.008458307620502504,0.0033769852934666038,0.00351557968999591,0.004820709098542469
ID_M0AGW7,0.005438333405350824,0.004293393125654126,0.004876741917289377,0.000305496105358852,0.0007499285429851586,0.001031388318155401
ID_M0F7GN,0.0065078118504290385,0.004596687232026262,0.004831734912541032,0.00026626200320173024,0.0011663992604782625,0.0013243283610296216
ID_M0HTKQ,0.005530101751464075,0.0043472659077759285,0.004798748531466668,0.0004524146067562553,0.0008953796698360987,0.001103460943508681
ID_M0Z56V,0.006337574982326997,0.004883784696121587,0.005231399491334084,0.0005421457993879428,0.001290159491993137,0.0023181310742979473
ID_M2AV6H,0.006170845265288964,0.004850014596095082,0.0044445174628246435,0.0003252282172322493,0.0006471632328502308,0.0006038569239789943
ID_M2VJSV,0.005902793917036605,0.00485789923634708,0.005921158845314064,0.0003171263887265325,0.001679167703046755,0.0024007058583160644
ID_M32EDR,0.0061220432091021,0.005089684624229945,0.005814776438182056,0.0004133885074966714,0.001986260789232929,0.0025754698484303563
ID_M3CIP9,0.00537593308441345,0.0036629605522261613,0.003661273918495157,0.0002769384620236713,0.0006595871986373116,0.0006241615074204266
ID_M3E6DB,0.009517956243825884,0.0045577517132582845,0.00460228706834396,0.0012590118847751258,0.0009487282174595046,0.000992656843214285
ID_M3EGOP,0.016342906284130813,0.014604401963400782,0.05143100543260504,0.008327717366752281,0.006055597309225384,0.04207377905857325
ID_M3FL8L,0.00530749906445741,0.004222189296401945,0.004934637962637307,0.00039494019604705677,0.000762010955236145,0.0009750514230951034
ID_M3RB3O,0.006190095548187561,0.004264148213902008,0.004710719707574297,0.00029072197876700985,0.0012412751810087484,0.0015608037878669298
ID_M460YA,0.005407473725363902,0.004037621759671599,0.004342611414764808,0.0004615099285573277,0.000947136247129522,0.001003459482220957
ID_M4DZO8,0.00787878430830673,0.009990492399180583,0.02192268146598344,0.0029512067192775347,0.00998204007140751,0.030210045218479812
ID_M4NSBL,0.004989254677279503,0.0038828872112114127,0.004365273739156695,0.00031270967365697855,0.0009150583044496831,0.0008595910727534442
ID_M5NPEN,0.006957484380643602,0.004779863799767131,0.006849496154596632,0.0006631299740971275,0.0009376896308530296,0.004599932925994934
ID_M5OV7R,0.005299892410002996,0.0042448946365137505,0.0050883189363077515,0.0002693395879917234,0.0007275210643327481,0.00094118616656751
ID_M5QVXA,0.006031581064779427,0.004627541615381661,0.0051169547591524865,0.00046865602205962005,0.000869767429972732,0.0016586866199280873
ID_M5X6WA,0.005309793410510671,0.0038766513322154084,0.004235986288977592,0.00016744515318099245,0.0005631447692005318,0.0007993100179128786
ID_M62ZZR,0.0054126126241298405,0.0038487533141599427,0.004402864026837143,0.0002150873957041498,0.0008933444658188329,0.0010981552542062348
ID_M6902J,0.00618827746216403,0.0048266543586360745,0.005588485780043913,0.0007915387349443362,0.00186682000750729,0.002153572240466692
ID_M6LH16,0.005363214664177345,0.0047566235851144905,0.0061286667425801715,0.0004835230998638707,0.0018909519528167973,0.002987553022248602
ID_M6XT25,0.0050268299834751425,0.003780822060287898,0.003980626263297675,0.00016623928926966838,0.000536695218940538,0.0005630981189978289
ID_M7G1UN,0.010218800054196939,0.005604821157882307,0.006160831414560172,0.0019523384246286721,0.002146467330898134,0.002445843540226778
ID_M7ZQB5,0.015262583760803868,0.011923987197656303,0.02949605572468095,0.007652448968040389,0.009218174231893389,0.025904747600508062
ID_M8HQOP,0.00627528649574563,0.0041113501254103286,0.004608086358947415,0.0004577441025277784,0.0010001149230750616,0.001363720402251435
ID_M8HQVC,0.005465329852994498,0.004182390376598205,0.004622054808112026,0.0003303942640759025,0.0008269362702673983,0.0008290153647856336
ID_M94TW1,0.006273158704863432,0.00489147152232881,0.004875250311376389,0.0006310556599033105,0.0017955728159428064,0.0013920902886277711
ID_M9K91E,0.007334225099719617,0.004747800299710657,0.005392495999289959,0.0013813057058883588,0.0012175042306853021,0.0013084073410478106
ID_MA8GLI,0.005624723406076039,0.003838878251316198,0.0039323153508592995,0.00023676149609886505,0.0006207807996734656,0.0008647411191056534
ID_MB89IP,0.008922838228336755,0.004730676474182658,0.0042391005944086,0.0006675468636522545,0.0007621113559849134,0.0007738448844345369
ID_MBHYWK,0.005826445138042358,0.004338316208100339,0.004808654885064563,0.0012721965541908362,0.0009470744891832843,0.0011394950348989714
ID_MBP2SR,0.00581808183231625,0.004606736193498727,0.00520097640081205,0.0002305338703423184,0.001349286209526578,0.0019118516597827445
ID_MC3FP5,0.005287442974131861,0.004534211563200215,0.004957312594460561,0.00017243360658343972,0.0020181284286318944,0.0023575688328182796
ID_MC4FYO,0.005172492789208686,0.004126865437464421,0.004040421990975294,0.00016507220140895144,0.0005245905521186731,0.0006342940115334083
ID_MC4KWW,0.4576099287576367,0.5381751212556639,0.4080797729805704,0.561564349411005,0.6823331617803168,0.610045544753701
ID_MCNRLY,0.005379726506352745,0.00428531162443648,0.004344755861533719,0.00042316276486741754,0.0011398589220003392,0.0010796715239617294
ID_MD9VVM,0.18034601889370766,0.10802287792224621,0.05271328628388869,0.14245665727302378,0.11771384474580383,0.07084211873321951
ID_MDBOL8,0.005735979676663249,0.004264446121692859,0.0047938078746354315,0.00044685972431071527,0.0009256341893343657,0.0011741203650711787
ID_MDD7FZ,0.005782940129933311,0.004663373354615575,0.005328462788703469,0.00044369906320286046,0.0008193902311184263,0.0010399486038461783
ID_MDIKUJ,0.0052972370103658685,0.003971245739341152,0.004112607737269536,0.0005098363087738952,0.0009435694877678184,0.001159610855087776
ID_MDPJ5N,0.005803420671447508,0.004338191163466806,0.004600668605107425,0.00037984794599240393,0.0007646389476962239,0.001299709161450672
ID_MDUH2H,0.007038844002622499,0.006792687035070611,0.006493083238856083,0.00048439428945686475,0.00203089185394684,0.0022442342365624345
ID_ME1YJI,0.009657323451527899,0.006340154237195648,0.006675935022642685,0.0015871987093963342,0.004250151556958287,0.004980222684080018
ID_ME2CF8,0.00822326629482204,0.0049937604074033635,0.005282661527976747,0.0011745071386626402,0.0016930357740728356,0.0016641116838533483
ID_MEHAVR,0.00705534341312606,0.006844966825133326,0.0065177190499942335,0.0004560987456590193,0.001988296734793135,0.0021368744212857307
ID_MENRNK,0.005529458778366607,0.0041214351023663425,0.004305965889361014,0.00027083564826802144,0.0007234698827317381,0.0005992941060633445
ID_MFBDFI,0.0064345586899739555,0.004953688145779145,0.005427766538989416,0.0006488851440524264,0.001146719011255412,0.001646538656081166
ID_MFGCBS,0.007669864440217035,0.00414297025845756,0.003908244458203279,0.000650116171089012,0.0006488494525200579,0.0008476991567304405
ID_MFYS5T,0.01208591608576571,0.007759064047747114,0.007327660393449952,0.006033173789948388,0.006708601258521187,0.0061647913290307004
ID_MG05UN,0.007463547644295296,0.00406613242491815,0.005253159552590347,0.0004670303766801091,0.00043454477362830403,0.0008384293577166213
ID_MG1GRK,0.00548353601233462,0.004227077385568553,0.004741562146144931,0.00022599649865884347,0.0009899642992400447,0.0010698319456092752
ID_MGLJCN,0.005933783012359154,0.0044035026058574685,0.004844297432439867,0.0004742122380901931,0.0009246728882933593,0.0008948851789689992
ID_MGX9C4,0.006001843439922372,0.004750512917863779,0.004909266768289649,0.0002819275311793684,0.0008798046590949966,0.0008677392418377775
ID_MH9N99,0.005804356377664053,0.004273243951495556,0.004459770963487834,0.000744600946605052,0.000913546833319942,0.001074144436929566
ID_MHJ12U,0.005352879661333954,0.0039605798151117096,0.00451237807809527,0.00019711936729143616,0.0006711083862512989,0.000965547463982715
ID_MHS7P6,0.005167171520113824,0.0035970026737552952,0.0036832460763846202,0.00015669061866605582,0.0005078637035520083,0.0005287179070782269
ID_MHTTNO,0.005511009504787077,0.004444225371157096,0.005143749299810936,0.0002255772870507789,0.0008616019294886222,0.001993142394960665
ID_MHUXYA,0.005476658955089636,0.004970496726145198,0.006086101847325296,0.00042196082506180043,0.0020223690727046127,0.003204732018800887
ID_MI871Y,0.005489654192774896,0.004516891582228955,0.005243830493503529,0.00029627734220738294,0.0015526050352633863,0.002165678635199795
ID_MIGRJM,0.005997955025042162,0.004666516420279111,0.004768272337836414,0.0006122445063057202,0.001036281099507253,0.0012455501273720845
ID_MIJTEW,0.00599293634012291,0.004909725802832521,0.005329784135015518,0.0002495390729152175,0.0010932562657409012,0.0020573351561541196
ID_MIR1LK,0.005218818444060618,0.0038385343150713885,0.004063701852250882,0.00019559614921712957,0.0005580990639227105,0.0007185778762808277
ID_MISHT0,0.2954246151994602,0.5801004191361844,0.6590728815616208,0.36663638113212565,0.721924193845951,0.8398195582609459
ID_MJ1FKS,0.005372111307201497,0.0038597832368120954,0.00409778233515294,0.00018790049495136983,0.0004471864019291764,0.0005121336183362751
ID_MKWIN3,0.00943134588158497,0.005491992095078987,0.004649664360083149,0.0018546113231288342,0.0013968116666892363,0.001380713070442318
ID_ML1SA5,0.005559838115511664,0.004519493954240356,0.005474842581143299,0.0002542569126114419,0.001388368470814628,0.001858204415201991
ID_ML47TN,0.0053353052404430616,0.004828235958456392,0.0060510099512978005,0.0002021880057754128,0.0020783024745487195,0.0032420729784085095
ID_MLFWEC,0.0057468367474401184,0.0049268927866808285,0.004680779504541236,0.00025393488358563823,0.0009407268971980481,0.000785848036474087
ID_MLL86Y,0.009514324761922918,0.004542549256357098,0.0046190721407785495,0.0013206234788410171,0.0008404287601408762,0.0010699405152101874
ID_MLN1KY,0.005371666765975298,0.0040224167363614805,0.004134708620495016,0.0002007787586570921,0.0005300927218120871,0.0005566723797542782
ID_MLPWMW,0.00731872276191677,0.0075335047568910575,0.007438546610843353,0.00045433345521338995,0.002801574004120179,0.0026471610923177458
ID_MLY1IW,0.008641196646037344,0.004398913029024175,0.004272056371531341,0.0007882067367527014,0.000957761055533481,0.0010465856406637968
ID_MM2BWN,0.008324116779327727,0.004519824159143243,0.0056966183559168755,0.000661666965680466,0.0006085192985950456,0.002391834498031506
ID_MMEHS3,0.005332136978081081,0.004065766588721236,0.004410252822882322,0.00019267832209278354,0.0006453283197317128,0.0008407481433400642
ID_MMVYLE,0.005550841651334219,0.004213346959562071,0.004365059169167956,0.0003067340473929409,0.0007207071476343839,0.0006742776077875486
ID_MMW7H1,0.005390179288523583,0.004067734659744347,0.004382844796639883,0.00024782241658365096,0.0005567279990010402,0.000641870112598992
ID_MN7JHJ,0.005582329801065032,0.004360238169316882,0.004768033508674942,0.0004969696586849435,0.0010181370244097354,0.0010586499041539753
ID_MNB1L3,0.006057229177965778,0.004789786185605907,0.005968107447693848,0.00045546170349456473,0.0016210576180719105,0.0021661682409089655
ID_MNE22V,0.0050270550667787005,0.0038191266815516783,0.004255234619466201,0.00020156830039960862,0.0004725867028129161,0.0005751812224731297
ID_MNWT6P,0.00584203894449898,0.0041587234029545036,0.004399403014245314,0.00013952400684672997,0.0007184995548453419,0.0008825589412661705
ID_MNZEHD,0.005492877397817455,0.0055057314761513924,0.006704833707076514,0.0005480130835234136,0.002267558454463884,0.003347912286367804
ID_MO29LK,0.005169767390185111,0.004121692637035585,0.004040353343399661,0.0001869494177569294,0.0006135133105177643,0.0005283477958451246
ID_MO5XSX,0.0052123720052234986,0.003937695512059479,0.0041470066391793604,0.00023588634623960433,0.0004914801639806122,0.0006571000681583216
ID_MOHLRS,0.010218800054196939,0.005604821157882307,0.006160831414560172,0.0019523384246286721,0.002146467330898134,0.002445843540226778
ID_MOIYPK,0.0186276008943717,0.014510332268381507,0.00926226761315787,0.008386761744219843,0.010863388653230265,0.006916597619304746
ID_MOKPZ9,0.005169244713218598,0.003929620453766885,0.00438265730662267,0.00021455095743168313,0.0006445373290269165,0.0007788370197690045
ID_MP6MPH,0.008843050332425113,0.006372607824236203,0.00730410546911632,0.0020158186692570495,0.0025648143808944504,0.00335391187844068
ID_MPEJJ7,0.01379717847105152,0.006088167101242166,0.005827954349179098,0.002969521610580441,0.0034564515873404295,0.0036569188258293184
ID_MPKREV,0.007291610195989081,0.004701557564674491,0.005291493681083595,0.0008727123422226847,0.0015781251898726034,0.0021376644886917087
ID_MQ1XM6,0.0053248017466053016,0.004048821183768176,0.004105348639433702,0.0004995898765171925,0.0010446821563133012,0.0012250911930143827
ID_MQ3635,0.007078918403405675,0.004568762520224755,0.005092312533981867,0.0012996973218598966,0.0011735718138542377,0.0015072854091275863
ID_MQGR7P,0.006125679212116262,0.004254739836383971,0.004323304505241982,0.0005678328857121683,0.001052336834938579,0.001014474412020918
ID_MQJX8F,0.008904089556120235,0.004482354337489061,0.004312148911571847,0.0009435079622752576,0.0008373167870368626,0.000981147427350618
ID_MQO3VY,0.0051965534302566,0.004293117149689189,0.005213401236969002,0.00026189504454620223,0.001161098216231995,0.001821742380649995
ID_MR0B44,0.005922021098755698,0.004063318734039489,0.004268696664218694,0.00043970767724406005,0.0009148334184677447,0.0009421715744101945
ID_MRF8HI,0.41517993150818583,0.5776538309122116,0.5182984007307738,0.5737821132457404,0.7233879545726791,0.7152184184564748
ID_MRNN7B,0.005505745512307351,0.005482023259123155,0.006678206233224537,0.0005848474605412198,0.0023182438001108133,0.0031782153443998882
ID_MRS220,0.0072926108002959325,0.004703668335144901,0.005292031068540873,0.0008902035578936976,0.0016092248526082082,0.0021959122804324294
ID_MRXFS5,0.008588789735686888,0.005163632070464998,0.005433282511831915,0.0011116271817083133,0.0019765087106993033,0.0019040639942704632
ID_MRZSZ3,0.007978644667510543,0.00430078317577316,0.004136573121796195,0.000415986221546488,0.0006258618290355418,0.0006968469629989036
ID_MS1WPS,0.005311053980928407,0.003932951148095223,0.00399119997244763,0.00014897640087125125,0.0004119668462511348,0.0004559535532186254
ID_MSJYWZ,0.008546784266649572,0.006060669910803516,0.006554750170660894,0.0028965819030743844,0.002350981635785371,0.0030078863246330114
ID_MSKW1O,0.005652972781327447,0.004690702644205672,0.005400678941257109,0.0004458186390401765,0.0012938377696764627,0.002034805654206188
ID_MSLQC3,0.029294492340844327,0.3990090334903224,0.2874733585901786,0.012001281498296908,0.5082046928362471,0.4411429488834475
ID_MSZ3TQ,0.005425823832320384,0.004414423891834421,0.004698442465991756,0.00031747954897036576,0.0007811576559147014,0.000918508048659021
ID_MTFXPX,0.005324708437698835,0.0040954671881149474,0.004621442499462541,0.00019190037897697312,0.0010170001864913565,0.0014384832710265935
ID_MTGYGV,0.005352360114162423,0.004710622899108691,0.006110895229720507,0.00038017724677085016,0.0019149718258848127,0.0028822482049500908
ID_MTIIWZ,0.005770944846516163,0.0044117396680434535,0.0046102297758482645,0.0003519091057234412,0.0007707209529862776,0.001286641967741254
ID_MTJFU7,0.0053735705108438015,0.0037295942173952833,0.003660641665410319,0.0004130505230527604,0.0008968245205313462,0.0007564065077029324
ID_MTQKCA,0.005485751083643031,0.004057572363066727,0.004672643513100461,0.0001846009778794549,0.0007424638577413837,0.001007290257933499
ID_MU255K,0.022868733955030352,0.01285313474503474,0.013257529597258191,0.008163170383839062,0.013288094043385134,0.016047841580892945
ID_MUUQ2D,0.005102937666721486,0.00428058376569946,0.00473200043987506,0.00018040637982473948,0.002733038290240104,0.003855987565618331
ID_MV3Y4E,0.03139247665971996,0.011700653872725094,0.0110772053937238,0.012493444962508841,0.006806314397386313,0.009942974038278346
ID_MVEV3V,0.005521175729740931,0.0037316508530935892,0.003789588495992171,0.0002983675834066455,0.0007275623641541857,0.0007506600418590446
ID_MVMMZ5,0.005386606453922743,0.004015268154006467,0.004362176317133045,0.00022551932293465537,0.0008471572526211124,0.0008031933898085242
ID_MVNZ8F,0.00967264560201054,0.004877816197824261,0.005262785581503439,0.004303876966427306,0.002351101109372413,0.0023689941839549374
ID_MVQMU6,0.006151363355891754,0.0043993843726058786,0.005039771825716392,0.00040963124666054256,0.0011484766339094152,0.0015398330666476683
ID_MWBQU9,0.01280163418426664,0.005621516146595002,0.010623023785163404,0.002692688598664615,0.0030722547829268383,0.0066774180378996375
ID_MWGUUP,0.007850892159606342,0.005073602187732957,0.005488494845222349,0.0010117839264164638,0.0013992049198449786,0.0016174523700566374
ID_MWPK2X,0.005243177122715295,0.003956606396042537,0.004341608645937673,0.00021481955430505942,0.0006507536222239879,0.0007285034729819267
ID_MXJE6Z,0.02454304126802818,0.008205492329800446,0.011030869292887772,0.009570024633686338,0.007046153494161699,0.009352044824852723
ID_MXKXHH,0.005590738617526065,0.004295145067833684,0.004647187876114877,0.0002979751118092976,0.0007582602448649675,0.0008864884478434343
ID_MXRB9X,0.007010305526847903,0.005921123448747028,0.007763768528038905,0.000321443536451859,0.001770610901995502,0.00239758743392069
ID_MXVMHB,0.005440180617520052,0.0039985561993880325,0.004325411893851271,0.00025712568736557936,0.000574565897781884,0.0009441147809730552
ID_MXWQQ6,0.005155115334332176,0.004000711719915648,0.004382074486444023,0.00014596764834302965,0.0003837485645586922,0.0005101676765223384
ID_MYCWCX,0.008009951486172043,0.005603098105433619,0.004680444547348833,0.0007823929604333198,0.001149421814894997,0.0009833381557793081
ID_MYJQBV,0.017670968760945448,0.014374446033744971,0.01720166869016169,0.007298601346377977,0.011888016249315986,0.014114810321638315
ID_MZ5E9B,0.005947962031080477,0.004731300972686936,0.005294488917622872,0.00031405091085569574,0.0016642353702427202,0.0025987889726625177
ID_MZIUA6,0.00512133800893647,0.004221521853860204,0.004514551210007207,0.0001651135552157253,0.002479729670946323,0.0027001462737515024
ID_MZPJPB,0.005842740218605504,0.004364798571946481,0.004902521028066918,0.00035911040183502386,0.0012103008611074138,0.0014241225785688002
ID_N038XC,0.007087837316003353,0.007122361775304347,0.006928810114908734,0.0003863929477326642,0.001907517756697616,0.0021179294211740455
ID_N05EO9,0.022872007064818026,0.008709125272619082,0.010391796502661258,0.007865526104786724,0.006204761151708624,0.009571828599510552
ID_N0AWM0,0.03497386427979381,0.07297617624244349,0.11956141157827903,0.010045358666509943,0.08175567697357018,0.1434195131365559
ID_N0KRIO,0.006001475612859682,0.004966787334163895,0.004854637152321168,0.00028531822174811413,0.0006842567877639263,0.0006056271691148748
ID_N1AC0A,0.005022607884796761,0.0036928596675543757,0.0037971887083230035,0.00018868652434941044,0.0006066850896047901,0.0006413455683987586
ID_N1KQ0P,0.006036962737154067,0.004426937987490145,0.005019364268162192,0.0003471932943659869,0.001154951395536863,0.0012942255736975905
ID_N1RPR3,0.008491373775128415,0.004880521840144197,0.007078259247464885,0.0003484388033151711,0.0022118932012342974,0.0031418785718108065
ID_N1WC7L,0.006245148631339381,0.004270041225507594,0.0047449375338529075,0.0002339343889412762,0.0011543544397276558,0.001408659032811136
ID_N2FZUH,0.006357793676136099,0.0047486935791807424,0.004977520746909917,0.000937799073606306,0.0010947106831216077,0.0011613196903170573
ID_N2GA6J,0.005152577204101481,0.0038794055530540173,0.004454325836208227,0.00020173045712603517,0.0008102700476951902,0.0010721607095075779
ID_N3R2G6,0.008099271326068693,0.005267555678089973,0.005696755361207886,0.0018860563995772863,0.0020810927956793628,0.0028701263566215164
ID_N4BPLD,0.008170636977586743,0.011126026696680303,0.009049211948585451,0.0011663116748600857,0.0066640096389696596,0.005567021220073681
ID_N4FDS5,0.005314361888204675,0.004109694684742074,0.004306544552503767,0.0003860610050694824,0.0010479365217157318,0.0011475146151704403
ID_N4FQXD,0.005380315221353241,0.004825031873176748,0.006057434691098909,0.0004882165220733598,0.0017391778463957176,0.0027373461650257213
ID_N4NA0B,0.010392788270779982,0.007420206311372645,0.008036327268368842,0.0023186496688918567,0.005609571726497186,0.00680793358920484
ID_N4P9RV,0.009426660994386247,0.006884347270250384,0.007774393333663064,0.0015094748470793876,0.0024509321571824397,0.002993327504379474
ID_N51IQT,0.010949074277183361,0.006276782524919228,0.004939142958414191,0.0019899878091440655,0.0015582448896459464,0.0015069363032613411
ID_N526QO,0.08499895448649479,0.043095761466258695,0.0378781426003582,0.05997271305145429,0.04288184657014409,0.04547136084181498
ID_N57ZY0,0.019994190941644813,0.008810609743842384,0.007735575852514423,0.00905913515899884,0.006868540657174425,0.0060405301176838155
ID_N5ZN4G,0.011318345642360422,0.007552627794446154,0.007691239374495607,0.005532533022678808,0.00503210814149263,0.005317114227960962
ID_N694IA,0.005277402315937546,0.004050273200979573,0.004369600335677683,0.00021225537196495532,0.0006017020010142287,0.0006704244918908717
ID_N6DOKU,0.004969185526557696,0.0038534346212479543,0.004605209831599417,0.0002472739669033646,0.0008038503827257542,0.0011486057456835664
ID_N6FNIX,0.005281291508602822,0.004076782359132803,0.004513218371386022,0.00019003774312701343,0.0005444926020196563,0.00059688173790335
ID_N6IRKL,0.005778141738989471,0.004674517782442279,0.005528854841889311,0.0007588167868262195,0.0017869423053157934,0.002875826597311672
ID_N744FI,0.005693492278318996,0.00427496440042579,0.004840010559617819,0.00024215429820950354,0.0009292135020476847,0.0012830340919882184
ID_N7CKJM,0.009836677112765145,0.005802182056645136,0.004741352608783292,0.003583531802374028,0.0016479723115055218,0.0017059031671242955
ID_N7EE5X,0.3985970513880198,0.5859562493559178,0.8171680411716916,0.5019876533784345,0.7010555244921953,0.929919402794277
ID_N7FKWB,0.005394431615860188,0.0041580251574261685,0.004484617175142461,0.00034435365653372223,0.0009000648595537033,0.0010014466303778237
ID_N7QCYG,0.005395530900540762,0.004521778281160264,0.005487329555252464,0.00018680051341103576,0.0011651468444711032,0.00242036324589618
ID_N7X5SU,0.005799597589333155,0.004274073270113682,0.00448172405594,0.0005593344831501231,0.0009576423436467792,0.0009740422191532226
ID_N7XBA6,0.00678102501437302,0.004483757857738729,0.007370346736812907,0.0009289556973705954,0.0013986067182135634,0.0023588155281923056
ID_N80HPR,0.005798327269243204,0.004272085671341106,0.00446254751273518,0.0007850856505673242,0.0009086600737521833,0.0011305191289738062
ID_N8B9Y0,0.007675723059704197,0.006445253333546054,0.007940545089738314,0.001373797690131674,0.0018375197011630709,0.0033015640909318804
ID_N8FIH8,0.005320202373451841,0.0042946728303095245,0.004951914189868082,0.0002953580667086035,0.0008929006174380986,0.0010680548146754572
ID_N8L8HZ,0.005799535454034179,0.003915280292009638,0.004120301091079441,0.0004643189174825956,0.0016174253299879656,0.0017125676676818923
ID_N8STMV,0.0060614296735000675,0.004969772719657525,0.005617611702458748,0.0003608651487502188,0.0017516276150865815,0.0020165468072113014
ID_N8UK21,0.005649475944982318,0.0038595093303556097,0.003934067975891666,0.00022234661787968947,0.0005668069161553126,0.0007462411177722638
ID_N8VDI6,0.005316942213645672,0.004061477310894072,0.00411271904245235,0.0003256973684823617,0.000569929127627449,0.0006274894525146495
ID_N8X2DM,0.005646408992075414,0.004327758108090561,0.004823900642228067,0.00015408244460930463,0.0008277374928693383,0.001574983042426242
ID_N90DWX,0.012455834324329913,0.006924870355580118,0.00601132495035723,0.0020058093246983883,0.0021686189488657544,0.0021213893104708955
ID_N90VSA,0.0053954041840186115,0.004321914102959288,0.004871935842449717,0.00026689964915372233,0.0007796195119628931,0.0009581906136610325
ID_N914ML,0.006007358310790008,0.0042058084331637515,0.004657735829722872,0.0002713657888104901,0.0006148413487599907,0.0012893873471014699
ID_N94SDP,0.009312807138773017,0.006137569683458036,0.00679169538671196,0.0026485248175032545,0.0026696142921867573,0.0035125715425939875
ID_N9EYVU,0.005350037480358987,0.003646579779887225,0.004463381375244335,0.00021130574813649848,0.0003142825124319671,0.0006630589665903438
ID_N9GDIY,0.010258086083904452,0.005549402877874958,0.006045092541783924,0.002627408151121766,0.002294873570945106,0.0026443831504516036
ID_N9NVTY,0.006834280426823725,0.005232560383577576,0.006115422157359496,0.0006150629149960061,0.002284591817246942,0.0026005417792983334
ID_N9NW32,0.013827094839592447,0.017208686809217947,0.011924152763593597,0.0036826095956461885,0.018415710126794875,0.01478649692235783
ID_N9VEKC,0.005715597369788821,0.004581784900609116,0.004688964363034869,0.0004986823947421043,0.0012030529840586408,0.0014778774723400389
ID_N9WXLE,0.02241809669743995,0.008737610307021804,0.013264946774368859,0.006413502792871865,0.00858514375204295,0.014439990314456997
ID_NA6WHB,0.005532324098246589,0.003986143685824792,0.0043766870533295,0.0002645009296203682,0.0006664504194267992,0.0008376356344984932
ID_NA80NQ,0.005239484038342809,0.004165644702161816,0.004748453256349359,0.0001949521258118559,0.0008242461085304746,0.001053722493869702
ID_NAKHWW,0.0054173915300361935,0.004128481867989568,0.004485357681295325,0.00025975529243801876,0.0007228287050369253,0.0009565918556999107
ID_NAL8DL,0.005301456382230056,0.004115677378466759,0.004603711955374801,0.00019316124736634395,0.000695107706126812,0.0009281754548770768
ID_NALJCO,0.005211730012305579,0.0042606952681630604,0.004153102180722144,0.00016268479812294535,0.0005322097552025183,0.000597161111269342
ID_NAP7H7,0.04302118380729193,0.4637307376300418,0.332660010026837,0.019080661624133625,0.6109657321969704,0.5278627400022312
ID_NAS5OH,0.005373971686052386,0.0042389897022891,0.004819685268195562,0.0003923540929594534,0.001330681523492766,0.0016933312933111362
ID_NB021D,0.005383187425787392,0.004015981296970848,0.0042284434165212395,0.0002342876745757145,0.0008551437115667857,0.0009875062750862211
ID_NB1NLU,0.0062762233490749894,0.005862730039985584,0.006264172503286695,0.0008360788287001092,0.004055323818360581,0.004234305363302007
ID_NB35EZ,0.006443948718942851,0.004670660285581386,0.0050865825081737375,0.0007059098284165644,0.0010236964005853057,0.0016096076772196106
ID_NBOI6E,0.005652587387142687,0.004137194310804648,0.0047743262490950455,0.000265772179699981,0.0007869620193448507,0.0009169981961556516
ID_NBXN98,0.006905645807132131,0.006430055991508075,0.006274810059395045,0.0006109269926188615,0.0025355343762004192,0.0025063070102894105
ID_NC0DIX,0.006412306425589025,0.004816010341631998,0.005337255619638701,0.00042268960117060057,0.001446964733847031,0.001548546356249645
ID_NC40LD,0.005372693019650167,0.0044697083828033725,0.005559442143527823,0.0003362518888922472,0.0020980474762613962,0.002065267204010477
ID_NC86Y4,0.005912567859134437,0.004785173199407778,0.0051564474231222636,0.0003429313261621323,0.0008502195155654979,0.0009903909916276579
ID_NC8O5T,0.02211363051633634,0.010861426065468202,0.008345497340157583,0.006103558575661671,0.011230274850399354,0.010170673673976014
ID_NCE574,0.0057971345483828094,0.0042727563517468495,0.0044653838175868,0.0007549138495723191,0.0009326062344287737,0.001145353439130162
ID_NCMGQO,0.005644193732157326,0.0044232270506917816,0.005234984521342902,0.00032202266676623363,0.0008450072200250191,0.0018938747362478667
ID_NCVJVG,0.005349479335830116,0.003994501562439372,0.004246526981996365,0.00031602993869036557,0.000648533090741491,0.000853215792274103
ID_ND0JUF,0.011017461390348598,0.008781322991218374,0.009916442048698276,0.004408140820133768,0.0035157436420945394,0.004759798997988756
ID_ND44I5,0.008385381592800762,0.005387245027937109,0.005811558700183888,0.0021625940401675415,0.0017124197019075598,0.0021877036967275134
ID_NDABA2,0.005296114529369208,0.0039643033143433514,0.004040603441206168,0.00048005526777811995,0.0008521960142361437,0.0009164081710388357
ID_NE2WWT,0.005598870085808827,0.004656914675081729,0.005095530644867236,0.00032479204091917816,0.000969994206167692,0.0012467478869984453
ID_NE459Y,0.012580643668310704,0.009242289590773499,0.00894912768213276,0.0026036738730127185,0.004364056949413197,0.004565963645665745
ID_NEBCGE,0.005256446745481282,0.0036703378426239607,0.0038105159523467947,0.00030345235773510495,0.0007262896295618974,0.0008412542379260877
ID_NEHNAT,0.005590633924111508,0.004306850286870066,0.004947544324212816,0.00047583392979293714,0.0010248498542866694,0.0013726199867798393
ID_NEWEUH,0.005280149465683616,0.004066021319361549,0.004469303781188512,0.00028203675567309517,0.0007499146994824109,0.0009830734691662908
ID_NEY52P,0.005352360114162423,0.004710622899108691,0.006110895229720507,0.00038017724677085016,0.0019149718258848127,0.0028822482049500908
ID_NFFUEW,0.005389478351629589,0.003860571476952511,0.00431498259070558,0.0002443252828777226,0.0007101005726919015,0.0009701722636791491
ID_NFHSAZ,0.005742373901085366,0.004073460587817546,0.0043243310046994585,0.0001203414053997608,0.0007048385375829104,0.0007268166858860198
ID_NFTFJM,0.007115242270466937,0.003892283976337595,0.003943738258928479,0.0005605716045187201,0.00048698919642963835,0.0007795975623431637
ID_NGO91I,0.0051549291764922235,0.003750035753417919,0.0038893591890126994,0.0001622745381858056,0.0004752839739733175,0.00047600033279551843
ID_NH7ABP,0.005439390793545242,0.0045310924438843716,0.005511271962440847,0.0004179280790132885,0.0011160583622695603,0.002364886075740363
ID_NH9AFH,0.005409179246071266,0.0037555159878560726,0.0038908420498879165,0.00033355235051684567,0.0008160115992982404,0.0007929321238200553
ID_NHFYZX,0.005204966635034585,0.00391132267035188,0.004006682795458997,0.0005145242778202023,0.0008650375543568222,0.0009027134518320641
ID_NHGKW9,0.043208392752793624,0.043260477752638395,0.06401378581747783,0.01051514117382316,0.025096180296566777,0.03598347369434444
ID_NHXVVR,0.005229758904656082,0.00391027527672221,0.004100863009733755,0.00022633894494612634,0.000661337875469341,0.0007932578129310951
ID_NHY4V0,0.12510452631605085,0.08839400587222926,0.08578451156840991,0.09962226703631705,0.07273684040185868,0.10174903484337651
ID_NI4J6I,0.005414801198201135,0.004221131745452601,0.004709601830657497,0.0001767594792285542,0.000535095256086726,0.0005997681551327987
ID_NIBT23,0.06665161582010523,0.12132693085382651,0.10084830809288244,0.017067474829331335,0.12198653085769741,0.09408991725469207
ID_NIFVOQ,0.00588657985699023,0.004943217799381755,0.005460785246518402,0.000625434552632719,0.0013150227718502975,0.001738267709256239
ID_NJ6LSY,0.00531515207066491,0.004422885768432725,0.005327464693207419,0.00022771623300671116,0.0010496831100654306,0.002167092151665989
ID_NJNVR3,0.005529458778366607,0.0041214351023663425,0.004305965889361014,0.00027083564826802144,0.0007234698827317381,0.0005992941060633445
ID_NK0GGQ,0.005015764773865063,0.003684758235275822,0.003837047944295914,0.00020922425847076583,0.0006055499033658825,0.0006107654874420081
ID_NK8O2D,0.011085702037814189,0.006167967638293515,0.005919405501408718,0.0011544973774686145,0.0020662464644110147,0.002079401513807601
ID_NL68DQ,0.010516082575750806,0.00824182250834072,0.008754113725127088,0.0024206281561987824,0.008273547095556387,0.010658957376075829
ID_NM26QX,0.05558201479470265,0.010787457297528663,0.011329188672435174,0.0047237113299880215,0.0028474062835824555,0.0030224857559736622
ID_NM6OXC,0.007929024903944933,0.005383178947720806,0.0055431113801705815,0.0012449491826988894,0.0018218107032457237,0.00237960207093074
ID_NMAF4Q,0.006252398330973457,0.004801671110961823,0.0055799512621208264,0.0005267274289978467,0.0014387967695556462,0.0019663530492918515
ID_NMESH4,0.00511013288846157,0.003534027700050159,0.0036070134630700555,0.00015066302910799465,0.000407515151832833,0.00041211922860734157
ID_NN5TUZ,0.031996189587486984,0.09245073731487088,0.07132360307363197,0.01726871305155905,0.11863499636854506,0.10826013680221472
ID_NNBK1Y,0.06209179597491028,0.022562649933585362,0.032799426217686646,0.025399160792310967,0.021781358345906606,0.04676749426926611
ID_NNXHZJ,0.005331117675454618,0.00424126695521956,0.004846589193354788,0.0001492792456480579,0.0008334383401253392,0.0009656742280538801
ID_NNYC99,0.005493547387638726,0.005094371819028676,0.005961718910709756,0.00039831330846621955,0.0021784146411116404,0.002896021384328894
ID_NNZAIC,0.005210053279468579,0.0036299477600778424,0.0037529365046768096,0.00018407447020236467,0.0006394739809469243,0.0006931889259534041
ID_NNZRQ5,0.005475171117400002,0.004039983709348309,0.004243090545935497,0.000314422475135972,0.0007697948770051096,0.0009137701899948552
ID_NO00XI,0.010987243924451526,0.006280184563994268,0.004923675760581504,0.0021800394435007426,0.0015937837508854524,0.0015058025738979629
ID_NO0C5D,0.005012043960189421,0.003981729239137851,0.0044840678864616875,0.0003136482115968893,0.0010322545949352517,0.001087137495108545
ID_NO41LI,0.01183632386539074,0.007878034480820764,0.005336605853269553,0.001020315234617041,0.0020733289163644268,0.0013381905650440944
ID_NO738V,0.005316716221634938,0.004061331234411713,0.004112660590077068,0.00031752084542667464,0.0005454839257400184,0.0006132424258716806
ID_NP3XTP,0.0052327414144152816,0.0040074402644009535,0.004302132517267011,0.00033847809864879174,0.0007833579767079257,0.0010272892732295217
ID_NPCZIL,0.005520175882652724,0.003958235076740599,0.004530139449852799,0.00023793981569948035,0.000736642746967167,0.0009910705335103998
ID_NPER5O,0.005311794597819078,0.003921482757187823,0.004207100673282534,0.00018840567801238392,0.0004532680339087234,0.0005586207319898396
ID_NPK8WH,0.005639540725885208,0.0046304067170905745,0.005509418499095554,0.00015000249429864872,0.001473296035213152,0.0019060272877959843
ID_NPWZU6,0.007729823469219964,0.004092763001352392,0.0038781518002479957,0.0006416548694504261,0.000677834145067825,0.0008105878799185572
ID_NQ0HE6,0.01646435838233385,0.04014669900814816,0.027119130192704857,0.007866798675053055,0.03459313991050862,0.027334639543993358
ID_NQHCHL,0.3596166886918943,0.5206612226661309,0.3299141240253511,0.5092664603207839,0.6320136132297223,0.4554040751166165
ID_NQVDII,0.00652140460628593,0.004695642389134409,0.005050787273954419,0.000560888870413951,0.0012965297453378423,0.0017526021904621738
ID_NQX0O8,0.007131826313726651,0.0038901763796919003,0.003970292268117243,0.0003837694078010706,0.0003834145714026298,0.0006145960532725253
ID_NQZ2IX,0.010253665290352904,0.0069398076772112845,0.007494875541852751,0.004320201538721629,0.0037332153224763124,0.0039053150268353676
ID_NR39DV,0.0057993662311399555,0.004618671669532813,0.005223185913016132,0.0004842552499397591,0.0010687763828998913,0.0015207036851102556
ID_NRFDMQ,0.20719503025460229,0.44222660503280403,0.3322308070890322,0.1873402855920597,0.5636355065527517,0.5050628824128607
ID_NRG7OT,0.005847989402927556,0.004024558354237144,0.00401727931162879,0.00022858303995693322,0.000760854859856978,0.0006180119293136493
ID_NS1BTM,0.006190098758176708,0.004262476888466022,0.00469814190366158,0.0002744918727769381,0.0012260169968398209,0.0015540910867187447
ID_NSA0JJ,0.005390833768711651,0.00404107881735522,0.0043782307871962035,0.0002240286236223379,0.0010434567891011277,0.001333057203338795
ID_NSAKGY,0.00591319852704646,0.005150702798376812,0.006066514850122326,0.0007991134843123244,0.0015984456656200027,0.002143083748098177
ID_NSH0DU,0.005620925040192081,0.004321453352049652,0.0047325865523086515,0.00039886790392055127,0.0008813138174039513,0.0010925452902142362
ID_NSS5HS,0.009233538304372903,0.006572715331157271,0.007134528914687428,0.0016389221804240018,0.004539127183133523,0.00512846326107339
ID_NSSWZI,0.007435623040162058,0.004564926392244735,0.004561153500390758,0.000981828497343451,0.0007243924437891658,0.0009167535870355511
ID_NSVW0U,0.0077238631197546455,0.003987595856041778,0.003998393630295527,0.0006006180877948756,0.00045389316290577326,0.0006105678979133089
ID_NT0QPX,0.3522102072722048,0.4986354918622477,0.5325824699926894,0.640185935665028,0.5813535550923383,0.773210498470257
ID_NTGPZG,0.11048160250583394,0.06930614311296195,0.05464173470451609,0.07493908494595158,0.08937427761724984,0.07101924999341064
ID_NTHRCW,0.005607151545060461,0.004287780754712578,0.00484339181983612,0.0004130358756916505,0.0008041115684730096,0.0014637109212521507
ID_NTR8YK,0.005489654192774896,0.004516891582228955,0.005243830493503529,0.00029627734220738294,0.0015526050352633863,0.002165678635199795
ID_NTVMKZ,0.005337218251353528,0.004316359179340449,0.004545102717774147,0.00035302197976382657,0.0009500967276592468,0.0012364008145618415
ID_NTVN8F,0.005324752522594706,0.004294280907659049,0.005135531835810706,0.0001343005288038117,0.0009462131878679582,0.0012861385931073254
ID_NUEHVL,0.0060492473563611955,0.004470046427828826,0.004828901750167475,0.00046028630349224475,0.0007766870536293188,0.001233741614518731
ID_NUI7QC,0.029442454742282863,0.019045507583732132,0.026250180171313843,0.013387812872297556,0.019267469705343356,0.03579748738399977
ID_NUI8UC,0.005336891149098115,0.00360187656882494,0.003607503526524563,0.0002339014936610163,0.00029208976884300406,0.0004546799299822315
ID_NUS824,0.006503000757391633,0.005650459649683839,0.005185742117127957,0.00026327043973684754,0.0013495228579167844,0.0015331715497684422
ID_NVW38U,0.38805375157421146,0.1703091136878514,0.2091322455170193,0.4566491301043809,0.18155208475023227,0.2843132231264573
ID_NWA3L6,0.00583572782285398,0.004468685259345825,0.005346806723049225,0.00031368001267600087,0.001127173433157349,0.0016541621848301378
ID_NWA63L,0.005174455873795658,0.004200727156441894,0.004756100858069343,0.00023809031317996584,0.0012015126985309849,0.0013025991148109027
ID_NWDA17,0.008170037701722383,0.0041005252563487,0.004127287414003243,0.00072702181730392,0.0005037466521968019,0.000720868759124451
ID_NWHLNN,0.014540615053649694,0.005510908739258479,0.005810852865444922,0.0036986380183504433,0.001836868901085783,0.002574828703836332
ID_NWINB1,0.016618632926807264,0.012116614546805432,0.016573133442011004,0.0052480877997321445,0.009348230812188855,0.013023572668250124
ID_NX5RVU,0.014455202071951608,0.022328562571237245,0.007901501366873407,0.009009925520616253,0.007951954018699194,0.0025056405110309345
ID_NX6J76,0.005298469073606221,0.004006328854414685,0.004208804906903135,0.00027218034608535456,0.0006351777213513855,0.0007234754101387976
ID_NX8EEE,0.008520341376354303,0.004895793512306853,0.005060263519731771,0.001218848990085043,0.00112449837345272,0.001411275650403297
ID_NY1UNI,0.006141611630283601,0.004739891295463039,0.004945104217913,0.0003557253997827787,0.001436055409537307,0.0016393871885297217
ID_NYYJM9,0.005404473950456629,0.004058416818741538,0.004265796393865871,0.0002456063400131375,0.000825023659965774,0.0006861085434069654
ID_NZ0L9S,0.009612005251076267,0.005739653522854042,0.005698640064809488,0.0022886330880322802,0.002121605413433973,0.0023202848608501665
ID_NZ3V3Z,0.0051928968422340965,0.003763807212797167,0.003820583311510752,0.00020823954373417827,0.00043928436215968545,0.0004341048811089776
ID_NZDB2W,0.0052807025909540894,0.0042972132505956625,0.004983129902678082,0.00039995530401240966,0.0011252914485307432,0.001343829743395277
ID_NZIYML,0.005584126643792771,0.004517428812409204,0.005154847625805999,0.00030441727512705094,0.0018657862608520536,0.0025570984685277026
ID_NZU26W,0.006503591888737921,0.005068615797275521,0.005452430014195855,0.00027906261575764225,0.0035069525228229818,0.004634527038508116
ID_O00R2A,0.2255549364982634,0.3638628971775272,0.29604497235981475,0.2598542302836165,0.4218388753317777,0.41438751714716787
ID_O059B0,0.006379238139069941,0.005321215642815998,0.005655976377409394,0.0013511293879007959,0.00247289769745109,0.003008991839866368
ID_O0SAC9,0.005739236937609186,0.004532538928061512,0.004749676667962991,0.0004924668121395311,0.0010436687126532819,0.0012115740007552765
ID_O1IR2M,0.010217523674378741,0.005603271933741472,0.006160048851176392,0.0019287946376801612,0.002142722998734946,0.0024453306361571924
ID_O1JBTD,0.005839909135850163,0.004525347713429254,0.004953614974034877,0.0005899786328325165,0.0009530646558268539,0.0013237840842711143
ID_O1K46G,0.006081478362365749,0.0046597143380871535,0.005336496186687401,0.0006391506604120506,0.001221677463126249,0.0018170245661506823
ID_O1TPCL,0.005354061354911387,0.004006225502958072,0.004117689717962449,0.0002288028606289575,0.0006018188335464765,0.0006239296207963409
ID_O1ZMUJ,0.005236255513362597,0.004435559905544624,0.006764464584892492,0.00024274120805913759,0.0015507491636341001,0.0028056659976151664
ID_O2NKGF,0.00553711921049242,0.004217765751488794,0.004291840189924264,0.0007297576582147525,0.0010995688898491202,0.0010299583295241058
ID_O2QO7X,0.005759392003596265,0.004770192106592985,0.0049248533527264,0.0003254175744635097,0.0012220259732337881,0.0012103417088119887
ID_O2QYK1,0.00762559385002406,0.003975106412996447,0.003985883050181454,0.0006212027216410954,0.00042750933028757205,0.0007343690514896906
ID_O3271L,0.009238244399941477,0.005873172795424804,0.006406406939644352,0.0029237897454555133,0.0019499145492483415,0.0023844788302780765
ID_O33VRI,0.005945975435657516,0.004311182044113914,0.004319675762788089,0.001010308326580133,0.0013383934820074034,0.0014708419755522797
ID_O3H4R1,0.005119091893234253,0.00401714877642681,0.004611448362440273,0.000341826553271559,0.0009443984504146918,0.001348075110482444
ID_O3XAMU,0.005312160555593558,0.003950569372050837,0.004259377637709633,0.00024011924463838812,0.0009625011843356098,0.0013701857433492024
ID_O4DJ6G,0.00537275445168784,0.0043758624608517364,0.004392112121285945,0.00021248459910193712,0.0006141402270710021,0.000669651767886206
ID_O4F4HX,0.005726170982808723,0.004280647698522991,0.004966171882930845,0.0003064975211236176,0.0011177078579205054,0.0013296183738684675
ID_O4VQ7G,0.005777373000282729,0.004472705683874614,0.005268825036172416,0.000382470120109212,0.0011588867614354757,0.001649455213900203
ID_O4VUD4,0.00578767395253631,0.004583268024820791,0.0046812765527835375,0.0001711510706169221,0.0010821271625770883,0.0009398852887156562
ID_O51O42,0.005400135438599162,0.004795260680779484,0.005902553416378021,0.000471164870329052,0.0017354368093746013,0.002554752198056978
ID_O53XSO,0.0069157852564896505,0.005097139298539132,0.005856015409522879,0.0005633191956939352,0.0015174265091796519,0.002254378416430805
ID_O55L76,0.032028958731809117,0.04590420165126725,0.02768351805386539,0.003871048935258397,0.019317083122488178,0.011181793508823042
ID_O59IL2,0.022174631846526693,0.011017307422700484,0.00913962425597935,0.012190461132065964,0.005624154237111398,0.00528679128818344
ID_O5A5SL,0.005381374653510654,0.004248106153631601,0.004652777933707614,0.00042626087755636,0.0007485705010825746,0.0008658228485047831
ID_O5C888,0.005171380487398787,0.004123762370562909,0.004039961131856546,0.00020156502596104377,0.0006487117544420174,0.0006097571253204909
ID_O5CFG3,0.005369033903703211,0.004856859245615228,0.007535233176840283,0.0005428007540633857,0.0025594795101029654,0.004239872894701934
ID_O5CMPP,0.006239643287348837,0.0048702691221155425,0.0063413362944502475,0.000493604259665148,0.0015973766580117195,0.0023783560859030233
ID_O5J9TX,0.0052668875284434735,0.004201267089265508,0.004677638300746059,0.00012931924422025684,0.0007221098898961508,0.0008171169634925632
ID_O60MXV,0.005098439006922472,0.004197682120074774,0.005059144322405177,0.00031896963564790275,0.0014703044125751682,0.0018914895685816085
ID_O61SU7,0.005328303542375803,0.003977618389433301,0.004297843159477919,0.0001983617754557575,0.0005131343261934129,0.0005043953792274767
ID_O6E93Q,0.029490675782414127,0.011249198720109507,0.01066253069848808,0.005906888081779321,0.0073899208737728045,0.01134696899691969
ID_O6NVIA,0.005098299794798434,0.003550923668680511,0.003556090095858862,0.00018669576377967643,0.0003888692192407342,0.0004021651109949879
ID_O76VHW,0.005105380864908652,0.0035578474938722906,0.003526369607815971,0.00015684281691324744,0.0003387476675811297,0.00041110614554463716
ID_O79B2I,0.005741792932770825,0.004286428550191467,0.004858266955222584,0.00021706323092980697,0.0008327298453558789,0.0009247423990576112
ID_O79OP7,0.006331861046506862,0.004464400342453936,0.004889716238548694,0.0004531200384614696,0.0009521599538508127,0.0012987367526305625
ID_O7C7KQ,0.005664366249971539,0.004551207454217128,0.0053927101271702945,0.00030666205429122486,0.0008724597626702567,0.0010751623596697007
ID_O7XCVA,0.013834031470661886,0.008122066752262127,0.006881214343610492,0.002634708429924364,0.0027820426881523274,0.00425077014102281
ID_O844TL,0.01021511204244496,0.005599128932165203,0.00615987468262483,0.0018961690912562541,0.002145663288620019,0.0024489843387881967
ID_O8GCOX,0.005325060844033938,0.004413261170345097,0.005382776018411505,0.0005531963678244597,0.001289382886052333,0.0019650847601000165
ID_O9717W,0.00599293634012291,0.004909725802832521,0.005329784135015518,0.0002495390729152175,0.0010932562657409012,0.0020573351561541196
ID_O973KK,0.02886457072177617,0.0071198481050793495,0.04632826514877406,0.004701919835211656,0.0034677147043112332,0.018757137214686137
ID_O98AFI,0.005224653463855875,0.004288712780411078,0.004641979053918954,0.0005330493571468101,0.0010558493893587577,0.0011579077058648485
ID_O99TDC,0.00539797240575033,0.004027114361746491,0.0042608387597970546,0.00036949537860132413,0.0007918967461533247,0.0009051227233761549
ID_O9HFAP,0.00534921066124676,0.004565824546620512,0.005386000154437961,0.0004403527522551308,0.0012957479626058259,0.0019360494190613156
ID_O9X1LL,0.005343806185994704,0.003964117636476724,0.004109848383686619,0.00020982058612631203,0.0005637819373626634,0.0007181817318045799
ID_O9X6J6,0.005354393597430983,0.0036505840181503464,0.0036507308626654196,0.000225984054398468,0.0005535189481187123,0.0005345528526937338
ID_OABA3T,0.005651005888526725,0.004158387797638799,0.004132823509382644,0.0005205176982890119,0.0007311973711303053,0.0008105987310990662
ID_OAMCTD,0.005594410696162626,0.004383297521197309,0.004877287602128627,0.00013871874429522042,0.0011985954002821542,0.0015928966842178015
ID_OAR02I,0.005148883840587195,0.003758178091597893,0.003977348291543053,0.00028007914058776487,0.0006680592749725112,0.0007449017816851566
ID_OAYA7A,0.0055507752800742155,0.0051603158399399955,0.00596995521964294,0.0006391907532404128,0.0017135162906925985,0.0022445472676995743
ID_OBGAY8,0.005625798928335318,0.004081456245157668,0.004554774587663023,0.0003052724003042994,0.0009282262239879749,0.0010589804560131035
ID_OBGCTB,0.0721766996528959,0.06293517613153875,0.04109624743475993,0.05264534000603651,0.07379077219846353,0.06182366773236237
ID_OBWYEH,0.13300891698861594,0.10129846216056812,0.06736289334347817,0.1219647434462883,0.12572745687725478,0.10752550519380556
ID_OC1T6J,0.005731895114064214,0.004081568463215599,0.004424335592783641,0.00025544598393525866,0.0006124797466478898,0.0008168708357869103
ID_OCC1JG,0.0053245752851032785,0.003918118634992429,0.00428479310068508,0.0002215167835478356,0.0005589279738132613,0.0007208769229879801
ID_OCWO27,0.005229843492843528,0.004186947167422245,0.004693399625295814,0.0003898201054632381,0.0008994628960528072,0.0008396370656374838
ID_OD0S5Q,0.05274216666848595,0.011565621799925072,0.012465441643475225,0.018883078121645268,0.009320729877083036,0.011151707661158248
ID_OD3P35,0.007859368522885265,0.004205125180047073,0.005879529099327594,0.0005930075859295734,0.0005035688788074573,0.0011659219674562595
ID_OD84X2,0.3936480409128835,0.22039212078890597,0.23620361635699827,0.4667912821290097,0.2558203034657935,0.3129838253188844
ID_ODQ1LG,0.005478522921411588,0.004169707904191496,0.004563189592219609,0.00013097377661005003,0.0006226127986507592,0.0010729713646051818
ID_ODWSBV,0.006201126582074667,0.004822057925221514,0.0051452099431016874,0.0003980065985077602,0.001267654627853592,0.0011377676680322073
ID_OE1QUG,0.005856871600832515,0.004678721373785392,0.005051023314032318,0.00020310405214862457,0.0010871486320380172,0.0021526083023726762
ID_OE25L3,0.01103369358118296,0.00799109206568019,0.006123599632658562,0.004070463072487689,0.0030646447825992307,0.0024370819921381622
ID_OE94T8,0.005350027184939942,0.004774334819830729,0.006029653683135351,0.0004124099540955017,0.0018739440337826225,0.0023603784289250238
ID_OECX6J,0.051144924904259245,0.07326733658949394,0.11972407318342729,0.01900647194295975,0.0654290345149991,0.110572470815676
ID_OENI65,0.005921594820133378,0.004062471263648812,0.004288778723026624,0.000373854962325426,0.0008563633823991612,0.0008958732105130174
ID_OEPZP1,0.007434821746970574,0.004585949691067542,0.004568569829837295,0.0008733888985218289,0.0008313235702581596,0.001001000200793192
ID_OEUEBT,0.025740182716237597,0.08309621034751541,0.12181042352528423,0.008437907760213303,0.07341285764387669,0.13937601069253758
ID_OEY4YT,0.005578250928845598,0.004098547098882155,0.004413059431640378,0.00020874860984817657,0.0005108487576705531,0.0007194384496282138
ID_OF19CG,0.013827094839592447,0.017208686809217947,0.011924152763593597,0.0036826095956461885,0.018415710126794875,0.01478649692235783
ID_OF5R7M,0.012288639336224217,0.00983962103070308,0.01069661138157377,0.0037813881278006894,0.004711772798786352,0.004542492684089287
ID_OF67ZH,0.011420177074777394,0.0070254032241603495,0.005168640793308759,0.002048009545834804,0.0019846475152350868,0.002139991783506416
ID_OFXODK,0.0064292411705407304,0.004684871493124801,0.005016043681539029,0.0006453178008451578,0.0011063628274592513,0.0015884656875195227
ID_OG238E,0.0054068366907559185,0.004273474028415249,0.004951827560539728,0.00027563367986421214,0.0006928345259336393,0.0008691859751517833
ID_OGE0SN,0.005509424591932068,0.004103810822159437,0.004357847427429797,0.0003486132347698803,0.0009591724637726669,0.0009074256245940133
ID_OGR2VR,0.005277270477170099,0.003931232049118056,0.0041051448755335404,0.00021751744166153614,0.0005500556235321601,0.000592696453491034
ID_OH3I7S,0.007091078216744715,0.007021398452013386,0.006895227671256694,0.0003635417633727334,0.001657385817517776,0.0016884712698621916
ID_OHA3B2,0.00615741053115566,0.004570279214915935,0.005184535407919,0.00045868227374686477,0.0008905693183229445,0.0019963435189465995
ID_OHLMK5,0.013140741039238506,0.009128779350717887,0.010619566129871675,0.0021469648725670905,0.003933426480625654,0.004463069612940844
ID_OICH3X,0.0059327711556822205,0.0045635598445905035,0.004675466731115875,0.00033782578712790977,0.0008577330118093207,0.0014971119636851694
ID_OII8NJ,0.005704409282224464,0.003979704118922242,0.0042350256641093586,0.00029786449512086277,0.0006612881432678443,0.0007081961468608755
ID_OJ2LYR,0.04357002852575366,0.07153405123296076,0.10261335443254443,0.0237665410697319,0.08897223776795968,0.14069129002794944
ID_OJKN2W,0.005779895374223664,0.004824308644830916,0.005851426274405987,0.0003120683846827334,0.0017828451212888244,0.00247279972970197
ID_OJSWXZ,0.005202915965551008,0.004259580545308974,0.005114264866579396,0.00020613435158373274,0.000959088394109249,0.0016063420607740127
ID_OK1VUP,0.005798285621901497,0.004366435381598076,0.004597502883118332,0.00046237066062813513,0.0008695659285953083,0.0008991479686209005
ID_OK3KGD,0.005502990700193755,0.00397499238128697,0.004320337384950996,0.00022271334518345282,0.0006085951160449595,0.0008954646799958927
ID_OK44US,0.005172684667176123,0.004191665162982744,0.004783731598415169,0.00030288084868117324,0.0011817979027066517,0.001314736349197565
ID_OKOAZY,0.005450505030406265,0.004349225439144273,0.0050164678304815006,0.00038260531596123927,0.0008820032841787337,0.0012306163492283675
ID_OKPFDW,0.005319936738452618,0.004085328520760923,0.004366312394420955,0.00019703222450153483,0.0007330991114689585,0.0007715196250868671
ID_OKQE5S,0.0055507752800742155,0.0051603158399399955,0.00596995521964294,0.0006391907532404128,0.0017135162906925985,0.0022445472676995743
ID_OKTZEM,0.011276342670662225,0.006398450110681063,0.005720079842694559,0.000899758515351387,0.0013629643180439075,0.00126397070413978
ID_OL060P,0.0065580319334497825,0.0046052237926085685,0.004963545093768846,0.000468362202021264,0.0013397430504895863,0.0018314105026800043
ID_OL15N5,0.007463879249050111,0.004740928637366826,0.005972672249549317,0.00035127723481333565,0.0016288470556394018,0.001909437787119394
ID_OLEUCI,0.00698958012512806,0.006732682963706168,0.006539247863447628,0.00040453347210723156,0.001628672638380598,0.0019690668843713607
ID_OM9I7H,0.04253761607886661,0.02403845983064089,0.017850277124088116,0.026750977093704543,0.02034754223366843,0.01749359900972381
ID_OMU4UR,0.005545248922341504,0.003779815765322379,0.005012761456751777,0.0008085228717030634,0.0007171353903201933,0.001979512008537155
ID_ONDIOU,0.0058200258305339675,0.004334432029570186,0.004793946186794167,0.001322397357612829,0.0008892289419364593,0.0010900681217430683
ID_ONQFWS,0.006252716826467524,0.005150164789626067,0.005754218563680901,0.0002855321726057969,0.0015429189756086658,0.0016037982390745688
ID_OOOX4T,0.010215670146666765,0.005601107749278021,0.006159481510653253,0.0019104521161443903,0.0021535077899671505,0.0024461304299098026
ID_OOPSZH,0.005533805133929479,0.004302280089595478,0.00428608603459062,0.00026601507412824817,0.0005859840813489992,0.0008373190064554723
ID_OORS9Y,0.0053332233707698695,0.00396310910978562,0.004014289103776857,0.0002067645263060036,0.000503255404119659,0.000569039593228633
ID_OOT7EU,0.005189815573012489,0.003880848340639802,0.004291299877662841,0.00015086337810145016,0.0005966890570949687,0.0006382101688870332
ID_OOU6SR,0.005194799371668404,0.0038724419563939813,0.0039629071997121824,0.0003817876360935498,0.0008196010803519841,0.0008878823239898784
ID_OOZHOC,0.005694133413926423,0.004365204291576966,0.004538479131630219,0.0003272212233143959,0.0008588572615905642,0.000985578494070566
ID_OOZOIL,0.005882948567959819,0.004226561333587192,0.0046193762387099595,0.0004517369055171512,0.0009077031354791287,0.0012171301587886008
ID_OP2YUN,0.00579926761718964,0.004845559004797646,0.005444156366070402,0.0004859398133840989,0.0015240158530983095,0.001727863207346619
ID_OP7PVS,0.005494901182961679,0.004870808425416242,0.006389538214101706,0.00031167316331309243,0.0020833556445800047,0.0033258175158804425
ID_OPWJP4,0.0053858102017756765,0.004110655985543728,0.0046336528629012394,0.0003270145842355231,0.0009864111541618911,0.0013550052127113224
ID_OQ0NNL,0.007874125611154918,0.005023783315202209,0.006303898663930253,0.0016614266917890342,0.0010504738008111107,0.002455834604239257
ID_OQ1KFW,0.005199676165520756,0.00394302147580298,0.004554798375384796,9.024251570791678e-05,0.0005432432590750022,0.0010408532261064862
ID_OQ2HIA,0.0058201317632940565,0.004639679175678286,0.004981364901954897,0.00018738998445395135,0.000995557043387882,0.0019529534750247234
ID_OQ6420,0.011865878660047123,0.03299223148982611,0.03617178537413281,0.0019571466526766067,0.02739824686491936,0.03224173267898921
ID_OQBR7N,0.006171774827465354,0.005325708322720763,0.006099142137214021,0.0011661054908332434,0.002171188754161818,0.0035094330733186187
ID_OQLIHX,0.005267238919481181,0.004067747905197965,0.004499377592591678,0.00024807268858120156,0.0006025062403657653,0.0006612877084602427
ID_OREIPY,0.005239988128268795,0.004107443967912818,0.004612165901444466,0.0001610510348333456,0.0006422935958735606,0.0008666964545877326
ID_ORVW1B,0.005314107790496693,0.004028970391968754,0.004454133802388751,0.00024074177225390437,0.0007350944078235133,0.0007244103068909689
ID_OSSELX,0.009059454209738735,0.005526260985370724,0.005897354801275405,0.0029915841150251676,0.0034145709460861803,0.0029230522733691687
ID_OTN1F3,0.005138339857692716,0.003984503919020216,0.004393160692246068,0.00018018216105472685,0.0005003691606252229,0.0006492533968850948
ID_OTNE3W,0.005125168360964355,0.004138476411812325,0.004416299982834232,0.00021076938326923794,0.000582612988288814,0.0007517582002115649
ID_OTOWTK,0.0050408908758608345,0.0038340729792126146,0.004090202630064938,0.00014542358885596095,0.0007115626999840362,0.0009133142229383051
ID_OTZY1M,0.009355018334476554,0.010741583264594866,0.012444800031476645,0.0034040204633460076,0.010081720775422071,0.013993142152043574
ID_OU57VU,0.1061996897330881,0.2900833029967588,0.1757520898426401,0.056303595611412585,0.3990448320313468,0.29868647786138963
ID_OU67AN,0.005322980010679149,0.0038978380448040496,0.004397303875421376,0.00021264248748119907,0.0008390429593568316,0.0013258348935330719
ID_OU67R8,0.010296886492581214,0.005579775384552448,0.006142296052648952,0.0019094541361984456,0.0021447343346513745,0.0024686085700778996
ID_OUCMMB,0.03163052749898983,0.08219991881155214,0.05807750791646923,0.00868898202033682,0.10486838598803115,0.07718174099251582
ID_OUFL3R,0.006071819568192691,0.00470128920501682,0.005397038592080359,0.00021244008373937418,0.0014346241825386992,0.0018070497172778441
ID_OV2TNO,0.005843586437392762,0.003912608119237866,0.004040323635092353,0.0001974813096702208,0.0005987348752822847,0.0006103347638875775
ID_OV4128,0.006180480757550894,0.00480788088058256,0.005156720190986376,0.0003889665640816174,0.0010673386885123044,0.0010416316379793828
ID_OVJNUH,0.0051108581020234585,0.0041721751697909384,0.004911554814362923,0.0003181790244560464,0.001415602945632352,0.0017800899680101522
ID_OVMB93,0.005198060997712309,0.004392832893149428,0.004850464540993117,0.00021291487016590982,0.002977760272950309,0.00412588805133672
ID_OVMHV9,0.005259912563738547,0.004050007022948293,0.004496890116167985,0.0002390194457934061,0.0006309298213884402,0.0007226312330390045
ID_OWB724,0.006314380526351185,0.005216693302030772,0.006214307466044023,0.0003674454955597995,0.0016308731644687634,0.00230827183544025
ID_OWCHBD,0.010217523674378741,0.005603271933741472,0.006160048851176392,0.0019287946376801612,0.002142722998734946,0.0024453306361571924
ID_OWEKY6,0.005161015066062643,0.004194461557958177,0.004948909678009639,0.0003024316605349522,0.00134461625114206,0.001896607280769249
ID_OWFAPX,0.01281981233474349,0.00704949828098599,0.006955797410248124,0.004290193728715219,0.0024099570176605253,0.0027364113869075193
ID_OXEA7H,0.005156621689308766,0.004319823857100944,0.00623683476546448,0.00023662273683290906,0.0015714821664543537,0.0027734297789364405
ID_OXNKLU,0.005387871496324269,0.0037036018821670715,0.003718404727712582,0.00019170977233250882,0.0005518780980069909,0.0005974882436415433
ID_OY9WWL,0.006603725179204064,0.004871280816332866,0.0050670698330055036,0.0006186124401352677,0.0011415276607446717,0.0017129520970391734
ID_OYBZ3H,0.02408816897516479,0.0052870884510960855,0.010490321756612611,0.009420189612592634,0.002511802492711475,0.006974485725265366
ID_OYD76O,0.0054920371802810964,0.00404540976552452,0.004244424248108391,0.00027282327660715526,0.0007768938509966043,0.0008088380579463805
ID_OYG8BU,0.005374666746855244,0.0050431209221495155,0.006411019019863849,0.0002809767980248369,0.00301400443161949,0.0037625357051965214
ID_OYIYH6,0.00541606404453957,0.004003827574293874,0.004093420298774485,0.00019971523382934835,0.0005866830050093421,0.0006010639501127823
ID_OYJ407,0.014013354129760937,0.007741686859138166,0.007237097817214114,0.006956497562245483,0.006832853109076759,0.00627239462254281
ID_OYNTET,0.010635005624211491,0.006339199237259608,0.005621134801656485,0.002537724149664407,0.0023247909959313792,0.002228921961377436
ID_OZ54TY,0.010219533026254573,0.005612945867741461,0.006163448535483572,0.001966937094474049,0.0022490843581518733,0.0024995371273801702
ID_OZDM1S,0.005312839535338054,0.003983243235044663,0.00429861496754503,0.0002017723128802245,0.0004982642117704448,0.00048665486684797756
ID_OZP07A,0.0054510508721741235,0.0041494416825621555,0.004481101224921846,0.00010260994099801054,0.0006081519480907397,0.0009009531308655171
ID_OZTOGX,0.006747490763179095,0.004941771420574815,0.0056166559673697216,0.000598041591111376,0.0012887188550820914,0.001958153653009265
ID_OZU9F0,0.009359096662053076,0.0067601944659360915,0.008508581645164699,0.004224131642205559,0.0033733748018224398,0.005301174416919576
ID_OZURHC,0.012204316655925567,0.005398777890736751,0.02542517656505208,0.0012963534966056707,0.0027022362191043373,0.012352106226726141
ID_OZV41J,0.005821137684314156,0.004312615684014378,0.004912706213383889,0.00022819877342757664,0.0009993375154340768,0.0010919330237685121
ID_P06QON,0.0057285748774380625,0.004335536698621607,0.004821401226247022,0.0003285380943337226,0.0008640571854018429,0.0008976346389218833
ID_P0EUPF,0.00583621314206888,0.00390985028105844,0.00402895809512928,0.0002826092542479042,0.0008002760854034055,0.0007727278178036812
ID_P1B4GG,0.008049100871267872,0.004538461982819724,0.011243838529400777,0.0004647720762667856,0.001953313367985398,0.00468436823095604
ID_P1BZK5,0.0206012219785107,0.012381998232483577,0.00871842987326745,0.006139573164265836,0.01268509341760988,0.009983183925723397
ID_P1L1VI,0.005220134240872377,0.004100040195345502,0.004581291826185169,0.00019849885239450323,0.0007647659051615196,0.0009568839453465503
ID_P1OKAO,0.18484821235569632,0.14566408929544467,0.15514841402404517,0.17914299401855013,0.19472824954890858,0.23164398581598059
ID_P1R0SN,0.007518366251787573,0.00400439825365745,0.004091380957594551,0.0004985698150408583,0.0004342528605920195,0.0007619021075265117
ID_P1YZ4X,0.005804356377664053,0.004273243951495556,0.004459770963487834,0.000744600946605052,0.000913546833319942,0.001074144436929566
ID_P2D00R,0.011392563288387888,0.007023900931173938,0.005192549846139239,0.001953942767364028,0.001974177534699263,0.002187756639101111
ID_P2HPA7,0.006379238139069941,0.005321215642815998,0.005655976377409394,0.0013511293879007959,0.00247289769745109,0.003008991839866368
ID_P2MHXW,0.005569985963746541,0.0037813353594616317,0.00498300821058308,0.0010811291553191763,0.0007464111462333185,0.0017048606053315831
ID_P30MQ0,0.007404689485692974,0.004788693495464771,0.005586532968130147,0.0025679910342141237,0.0016208634384811463,0.002081817948500051
ID_P33RH4,0.005350027184939942,0.004774334819830729,0.006029653683135351,0.0004124099540955017,0.0018739440337826225,0.0023603784289250238
ID_P35RKU,0.00531097250604943,0.004728894904674606,0.005980505011100275,0.0004652898973098041,0.0019260049264573044,0.0027055674001232252
ID_P3DEYM,0.0053897594461038,0.004097514373626056,0.00442078600071877,0.0003202142997280993,0.0005747926749282174,0.0007107841560951319
ID_P3LDUK,0.4459149189881183,0.5636307754749746,0.4613232427138313,0.5937275842987905,0.6765796070032507,0.6531168379554418
ID_P3LV6I,0.005227586644704522,0.004281841701869442,0.0048752895409082874,0.00028327469519874154,0.0017113469096807477,0.0016032794555102957
ID_P3UMEG,0.020632699520549358,0.008603333642036312,0.008155438885348539,0.003919423955034728,0.003667052956034607,0.005407152187360146
ID_P3URU3,0.005191324562772845,0.004246409323202499,0.004996176283225145,0.00025274958062287235,0.00102583818490658,0.0015785535609008953
ID_P3UTGI,0.005356112032017355,0.0040412600340316305,0.004348506791454634,0.00030998043977581256,0.0009609140666458975,0.001055945909335482
ID_P452M6,0.005738050252931163,0.004555265218620856,0.004730250319801568,0.0004895913315427482,0.0010673158475328444,0.0011036727676514125
ID_P4VAZC,0.005487801816340597,0.004325280302755324,0.005010468480051311,0.0003345198622492082,0.0008925134451349151,0.0012721016142471485
ID_P50S8V,0.18854666260682676,0.32292993209008186,0.2598836710498539,0.19940839153204057,0.3673151203588959,0.4020101031938279
ID_P53TGF,0.006316647814161687,0.004329111046382172,0.004663666129311325,0.0006334779858240294,0.0012052186700311762,0.0015479717661557064
ID_P5FGPW,0.005852578365592498,0.004630616732942855,0.005076339027303701,0.00022239526179325218,0.001102178363845193,0.001981653840736941
ID_P5OY4C,0.4260583941533317,0.6901709520274389,0.6819602843983986,0.5065612235520597,0.8061848269098543,0.8507840476389323
ID_P5TQAL,0.010581828438668076,0.006873725709629264,0.007080259352794733,0.0032402234086967765,0.006604988089172702,0.007202828531502744
ID_P5VG1W,0.005028193585969593,0.0038838418821609756,0.004415747622025759,0.00016895769406262718,0.0006203101005651053,0.0007734312742855914
ID_P64AZ0,0.005383344440117602,0.00366602359314044,0.003688518091426986,0.00019251233216375225,0.0005199453524309144,0.0005889544281469992
ID_P66879,0.005419715976970363,0.00408306749171663,0.004379438318024948,0.00023748639965555685,0.0005137163210112132,0.0005932233067037426
ID_P6QK23,0.00999525578422248,0.00807453058035463,0.006577890334067567,0.0007615787570114073,0.0014376424873936357,0.0011730527285053257
ID_P6R9KZ,0.18484821235569632,0.14566408929544467,0.15514841402404517,0.17914299401855013,0.19472824954890858,0.23164398581598059
ID_P6V6NH,0.0060271494157683285,0.004540717142546486,0.005003272670190469,0.0005422779657149244,0.0012137790458758143,0.0014223335675742756
ID_P76XAE,0.10476095307383744,0.0481486140919392,0.02731475886593089,0.08538730396309425,0.02248286539454566,0.01710759740411753
ID_P7I8OT,0.08620083735212009,0.06651600669247691,0.0499901303499288,0.05252021577274088,0.07379038726430388,0.06813955675211808
ID_P86BG6,0.0052514537947231064,0.004204670451075233,0.0050879386049209295,0.0004621838069757759,0.0012366722036981088,0.0017183631127834025
ID_P86HSN,0.0053080982336921375,0.003914402432193582,0.004011752929698949,0.00029094466628037615,0.0006242425436172995,0.0006309842493275051
ID_P91IX6,0.009620646212353782,0.005380789438960152,0.005000023381828221,0.0010477493779196812,0.0017121639150907482,0.0017221859421653655
ID_P91KWI,0.007865757657313248,0.005003212616528562,0.005587199249283076,0.0016333492377835683,0.0020208342198251017,0.0027152149270464184
ID_P95MFR,0.005891050135960789,0.004386796033174557,0.0045182092413179106,0.00030785979068856785,0.000768115828702409,0.0008093033080213435
ID_P98LKD,0.005216534785311739,0.0043026725696813034,0.005394767558598917,0.0002661139384815773,0.0012048501574952503,0.0020138663494190514
ID_PADGJY,0.005862082502048561,0.004673466723027696,0.005898526497570345,0.000475997311002715,0.0017493786368635224,0.0027961825295569893
ID_PAH8E7,0.005553492419623625,0.004331073196387605,0.004632478653731076,0.0006325921044421317,0.0010795217540461068,0.0013300128346609996
ID_PALW0Q,0.007177310725877076,0.004654093037792766,0.005312850226981641,0.0007508664024616435,0.001167657572643269,0.0013001426130028852
ID_PAN2FG,0.005808169101095563,0.004433852138156181,0.00514108186053325,0.00034018345900845205,0.0011290475672811361,0.001708381876614304
ID_PAQVAY,0.00538047722535087,0.004135074034916544,0.004907025352644276,0.0001319186487442237,0.0006534420514330944,0.0014598320463177915
ID_PB7GWB,0.005593028791366804,0.004415121373877857,0.004613178668295554,0.0005950287796636955,0.0012240442779534106,0.0014276258011143327
ID_PB8UGU,0.005655450736513984,0.00427709972511061,0.004779180211239057,0.0010202314617519094,0.0008708851934209143,0.0013163998859119822
ID_PBD5R8,0.006778475327993802,0.004484667027912957,0.007349667353543853,0.0008829140573505602,0.0014459239549676258,0.002411067325175707
ID_PBDHXZ,0.02241809669743995,0.008737610307021804,0.013264946774368859,0.006413502792871865,0.00858514375204295,0.014439990314456997
ID_PBP9ZY,0.03741047402888122,0.06254777546183701,0.01748580272566032,0.01319581534075684,0.0315773526805052,0.012342796062765676
ID_PBV8NL,0.010060286518932182,0.0080964108920715,0.006554822769084678,0.0007636047795095607,0.0014756782397292276,0.0011648974659608773
ID_PC7E7E,0.09472764137708375,0.04264938572506155,0.024953378924109836,0.07071079270827725,0.014783992916394382,0.013130144364709434
ID_PCHYP9,0.06604642900121913,0.02131528770053552,0.016569375678040732,0.04644095182617183,0.0067962899152279035,0.005935952372567117
ID_PCOVC8,0.20222439997734434,0.31361207190417745,0.24474951735239975,0.2206378501196094,0.3676270219499113,0.3523697265334558
ID_PCP2DX,0.023254063589556114,0.011973647621257955,0.01341062233688526,0.008645207144561533,0.010281438874875495,0.015600718052449909
ID_PD7IH8,0.00537126428027179,0.004686474917062983,0.0060532609997976244,0.00032020854653985856,0.001797266628908987,0.0026011788795127495
ID_PD844Y,0.005857245359427553,0.004610856602028999,0.004784259705700931,0.00016488811142394537,0.0010761945603471822,0.0008650704866677486
ID_PD8ZQY,0.005455466300701333,0.0041514271958043155,0.004514007308739007,0.00020113886840762132,0.0007007786419149998,0.0008018835245561511
ID_PDAYPC,0.005369175583115867,0.004750068962559138,0.006103987861188897,0.00047931088491410986,0.0019320372024235442,0.002838018634918255
ID_PDT688,0.06573938506712859,0.01824002233659647,0.013500789561940939,0.04690502381629252,0.004467731204910354,0.004353572508306365
ID_PDTOSK,0.005103665694635942,0.004125272364991967,0.0048229840828917896,0.00018658438021877514,0.0007547571230672271,0.0010417800941541892
ID_PDVNE2,0.005414186257913739,0.004078598681181257,0.004493207940492934,0.00013402896738888722,0.0006112192952657875,0.0011665778976076855
ID_PDXWIS,0.0055940215519076795,0.004277771956182041,0.0046935333050957435,0.00016322516592863696,0.0008298572800061521,0.001660132233144719
ID_PDZB8M,0.00814328535935826,0.005750644850446524,0.0073512205409565655,0.0019088279902051703,0.0022581850309744164,0.0032033721817230523
ID_PE2XKW,0.0072926108002959325,0.004703668335144901,0.005292031068540873,0.0008902035578936976,0.0016092248526082082,0.0021959122804324294
ID_PEM0MC,0.005593870098860596,0.004298880870781174,0.004526592362067853,0.0004385015270915414,0.0006524176600676836,0.0007203204597393377
ID_PF9MLB,0.005786509631344812,0.00451651988265543,0.004717228292959813,0.0003568316579199071,0.0009962938960137008,0.0018793521362491209
ID_PFF9X5,0.005252113139951848,0.003872315282566038,0.004236672836257945,0.00014179442735841067,0.0006511737018920351,0.0008365415395897894
ID_PFPEKM,0.005545844905999965,0.0043574720067868005,0.004701482374983865,0.00041953263598985103,0.0009187272878764315,0.0012098445692584393
ID_PFTRFZ,0.007140417133107466,0.004642648875344768,0.005345114163267078,0.00234652301892743,0.001722644398971444,0.002130825875931597
ID_PFYUD5,0.010188302798744628,0.007748250884174637,0.041069970855836975,0.003968806099875867,0.005492983784579525,0.019692964259453136
ID_PG1ZJ9,0.00568162204856181,0.004243541493369181,0.004855709267579628,0.0002931297982701148,0.0013895150605248065,0.0019315455986111546
ID_PG3BYK,0.005512783220862102,0.003943576340448221,0.0042032810630214835,0.00028973443488329684,0.0005640467911726929,0.0006947987971227522
ID_PGEE11,0.005285873608265631,0.004232620933820256,0.004952766534593735,0.00032622653369248646,0.0007244148749932858,0.000979688977533243
ID_PHKKLQ,0.005687190818159109,0.0038876455411982337,0.004059976965826056,0.00026815196253935313,0.0006973987032013978,0.0009172266046509866
ID_PHOPIB,0.00568821729477501,0.004671025456110505,0.005819136890972714,0.00031785988007944637,0.001248455676383048,0.0016884555395558453
ID_PHORWR,0.005656128838855451,0.004550945160641287,0.005587081853596409,0.000395378509014931,0.0014627249297084384,0.0021429709610635843
ID_PHPRJV,0.005469141784056717,0.004119032688686449,0.004479650499847929,0.00018792640174901631,0.0007464404092788284,0.000803585101965047
ID_PHQQ0F,0.01152465127808493,0.005694991108457322,0.005766769721498258,0.005842463156764632,0.003066031988412384,0.0031166658443736836
ID_PHQYL9,0.036193765649221867,0.053046789090083715,0.013344991014362957,0.02040708141787289,0.05291900666306659,0.015618032296635925
ID_PHUQGW,0.005551293931575086,0.0037922203102887654,0.0039167562231846,0.00030290220706636484,0.0006337353024905898,0.0005621299168175292
ID_PHWF17,0.005218567681933881,0.004020143070261508,0.004556968364905308,0.00029616219595038145,0.0006429253041045933,0.0007752580788238498
ID_PI3I2J,0.005399813106133076,0.004319931524567557,0.004985184406124964,0.0004426446991074303,0.0014241678959797804,0.0017635282714995083
ID_PIGI7K,0.006157229861883151,0.004569875244302112,0.005186225458747426,0.0004749205026878777,0.0008808306002895301,0.001962195882071362
ID_PII98H,0.005258203243899568,0.003968367599644646,0.0044235234456905794,0.00017348149032731823,0.000519267004218981,0.0006814243486196219
ID_PISRX6,0.005198725193171205,0.004093056882099403,0.004574764151439766,0.00013964250881035012,0.000826766450895875,0.0008697912172616518
ID_PJ1GFX,0.005261575691641333,0.003981203392708519,0.004250156453621457,0.0001924033808827349,0.0003541128906248827,0.00042144233573896496
ID_PJ4KK1,0.00538800054652731,0.004205263475997326,0.004814373824438147,0.0001952737753382346,0.0012242668150782737,0.0016594923377314795
ID_PJJ2OK,0.007622991018809182,0.004115640128395145,0.005355868483488142,0.0005982581405844688,0.0004024353610248754,0.0007802609923734238
ID_PJLFLZ,0.05416015300560192,0.04331833119668735,0.11998196055920846,0.01566679292494497,0.043405283453479535,0.1537305656430056
ID_PJRXEY,0.005547074381687664,0.004398498537524857,0.004913248175765925,0.0003793830238956375,0.001536538902257304,0.0020834875488197897
ID_PK36UB,0.18358347809404607,0.1206955555430129,0.14523496082798756,0.18346615115292145,0.11469447806457708,0.1707442802519918
ID_PKK3GF,0.007291610195989081,0.004701557564674491,0.005291493681083595,0.0008727123422226847,0.0015781251898726034,0.0021376644886917087
ID_PKN25B,0.005332311789031064,0.00426587270500572,0.0043026412921862624,0.0004219357390557417,0.0006919858202370727,0.0007974007663153737
ID_PKPLAW,0.005430508025798041,0.003936458904126721,0.004215947714648151,0.00034785346129152155,0.0006842466560383758,0.0008166986487490446
ID_PKRBWM,0.006232768710953877,0.004808841032503844,0.005614543442401749,0.0005632302630776472,0.0014431049638637683,0.0020848804415588506
ID_PL4QY0,0.005176790018744398,0.004289703908445158,0.004066689778712334,0.00016656938158312337,0.000515262965633583,0.0005012263950593556
ID_PLDU8V,0.005332136978081081,0.004065766588721236,0.004410252822882322,0.00019267832209278354,0.0006453283197317128,0.0008407481433400642
ID_PLYHE5,0.15941452700683947,0.1166988506104737,0.12045227152952946,0.13696716196460645,0.14593097998869073,0.16398978092534233
ID_PM8ZP3,0.005272769243033233,0.004026984713497338,0.004643841276815401,0.00011447577462748275,0.0006946991317736816,0.0012586523997996574
ID_PM90HD,0.005156076183162353,0.003990025830575478,0.004303535370989029,0.00018232579885816565,0.0005155310326409011,0.0005790396734581491
ID_PMEGO0,0.005314078862422733,0.003964479771916012,0.004327670868041407,0.00018068415938251635,0.0006001320845293519,0.0006212248229745022
ID_PMIYX1,0.019974076671651398,0.007716612524978493,0.007397820784392988,0.0026752200840184466,0.0029164461508252447,0.004312367278069817
ID_PMM0MA,0.005603302768777161,0.004922543428964053,0.005351877170828328,0.0005896984055993622,0.0017780402653891786,0.002086020797431025
ID_PMTTW1,0.1174925919267967,0.14820946777413946,0.023772697688838884,0.09602862519438411,0.17372665210318358,0.02962615376792072
ID_PMXN5K,0.005367611442572963,0.004064148209590272,0.00418240514507735,0.00020143031048279323,0.0005256723843875586,0.0005631663942188958
ID_PN64SH,0.006107560005104876,0.004545447046410368,0.004974408669899976,0.0006339851066377078,0.0008489718762381061,0.001667632889883287
ID_PN97QK,0.005995942403546824,0.0047229804205019986,0.0050956065159428665,0.0002475322401446885,0.0011600876900658005,0.0014875073096383812
ID_PNFU37,0.006199124304228438,0.004909205588028601,0.0050644682148935334,0.00038153095609172455,0.0012810310444105457,0.0015980363010127945
ID_PNK92C,0.00506064799489598,0.004101453619420509,0.004071198304422903,0.0002079197103716836,0.0012773590410599227,0.0012437103805319591
ID_PNKANZ,0.005414039293503738,0.0037747974854509575,0.003930270441363503,0.00028708715795446884,0.0005818763474024565,0.0005450941521204534
ID_PNZ4JF,0.008035246828901655,0.004904970984916224,0.005476273104553506,0.003310774912049656,0.0016481672412840833,0.0021953990374634653
ID_POCUA6,0.005362715280353231,0.004011168243506948,0.004118082259048641,0.0002203285670027944,0.0007359789638794647,0.000705553008824007
ID_POEBAW,0.005752775196258841,0.004593890578450141,0.0047897880041270074,0.00026627303784099746,0.0010790387654604275,0.0009475152984648646
ID_POLQ33,0.2684022848184313,0.2453438308876233,0.2007621198418395,0.2998708607892838,0.30489867871677384,0.2974465001813838
ID_POM94C,0.3190159954434372,0.41085228715536454,0.3723386938595329,0.35263210192033195,0.5412875947283841,0.5658088072185269
ID_POVU4C,0.005922021098755698,0.004063318734039489,0.004268696664218694,0.00043970767724406005,0.0009148334184677447,0.0009421715744101945
ID_PP01G2,0.005057353217703126,0.0041139879448877535,0.004977616796000571,0.00012844174016215718,0.0009940939134382898,0.0013593290859637553
ID_PP9RGH,0.005585439254157222,0.004175618909845565,0.004379955323366578,0.00021868834478027985,0.0007379663492098933,0.0006750970878548691
ID_PPJ0Q7,0.005371125032574182,0.0037496728443818777,0.00366198942344665,0.0003560557693560447,0.0006857107634910893,0.0007474658465592685
ID_PPMQQ3,0.005537323602561861,0.004116896586712733,0.004597489524560001,0.00038106718911295616,0.0006185299257245238,0.0010163223219879158
ID_PQ0W7T,0.0053911300361373345,0.004814463261835329,0.007524495860445968,0.0004540081282553801,0.00221821023638501,0.003934827301605998
ID_PQC182,0.022605341901417088,0.014575697442811545,0.008457982513124265,0.004063481784147622,0.012501048066807833,0.009160075189517383
ID_PQEFSA,0.006000759318239357,0.004375381874564134,0.004084662516384171,0.001839592014922143,0.0013682266703537599,0.001404616279607762
ID_PQW5VH,0.005254090126396117,0.004066930950379874,0.004686988935555109,0.0001444686925842892,0.0006494901043799117,0.0010836271304448673
ID_PR6GCS,0.006119608484062556,0.0038299326457481974,0.0038649107525487426,0.0004531978755313135,0.0006650705969894056,0.0007335354420630187
ID_PR92PR,0.005236068613790115,0.0041987365474805876,0.005061119490328099,0.0002037524733992889,0.0011165478930905593,0.0016049288420958358
ID_PRTLQO,0.005889676810976911,0.004646183826171478,0.005146090237174498,0.0002797304669468103,0.0013872973202628525,0.0020942522679653335
ID_PS36LP,0.005328763320600121,0.004709105490110317,0.005971882340296755,0.0004154737644763962,0.0018189287874688152,0.002855858851116976
ID_PS57CR,0.005177742467164813,0.004097421399793968,0.0042108275711296855,0.0002859024070557096,0.0009268102552576071,0.0009487670234593606
ID_PSAMCJ,0.005418905174637911,0.00430031964417721,0.004742198322822644,0.00035120177201813783,0.001121326470595709,0.0014412311457956259
ID_PSEHFM,0.005623001692775231,0.004253071637521344,0.0041930670600958085,0.00027938588781084654,0.0007377719764982769,0.0007093540992597563
ID_PTA13J,0.005397849336172361,0.004262928731027618,0.005004909999692806,0.00018367130469915073,0.0009458766534540013,0.0012426027458082183
ID_PTSP80,0.006059202816553399,0.004436653110188537,0.004786411048851997,0.00044033539453234715,0.0007837091890269045,0.0016160194087028376
ID_PTUVXH,0.007484310195409388,0.004769768448295253,0.009133297813149316,0.0009513902561044458,0.001116333515745364,0.002219822800911937
ID_PTXVXA,0.005165309388868156,0.003979857617715836,0.004291167870290546,0.00017672392466823295,0.0005583285860123109,0.0006534243835220032
ID_PU2FBZ,0.00813731507609695,0.004036369406060796,0.0040485391604589485,0.0005157915532084923,0.0004607057301502672,0.0008109896221822759
ID_PUB0ZI,0.005997955025042162,0.004666516420279111,0.004768272337836414,0.0006122445063057202,0.001036281099507253,0.0012455501273720845
ID_PUMD7D,0.008777973533346653,0.0052400383223952735,0.005457876226133357,0.0014144653356728532,0.0016546021178938171,0.0015947126927463437
ID_PUNH2D,0.004949182345846086,0.0037300002650761683,0.0038956533285916723,0.0001792365895667901,0.0005152547999680229,0.0005629605320401043
ID_PUWLBC,0.004990352481535342,0.003716296256216882,0.003915894614077489,0.0003122264895680228,0.0006874643076340001,0.0007984091357753328
ID_PV8C8G,0.009426660994386247,0.006884347270250384,0.007774393333663064,0.0015094748470793876,0.0024509321571824397,0.002993327504379474
ID_PV90XU,0.006406919037925576,0.005459837383544861,0.00716580206017395,0.000672972785432833,0.0025534370431088025,0.0042613548724513
ID_PVEL7W,0.005535740562983728,0.003910673311259396,0.004371852752935035,0.0002717730574301347,0.0009558330547407481,0.0012210179493762983
ID_PVJLRL,0.00552448947072674,0.004401724918817299,0.004748931943091218,0.00036981868977397286,0.0007914293155749373,0.0009439232570324147
ID_PVWOIW,0.0073455109263893025,0.004748841376412094,0.005399440937234916,0.0007950696193961413,0.0011956447255539139,0.0014753099207862317
ID_PW51BS,0.00949725507882048,0.004975989083789439,0.004310547326153234,0.0005149723796781052,0.0006492479295065586,0.0006029276260776743
ID_PWAUK1,0.005174849622563422,0.004131275456633323,0.004033964727369001,0.00019477259849371773,0.0004916907572799368,0.00047642606914481645
ID_PWTIJ9,0.005322887919222058,0.004225867868481086,0.004779123492981086,0.00018404871827641474,0.0009517389375897251,0.0010677000026270813
ID_PX3V1E,0.005632293518492331,0.004123257639482794,0.004647317103573919,0.0002026128302486805,0.0005121816377124591,0.0008455754571572507
ID_PX9PLQ,0.033380625963808745,0.07463657154212781,0.018977638592143204,0.02317592162117367,0.0656406206672844,0.018603790849800527
ID_PXCAKA,0.005586454684351039,0.00421907822942889,0.00488010690094157,0.00033857143511966385,0.0011744527239231958,0.001406590722302041
ID_PXDYR8,0.005335237361522679,0.004116812838225538,0.004252287850950964,0.00022125686814434498,0.0006120038382661578,0.0006287596883195758
ID_PXLHVB,0.0053511418764431475,0.004358557012645622,0.005235735581503686,0.00018191180663900625,0.0010888902804559136,0.0016953800550704838
ID_PXX6LX,0.00983061054367687,0.0058909380733459926,0.00484053221580796,0.0016993213161904752,0.0015952345648284159,0.001619166905758834
ID_PYWPUB,0.006129043877027588,0.004543397690115912,0.004991937966335157,0.000567608409842044,0.0008379402242782148,0.0016481856069450404
ID_PZ4KLY,0.053561139925034106,0.035642505430213925,0.0548861869982116,0.018953498341500237,0.02654528770297691,0.04966926279309312
ID_PZ53IA,0.005489686480376997,0.004211721282373404,0.004578279832227611,0.00012959791292893475,0.0007905413711961931,0.0010880843805326245
ID_PZAIQH,0.006805377870791652,0.004595483212757742,0.005144551645892897,0.00046395434844174294,0.0012066917807296443,0.0016098290166437362
ID_PZHU8F,0.013325693640491432,0.009930144786244774,0.013145444890555741,0.0024762139487067994,0.0037667296143464022,0.006962134833057679
ID_PZPP2T,0.004978274787175423,0.003638156958618522,0.003753045780069419,0.00020678468098971615,0.00051566509864268,0.0006419347223696278
ID_PZT1O4,0.00543149424429517,0.004576749369591998,0.005298133666472941,0.00042169729856066476,0.0011386195225215148,0.001571767520854322
ID_Q02CHP,0.005866417897240754,0.0046784915851917795,0.005033503857661617,0.00018542154216645283,0.0010711820101667842,0.0020141831619936534
ID_Q032KX,0.00940938251596651,0.006904185447419935,0.007864262352698737,0.0016303881053511505,0.0024962626752422713,0.0032135392794108834
ID_Q04AX8,0.0064130724995747415,0.004944386379112918,0.005123793293995906,0.0001966182440075312,0.0030755744295597257,0.0037897396235905493
ID_Q07G0X,0.005355966214815801,0.00370215198596572,0.003796854231304724,0.0001958026557984966,0.0004707778484771984,0.000627282470091805
ID_Q083IM,0.04713237171992396,0.017990765843698794,0.011752482316597958,0.017015604073010053,0.01707569615835383,0.014355866006402498
ID_Q08FAJ,0.00927867274966172,0.0061153150279244116,0.006654461163970201,0.002500511438979063,0.00239508617789474,0.002998983143344857
ID_Q0JIB7,0.0076929579495948665,0.005312953301366559,0.005727055519592082,0.0040498419619570646,0.001445939953805564,0.002208977307054596
ID_Q0LYKC,0.005433916647608779,0.00395394932129738,0.004317717470504019,0.00018887458607955062,0.0009994929839646097,0.001345208360196759
ID_Q0OHFE,0.22467130707079164,0.03427173369760256,0.038189450667173525,0.13702896608549522,0.03808694929870348,0.03657909265832007
ID_Q0SPQ2,0.005209924760495065,0.004261017622808002,0.005106684631415622,0.00020740790346824746,0.0009771746756603759,0.0015557022709716626
ID_Q12WSA,0.006869832478429686,0.0038288871417951767,0.003914489632194144,0.00042900097595822116,0.00045180286819627036,0.0006728383522488051
ID_Q18J6B,0.005536257910250152,0.004170903625370464,0.004682498899208185,0.0003174399530414633,0.0010184860580722075,0.0015262161825453265
ID_Q18N3W,0.013576265360159212,0.0503659704292833,0.051168272083521676,0.003800339586092666,0.0594718507683425,0.05571031310045949
ID_Q1AOTZ,0.005293548569425044,0.003908271097776685,0.004024858911555499,0.00039573514194597833,0.0007445918667951579,0.0007164971248035957
ID_Q1BM4A,0.21228248886412854,0.08065125320414708,0.05845777917593964,0.09762292497160895,0.08365790970402702,0.07836476250162946
ID_Q1IJJJ,0.0052349431429727705,0.003909356156742912,0.004285464635269954,0.0002857398993877652,0.0007145227554417377,0.0007760065416003773
ID_Q1L2TI,0.005133423224820021,0.003936939344698657,0.004247779137122469,0.0001642043883919331,0.00040872270464307656,0.0004904164477568521
ID_Q1LGPO,0.005557648587400271,0.00501865198753501,0.006067406175781729,0.00036048296234803093,0.0026356257710234967,0.003987825517204633
ID_Q1RU6X,0.005585862937749236,0.004219362707631417,0.004889080024667822,0.0003309782874701317,0.0011875669370134225,0.0014849473113150728
ID_Q1TCRH,0.005517076004743576,0.004855651234677529,0.005675485883438075,0.00031460346281620625,0.0023502802957702244,0.0033420927536591304
ID_Q29IAO,0.005139178371918046,0.0040553387134357665,0.004898029916282058,0.00019406670626141676,0.0005715906265341582,0.0011172483745546075
ID_Q29LQD,0.010218800054196939,0.005604821157882307,0.006160831414560172,0.0019523384246286721,0.002146467330898134,0.002445843540226778
ID_Q2IGYG,0.005063596458325514,0.00399840364838926,0.004492459428048851,0.00025042162635225215,0.0009589673256327201,0.0009631685989234397
ID_Q2JGMI,0.005750367704085426,0.004134571670127301,0.004565488861982781,0.00029105154064379424,0.0007515292764691024,0.000911643600763923
ID_Q2MLKE,0.005835980105934355,0.004106825587010597,0.004546786724564221,0.00020298282002712936,0.0005044446018292594,0.0008163600236948367
ID_Q2S367,0.006254466674396618,0.004618145113156676,0.005039109098683902,0.0005581566291749207,0.0012467206752143395,0.0018193992924023714
ID_Q2SMTQ,0.17351367974993415,0.2476701166497628,0.18722891251295662,0.1550749462869434,0.29475995038743025,0.2925775129812982
ID_Q3035H,0.005372156873865074,0.003691780661967171,0.0046975735090139135,0.0006786757362132853,0.0006239790995235678,0.0013426290678322322
ID_Q31MDT,0.005413053025902392,0.003942320843165454,0.004083485697837093,0.0002733553455380834,0.0008373603102514939,0.0009831441303467608
ID_Q3569K,0.07516783691454565,0.11715906204299291,0.13878406515840264,0.05734688892441766,0.07919502550841533,0.14518191118369994
ID_Q3GQZC,0.005972881527014497,0.0041514482096385785,0.004726761509709308,0.0002605223795067272,0.0006186234909139278,0.0008779677798061046
ID_Q3PK1O,0.0054107781859233355,0.003847837855577723,0.004401984719492407,0.0002355166783305732,0.0008739247660676874,0.0011614022117529225
ID_Q3UAV5,0.007415384080383145,0.004943489363558612,0.005262978548704527,0.0013265067327201026,0.0017711359682154055,0.0020168334605942502
ID_Q4TH3I,0.005957593021661562,0.004731782052749052,0.005278241743469725,0.00028956769551424896,0.0016451830916533407,0.0024791013034435733
ID_Q51LM9,0.0058564948256284504,0.004662850735169929,0.0055588474337010816,0.00033456093524873574,0.0015722589962182982,0.002021131452142287
ID_Q56GYN,0.005664189836091248,0.0039688514978834495,0.004172121552672724,0.0003160912537656391,0.0005776876631820872,0.0006950511372786416
ID_Q5H34E,0.005623001692775231,0.004253071637521344,0.0041930670600958085,0.00027938588781084654,0.0007377719764982769,0.0007093540992597563
ID_Q5KE8B,0.00903915265186325,0.004935944636932469,0.005190865897453488,0.0011886014838770839,0.0012174279514608234,0.0015726088753741287
ID_Q617Y8,0.005312284337307112,0.003899190079539911,0.004311512913219523,0.0002353877673029067,0.0006196711228766507,0.0006612998370964437
ID_Q6P63K,0.005046243051056043,0.0037736222802107096,0.004155421503199686,0.00013091286693930188,0.0006533090359936765,0.0007397838613925606
ID_Q7EXXO,0.005426038980954582,0.004331185335987139,0.004952583343607808,0.000382430033649394,0.001435284336740516,0.0017954006167506117
ID_Q7IOB2,0.00855998580098954,0.0043969903537477055,0.004362927498428485,0.0008084030027652515,0.0006206373082960783,0.000757862724414537
ID_Q7ZF74,0.028374096787933553,0.0741131827805982,0.02110324101324466,0.020640958235227356,0.03541761971804242,0.010948931567294897
ID_Q80MZT,0.005254376922324867,0.004191843458311332,0.0047830081155889465,0.00044190505505740425,0.0012446778994151739,0.0018802830738339207
ID_Q85Q17,0.009059454209738735,0.005526260985370724,0.005897354801275405,0.0029915841150251676,0.0034145709460861803,0.0029230522733691687
ID_Q8OTC2,0.005291612040197998,0.00390787981594506,0.004026385510246992,0.00041312030855668736,0.000766822344935138,0.0007539934717227396
ID_Q8URMK,0.007456522346558631,0.006839525802311436,0.005894631075538114,0.0018566706796787076,0.002622231438272644,0.002262954712508027
ID_Q9IZA8,0.005227318373262577,0.004003961488633862,0.004338012382996135,0.000273720553895863,0.0006478944771015394,0.0008704787387899745
ID_QA38KR,0.0065207564114190325,0.004693184029655335,0.005031172894528809,0.0005339921054268905,0.0012947250205363257,0.0017224851876093293
ID_QAIAUU,0.006272387758142567,0.004329222694370246,0.004716728126673252,0.0005898550142552541,0.0009701591299624886,0.0012052562768129149
ID_QAMSN8,0.0050545669605314165,0.004047801490947266,0.004802549239252295,0.0002069526042876686,0.000722779739541539,0.0010914214444683107
ID_QB2VOQ,0.005221790278079042,0.003681845370950222,0.003669488565551912,0.0003251184147107761,0.0005360109169504864,0.0006535868338378302
ID_QB7IZK,0.005820323186414856,0.004433408782043261,0.005127707647711994,0.00030108675976432626,0.001130336324752144,0.0015492610153468288
ID_QBGS5I,0.01437420697534484,0.012416694949287333,0.012306776465701939,0.007506063562239356,0.010510404818603497,0.01012936973765861
ID_QC1WRZ,0.00599227456194609,0.004909753926407208,0.005324233925322235,0.00023412613687744097,0.0011143456115715884,0.0021019168701152478
ID_QC43VZ,0.006584109545057089,0.005074510099554979,0.0060450962636950005,0.0006808204366699461,0.0018127796140421132,0.002701882405736045
ID_QCEB9N,0.005848487843434697,0.0040651849543185525,0.0044767119350905,0.00023701326459604392,0.0004792202762278227,0.0008672834838696508
ID_QCOJ3X,0.0055819508834587,0.003940688089150621,0.0043419547392633115,0.0003857368492920795,0.0006395979920443726,0.0006456214253110888
ID_QCP4DY,0.006327429940467322,0.00495779592370347,0.004850920449423773,0.0006492084772430095,0.0009191229012854142,0.0010169623734355808
ID_QD9ZYZ,0.005843596661302685,0.0047258366059770435,0.0052474448454061145,0.00014635145820745909,0.0015846799355200723,0.001959975237993786
ID_QDACDO,0.005804356349278897,0.004273244000598548,0.00445977077016313,0.0007446009431515096,0.0009135468420798591,0.0010741443967743184
ID_QDFKYG,0.005528912968348749,0.003934913751637394,0.003769518638211343,0.0015511052986525687,0.0009427966427136107,0.0009553424113725202
ID_QDKS15,0.005322901793572051,0.004460126606227543,0.00536384797789418,0.00021186074199049614,0.0013020734743354604,0.002332588369911911
ID_QE0PJR,0.008252883143867297,0.005451810885006229,0.006384910324442808,0.0022766031192017174,0.0019283007182887095,0.0027882066946510646
ID_QEM6RQ,0.010274897126032728,0.013313086173581932,0.011269087187042282,0.0016040613069521002,0.014355563277724878,0.014468206125039337
ID_QFB1JA,0.005366943003998516,0.003981115237524553,0.004472563288364559,0.00014519038609821268,0.0004976310032833134,0.0006582169264669824
ID_QFC5OG,0.005660141996507707,0.00427036769040554,0.004331217410957678,0.0003485204170104825,0.0008108462704056854,0.0009586425923800056
ID_QFE2RJ,0.006509766058033052,0.004407621895411985,0.004813018638213565,0.00039497180396096555,0.0009212331722386669,0.0011502878082226462
ID_QFQB36,0.005237799609389617,0.003659205329363178,0.003782800672668717,0.0002902999433476485,0.0007235304518411021,0.000828302351594823
ID_QFUX50,0.005667923209835175,0.004292861533502003,0.004645969622565065,0.00040183810837400797,0.0007691435006001093,0.0009033135781547479
ID_QFVKE8,0.0053068069121212135,0.0042637081644422625,0.004907800825656268,0.00027615026727963963,0.0009432278574536801,0.0010792616205642595
ID_QG2TA1,0.005108223608514715,0.0035322267552342418,0.0036378550239735785,0.00019211204565136822,0.00045820262286515035,0.00048346885650281363
ID_QGCAPM,0.00542389156873995,0.0043056010917180525,0.0047238468725476004,0.0003399588444875501,0.0007888509665410503,0.0008630493725248405
ID_QGJOBR,0.007291611359780483,0.004701556901784108,0.005291495503859364,0.0008727124768538702,0.0015781250036083407,0.0021376651252428573
ID_QGS2MR,0.005501601178300834,0.004925461705979535,0.006337322607402617,0.00037516254229433683,0.0017500001134294818,0.002930075760433542
ID_QH1EXK,0.1262330811311509,0.012093259586916356,0.04179955627096541,0.020671494562273483,0.00799738931297555,0.020602539496077148
ID_QH4YLI,0.009602069646208099,0.004643341481282554,0.004200828018530999,0.0011432033468221573,0.0012107833088707612,0.001269225050896994
ID_QHMV04,0.005866417925625911,0.004678491904361223,0.005033503139598435,0.0001854215430382662,0.0010711820711775462,0.0020141829137283727
ID_QHQFQ7,0.005326906817615074,0.003790404738930693,0.004244806566273459,0.0002188954955244959,0.0008189659480240997,0.0009836801500022316
ID_QI4XP9,0.008418101523930892,0.00545118206392945,0.005903113430191416,0.0010938221313810453,0.0013991968987517773,0.0018886909253984776
ID_QI8JG9,0.006745922656111035,0.004473722160721143,0.005080144075270739,0.0007892213453389468,0.0010353397469470105,0.0012007355281718065
ID_QIOC3U,0.005104072097173015,0.004272078418703981,0.0052742953656196466,0.0002512859137911934,0.0010679938874732706,0.0013665218244757289
ID_QJ4EVF,0.11217870621879895,0.09097007676537043,0.06858651337054836,0.08726867443321816,0.12298870612283672,0.10608459051603263
ID_QJ7ZG7,0.005332136978081081,0.004065766146794315,0.004410252684793249,0.00019267832209278354,0.0006453282612549411,0.0008407481206474311
ID_QJEGY8,0.045913816141785024,0.08498462764256784,0.15327427596017376,0.01476017105050934,0.09382477875255077,0.20893596678143472
ID_QJGRN9,0.00854527387826101,0.005121064997616316,0.004913858067333565,0.002409995468004163,0.0011020723909797249,0.0013925495730118794
ID_QJMYFP,0.005854428588201971,0.00424974866620362,0.004532716090980591,0.00037551598242244286,0.0007292636714175288,0.0009717630198138378
ID_QJV4SK,0.010217531139674814,0.00560327127085109,0.006160047470285658,0.0019287959139736262,0.002142722782946604,0.0024453301588131414
ID_QJVZET,0.005245933577789797,0.0039296080288657755,0.004198369564353238,0.00019180260642463902,0.0006079120762322507,0.0006953432111489974
ID_QK8WP2,0.005619128330132102,0.004289662365471809,0.004627426610362831,0.00034426196669332115,0.0007622487668479131,0.0008402308826744451
ID_QKDUFH,0.00788534352401859,0.005320479995817276,0.004821604995642137,0.0004302789964370719,0.0008454263312619242,0.000748577604838157
ID_QL2YV1,0.0055842447877755405,0.004850476086791561,0.005595791203074646,0.0004144395341836536,0.0017567361809895903,0.0020161454848338463
ID_QL8IAR,0.006222881658117903,0.004365173215612066,0.004672607444644243,0.00040584287413853397,0.0008559355823368759,0.001053915315483314
ID_QLNWLL,0.005106715217819314,0.003866545092056246,0.004114184157435092,0.0002447571509940104,0.0006942810632569181,0.0007376442368293057
ID_QLQOL2,0.0055127832492472585,0.003943576242242238,0.004203282361058774,0.00028973443630627967,0.0005640467794652474,0.0006947989820419675
ID_QLXTHH,0.01064957630247777,0.005953268610850015,0.004778073827682099,0.0026115095095702446,0.0016002916684834214,0.0015847121620492623
ID_QM0CUB,0.0053247150943546194,0.0038479060542839848,0.003911506451960912,0.00026894599095884036,0.0007221580129885582,0.0007128101777023369
ID_QM4O2S,0.005328763490911059,0.004709106226655186,0.005971885102078223,0.00041547377720027655,0.001818929026169938,0.002855859996318326
ID_QMN5FR,0.005365414591665874,0.004444604999612385,0.004935744746427813,0.0008019100147959003,0.0014343259836721376,0.0018051963997704446
ID_QMO2S4,0.005493044129815472,0.004124259564474959,0.004610755801612491,0.00016126719449810684,0.000677496009364829,0.0011437536724297813
ID_QMT9FM,0.4608874491153988,0.5258905116566438,0.5711064733265537,0.5260256909076589,0.6851369102779556,0.7703076158412534
ID_QMWF8O,0.03692978556895588,0.013461581035632789,0.015611838447099666,0.013240629397682105,0.013790948337641237,0.01928762848148635
ID_QMXHOW,0.005265134032240387,0.00355720485423258,0.004390492578301948,0.00034672579231343143,0.0005121970905662197,0.0009179811581326111
ID_QN303I,0.07190423246530189,0.06065984181076621,0.03414905752261873,0.013180743166194773,0.035010752967006266,0.01639264009446543
ID_QN361E,0.13769733803038453,0.07619544502685698,0.04056861088580233,0.08462288330691017,0.05116199749971616,0.039091356280761234
ID_QNIOX3,0.017578040947910604,0.005717166518114286,0.005859841435449442,0.0027517524547553615,0.0033774029826664593,0.003272877129547364
ID_QNWUIA,0.005945974839569237,0.004311181454878019,0.004319675514227757,0.001010308229108749,0.001338393325950387,0.0014708419024060978
ID_QO4II7,0.005432297184735038,0.004333146005367997,0.004942484689744974,0.00043076080207332977,0.0014430236656887525,0.0017574261223951284
ID_QO8HIH,0.015929501458602738,0.006050441652455378,0.005752020289533241,0.0038885825189775313,0.002055730619850364,0.002797977273910993
ID_QOIH7K,0.021723244565984907,0.03486511579151372,0.02170146294356086,0.007508931957613404,0.025289868811606334,0.025543405682942083
ID_QONYCM,0.007786142981917637,0.005158443152098114,0.00467331689163166,0.0004490191050981895,0.000763608988648994,0.000734243270751647
ID_QOTY6K,0.005287626674582999,0.003904116577797115,0.004045992906848623,0.0003595856366381402,0.0008988550702586441,0.0009160391179660283
ID_QPCJON,0.005538629401513413,0.004323816473044699,0.004853496960369202,0.0003195059693676058,0.001169738530122752,0.0014866123363318072
ID_QPKPCR,0.005346025804953787,0.004700815970225253,0.006042392767264444,0.0003788800243808251,0.002035570147452421,0.002756497265823697
ID_QPL6BJ,0.005715597909106788,0.004581784164064247,0.0046889645563595725,0.0004986824394156367,0.001203052822560518,0.0014778775249194608
ID_QPQC3A,0.005415658441549392,0.00406091432623484,0.0042584250257164365,0.0003238225503873965,0.0006793379822605793,0.000800282396040632
ID_QPZL6F,0.0054260384132514584,0.004331185507847608,0.004952583536932511,0.0003824299954089923,0.001435284384373019,0.0017954006772865545
ID_QQILOV,0.005325436372909622,0.004229976232540937,0.0047840156471638745,0.00017381661706974402,0.0009763150096074018,0.001169235502838526
ID_QQK6J6,0.009990989003688241,0.005286394108913468,0.005176823479994701,0.001124709015909924,0.0014530988825610697,0.001503334468779244
ID_QQLIOB,0.006043475952248065,0.004265959837042017,0.004593504945445154,0.0006709531260967965,0.0008305008646186719,0.0011791100338550216
ID_QQTRMM,0.005222470077864821,0.004008028186175689,0.004627577121403905,0.00026293857144959364,0.0009685581855120716,0.0012582936131330766
ID_QRHP7W,0.006759433554478643,0.004555342474857783,0.00510417708968358,0.00040417030145391844,0.001130017889465428,0.0015503289126468176
ID_QRJ1XO,0.007512817272108147,0.003993364643043033,0.004070230766588455,0.0004750696910086107,0.00037755146883818415,0.0005917364716663324
ID_QRLVAL,0.005629888122227126,0.003852317208997886,0.003832050573264271,0.0005749430878352287,0.0008772047054971665,0.0008466070362706516
ID_QRPH0R,0.00829760504870073,0.006023729917427327,0.005954785444023952,0.0013225543493393412,0.002630226591466175,0.002802511554920696
ID_QRS3Q0,0.005297311166126228,0.004059334732669172,0.004073990230812749,0.000248154867357266,0.0006212010857433608,0.0006434597004460067
ID_QRZK05,0.005435647163687129,0.0036918815520858295,0.003663656771221182,0.00033241741808016006,0.0005433678061757809,0.0006421752544533694
ID_QS0A8J,0.05814076720305133,0.017293149127656313,0.02156668911475787,0.03481195090086429,0.009043617208282558,0.015359611822314687
ID_QSILOT,0.005209924618569285,0.00426101813838941,0.005106684769504695,0.00020740789803550254,0.000977174774337084,0.0015557023072787588
ID_QSKCAZ,0.0056818863081596225,0.004410936452064038,0.005536459171607576,0.0002124166773199103,0.0011976415083604925,0.0019392584166389056
ID_QSKDPI,0.0052625435489500015,0.00395712310584288,0.0041423633838099825,0.0002653682631829712,0.0007588642225581781,0.00084650059659022
ID_QSX3RO,0.013142776645031025,0.015637137593783598,0.014703181233196548,0.0037307312223915892,0.016673730809736317,0.018835077095245813
ID_QT0C2S,0.005075149352605961,0.004103622585284473,0.004500780639292014,0.00013577705500087905,0.0022658678036388703,0.002704895882093317
ID_QT459C,0.005494275717006775,0.004926361430498887,0.006360481962328426,0.00035541337246867814,0.0017420874121212454,0.003131308480862861
ID_QT9D5C,0.005845260155279847,0.0042247208472931215,0.004623268572870339,0.00039313885851535816,0.0007335330088760433,0.0011828410405997692
ID_QTFJH6,0.005365746381329702,0.0047285924881885575,0.006058486611527148,0.00040063365292248573,0.001423713593796949,0.0022851290027211834
ID_QTMQF9,0.005167797422874104,0.00409987104276991,0.004043720912112119,0.0001566027825003061,0.00048578990281237963,0.00045700708850633924
ID_QTR8MC,0.005188928737695804,0.003927155953857638,0.004504260337626497,0.00017637588579161228,0.0008725015711197892,0.0010003763325717003
ID_QU3QNZ,0.005589219902802756,0.003923112038932444,0.004333248116903273,0.00021547452377318507,0.0006553905540552634,0.0007912899617379084
ID_QUPBR5,0.006521886061485916,0.00469723027771312,0.0050527831707155605,0.0005805793124841531,0.001355045530910376,0.001823429859858848
ID_QUV2SL,0.01921780426507385,0.006078743007771724,0.007242776734209189,0.0027491536446415995,0.0027949552967730185,0.0031953497540605407
ID_QV8YW3,0.005481311447652594,0.004251467572270659,0.0052268719640884784,0.00028275322778479044,0.001346153772641408,0.0016914814887030605
ID_QVEUCL,0.01795004058055521,0.01058043295002486,0.010058845686996165,0.008717725706091636,0.005203710236597581,0.005110363582645699
ID_QVFOVQ,0.005137666531930045,0.004780363883995802,0.004811050913828235,0.0002549400405039873,0.0013121109931975628,0.00153869387712161
ID_QVH6R4,0.005288875641296312,0.003885938440047742,0.004313549507307902,0.00023102286427984032,0.0007222650299984813,0.0007785809559233435
ID_QVSE4F,0.005697935018644982,0.003896715284884478,0.004071018100208406,0.00026788414335117275,0.0006969621991976735,0.0009452312831335321
ID_QW38O7,0.006095049516217145,0.004589957687593352,0.005432045118029679,0.00042945056360124494,0.0011255574008740327,0.0015724417086904426
ID_QW7JWQ,0.005409556561522653,0.004014353404444414,0.004703704072011552,0.00027067060188828166,0.0007125577288266676,0.0009085330814209707
ID_QWHDJ6,0.21783273376534845,0.2920480589111254,0.3333433031561772,0.24637120616914884,0.3594490805513904,0.4909995868942246
ID_QWK1QC,0.14564029350040172,0.09633096276946734,0.0580485626246136,0.10778195563441238,0.12662443170231588,0.08813774112770549
ID_QWOKAX,0.005786510028736999,0.004516520300030856,0.004717230612856247,0.00035683168182017714,0.0009962939728415138,0.001879352934671825
ID_QWOZQ4,0.0056689137168137015,0.0042188752049096955,0.00477726742004123,0.00022056767813765412,0.0008846819312331829,0.0009938789875043744
ID_QX05AF,0.39813361768725364,0.6105384724719273,0.6813253236967667,0.46355309110776927,0.7288255519269284,0.850188786291983
ID_QXDAZX,0.005866417925625911,0.004678491904361223,0.005033503139598435,0.0001854215430382662,0.0010711820711775462,0.0020141829137283727
ID_QXDDYU,0.005337218563590246,0.004316359032031475,0.00454510255206726,0.0003530219995485841,0.0009500967006024892,0.0012364007756828293
ID_QXI7WO,0.004962388649714022,0.003804236945704419,0.004048116636371859,0.00017481338508014012,0.0006483071307219931,0.0006425849565830466
ID_QXMOH6,0.005615771431414999,0.004246129408628802,0.004250951504646283,0.0003903238074041671,0.0007329693359690872,0.0007809633583417081
ID_QXYRCY,0.01369148884431004,0.005758032604001547,0.010909995200071526,0.0022685225817759033,0.0016471081535892774,0.0030724609547029768
ID_QY1QFN,0.005852577968200312,0.004630616929354819,0.005076339413953107,0.00022239524711422412,0.001102178402883825,0.001981653971144882
ID_QY3MHP,0.005518484649877639,0.00506396075470126,0.00843604474559583,0.0004615860918691878,0.002653307338411676,0.005525378583307332
ID_QY83BU,0.007394432340527941,0.005857374038692067,0.010442170563012889,0.0011289924512319072,0.0014147887002248268,0.007945070624916053
ID_QYEVPZ,0.06230864277209515,0.11466847392956847,0.054840036680398434,0.025824416382903313,0.1581477936763029,0.08470216828615118
ID_QYNGUD,0.011815188472533678,0.00660108674594961,0.008051188413397694,0.005003809378375865,0.002016451323849488,0.005129399616041332
ID_QYPSZ8,0.005988768444183869,0.004120113065570421,0.004549577934180587,0.00027847234453028536,0.0005851620249499646,0.000986286062661725
ID_QZA91L,0.14913073833283452,0.04600427589295758,0.04130422798359275,0.1331548724770662,0.04878882229673481,0.05030487969849467
ID_QZEY8Z,0.0056006432680805514,0.004119994909926732,0.0044327613634220706,0.0002130963797131792,0.0005198090777529724,0.0007210040170369666
ID_QZP05P,0.005548814089398232,0.004105517978098227,0.004724988386255864,0.00021935157174459972,0.0008540210526211237,0.0010512488117420868
ID_R062SB,0.00545519878944635,0.004276792995210449,0.0049290571078464945,0.000353021497152621,0.0007866717321531119,0.0009279846990345428
ID_R0KEPU,0.06250913458170168,0.07642384164366355,0.06080668286312656,0.04180565077251744,0.0947235278139203,0.08960045954803861
ID_R0MPE2,0.008381563390062841,0.0051733024037562934,0.0056032298169385476,0.0014814435777620938,0.0015186050574509885,0.0014785309965873038
ID_R18GZ6,0.005130109321018402,0.004176132541226795,0.005115003730548497,0.0002460202792066124,0.0013131687477570255,0.0017701098421383605
ID_R1CD9F,0.005045562859281725,0.003853291166340957,0.004285500016741904,0.000220142915357344,0.00047109683024005824,0.0005670641468462081
ID_R1RKC8,0.005753396412194678,0.004571495191166292,0.004832757722587441,0.0006531121959339546,0.0009495029975582772,0.001147153815894297
ID_R34IVE,0.4560834152296086,0.4433671587056299,0.45152061314720815,0.584719615837408,0.5201372918089356,0.6414910282142783
ID_R372RI,0.0051915207482370745,0.003927987498956403,0.004238079083003437,0.00017188162109357975,0.0005595172125092611,0.0005287302578969691
ID_R387QV,0.021111870716905325,0.038763903699793,0.0177187112211152,0.004865020889038898,0.044406507125181745,0.024452836809689682
ID_R3EVVT,0.12010180571710158,0.10826892319465944,0.17893182797359522,0.032814079631806825,0.13118371848778967,0.2070058003200305
ID_R44Y09,0.00551100970348317,0.0044442253466056,0.005143749161721863,0.00022557729494139504,0.0008616019255169152,0.0019931423487297346
ID_R484DJ,0.020781032556179094,0.004813481301097235,0.008105502134575823,0.004726839602364855,0.0017193438357025663,0.004278062604918589
ID_R4B5Y3,0.0076054620912757555,0.006201929678077899,0.007194061761705236,0.0014567204450637674,0.0026203856720188384,0.003953163962871352
ID_R4BZEG,0.005804356349278897,0.004273244000598548,0.00445977077016313,0.0007446009431515096,0.0009135468420798591,0.0010741443967743184
ID_R4G4CS,0.005339260047755331,0.004013105351006806,0.004356633663034506,0.00018380220753602024,0.0007020316946340588,0.000887546434297737
ID_R4G747,0.03202880230121348,0.04590414773618281,0.02768360140443011,0.0038710322569654215,0.01931706319930667,0.011181823232887248
ID_R4LUTD,0.005619945821789057,0.004406874432431155,0.004949024982660129,0.0001243912724856677,0.0010932189908602204,0.0013639283897751483
ID_R4SVZT,0.2007422350263402,0.13193715168248507,0.06200976791118723,0.21548639331832348,0.13599772049291659,0.06647615013983683
ID_R4VI36,0.0057935086653317265,0.005143248961907889,0.007424738848236545,0.0006347513717302224,0.00237456650168703,0.005134358731732932
ID_R652CL,0.005906062288316348,0.004678739681946665,0.006139212496965396,0.00039944982363726426,0.0016185287826383048,0.0026689145224853186
ID_R653PC,0.005193820390860329,0.0039040559722378306,0.0042761942293243335,0.0001465220138972325,0.0004710262367968861,0.000542232029013038
ID_R67PHH,0.0053906892983308944,0.0037096819013274027,0.004691249186835463,0.0008102151728344702,0.0008567680352398013,0.0016198906215603374
ID_R69I7Q,0.005474647458360584,0.005224400091936918,0.0067704255954400975,0.0004517222219199935,0.002803826975997712,0.004649961190723018
ID_R6M083,0.005293301457802845,0.0038954342389059047,0.004314404214441517,0.0002263903656839653,0.0008407613395364589,0.0010165835608636582
ID_R6NB1B,0.007858160514097616,0.005779374428184065,0.009341934410296772,0.0019003993795192338,0.0014817661393684582,0.006672625833115514
ID_R6P82I,0.03383930971890533,0.017759759787200707,0.009250154502156448,0.006892721300882241,0.01856773119985217,0.011016450659962719
ID_R6WWCC,0.006078631704749934,0.004856972537725433,0.005104343161164203,0.00030340448111967016,0.0011753413807419702,0.0012016380501993628
ID_R76V65,0.006527288606623057,0.004900103962369996,0.00563784137815035,0.00040315733167132166,0.0014028306567109739,0.0016273700834734954
ID_R7MUTH,0.005902794484739727,0.004857898818971654,0.005921158651989361,0.00031712641868191665,0.0016791675820385713,0.002400705790399635
ID_R8D4HS,0.005319810831826528,0.004706901534928134,0.005801032226678471,0.00044837758908102194,0.0017328139584622346,0.002565646508101675
ID_R8L0ZF,0.0055674179424296975,0.004749337554957144,0.005193092981375845,0.00043407980567419563,0.001171516457988157,0.0013397252824677928
ID_R8M8SS,0.17966262383716386,0.31941339365486526,0.15577662901382378,0.11373335177456298,0.4320066829331135,0.2556775990632067
ID_R8NWKZ,0.005296114245517647,0.003964303142482882,0.004040603082174577,0.00048005524309607583,0.0008521959834305655,0.0009164081008723518
ID_R9168S,0.005446545784132151,0.0038094165867388094,0.003914486359644505,0.0003059175462760449,0.0006444755970441106,0.0005790330221246054
ID_R92G3Q,0.005664785896115422,0.004239371522997885,0.004909124918591083,0.00024083325371407457,0.0009342554604138055,0.0011425957062884333
ID_RA2DLW,0.005846391391055506,0.0047785888945381765,0.00438296910958333,0.0001819186743509156,0.0006583596276573912,0.0006775785971633985
ID_RAVU77,0.005384168108421761,0.004333207647581855,0.0048554327918801715,0.00038093711523768927,0.0010545825260981675,0.0013700299572603828
ID_RB8D8D,0.005343069406223622,0.004408665522332904,0.004980670364093565,0.00041410739419748605,0.0014795444600625017,0.001766878821179511
ID_RBQL63,0.008480771515663491,0.0043396508435356515,0.004201954728056846,0.0008891924552880675,0.0009162415653294957,0.0008611465213002133
ID_RC60JC,0.007407861968941277,0.007847431428988137,0.007855315866716927,0.0008644101425195832,0.004579464930535685,0.0043033368345155925
ID_RC9RKR,0.005890874446849308,0.004447788063299455,0.00487703874589588,0.0004902932557538776,0.0020928156735328983,0.0016343943178259027
ID_RCKGWH,0.006443948718942851,0.004670660285581386,0.0050865821491421475,0.0007059098284165644,0.0010236964005853057,0.0016096075791434418
ID_RCNWC6,0.4605795432515126,0.5174463459094479,0.5682457968558955,0.5241320924489109,0.679445418811461,0.7695533027726763
ID_RCOAWN,0.010520070762219799,0.006333827624857088,0.009026205797542769,0.00478903097715538,0.0019105728586255814,0.006657722576018534
ID_RD2HT8,0.00991583528649962,0.007201041553352483,0.00739892658935261,0.0030301809652761957,0.006838965618122583,0.008091081089082105
ID_RD8R38,0.006141611914135163,0.004739890657124152,0.00494510380364578,0.0003557254154408747,0.0014360552478976068,0.0016393870699972725
ID_RDEBO6,0.005327297189993409,0.0036798187227636676,0.004545843631134548,0.00019927007532908274,0.000373797857599737,0.0006600987321399544
ID_RDJTK6,0.005387198994755049,0.0036668236878152132,0.0036879848655251217,0.00020967540411518407,0.0005520226514824435,0.0005879349115220787
ID_RDR60H,0.020642814908108643,0.019538401905879434,0.00895295872698616,0.0021380110127724055,0.012520204141562994,0.008357422533200577
ID_RDTW4J,0.00563040873334857,0.0045622468348162845,0.0053118752314307415,0.0004457828232617533,0.0009193071506235953,0.0014453572071045932
ID_RE7SCV,0.005058589580700495,0.00378813560295587,0.00418159240762712,0.00013229983486057377,0.0006238531201587154,0.0007636828155057042
ID_REBSF2,0.0051902274115116775,0.004160636426380556,0.00409430023288643,0.00019225453238710884,0.0005755554001917013,0.0005020754207500477
ID_REHHGY,0.005590737936282317,0.004295145755275563,0.004647189395094685,0.000297975077249558,0.0007582603460793126,0.0008864886976946609
ID_REIL7X,0.005384361964188499,0.004814145548904746,0.007630837972056233,0.00044697974668318286,0.0021829368099110158,0.004119782937619709
ID_REKC8W,0.005586455422365099,0.004219078646804316,0.004880106155260574,0.00033857147821710027,0.0011744528209292752,0.0014065905368761068
ID_REKYSY,0.005066605915733802,0.004119437247844578,0.005093683209196963,0.0001854660120659212,0.0006458826238586504,0.0010831604908452769
ID_REY7Y4,0.0058395417360565,0.004326242471499478,0.004505189327224951,0.0007667103688691739,0.0008264231019556842,0.0010204224359315402
ID_REZOW5,0.005384093523572922,0.003623440426930194,0.0037115718215751875,0.0003349687277181134,0.00043334164717684164,0.0007794311507978029
ID_RFKV4T,0.10203725031566467,0.07603655801885899,0.1045655124422673,0.07693622753077115,0.0737164319071361,0.15271544399015655
ID_RFLMG3,0.006507812219436068,0.004596687330232245,0.004831735050630105,0.00026626201745711986,0.0011663992812830837,0.0013243283936774702
ID_RGBU2B,0.007366333862588079,0.004027505466849993,0.0053363786479334084,0.00044544265453419295,0.00039886476176884095,0.0007822811226653241
ID_RGEP75,0.007837559134089364,0.006000395669507284,0.00632349875426801,0.0012836339546778413,0.002130988192609415,0.002641068856619305
ID_RGMKFC,0.00552118052993579,0.004057720949592134,0.004277137980555924,0.0003089460331896089,0.0008591577905341666,0.0008955344838970274
ID_RGOMLT,0.009076157228558096,0.006350433204799827,0.010244283542529563,0.0015605658701562351,0.0014545707038944003,0.008611383986369776
ID_RGZEPZ,0.009409383509446976,0.006904181273665674,0.007864263043144104,0.0016303882631692407,0.0024962614023304164,0.0032135395241402213
ID_RH99WO,0.00923322549774117,0.0060513499000840335,0.006472265791441237,0.0009039806135553516,0.0020925333642262465,0.002869387669839818
ID_RHD6O4,0.006016737859544017,0.004755953555772149,0.004909751106501375,0.0002455408812531375,0.000865388700068714,0.000837309726732668
ID_RHFPED,0.008568431199127922,0.004758222041760682,0.005133951324996707,0.004237154111786839,0.001966541221465067,0.002074262131287771
ID_RHJPOV,0.009023575552823801,0.007277790472372695,0.007822361042114827,0.002808401659034162,0.004319315177409747,0.004578693049477307
ID_RI0O6J,0.0052855812804323225,0.003903042057840551,0.004047329244390532,0.0003465076675592317,0.0008932438362476734,0.0009265823519151385
ID_RI54E7,0.00854527387826101,0.005121064997616316,0.004913858067333565,0.002409995468004163,0.0011020723909797249,0.0013925495730118794
ID_RI8Y4C,0.006196792392306031,0.0048118862029848915,0.005154751157679026,0.0003160480725604314,0.0010544232880427445,0.0009131541640371604
ID_RIH2IY,0.005212160163418487,0.0037793245088657583,0.003854552388220325,0.000256981444267319,0.0005718914498248088,0.0005784550451864565
ID_RIUVLU,0.005340181204953926,0.0046044251159776135,0.007324964843461317,0.0002532494671017088,0.0018381417070864423,0.0035480967240072068
ID_RIZD06,0.0052592987298382046,0.004308864007989151,0.0054439594872272064,0.00016236057744029085,0.0011523510360621494,0.0019148136079622507
ID_RIZO46,0.005346600984708495,0.00405939921629491,0.004586500543990091,0.00011509423817337743,0.0008604009207996338,0.0012869533563358996
ID_RIZUYK,0.005044345424946783,0.0038355794179485096,0.004112210429616742,0.0002973103773358695,0.0007170595113897712,0.000686653841031104
ID_RJA1CY,0.0053280430700043836,0.004712240869178626,0.00595341390141073,0.00038956535623247925,0.0018653175762456467,0.0029029781640679386
ID_RJFY9O,0.005256144072610796,0.003669721013415854,0.0038289315215038994,0.0002467255238165689,0.0006707375018637969,0.0007818270772258885
ID_RJI8NC,0.22263379491524546,0.17348137526415905,0.16701676964862086,0.2269507098561981,0.22295085917385815,0.25981943492525067
ID_RJR9RN,0.0051821851645854995,0.0038712786930346905,0.004169631814520794,0.00016572861363712716,0.0004697772085513914,0.00048664339160953244
ID_RJS1VA,0.005290972451978882,0.0038325687052746904,0.004230566129928275,0.00021760701099968712,0.0007282333984081676,0.0009702947896568183
ID_RJVPF3,0.005671832806150983,0.0040057566565540065,0.004071180969816962,0.00039116373304751276,0.0006448222877488667,0.0007101840897300506
ID_RL7E2I,0.005569456386671822,0.004655987191265221,0.005140661113375183,0.0007396196789747653,0.001199805471806908,0.0013501121555262
ID_RLR27L,0.006460680671393895,0.004371312988556408,0.004809684748921167,0.0006201886509725453,0.0012050709524283458,0.0015793812028570694
ID_RMH9OL,0.005383752370244924,0.003703300797006783,0.004621032148003664,0.000499686415961527,0.00046317845751966654,0.0009780421377513424
ID_RN5N5F,0.0053767528505510725,0.004247510837444042,0.004938053331585231,0.0002560100783195775,0.000673555679670399,0.0007771796098019161
ID_RNAW7W,0.005258612124996849,0.003997858550164593,0.004013773037450067,0.00024487245118576023,0.0005766754308402295,0.0006199080364312375
ID_RNJTWY,0.005155292564916156,0.0040640175214214065,0.004757242015230504,0.00020285833357979656,0.0008303088658316907,0.001112791348668099
ID_RNO3VS,0.005206151962317317,0.003908943063202908,0.004107468921412791,0.00021902443554349922,0.0004677899338532641,0.00056248735245632
ID_RNR77F,0.015046351552929278,0.017907118176570296,0.023486750167851306,0.005515713164571567,0.01947078467074652,0.02779597063054149
ID_RNSP8B,0.011358632916260417,0.008312117179548892,0.006056043686797071,0.0039013082672361044,0.002822731380597595,0.002574550608341645
ID_RNX724,0.005826571729787969,0.004317486578112089,0.004771393359096361,0.00038932518739266995,0.0007829279265570138,0.0016361435789611735
ID_RNZHE5,0.005288439427627533,0.003907383492995602,0.004027291344481498,0.00043504160768870545,0.0010529055129046253,0.001010220101141657
ID_ROBCVV,0.005709805091151521,0.004965749344783796,0.006673070621243662,0.00041658116261037673,0.0021123148146275656,0.004563816468835181
ID_RODTO0,0.008523056506377516,0.004396239422904497,0.004237785417429432,0.0007473797892817008,0.0008969455937878289,0.0009892913765479957
ID_ROX1RX,0.005189960585092687,0.0039331617209240445,0.00451766885389349,0.0002593845993048704,0.0008354930686342175,0.0010452516283675968
ID_ROYJU2,0.008383821358421768,0.004177399053136416,0.003963745888833125,0.0010558260090841932,0.0009118458327428648,0.0009867061243613675
ID_ROZN49,0.005384032307119476,0.0040219317965792594,0.004263241784892992,0.00032217277004482637,0.0007997756758100522,0.0009743015762268423
ID_RP4S9G,0.014323058914759983,0.0066354181336768445,0.006104232223692635,0.0008054329717995087,0.0017209406146209791,0.0018734419490642462
ID_RPDIFP,0.005183521945881663,0.0036036178682034136,0.0037036343573963776,0.00018827444228253256,0.0005150960408655533,0.0005833067042062136
ID_RPQFKB,0.005369033846932899,0.004856859221063732,0.007535224587699916,0.0005428007485649645,0.002559479499135106,0.004239868691457713
ID_RPS26Y,0.005356640610783831,0.0038948280228745273,0.004290153348981851,0.0002208238821770633,0.000685848328753415,0.000935276152763382
ID_RPZ22Z,0.005290777479858942,0.003936769731374606,0.004372030701408433,0.00015154030995729508,0.0005339868981092474,0.0005947056759505851
ID_RQP6K9,0.007633753601597973,0.003927382699697029,0.003921329450205346,0.0005537778256184938,0.0005273507846306877,0.0008250464046207031
ID_RQW2NY,0.005596149374668325,0.004262665139011557,0.004500928698637736,0.0005500699338029754,0.0008931793442537488,0.0009851387607028226
ID_RR3CDL,0.02333022701804792,0.07216449840012909,0.0545309307967488,0.008871826656287031,0.0755796029818181,0.06205168710760165
ID_RRHEAY,0.005890218760535808,0.004673159613497363,0.00599876734632626,0.00037570643607739274,0.0015860080991491675,0.0023929323217115467
ID_RS03YH,0.005305849706750882,0.004345102142362356,0.005051667351584693,0.00042182655193645296,0.0011793110729081484,0.0016666045778951303
ID_RSKO1F,0.009836672202133127,0.005802179601495572,0.004741354914870818,0.0035835297747906394,0.0016479717234497279,0.0017059038948446076
ID_RSQVI7,0.005384170227660491,0.0039948850229160875,0.004633478965610409,0.00023317927949378036,0.0006671395790322317,0.0011761400951536358
ID_RT29AK,0.004982583478734878,0.0036562946048201168,0.0037707185204484753,0.0002392008565986539,0.0005961164496713679,0.0007995853011545338
ID_RT2NGQ,0.005980923152039947,0.004434083344386179,0.00470084719986068,0.0002915513139209089,0.0007878976390896809,0.0013019883282473896
ID_RTAF36,0.005425390758732596,0.004333682462554989,0.004828945740639234,0.00039413307278051476,0.0009088391600765384,0.0011226151632369593
ID_RTGELG,0.005639505092978348,0.004542637100427094,0.005707839442010392,0.0003351636296279798,0.0016936246751440933,0.002117797480179981
ID_RTUQI0,0.005353331205698424,0.004075021261920035,0.004044846088317895,0.0001635233958328795,0.00065370659332172,0.0004898616614681702
ID_RU0BM2,0.005865241039182039,0.004557950903729459,0.004715215060984384,0.0005611675551366982,0.0011324190250798618,0.0011833139062673507
ID_RU36LB,0.005369302035269752,0.003959434709688978,0.004501909697344026,0.0001794763498148908,0.0006483444070189752,0.0006977432141229683
ID_RUC06M,0.005167480577715289,0.004188458358906564,0.0047640565342470355,0.0002686279796015475,0.0009729224525241509,0.0010412693747228756
ID_RUJKIR,0.005636247726889477,0.004098746391841283,0.004691788051961946,0.00016695095091391742,0.0005988907834110469,0.0007142662691486389
ID_RUN0MH,0.005557648842866677,0.0050186511527841576,0.0060674054301007325,0.00036048297840504803,0.0026356253996910784,0.0039878250873638795
ID_RUYJOV,0.005399822486794507,0.004179181733049427,0.0043418249799227855,0.000457539640425269,0.0010488180347760464,0.00105207018199117
ID_RV5C5N,0.009779007359901292,0.006001665143180273,0.006489019639961081,0.00261345287616584,0.0022613375990982927,0.0025593880951962304
ID_RVDWFT,0.00518562905617634,0.0041825819196700115,0.004079329082031966,0.00016231974910905562,0.0004886653976416876,0.0005146239801106794
ID_RVEFZ9,0.00524202820107878,0.00443004799216934,0.006708701404978754,0.00024024664163857325,0.001480311433948567,0.0027175418930085954
ID_RVMS83,0.0054364268345622494,0.004102838781406674,0.004525868773175777,0.00018801181538867447,0.000651385731069713,0.0008927227461051091
ID_RVRZMX,0.005294386358930318,0.0036798674238366575,0.0036101842919799548,0.00024319316520165886,0.00052093707622589,0.0005440214866497795
ID_RW3Q5J,0.005349368102942949,0.004617082058307918,0.005927723063946171,0.0003636578005076783,0.0019758577668616737,0.0025033981180596692
ID_RW510L,0.00564873004939245,0.004049956758071585,0.00432582196975752,0.0010490561957886262,0.0009863435266141657,0.0012446718201363513
ID_RWCBV3,0.005684069876008467,0.004952119329923171,0.005769863029035519,0.00033530044108954707,0.001678620570709095,0.0021318122410127977
ID_RWDQGP,0.005261694313404481,0.004134222418571975,0.004676870713789424,0.00011678583011415806,0.0005045803558772697,0.0009948518934558004
ID_RWKSD3,0.00547304608274296,0.0037993861223039847,0.004030827241346945,0.0002189521590043486,0.0007153763498960948,0.0008294406721608358
ID_RWPCZ6,0.0058498201775491285,0.003918021369031207,0.00403338831935345,0.0003366167626690385,0.0009677372321731876,0.0009317270477844814
ID_RWRYQ1,0.008331311796071328,0.004323055845639418,0.0043529789805612585,0.0010888568376996193,0.0007160991772091456,0.0008391021496346905
ID_RX87BE,0.009620646978752999,0.005380789537166135,0.005000023630388553,0.0010477494535220643,0.0017121639412352265,0.001722186016069456
ID_RXCEKJ,0.005906062288316348,0.004678739681946665,0.006139212496965396,0.00039944982363726426,0.0016185287826383048,0.0026689145224853186
ID_RXFZLF,0.0058186402478742445,0.00414989359285157,0.00440971192793312,0.00012777068733813157,0.0008525533120865432,0.0010586904519707147
ID_RXMSOV,0.006479472698459645,0.004749486791520351,0.005404158103260029,0.0006633445591060138,0.0012660125604010892,0.0016458548525890501
ID_RXQO8E,0.006154916526115805,0.004197700018673024,0.0046665898039763235,0.0004679564090696299,0.0008586202637562831,0.0011942864091813363
ID_RXX5K6,0.005122845997680724,0.003987702881570188,0.004488219558016556,0.0002482810433739616,0.0006535431075477788,0.0006988579550356713
ID_RYVJD1,0.005093497845031321,0.003943769650194931,0.004420355019602541,0.00017093292966882003,0.000579305958732641,0.0006268949462621558
ID_RZ9Y4F,0.016216726808368147,0.07375168597449332,0.08294555639820847,0.005555353858314815,0.07221684117235927,0.1257977068710052
ID_RZE5NT,0.005820324293435947,0.004433408683837278,0.005127707454387291,0.0003010868148681649,0.0011303363038485223,0.0015492609649363272
ID_RZH309,0.005524490698242633,0.004044951938595747,0.004430122713173287,0.00023326253174934711,0.000539238505624849,0.0007757429374927936
ID_RZMYEA,0.00557873270457462,0.004110411873075995,0.004595637619542417,0.00030397367246490285,0.0008036422383170577,0.0007751550153892192
ID_RZTGRM,0.005387165951679275,0.004445306418108308,0.0049775599044244645,0.0003292295026174323,0.0010261888841217085,0.0012847077952380856
ID_RZXWDX,0.00606102625892621,0.004766014808409895,0.005581365616026821,0.00041116187606758296,0.0013396646254005262,0.0022070808022521936
ID_S015G9,0.005214485250812195,0.003918126454070661,0.00395812024723605,0.00038020776170810206,0.0009074515353449262,0.0009769837562692088
ID_S02NWF,0.00843524939529146,0.005467515816432835,0.005918594842337087,0.0011622998894793596,0.0014179055758047406,0.0019063572703498135
ID_S09JZ1,0.005260019259146479,0.003972628382735222,0.004343965095616097,0.00019020813491602562,0.0005733263409742945,0.0006502411203199183
ID_S0YLSK,0.00533520652103188,0.0036906241008531106,0.003768989591236933,0.0002787147164744083,0.00046893388468482506,0.000594998442792625
ID_S12YPO,0.18363819304496692,0.29093681871566535,0.18281976920962378,0.19445723731548492,0.28781281394046787,0.2754148809698139
ID_S17LP1,0.006096392702771231,0.00454389237076443,0.005090011971161517,0.0014544530683535234,0.0011539264367320026,0.0016044588477319014
ID_S1PMMH,0.00883399434445638,0.004162622669172927,0.007474859997839322,0.0007591226769556277,0.0010412070574860456,0.0019955406965344136
ID_S213JS,0.005409894176683852,0.004381109447008887,0.005406749384912213,0.00021944497920123296,0.0010303094714591635,0.0014102713029805652
ID_S21QRP,0.0060031156385999375,0.00439907495789337,0.005131838750124696,0.0003387187345959302,0.001329573373156972,0.0014761740190988428
ID_S27JQO,0.010246341785414536,0.008393928144612057,0.0071866421598416365,0.005124702317119268,0.004420228976243541,0.005275256739631889
ID_S29RDB,0.0050452624479165676,0.0037248104832333646,0.0038264939824091447,0.00018754901291117518,0.0006174134725357807,0.0006544770353474377
ID_S2ISZ6,0.005252518594135918,0.003913108993910862,0.00423790029541016,0.0002016826619229751,0.0008393969509626894,0.0007599025884173438
ID_S2R9OO,0.0057486545025459135,0.004082706522337538,0.004295817067987391,0.00016261337188054484,0.0009003851645431105,0.0009304216352096325
ID_S3J1DY,0.007283625952669923,0.0039958951265315675,0.0040209939654451505,0.0005272082564180775,0.00039052105015892276,0.0007975071854644115
ID_S4H317,0.17327113678035239,0.1346676694595641,0.12183554153508744,0.16298542744506467,0.1430664870108292,0.19365321475570213
ID_S4TMZF,0.012703189614365559,0.012035085578251538,0.010742018757633087,0.005311862527997834,0.011778842566023923,0.012541240582008274
ID_S4XD8H,0.006466882557719522,0.004584992325659361,0.00504130879131525,0.00043195059155299166,0.0008039117297485975,0.0012835290845869456
ID_S5C90U,0.42806361368437,0.4551606836686839,0.3675842025705403,0.4954922894554908,0.6036916601730922,0.5647215382551919
ID_S5TAQL,0.005667392569685309,0.004537921795830911,0.0051702632772529875,0.0003562751236896143,0.0007268968406888909,0.000948196003954288
ID_S64QFC,0.005632485173257089,0.004262872428961897,0.0041292300978831185,0.00016037384314818382,0.0005114126852424039,0.0005733433459558436
ID_S6BK0F,0.008302172918457982,0.00497834707591666,0.004972531066018325,0.0008392961207885693,0.0010265329778199627,0.001098731371988083
ID_S6GDVH,0.005581777209934498,0.004073628036582906,0.0044323982386960045,0.00021643498521391956,0.00046530515759980154,0.0006074101938767649
ID_S6HTFD,0.0055458053297291095,0.003953853934792459,0.004265745603099502,0.00026232950676647763,0.0006521016301943264,0.0007034669948488974
ID_S6WJDK,0.005087572594134107,0.003882318374749348,0.004132414652186315,0.0003037874591112532,0.000667115062427446,0.0007777286353687725
ID_S79H7Y,0.005447926882985126,0.005131052669396977,0.006443614873972676,0.0004730990564483043,0.0023562135708663097,0.004014118466400795
ID_S7GFPP,0.0053956523278167355,0.003849759268557774,0.00429261736644518,0.0002066165278933235,0.0007162338597077226,0.0008641426539755097
ID_S7KKUF,0.008547330867227096,0.004832268970680511,0.004996928996478088,0.0006409774731867497,0.0008165002137000877,0.0010684472487468338
ID_S7XMZ6,0.0063790129527767706,0.004294070296139023,0.004894120914898383,0.00030961527591931404,0.0007204979291964771,0.001306369184325381
ID_S83N82,0.005420753673271946,0.004400672903874362,0.005071055511202587,0.00045228213680191694,0.001207970924096672,0.0015153873555390038
ID_S85UA7,0.005655351120925565,0.0048460935910921606,0.005295372689462197,0.000577181142325998,0.0014202620802256736,0.0018867072688533292
ID_S86C7K,0.00583362356702587,0.004031544757384645,0.004019314541667755,0.00023542709881263374,0.0006742299363563209,0.0006202570594088095
ID_S8PJBH,0.006423931101510177,0.006124069713556509,0.0061240494426169625,0.00013767394739233477,0.0013578217218546298,0.0012461195642867536
ID_S90MML,0.007402499142284624,0.004038709077856246,0.005232750962368352,0.00040460058698965585,0.000331920638209143,0.000782592612089105
ID_S9103X,0.005374850866754873,0.003903997885041411,0.004312525485888808,0.0002250452434492788,0.0006815977562094669,0.0008973905285522226
ID_S94Q2Y,0.005552235607352114,0.004221431087271128,0.004587258257339811,0.0005666729267851472,0.0007228055860511324,0.0009300771312586651
ID_S9EWZ6,0.005749940782841507,0.004428060702456474,0.004589155106063323,0.0008644485467173,0.0012958045780883413,0.0015359507985190659
ID_S9GOKQ,0.008611402212523026,0.005945397811354301,0.0071386295671866384,0.0015946019773588264,0.0039406381797940345,0.005913241107031473
ID_S9JF8F,0.023836184124847802,0.010980207779022182,0.008993590239376738,0.013017656560668065,0.005453616753842067,0.0052191970967100055
ID_S9QE4Q,0.005949128210152379,0.004981255762744902,0.005559422755373573,0.0004335795176154144,0.0020242929043491776,0.002735505827701778
ID_SA0EJV,0.005414119522477328,0.003776845393999805,0.003956231537942758,0.00022274726306421237,0.0004580625709117436,0.0005228102269926496
ID_SAL4IQ,0.009388855961448232,0.006568707821426666,0.006286269460086362,0.0010911760466037954,0.0031927769557069394,0.003354732173293843
ID_SATA0V,0.005597361094036668,0.004796109013262874,0.005259397579090803,0.0004445382440115808,0.0011971898285575674,0.0013696169108204398
ID_SATMW5,0.005113531401343733,0.0035377439422095832,0.003618256887447299,0.00019060369449594767,0.00042886025910518786,0.00045236503929718696
ID_SB3Z4O,0.005579223619863573,0.004432188501159792,0.004772134379034255,0.0004660185217619617,0.0010670322081613153,0.0013947257298131252
ID_SB5WMN,0.005814319720048407,0.0038751843880968444,0.004135803471087734,0.00023320733574831574,0.000576387521289312,0.0007169259552944443
ID_SBTN25,0.005335340678549189,0.004414657578802839,0.004902752542775899,0.00018924788989624645,0.0013578577076137183,0.00139585235465952
ID_SBU7DK,0.005165418672450204,0.003595210179819608,0.0036828843191073365,0.00016569706185759185,0.0005195660646931436,0.0005451520210729278
ID_SC21VU,0.01796273875997121,0.005107745058864073,0.0053819188059496485,0.001545047279874729,0.0024802593289657716,0.0024280598115044277
ID_SC50OJ,0.005600532942363758,0.004555886083579327,0.004934829812553353,0.00040580529494219883,0.0008875590929698384,0.0010393736232880266
ID_SC5634,0.005521552117229191,0.003732156738092819,0.003770030350244653,0.00036098114641373765,0.0007691337246966339,0.0007945769337646708
ID_SCXJL3,0.0051304462348880555,0.0040069685082439205,0.004568547143024087,0.0003580382470348279,0.001008386173020878,0.0012056663910237752
ID_SDE2W4,0.3057998616521617,0.3563803961441455,0.25526730387005714,0.3313481864528865,0.4307839507994858,0.33434388647622526
ID_SDLCZW,0.02441013244940012,0.017436161778010585,0.037702446577862606,0.00702272975722457,0.013482980839701269,0.02355671249205637
ID_SE1BFM,0.005894838006872844,0.004461277125218092,0.006122588549964947,0.00036662194225145045,0.0012305393985259038,0.0019415043405165506
ID_SE5AT9,0.03076102703953212,0.05230228832439406,0.0185044393216264,0.013947344144642437,0.04680049237746734,0.02300705384333074
ID_SEXM8V,0.2572764268186737,0.3168554313092559,0.37360005795451284,0.08569339611111775,0.38716090699349565,0.4950017761070603
ID_SEZMK4,0.005651694299027941,0.004207808765666406,0.004782851716582324,0.0002152903890642467,0.0008077725517954478,0.0008304690700839815
ID_SFRXLD,0.005303385685453232,0.0038966777737294623,0.004312488732403178,0.0001824423519357244,0.0005849541844268788,0.0007194338442720243
ID_SG18NS,0.005728574707127125,0.004335536845930581,0.004821401115775764,0.00032853808495453377,0.0008640572098901174,0.000897634621183618
ID_SG931P,0.008768804835987503,0.004445006926754389,0.004307350850782711,0.0009883403457056049,0.001031311769787564,0.001078882456712716
ID_SH20YB,0.00812493667593117,0.005450943223961681,0.00572289725619702,0.0033405177371651266,0.0014781834696857084,0.0019741743413643565
ID_SHGMZJ,0.0121267625759532,0.006108029228268753,0.005753560948436097,0.0005858773266286363,0.001579054381243412,0.001585965693032444
ID_SIQFI1,0.5430416530776991,0.8376257274872242,0.732667979900414,0.8004491288947497,0.9134496408688114,0.8807402489100111
ID_SIXKWK,0.005510038520653365,0.0046236131450185175,0.0052700286678015965,0.0007857009853514793,0.001333112025305133,0.0016134677424748827
ID_SJ6E5C,0.008439160930123056,0.004638796702114832,0.004157135494375368,0.0007717128932565858,0.0007921513078788,0.0008803231880307212
ID_SJB2PH,0.005992509508231563,0.0048229401254395385,0.005302515887634754,0.0005008641942529582,0.0011814726830743072,0.001952747309693152
ID_SJE34O,0.005715265520322439,0.004364294939365723,0.004929240566882885,0.0004905836172292022,0.0009802787484776642,0.0012160658001503085
ID_SJLSGJ,0.0052703433295830625,0.003977810784968538,0.0042601073391191,0.0002050226502542975,0.0003783124174379122,0.0004304908879784292
ID_SJQSN7,0.005575359291899443,0.0044859758203054335,0.0046045104314378915,0.0006685138071503531,0.0011469347490383104,0.0011697262842440138
ID_SJUA3M,0.015804736253203906,0.010963183265707336,0.012625462585419508,0.004598113516976418,0.008539952435555938,0.010565373767195345
ID_SJVVC9,0.005660141996507707,0.00427036769040554,0.004331217410957678,0.0003485204170104825,0.0008108462704056854,0.0009586425923800056
ID_SJWY6D,0.005992935971115879,0.004909726932201321,0.005329784190251147,0.0002495390580335609,0.0010932564757729513,0.002057335174575721
ID_SK11B2,0.005770945584530223,0.004411740060867383,0.004610229941555153,0.0003519091486911646,0.0007707210102272482,0.0012866420076255308
ID_SKRXO8,0.005474240305964255,0.004261619859345467,0.004762842787739241,0.00018568565069509177,0.0006003321281362548,0.0007077608805963934
ID_SL31EO,0.024210173940240564,0.00984178871423206,0.01654387405651242,0.009197609056593418,0.009983817745540191,0.01866086326671354
ID_SL826W,0.005391794531722137,0.004709146786996,0.00593809940402035,0.0002357460430386415,0.0017204791361128116,0.0023306527167351494
ID_SLD7P4,0.00671388198383784,0.004597424785659869,0.0049565740156957815,0.00048000592902056646,0.0009467358325878722,0.0012121883855154458
ID_SLG2I5,0.005221281024716401,0.0040305479426015,0.004413435691170169,0.00018932826327945466,0.0005275214533957708,0.0007051371127309724
ID_SLSO1E,0.005131842463871739,0.0038405481882733098,0.004240914824441063,0.00012576517342690295,0.0005724508795170424,0.0005917280021824882
ID_SLT0Y1,0.00550494045044191,0.003979836918410798,0.004289909334979549,0.00020368534322090815,0.0005487886483331847,0.0008302112964496002
ID_SLUC5Z,0.007478355713343295,0.0046005562258431745,0.004568941147003192,0.0010181380891966163,0.0008216815955846939,0.0009069093799671674
ID_SLZDS2,0.0053308422065696396,0.004002635507190474,0.004306801653794746,0.0002203586961042065,0.0004439353592063784,0.00046991139935275496
ID_SM5ONB,0.005765041063903722,0.0041615191077742945,0.004607857512657805,0.00036374582959696324,0.0011058223236156525,0.0014516482947349875
ID_SMAV0S,0.029679162914833697,0.009084345653085671,0.011102522158499384,0.01213527225283221,0.007335263002841077,0.011645836335011135
ID_SMEEWO,0.005878121728127591,0.004368128231004647,0.004573346954482503,0.0003733426188785677,0.0008390898916405565,0.0009851110903245132
ID_SMOQZM,0.005463642689534921,0.005224360513777714,0.006819906580620397,0.0004810082010047971,0.002783080569003398,0.004853595669650839
ID_SMRPHF,0.012364785417528062,0.01547262663584661,0.010277088687548726,0.0015867480826800894,0.010996712997829488,0.010972035216946235
ID_SN8PKK,0.007873408658406298,0.00793679138627742,0.007280947515575563,0.0007143890734488827,0.0024519679850856027,0.002551583211907942
ID_SNEFWM,0.00730418204512541,0.00479957622767881,0.005705370040771681,0.0011643193570271587,0.001666612053039658,0.002048986876538608
ID_SNIBU6,0.005153574595919181,0.003962461976586615,0.004428517566673046,0.0002296886779621452,0.0006705639851128257,0.0010085613873529683
ID_SNMSY2,0.005159754272171322,0.0040767569917852095,0.0040412412290276355,0.0001856810826886185,0.0005798741044921855,0.0006129445988657542
ID_SNXHFB,0.005325254335781013,0.0039013860169945795,0.0040035600778827556,0.00016283759950639915,0.00044459546925381245,0.0005116657485257079
ID_SO0DHO,0.00913613080692042,0.005681091723321436,0.007542562257077036,0.0025776226602020223,0.0015583234608710695,0.005129033576725647
ID_SO28RE,0.005369033846932899,0.004856859221063732,0.007535224587699916,0.0005428007485649645,0.002559479499135106,0.004239868691457713
ID_SO53CK,0.010217531139674814,0.00560327127085109,0.006160047470285658,0.0019287959139736262,0.002142722782946604,0.0024453301588131414
ID_SP2RUN,0.0055340553008956204,0.004152553613826691,0.004816865798523464,0.0002534646636297135,0.0008961284621232163,0.0011144040037834293
ID_SP7WBC,0.005990014395753626,0.004332130764870882,0.004653901598818732,0.0003059816857105624,0.000676649279419973,0.0009608041302216515
ID_SP8RIP,0.0055674179424296975,0.004749337554957144,0.005193092981375845,0.00043407980567419563,0.001171516457988157,0.0013397252824677928
ID_SPCMX9,0.005258000394469825,0.003899756091390721,0.0041891480099636525,0.00018624752301070173,0.00046725285986573507,0.0005716786636900506
ID_SPCQ85,0.005291010448253414,0.004142119935910994,0.004680708101469481,0.0001835670556260323,0.0005870966644533301,0.000707188636502206
ID_SPM44L,0.11606851745782185,0.08801868198878166,0.09918718085378028,0.10535165848470447,0.09516434906694059,0.15298335112887448
ID_SPM4A3,0.009864974620134885,0.006607650311981029,0.007378886621957557,0.0019581110954996505,0.002339712100061596,0.0032330893734309305
ID_SPT5AC,0.005470979941227971,0.005221917614331876,0.006775047753697337,0.0004940354568233723,0.0028019814197599137,0.004647464528856712
ID_SPZWF2,0.005890069159014987,0.004673313430845554,0.005993570014971025,0.00039116134717583474,0.0015909679731376115,0.0021152707859492734
ID_SQ5JRG,0.008269887110892944,0.005393853255238988,0.006606754686452572,0.0011352953902602657,0.0012838391914003278,0.0019023177110081035
ID_SQPD1Y,0.005169470420800009,0.004021306096238082,0.004688654703577168,0.00016052551426741192,0.0006126040534920498,0.0009138983245907357
ID_SR0RDK,0.005319555234575764,0.004133326106325833,0.0047621604205200785,0.00019453320302614317,0.0006422394843517623,0.0012564321516656072
ID_SR4OPG,0.005640479311901182,0.004646338744307161,0.004869777317205839,0.0005484055481115625,0.0010393765391007773,0.0012615508109820061
ID_SR9UQ2,0.12279697499026652,0.05337591862436385,0.03366876927667331,0.09367718656341639,0.03208603319690503,0.04134932470394501
ID_SRC95U,0.01029819749298733,0.005581045502544303,0.0061428939108093125,0.0019353103643181646,0.002148736315145001,0.002468944415987985
ID_SRKWYT,0.007971753357029012,0.005149784112058021,0.005568035874676401,0.0009512178858634961,0.0012409705917376874,0.0014111110642424359
ID_SRMPF6,0.021285613547010206,0.007754522332260396,0.009911513297256723,0.007867828663067504,0.006057031489086032,0.009839401072936113
ID_SRS330,0.005526539013197946,0.005068747698321978,0.008308838144675947,0.0004959916924282949,0.0027159919162897703,0.00542654758006706
ID_SSO9SH,0.0055225605239804885,0.004074677866585045,0.0043708559894891225,0.00035047090668205926,0.0009888905183460326,0.0011798780231212472
ID_SSS3KA,0.005449992973379381,0.004297943175145752,0.005069055687759577,0.00018023067875902552,0.0011174374952860689,0.0015781883629752943
ID_SSSQEE,0.0058313660497384505,0.005047783063698072,0.0058782625652005266,0.0008242792189863847,0.0016748189161907194,0.002518992715380952
ID_SSTMBL,0.005255320730240876,0.003922568347430038,0.00410028825324802,0.000225077588454933,0.0006080217674327104,0.0007060966137846955
ID_SSW9WR,0.007562208237485898,0.004019740319834409,0.004033444720717936,0.0006487291408349961,0.00049598485874848,0.0007694925748443622
ID_ST1G3A,0.005203384233553908,0.003911623464092698,0.004281408435099736,0.00014444587527188258,0.00048110891340438495,0.0005386842410179845
ID_STBPWO,0.006467176867980556,0.00458539361892897,0.005039158104653432,0.0004180167221103826,0.0008125252417092713,0.0013012276830005678
ID_STGN0X,0.00515523033849585,0.004107549526084223,0.004761439085117371,0.0003632117957023306,0.0012713487581511715,0.001395988277315769
ID_STJEV5,0.006021018773327379,0.004523884714899303,0.0050778296656849,0.00028049491927193933,0.000927525093080723,0.0012012998359488562
ID_STOONH,0.010296891828990573,0.005579775212691979,0.00614229503078981,0.0019094550318838235,0.0021447342786661792,0.0024686082130864367
ID_STP6PQ,0.029448431813506037,0.06859838562164294,0.058637348877451326,0.011822507994644724,0.0846534123251099,0.08418205044372053
ID_STYUQH,0.009411641989254099,0.005685090664931589,0.007638998561618062,0.003239575418092206,0.0015687239656541094,0.005063578505715392
ID_SU0E3L,0.005251453539256701,0.004204670647487199,0.005087938991570335,0.0004621837853821557,0.00123667225198727,0.0017183632255275392
ID_SU3V8X,0.005728574707127125,0.004335536845930581,0.004821401115775764,0.00032853808495453377,0.0008640572098901174,0.000897634621183618
ID_SU4Q41,0.0062666216732098915,0.00542326912764455,0.006520345159541186,0.0008621448216693897,0.001696440940086975,0.002520681542423254
ID_SU7MFU,0.005343069406223622,0.004408665522332904,0.004980670364093565,0.00041410739419748605,0.0014795444600625017,0.001766878821179511
ID_SUKNX3,0.005680869504313447,0.0046105399984199755,0.005784482239543805,0.00028104026788862283,0.0015680486573886846,0.0020756821687020056
ID_SUN5EY,0.005596092364044182,0.004114201356250842,0.00395091028086469,0.0002480324856190114,0.0003637922830836804,0.0004370740055501505
ID_SUPIL0,0.005218568062491118,0.004006137629445446,0.004573148452323377,0.00010503503074104382,0.0004360008567533192,0.0008182555203633526
ID_SV5TAT,0.07642876930752888,0.015059868576299365,0.01620624648860606,0.030610299425249,0.01125596636887154,0.01452510630360496
ID_SVI077,0.04230647881444102,0.13287368845644923,0.15743660169830173,0.011249213791480401,0.17261425604410197,0.21146690476053737
ID_SVQ88Q,0.005166167378356809,0.00358994993895719,0.003699091704445313,0.00013862845198455654,0.0004087041425974309,0.00046046488246680043
ID_SVTUNC,0.010217531139674814,0.00560327127085109,0.006160047470285658,0.0019287959139736262,0.002142722782946604,0.0024453301588131414
ID_SVZ7XA,0.005989386428314701,0.004720098134309379,0.005659503678820913,0.00031097976181825325,0.0012065835561452375,0.0019278621739990567
ID_SW0MA1,0.008567568005491676,0.004107424926887569,0.009864433431211777,0.0008547517237051191,0.0011578149663117948,0.0025266097540601333
ID_SW35TS,0.015543738097658936,0.01475626421200266,0.015558913649641988,0.00888811581581413,0.015577934278053405,0.01911852753090424
ID_SWD2XV,0.007057425442969995,0.005823374178634034,0.005661294590916951,0.0009613070645075595,0.0022511075511583004,0.0021923977277221035
ID_SWJYU2,0.009258523728493942,0.006145738896622616,0.006049376800380165,0.0016035223346104002,0.002604906702463618,0.0025176627287959827
ID_SWNDPS,0.005500697602597476,0.004049798999172141,0.004371095566887634,0.00019217199825117103,0.0005630307899332447,0.0007062194610258071
ID_SWOCAQ,0.005416148737033274,0.0038498650565362263,0.004431682768973018,0.00020454614619154165,0.0008492873004793479,0.001134830231770701
ID_SWPYGT,0.019759444536481652,0.00982243692320245,0.008752643099529844,0.006163884118402028,0.009023240004314386,0.00845693992316464
ID_SX073G,0.009864974620134885,0.006607650311981029,0.007378886621957557,0.0019581110954996505,0.002339712100061596,0.0032330893734309305
ID_SXC6H6,0.1164918354155998,0.2627598033268607,0.21542318145968306,0.10854025850968618,0.25707312188105846,0.32057151570036085
ID_SXNWJQ,0.005876358580703396,0.004466521575731107,0.00474572486739834,0.0005203865876313412,0.000760206685259873,0.0009103109573833729
ID_SY5ACF,0.005268962196793717,0.0038535914315818015,0.0042690652527128,0.000282348036293922,0.0005169447230247739,0.0007203189829133776
ID_SYTJK4,0.005794626893373777,0.004693826940058331,0.005559340990561007,0.0007302618315440967,0.001612426560332071,0.0027887519707103
ID_SYXTO4,0.005803836423591497,0.004180789658259877,0.004916439829211477,0.00023518696343051754,0.0006728576388428084,0.0014811522299315266
ID_SZ244L,0.03439367615795001,0.005887554468316382,0.01387356640278338,0.018930413705953334,0.0033006331643747676,0.010363146051584999
ID_SZCEKW,0.005839364197929306,0.004187933434948569,0.004974366784709337,0.0002485054575313674,0.0006936308823697192,0.0015930736781572736
ID_SZCPIU,0.005227578937551164,0.004151734765395235,0.004642369880835191,0.00016558908511520558,0.0009879260928560044,0.0012261465327793447
ID_SZLKA0,0.006157367975588756,0.0036895004252561437,0.0037291603514528395,0.0003827524095511214,0.00042431290709104067,0.0006866657344204047
ID_SZOUS9,0.00542700244089779,0.004378180916364621,0.005376399215581301,0.00013194877324412311,0.0010253319785223042,0.0015537947876016957
ID_SZV3JP,0.00555696174135929,0.0039656664558599414,0.004021126137534056,0.0002781816819871863,0.0004650085900569438,0.0005100062474414111
ID_SZZNPA,0.005715597909106788,0.004581784164064247,0.0046889645563595725,0.0004986824394156367,0.001203052822560518,0.0014778775249194608
ID_T01X1E,0.005769870188365166,0.004279668208482902,0.004991272476182763,0.00041353740020695856,0.0013271262887154676,0.0026440394346582906
ID_T02E3F,0.010640269688126959,0.006483116539144006,0.006517125811070966,0.004745306980922945,0.004328118819739211,0.0042215984834778
ID_T058KG,0.005451583376094561,0.004138683903938573,0.00477999151331957,0.0003689491637202191,0.0009903152384621629,0.0013094444078316546
ID_T05X66,0.00901118926892219,0.007460927879382223,0.007967259849774089,0.002321419821996908,0.003508371358292325,0.0031865662703795005
ID_T0CW21,0.006196308969697087,0.004288049200797367,0.004675300455483683,0.0003817303561653911,0.0008666075474504286,0.001063712388207216
ID_T0N43N,0.005313474403251275,0.0047110250814586824,0.005827720319850967,0.0004527562489785786,0.0017164754114330286,0.0027308790422895233
ID_T0VXOC,0.005075429053564345,0.00400208603565538,0.004625143149783759,0.00021125337163503032,0.0006442021866554335,0.0008702278280161967
ID_T0YIRE,0.005006983553838921,0.003815447866918482,0.004033400468681784,0.00016780508771652844,0.0006005863983853006,0.0006365883150715579
ID_T1ZFPC,0.01029819749298733,0.005581045502544303,0.0061428939108093125,0.0019353103643181646,0.002148736315145001,0.002468944415987985
ID_T242K8,0.0055112324186483656,0.004081793661422498,0.004500022260266806,0.0003124080380799588,0.0008250208168793728,0.000983941081994346
ID_T24610,0.005603827323751707,0.004335719976083215,0.004518180996448318,0.00047612262163895114,0.0008427760637057887,0.0011299555249126533
ID_T27921,0.5517903862850587,0.7436261777737025,0.7433553173443616,0.6981290601777648,0.846430264959217,0.8891959069677555
ID_T29X5H,0.005591496190887982,0.004111841971222368,0.004436895127785463,0.00021560874787612168,0.00045960686917362467,0.0006898306556285236
ID_T2KMPX,0.005453611712197431,0.004138890228240951,0.004770975312338141,0.0003756662730964501,0.0009901301696870442,0.001247536297209538
ID_T2LQRI,0.007945645151991625,0.004721884743844947,0.004927860584082208,0.00104536639194609,0.0011489428979628291,0.001679334135260397
ID_T2OK2R,0.0052989432326495285,0.0040409944978162795,0.00446461824861155,0.00018257415372352628,0.0005635159783031077,0.0007109061566398535
ID_T2WVBK,0.04466130474152058,0.05847990870735205,0.03994690966269809,0.010709181607838377,0.055095047062610245,0.03520222655728234
ID_T2WXE1,0.005296326911420938,0.0039651942682426685,0.0042798572752728616,0.00019127433396332993,0.0005134579635667412,0.0005490470421817863
ID_T37IC9,0.005416804379625724,0.0043829072904401235,0.005063358337075259,0.0004840671385268371,0.0013599060447925726,0.0016418815438139535
ID_T3FYEA,0.007631459079411265,0.0061672678403590165,0.00711437409877671,0.0015845557054911033,0.0026280161485044908,0.0037764371892726302
ID_T3J7SY,0.00527467584788047,0.004200528073471119,0.005161699400058399,0.00019855834568849526,0.000803442202098492,0.0018005693886211653
ID_T3LYCI,0.005866417925625911,0.004678491904361223,0.005033503139598435,0.0001854215430382662,0.0010711820711775462,0.0020141829137283727
ID_T3NEEY,0.005836296237468927,0.00409274104007839,0.004567095496688927,0.00019963078768903692,0.000526766444036213,0.0010492921734250264
ID_T3ZPB4,0.006196374050062076,0.004085305294712169,0.004546454536101,0.0004208658763677967,0.0009225788474199584,0.001267526250912276
ID_T4NKV6,0.005455715404053037,0.004124683262135649,0.004260551244721581,0.00020863119115774572,0.0005267521050994867,0.0005700951124776436
ID_T4U0PU,0.005503405104878409,0.004387710716840339,0.005136419430137673,0.00015033079909745604,0.0008769462770436908,0.0019440309559417127
ID_T58A3E,0.010217531139674814,0.00560327127085109,0.006160047470285658,0.0019287959139736262,0.002142722782946604,0.0024453301588131414
ID_T5EPM7,0.15177083630290994,0.09307052541483253,0.09872051193525341,0.12654491458477024,0.11948077900930969,0.11160144822620023
ID_T5TMGO,0.08429017536985113,0.11486848362921243,0.09928581559475068,0.04513452540482527,0.15196878540720388,0.16297352362922263
ID_T5VKMK,0.005916170932636835,0.00421183469074507,0.004487089520691104,0.00013942767807618314,0.0007031588884082998,0.0008040986029268783
ID_T5W7V2,0.022738346660197306,0.01466408871477403,0.01202009139650898,0.013320309322411013,0.01355570382776303,0.013149373588344773
ID_T6DWM5,0.005245336298634114,0.004204168069796409,0.00509220806511307,0.0004037191320751062,0.0012115107124774753,0.0018123092706336574
ID_T6IF0T,0.005224274666768026,0.0038486757077903495,0.003940473322910508,0.00018015559935815394,0.0005089196732928451,0.0005046814904391027
ID_T6YHHW,0.0053811919602497465,0.003966167695271893,0.004072863486290806,0.0001876998013777685,0.0005122673752175365,0.0005336261241712771
ID_T6ZYQU,0.0052863037946445585,0.004036856264158453,0.004533844539160055,0.0002826480372249379,0.0009523209031135282,0.0012769706743668047
ID_T74SPZ,0.01064957630247777,0.005953268610850015,0.004778073827682099,0.0026115095095702446,0.0016002916684834214,0.0015847121620492623
ID_T75BT1,0.005628063721594873,0.004541292546366428,0.005724233184755858,0.00036866717365549036,0.001632633239086673,0.002224534819532927
ID_T764ZJ,0.0061695738343361456,0.00435598702385553,0.004900591681471548,0.00030332518171008064,0.0012345508347416751,0.001629620565937719
ID_T7A33E,0.005339934973034532,0.004002035554914516,0.004554952432487962,0.00024074154499700054,0.0007811349503912193,0.0009184021956191879
ID_T7IUG7,0.0063585752660603526,0.005073452325820293,0.005354484214655254,0.001159458546283248,0.0020490247698020454,0.002293617376841327
ID_T7JWJL,0.005312811432079867,0.0036379770074443595,0.003619174631659823,0.00018959340320201905,0.00040576650382550573,0.0004325845311181991
ID_T86IHF,0.005550774939452342,0.0051603149069831605,0.005969954556815388,0.000639190715840377,0.0017135160311918627,0.002244547052206173
ID_T8EQ3F,0.005517357966110363,0.004776967770842561,0.00559383506394325,0.0003759410601715477,0.0014641859716371872,0.0027119175038396596
ID_T8PROT,0.005783493065176319,0.004665167790809765,0.0053334212302310405,0.0005857298121982845,0.0010841079213930644,0.0013166885827799884
ID_T8RWY3,0.005620925352428799,0.0043214528364682436,0.004732585751392026,0.0003988679250028529,0.0008813137296720497,0.0010925451307524842
ID_T8SKEP,0.00751182646476628,0.00407286825400513,0.00515322982010673,0.0004591047616923152,0.0004472377204785139,0.0007055148288901436
ID_T8UE85,0.005586455422365099,0.004219078646804316,0.004880106155260574,0.00033857147821710027,0.0011744528209292752,0.0014065905368761068
ID_T922CM,0.17843358586857905,0.22360186404624074,0.15893242654349027,0.18164942580646096,0.2930036286026694,0.24478756055137452
ID_T9BUYJ,0.009872403616626906,0.0070713687330497795,0.018241367618454192,0.0005927263878758156,0.004776488436163385,0.015484286217559384
ID_T9CUR2,0.006401714306181941,0.004872768845182735,0.005659219221889201,0.00047569456032187687,0.0011645408915935465,0.0017674140582944423
ID_T9D5YO,0.0053631180032530975,0.004020021938434405,0.004301400592439207,0.00022694770722732515,0.0005802929642397827,0.0005412319501161236
ID_T9Y63Y,0.0124558487723744,0.006924872074184812,0.0060113236799377535,0.0020058114199527216,0.0021686193999705928,0.002121388923019069
ID_TA5143,0.005443550874621617,0.004255464802427548,0.004817386480894473,0.0004377925983871187,0.0013638140913419237,0.001644887796217488
ID_TA7IDX,0.005588317902447418,0.003976775104001254,0.004282597629236526,0.000416439276207112,0.0007275307374641121,0.0007416332372160924
ID_TA9PM5,0.005364760256180025,0.004406582296218742,0.005119996377763611,0.000503956618467158,0.0016119159439812077,0.002128963223138925
ID_TAJUDM,0.005345912174530234,0.004718463024095225,0.006143356999366874,0.00037910977343837544,0.0018983806575149766,0.0030468361668595373
ID_TB4QUV,0.006587745159147567,0.0045518478475409865,0.004904602292641965,0.0008767410637273915,0.0012809147859539488,0.0016623849155932753
ID_TB9U7O,0.005009562564352255,0.003735892134155869,0.003918192529044745,0.00033251581873820546,0.0007643992329138924,0.0009882392096347455
ID_TBE38Z,0.005341706672993752,0.003632470487888859,0.0036549499587439677,0.00027771120268560017,0.0003216083757367677,0.0006194783128035529
ID_TBMDR7,0.01094908117477631,0.006276886279539825,0.004939149945721307,0.001989989124875899,0.0015582664751738443,0.0015069381526202753
ID_TBP5FU,0.0057173889537994104,0.004201795759793779,0.004935657219837187,0.0003400857309684459,0.0007751181860516025,0.0010788834035267507
ID_TBU5R1,0.005818206748419745,0.004180106744339717,0.004105206195722542,0.0006441862806915377,0.0007375716432847,0.0008223899463792903
ID_TC20Z8,0.005550774939452342,0.0051603149069831605,0.005969954556815388,0.000639190715840377,0.0017135160311918627,0.002244547052206173
ID_TCB67J,0.005921472208010947,0.004349924255082408,0.004712074952233332,0.0004378678967333169,0.0009478313747202624,0.0011444393707256886
ID_TCCXJY,0.2092316546881637,0.1469851813249759,0.08673477169033607,0.061349298794527454,0.04585183257728114,0.03737198072445186
ID_TCPBQ5,0.005338370095253459,0.004364029965384747,0.00501707560638498,0.0004070745186727656,0.0010738244734952505,0.0014712966088666734
ID_TD09UQ,0.005402409990124348,0.0037705481722355863,0.003887490393508379,0.0003111503198443857,0.0006997294054410822,0.0007018688445472249
ID_TDDKA4,0.007241086826871868,0.007472518101320352,0.006945407797290088,0.0004888750758909032,0.0027151736782077447,0.002761860849096647
ID_TDEU9C,0.010311411894752128,0.016291664361558544,0.022692632408903277,0.0007995229677947851,0.017059760780462296,0.030477071692890108
ID_TDIL0H,0.005309916969090422,0.003935621730146109,0.004071632233327167,0.000445107115529942,0.0009350233156856069,0.000977461667323919
ID_TDYO22,0.00568987547436707,0.005047582899897419,0.005795717948943281,0.0003108411936492568,0.0026850519813676954,0.004281818671860946
ID_TDZYO5,0.3787891978381135,0.3449574633824364,0.2020551566777554,0.4596666134319512,0.45029344790519293,0.31695879109775627
ID_TEKWLH,0.00510877575403603,0.003805959936029713,0.004096885731626132,0.00019874757864331738,0.0005722851744916495,0.0007806591659720078
ID_TENL85,0.005148678909106924,0.004062924704631431,0.004639217878173959,0.00041539448708856916,0.0007167536139980424,0.0007998928153810839
ID_TEZ9WM,0.005866417925625911,0.004678491904361223,0.005033503139598435,0.0001854215430382662,0.0010711820711775462,0.0020141829137283727
ID_TF0ZBP,0.005550774939452342,0.0051603149069831605,0.005969954556815388,0.000639190715840377,0.0017135160311918627,0.002244547052206173
ID_TFLD6S,0.006224185041336245,0.004818598519463578,0.005187062843397149,0.0006983176277401857,0.0012109485157545759,0.001561485787493567
ID_TFWN07,0.02259341393235874,0.006586823814096473,0.006239836032902494,0.002692178790035084,0.0034405387536595726,0.0038427077022986453
ID_TG0ZNO,0.005352025649867252,0.0039597197105629145,0.004511506670854311,0.00018279716827241608,0.0006521206925155871,0.000928865469214079
ID_TGLP6W,0.005099338172239602,0.0038952641058338563,0.00441575730371518,0.00020545140673891238,0.0006325093186678618,0.0008936629938901741
ID_TGLY44,0.032808284904607875,0.08540781797652769,0.09958902925758532,0.005742763079375281,0.08196150469890173,0.09148321276994804
ID_TH3FZH,0.005265723810508381,0.003920730682568823,0.004097782221166991,0.00021652636925439958,0.0005464399189326116,0.0006284183558858203
ID_TH808E,0.005586455422365099,0.004219078646804316,0.004880106155260574,0.00033857147821710027,0.0011744528209292752,0.0014065905368761068
ID_THH1UR,0.009197314294818898,0.00678440078065899,0.008458306902439322,0.0033769852934666038,0.003515579201328356,0.004820708741344202
ID_TIBN4U,0.005992274391635153,0.004909754270128147,0.005324232710138389,0.00023412613043262358,0.0011143456767248568,0.002101916455573318
ID_TIOYYB,0.005528799951727651,0.003770308218316891,0.0049237540297426665,0.0009299771106891396,0.0007246587058825755,0.00159845211375894
ID_TIZ8GI,0.005934166006992104,0.004242420817720157,0.004814519436164275,0.00035214041801551595,0.0009618538758994545,0.001334417362402256
ID_TJ3MK7,0.0053798620551329295,0.004240002904357964,0.004809031445767637,0.0004169217755239817,0.001335477324346777,0.0016356679365498235
ID_TJAXJ8,0.022738346660197306,0.01466408871477403,0.01202009139650898,0.013320309322411013,0.01355570382776303,0.013149373588344773
ID_TJIJM7,0.005648120327129759,0.004348153479489937,0.004785941765878698,0.0004049234014596701,0.0010424892475946108,0.0013016619045793712
ID_TJMU1U,0.005996215651000835,0.004777711439561898,0.004677035478122534,0.0006452459581510922,0.0011552652923439268,0.001240355453342395
ID_TJU7KY,0.00899088192514564,0.005000375279583892,0.005156693985403302,0.0010327232752104587,0.0011762280148811346,0.0015249428104027031
ID_TK4FYQ,0.005337456600769615,0.00435228403952609,0.004374837946918047,0.0002468192308034124,0.0005387062427052624,0.0005791457529592576
ID_TKOQON,0.005574324018080496,0.004232157546768015,0.004819116436202688,0.0002607500945018853,0.0008790495013176415,0.0010895350470807687
ID_TL6ULM,0.005331130763672024,0.0036262184104524924,0.0036009983780351017,0.00020387788622131529,0.0003747397548383743,0.0004892689987853215
ID_TLNC9J,0.005048273874702909,0.0039869385979129516,0.00551936169610276,0.00021358109558771677,0.0011690152197004885,0.0017004418625029456
ID_TLRRWX,0.005296100096015075,0.004640036015263397,0.005694733381381443,0.00019675258363224585,0.0017797061933678062,0.002181311539387166
ID_TLY302,0.005552235607352114,0.004221431087271128,0.004587258257339811,0.0005666729267851472,0.0007228055860511324,0.0009300771312586651
ID_TM0IMP,0.0388433325687082,0.03811872807083882,0.02235319008725185,0.013693028667683117,0.03138698043793699,0.023634139957913858
ID_TM22AO,0.00710427656300256,0.007072109098434191,0.006916021154249682,0.00036718632081415544,0.0015665537169564543,0.0017100286040568023
ID_TMFZSB,0.010217531139674814,0.00560327127085109,0.006160047470285658,0.0019287959139736262,0.002142722782946604,0.0024453301588131414
ID_TMKXE2,0.005784295712457325,0.004386694056020752,0.004560930673640067,0.0007157457343444497,0.0008507063007094595,0.0011459838782277298
ID_TMUJCJ,0.008839913157246096,0.004912560718071543,0.005102629949491165,0.0009055909384736333,0.0011689609950578889,0.001506781728624563
ID_TMYMBX,0.00536404807778114,0.0046905296518582685,0.004889366837808976,0.00022671458373161536,0.0030806853825631987,0.0034667733079116166
ID_TN8FUY,0.0055923780713919265,0.004308204628991952,0.004930677265418639,0.0005474219569813722,0.0010808780813289227,0.0014554788445413855
ID_TNZJLJ,0.005475864270402053,0.005053400156410145,0.006473722153780193,0.0005022600283556575,0.002648153861808415,0.0045420430182777
ID_TOELN0,0.05465294034730897,0.01671419399276153,0.013594843330286861,0.038521970446594216,0.009007870442860782,0.010693666038851099
ID_TOUBDS,0.005608687785732133,0.0038632171948880015,0.0038741731740349465,0.00045854504251831974,0.0007332364441688035,0.0007563536267690536
ID_TOVXGP,0.005103621061246883,0.003729887873831834,0.0038983604567933996,0.0003276036937760832,0.0006019177631743679,0.0006055486730673002
ID_TP1FM0,0.005338370095253459,0.004364029965384747,0.00501707560638498,0.0004070745186727656,0.0010738244734952505,0.0014712966088666734
ID_TP6IPK,0.005711013696005407,0.004172083992270266,0.004783525517796602,0.0005304970140912039,0.000951827043752893,0.0010657870029239158
ID_TQ2SKG,0.005337641049915556,0.004046172206609535,0.004745581900272185,0.00021311738994157566,0.0006895084019133301,0.0014676547730975097
ID_TQK7PN,0.005431493818517828,0.004576749271386016,0.0052981351854527485,0.0004216972669676746,0.0011386195021234266,0.001571767909810076
ID_TQKOQ0,0.005466280210723368,0.004940760831165979,0.0055557355313872485,0.000495072852179841,0.0013808394790969715,0.001522426469357826
ID_TQNBDG,0.005992274391635153,0.004909754270128147,0.005324232710138389,0.00023412613043262358,0.0011143456767248568,0.002101916455573318
ID_TR3LZI,0.005483184958687696,0.003934686235613932,0.004166020394051409,0.0003843191344265293,0.0006636848142427625,0.0007963386262380409
ID_TR8ASA,0.006353063856754362,0.005311459445031907,0.005635456091726031,0.0010658570561695858,0.002369869349894202,0.002521000193300509
ID_TRDBZE,0.00593342826805674,0.0044217192852752255,0.004835251435335521,0.0004122987654045747,0.0008331143196402472,0.001069034763489385
ID_TRQZ0M,0.005419685880088033,0.004243779206193663,0.004786179511004661,0.0005632951007890542,0.0014225263368186092,0.0018167492156664592
ID_TRRIAY,0.23649528629865252,0.37914816059328466,0.5340261520235134,0.25412974588627874,0.4968385163280776,0.7349604260618915
ID_TS28A2,0.006150869194210657,0.0050839067473949584,0.0058334327977599375,0.00036459501536110323,0.0015277378121468777,0.00211136392016758
ID_TSKMGA,0.011271919765184626,0.008735750905734967,0.00875911316387951,0.0033233854198055973,0.004070088851417843,0.0047020963755838256
ID_TT098H,0.005076054935506163,0.0038971439535376838,0.004430712424902127,0.00022843458133299996,0.000967702759403853,0.0011911716735668004
ID_TTS39J,0.005424966534788072,0.0037856942193013493,0.003909167969822716,0.00037983282246974555,0.0007729167838025273,0.0006471879789063787
ID_TUWRO6,0.0051417913796158584,0.00411160591944552,0.004737448009145486,0.0003290931972424687,0.0010766902975227189,0.0013781014643724006
ID_TUZVTJ,0.005316385219026086,0.004585964668081715,0.005732644001595094,0.00027513666250709355,0.0016141535816761418,0.002393533088813392
ID_TV8IEH,0.005328763490911059,0.004709106226655186,0.005971885102078223,0.00041547377720027655,0.001818929026169938,0.002855859996318326
ID_TVDDBE,0.005801996850509365,0.004059791514538661,0.0044889379699204306,0.00017821586496045283,0.0004589412812670555,0.0007370076574764276
ID_TVG6X9,0.0068939523151116885,0.003846122150794097,0.004013889832660232,0.00039744226689763883,0.0009249008786655398,0.0011699683140275882
ID_TVWIUG,0.005728080537531685,0.004418343585654167,0.004679953376637595,0.0003268289257708367,0.0010558939646619135,0.0010570517565792277
ID_TWJ95S,0.005114179623764282,0.004161530297457261,0.004678118280302595,0.00019745953315674513,0.0011049464474680135,0.0013004515736857794
ID_TWJQGO,0.005393688942712536,0.00454108387182309,0.0057467964885134434,0.0002580371241499742,0.0017976046909486815,0.0028882175023440117
ID_TWO5KW,0.005212474083647448,0.0037812781294686414,0.004031472769624258,0.00027354848242041436,0.000713472259687089,0.0008161542540184801
ID_TWRUWM,0.005415656328609737,0.0051678779061761155,0.006850028110290885,0.00037014447855562106,0.0030358481068352046,0.004884394118568384
ID_TX3T1U,0.005839364197929306,0.004187933434948569,0.004974366784709337,0.0002485054575313674,0.0006936308823697192,0.0015930736781572736
ID_TXM3UJ,0.021473557715948437,0.009262912869110448,0.009968884677753448,0.00811586689933885,0.006465160656588713,0.007933375312002095
ID_TXR3M8,0.005102631891741628,0.004095263605379111,0.0048251118212791115,0.0002199219318218188,0.0007076332603484033,0.0013746053746334786
ID_TXY2FU,0.005669505086998279,0.0042338686277532175,0.004534515874524754,0.0003104333118498912,0.0010721387700034202,0.0010990350794061509
ID_TY7PYV,0.00527821225145445,0.0038869807405339206,0.0043132144113173605,0.0002360340957473986,0.0007038278103572038,0.0008417931676868868
ID_TYEL0C,0.005527651493876759,0.004347901844226455,0.005135801818363863,0.0002226370770494818,0.0010552507225886874,0.0013839248874723277
ID_TYJBEE,0.2760146177581735,0.4124476367529067,0.35262579416953527,0.3075940395815725,0.5564341703253033,0.5443673306016467
ID_TYY327,0.00659551911541672,0.004482699251673867,0.004621022524898347,0.001273726910388074,0.001017748333291159,0.0013943006527712982
ID_TZBCSR,0.0054097896319918555,0.00507718163264206,0.00672939239114108,0.0003282787659665091,0.0029035582638888527,0.00450578046469452
ID_TZHJRP,0.007030786030236663,0.003868885749105177,0.003955364282127329,0.0004911840626954341,0.00044153061312034576,0.0007243509161803653
ID_TZP781,0.0055279761066132525,0.00403129008460139,0.00424076064822428,0.00024165872086443768,0.0007853372840894728,0.0009311198352884655
ID_U004UL,0.009910967808023523,0.005421653060406051,0.005432987478966309,0.0008897850624987326,0.0012473880869442455,0.0013843116910176988
ID_U016SO,0.1777356749171531,0.5800223814590927,0.5768933394952066,0.1353195827124904,0.7173178106407375,0.7944374598384647
ID_U03OKF,0.0055458053297291095,0.003953853934792459,0.004265745603099502,0.00026232950676647763,0.0006521016301943264,0.0007034669948488974
ID_U088B7,0.005297724834286004,0.013425693381609465,0.011098478404707138,0.0001762670980750652,0.011428405391383447,0.011197022062752509
ID_U0HW2H,0.005637406282553604,0.004148459329262177,0.004521568750654006,0.00024340836100605765,0.0005891226588526992,0.0007286220108575004
ID_U0K12F,0.0052309027985408645,0.0044285705620651875,0.0065314861479153045,0.0002453326694441925,0.0014863842259112885,0.0022372796257011072
ID_U0LN1Z,0.38120309120891116,0.4370428105837265,0.4832172095973946,0.42925650115191283,0.588604747535924,0.6941952014778665
ID_U0SR28,0.005295527514865947,0.003917666427353511,0.004062079380343216,0.00037106780118124113,0.000615059899299577,0.0006153697589078906
ID_U13QTT,0.005473655529300361,0.0038856453672763604,0.004268379164289867,0.0002665289354065471,0.00048118120032704614,0.0006579289743007692
ID_U1ST6M,0.005133858118309245,0.003946519223305086,0.00456331699322467,0.00020156699208730844,0.0008478956885324624,0.001106916297616252
ID_U1UDRT,0.00937369077893186,0.004686267656459239,0.004217900180581707,0.0007575607930292747,0.000729395491110002,0.0007170346438497287
ID_U2C1OY,0.005241542285158111,0.004246907490215723,0.00446243788061161,0.0003416360322500986,0.0008574020354920134,0.0009859790719830299
ID_U2F392,0.005889223654897121,0.004575459305397701,0.004357467022924167,0.00017396792496083644,0.0007696954933439492,0.0006346380875993424
ID_U2N5AM,0.03540041118904801,0.03262014328469172,0.04049583776715202,0.011599500987556608,0.03880712551917589,0.062311192211710185
ID_U2O9AQ,0.005550774939452342,0.0051603149069831605,0.005969954556815388,0.000639190715840377,0.0017135160311918627,0.002244547052206173
ID_U2SJ08,0.00967132237443529,0.01861088430859269,0.023318192964882214,0.0031677117841708386,0.020839354907455702,0.02666340373702373
ID_U2WF21,0.0053533490743224625,0.004210235893989376,0.00476138610865322,0.0002783136114400708,0.0010886824004115924,0.0013604461592837973
ID_U2WUA3,0.010640269688126959,0.006483116539144006,0.006517125811070966,0.004745306980922945,0.004328118819739211,0.0042215984834778
ID_U2YCJS,0.005425823803935227,0.004414423400804508,0.004698442548845201,0.00031747954738304055,0.0007811575834337955,0.0009185080626263942
ID_U30UU9,0.007773102149309468,0.004918164545888509,0.005390598631672322,0.000926612359181796,0.0011120010854209863,0.0013272170594069365
ID_U3CTLW,0.005871457735114645,0.006061064176756609,0.005731164550573034,0.0003279265982063705,0.0016397605362283535,0.0016060674246513626
ID_U3INRH,0.00531631652076364,0.004166944159811054,0.004747448461318317,0.0002354934137220584,0.001307282853001574,0.001562225214123616
ID_U45SXA,0.01974899623855157,0.008973717835208289,0.007638876391524232,0.005544567386468501,0.008694514872075553,0.007498425079782973
ID_U4XVP2,0.005206526326288954,0.004108874530850923,0.004680071586699388,0.00026645543797402355,0.0008641868398172095,0.0010999692362977454
ID_U4YBEU,0.0054577690256181095,0.005001423023338144,0.006329494360263706,0.0003802777672892197,0.0024383512936254075,0.004415016117523064
ID_U5H2YK,0.09876907520825681,0.023344247873725098,0.02165733116878072,0.07093760039077264,0.022560453600820506,0.02496352885336296
ID_U5R2MX,0.005678604939237989,0.004407932267700346,0.004824997223225041,0.0006416191927577526,0.0011783395624934726,0.00134527913772397
ID_U5RFQ3,0.005255454371488757,0.0040378698152026635,0.004590110411933264,0.00020456919121091666,0.0011128367769284646,0.0015485187060952385
ID_U5RHRN,0.02946207542969154,0.008611053500857252,0.006051121820185151,0.0033219718345816026,0.001824915213118,0.0015056141855485836
ID_U5TTSQ,0.006466107809946025,0.00464665386925929,0.00489497347383823,0.0004626758953341181,0.001117836319082558,0.0013144072608109653
ID_U5VLSB,0.005861636878591351,0.004352542917385363,0.004674627255451432,0.00044743818988297575,0.0009083830613688461,0.0008885444339875909
ID_U6MZRL,0.07739358279267283,0.030902879973403907,0.02385216426090964,0.04180849722906341,0.03468602361921505,0.03319758805118694
ID_U6ULCZ,0.005332641548022474,0.004266427584680134,0.004307596717794002,0.000421385997394882,0.0006909932711871698,0.0008229357950790203
ID_U6WG86,0.005098900055875704,0.0043658135673199545,0.005383805750488575,0.00031197765343456076,0.0020865624732824533,0.002302831428374693
ID_U76OOW,0.005852577968200312,0.004630616929354819,0.005076339413953107,0.00022239524711422412,0.001102178402883825,0.001981653971144882
ID_U7DE1J,0.005848745791698781,0.004093525372080961,0.004547641422492558,0.00020466316187316985,0.0005424765859190579,0.0009338374056046906
ID_U7XEK7,0.010088428626291711,0.004932662268944123,0.004439484275253467,0.0008453279747136365,0.0009178948743701372,0.0009752208745145509
ID_U80UCB,0.012801659390285316,0.005621513077658046,0.010623045492765746,0.002692693339434135,0.0030722533520915656,0.006677429949697849
ID_U810NE,0.0063792384796918155,0.005321215495507024,0.005655975051754289,0.0013511294588030446,0.002472897639535586,0.003008991227582396
ID_U838WM,0.0053665120553122725,0.004018256148270032,0.004132501989270067,0.00019782576003378184,0.0005464138417810097,0.0005678882879227308
ID_U8RC44,0.009783439389034263,0.006452646719192408,0.009347969960376632,0.002749265192847172,0.0016729218381992925,0.00609639116442806
ID_U8UVJ0,0.005363400652125024,0.0036534464330809347,0.003796032524749064,0.00024593076573546256,0.0006550960859067983,0.0007692130217646826
ID_U94QW1,0.005599783438752451,0.004364836954259812,0.004381235047054854,0.0005382620313542381,0.0010525820819426018,0.0010214803102338136
ID_U9DXQ2,0.006150240191936269,0.0042426920964414565,0.004630825062004506,0.0005256724015051327,0.0008777520121930108,0.0010592765574470278
ID_U9FC9H,0.005820943571877465,0.004294729070617851,0.004893425090159715,0.00023256767062082486,0.0009675345557534523,0.0010152444151052184
ID_U9P7FY,0.00564765493988375,0.0038458507765834846,0.004884035144487209,0.0007292626459288043,0.0006231605842615781,0.001215702027199423
ID_U9XJOX,0.005199927640136731,0.003924179732118301,0.004287744965526607,0.00016398877240851047,0.000659685507249176,0.0007079411613874906
ID_U9Z9PF,0.005305730934415093,0.004335745238381828,0.004974005869759608,0.0001267516086271808,0.0014988822938659014,0.0021238705550935474
ID_UA86Y8,0.005814175775472938,0.0045728908708132935,0.004979867074309421,0.00013860992626557361,0.0009957599424961741,0.0019118874905369753
ID_UAFWJ8,0.014796203055404212,0.00784436427977642,0.006418853075102976,0.004512552423154358,0.0032505778450927416,0.003252822247832853
ID_UBIINM,0.005855024577509491,0.004457569460135493,0.004853283359435415,0.00032740232076074985,0.0011264053971467526,0.001480454693179528
ID_UBNAI1,0.009431347584694341,0.005491986497337979,0.004649663407268543,0.001854611689568698,0.0013968104742203896,0.0013807128254165362
ID_UBXNCV,0.005878121728127591,0.004368128231004647,0.004573346954482503,0.0003733426188785677,0.0008390898916405565,0.0009851110903245132
ID_UC68W2,0.005245531311983686,0.003957608688393202,0.004280416408173713,0.00043246692936293394,0.0008826456635058273,0.0009687790241626414
ID_UCBT8P,0.005651617191643262,0.004208147348667026,0.0047873201931381195,0.00025304492325592203,0.0008958594195740162,0.0008624574888414823
ID_UCO85D,0.0053378844513084864,0.0044890708802732176,0.0051359840450837645,0.0004268391080564039,0.0012470779150187416,0.0017110691331048975
ID_UCWQS1,0.005120404710290566,0.004399303740802444,0.00547439698132603,0.0002880575428886567,0.0015888452434295534,0.0024082400139700056
ID_UDX6J6,0.005578213884209014,0.004099192872772355,0.0046199341973767166,0.00022071204454064797,0.0006655806201907759,0.0006646665988136551
ID_UE2F8Y,0.006000760027868262,0.004375381751806656,0.0040846633449186116,0.0018395922287009502,0.0013682266369406078,0.0014046165268043632
ID_UE54M8,0.005708213683832107,0.004075812653299491,0.0045971997105558465,0.0002610397866419572,0.0005953869492887124,0.0008615045168980775
ID_UED7H0,0.0055674179424296975,0.004749337554957144,0.005193092981375845,0.00043407980567419563,0.001171516457988157,0.0013397252824677928
ID_UED8B7,0.0057935086653317265,0.005143248961907889,0.007424738848236545,0.0006347513717302224,0.00237456650168703,0.005134358731732932
ID_UEDSUL,0.005555922120228718,0.00425458152067804,0.0046754008391848055,0.000643730761904032,0.0008558583537417998,0.0012073863883389185
ID_UEI7E1,0.028351365051190527,0.01580764991607882,0.024834182631655585,0.00798589560592259,0.013181674464038147,0.019273946896936612
ID_UEPV67,0.006011836125924753,0.005035347735545192,0.004449950921507623,0.0005761289984510884,0.0009583961029088261,0.0008448241224716676
ID_UF3LOQ,0.017671002936673466,0.014374473187699157,0.017201760547013334,0.007298616174972501,0.011888036469018296,0.014114877197705019
ID_UF64U6,0.009399950686954345,0.005490221943632052,0.004661805702339692,0.0016836186267755197,0.0013721321179582528,0.001381111943187012
ID_UF7243,0.014374189773821013,0.008822066316121549,0.010761424545860756,0.007732760422104318,0.0024611417544626213,0.0032812350208624016
ID_UFG3WK,0.005998345506439169,0.004666289375324193,0.004763603472419386,0.0006286329741979123,0.0010335961615055259,0.0012370447702937317
ID_UFOXTP,0.15941450750623717,0.11669885561897882,0.12045278875596288,0.13696714352435188,0.14593098603425111,0.16399042402552264
ID_UFQUML,0.00676613716634228,0.004626062323383068,0.00500951934525223,0.00047592251428853563,0.0008671812160357432,0.001136288387262209
ID_UFWO9L,0.01256698715023767,0.0065407908564765116,0.005610608191723045,0.0035088684356564936,0.001973798258180047,0.0020040094967448056
ID_UG0NCP,0.005174685572369652,0.004201348680893004,0.004756764626196177,0.00024270673249556562,0.0012325052033010262,0.0013621037508113089
ID_UG4L8G,0.005834867465407142,0.004210289076731747,0.004779869535210193,0.0003556587929128853,0.0006706557738572206,0.001099896749719268
ID_UG6RWR,0.005303385685453232,0.0038966777737294623,0.004312488732403178,0.0001824423519357244,0.0005849541844268788,0.0007194338442720243
ID_UGEC57,0.005261470880087123,0.004790118466825088,0.005051010851997227,0.0002065750469278178,0.0009306973177316528,0.0011462556207061736
ID_UGRWIB,0.0053759852413174,0.003644370510977487,0.0045257395911908445,0.0003078508317606142,0.00044522035801567285,0.0010226760038263042
ID_UGYJJ1,0.005754357395464011,0.004173312897794504,0.004492209842492402,0.00024026275994069857,0.000514698768633624,0.0007043488733462207
ID_UH1KTJ,0.007631459079411265,0.0061672678403590165,0.00711437409877671,0.0015845557054911033,0.0026280161485044908,0.0037764371892726302
ID_UH4UW8,0.00587531415024456,0.004750011909158675,0.0052284343028357275,0.0002983236798269532,0.002191253507846575,0.0030552514216377696
ID_UHB821,0.01595229400121402,0.0406790666436055,0.012732906998349988,0.009692955934132325,0.01688171969500589,0.004900630430211939
ID_UHGZ8K,0.005212474083647448,0.0037812781294686414,0.004031472769624258,0.00027354848242041436,0.000713472259687089,0.0008161542540184801
ID_UHO4EX,0.007291611359780483,0.004701556901784108,0.005291495503859364,0.0008727124768538702,0.0015781250036083407,0.0021376651252428573
ID_UHQ8W8,0.00661368611458858,0.004954132150656705,0.005622994843872166,0.0004895467069335586,0.0010305175813731787,0.0017973280569381208
ID_UHXSJT,0.005440093033090382,0.004485831350479401,0.0048322322634896135,0.00027978089044362116,0.0008318970810454262,0.0011073920780222215
ID_UHZ22Y,0.006379875035746825,0.003913193026154762,0.0038861684462779423,0.0003387917866937369,0.00042090111693613493,0.0004920610145683951
ID_UI3NV7,0.005239470996401186,0.0039339524447195556,0.004370979543687635,0.00017877689368273658,0.000668891870143265,0.0009125566143767625
ID_UI7AWA,0.095077168683487,0.06034171202376454,0.06434331923422575,0.08043277197939293,0.054296504212316736,0.09265192007226418
ID_UIEG1P,0.005634044517749263,0.004449172690775724,0.004895255461994788,0.0003964328683662271,0.0010466729525066038,0.0012644562755348046
ID_UIL74V,0.09525336807823609,0.12590994361399518,0.07823308963825724,0.07054412595105278,0.17000818789501745,0.11982259803704398
ID_UIOBYK,0.007969929826376338,0.004063481034687294,0.004071858510044958,0.0006479102529314052,0.0004666924613392485,0.0007903194174363172
ID_UIQ2M6,0.006131291964315351,0.004940376065753885,0.006283652049182283,0.0002499985451484753,0.0016066580067434623,0.0024719142423103575
ID_UJ3S2W,0.005384361964188499,0.004814145548904746,0.007630837972056233,0.00044697974668318286,0.0021829368099110158,0.004119782937619709
ID_UJI7EY,0.005384985535592368,0.004889638124140267,0.0061081655327958765,0.0003578565583231101,0.002335912518021493,0.004129843170975434
ID_UJJ1IK,0.008626938445870097,0.005578038990967931,0.006076415889981654,0.0014794652441233573,0.0017618015774951265,0.0022365998252019525
ID_UJT70Q,0.005833906424271287,0.005103999534695075,0.00614904656543471,0.0005752550250891123,0.0017186478078649776,0.0023581988825916896
ID_UK2N3N,0.061648134425427714,0.1901915468500126,0.10347383343709671,0.044705960101491575,0.2415209955997416,0.15147611473840902
ID_UK4G6M,0.005659653089405286,0.0039675040835390266,0.004202047579202103,0.00022966312304188943,0.0005619718091615501,0.0006403429567894451
ID_UKASHO,0.009607020511266566,0.005378945230430367,0.005002409541984303,0.0012169931832369657,0.0017306999069288734,0.001712626580696648
ID_UKXKPY,0.09238810080987798,0.03925069378248816,0.023426466091925068,0.0702312897330107,0.015578307356909033,0.012794150916098547
ID_ULO27X,0.0055839055701706235,0.004114691687299358,0.005223162242078341,0.0004908427038702286,0.0012805547471982633,0.0020515004729709644
ID_UMATGZ,0.006252398813521112,0.004801670227107979,0.005579953029660966,0.0005267274685758337,0.0014387965479547235,0.0019663535881428254
ID_UMRHMM,0.005401423824909488,0.00507102447095905,0.006781383403804917,0.00034882078274387006,0.002821866865029479,0.00469460005250433
ID_UMT74G,0.007227276991685738,0.005065657606109206,0.00736213525328997,0.0008310439806708986,0.001097305926296252,0.005076930391643634
ID_UNAGCI,0.005470979941227971,0.005221917614331876,0.006775047753697337,0.0004940354568233723,0.0028019814197599137,0.004647464528856712
ID_UNCSDQ,0.006761224001579913,0.0049142488709350415,0.00529104246803911,0.000606538932933671,0.0026728268737967755,0.002942790704146801
ID_UND8Q0,0.007523598921144434,0.00461056187915811,0.004568614907753616,0.001348666305018509,0.0008141721161648694,0.000915840741569186
ID_UNWPJB,0.005355033231326149,0.004126539094467416,0.00475501077730503,0.0003160310959345561,0.0010243049493869896,0.0012069126886325272
ID_UO8NL5,0.005615771431414999,0.004246129408628802,0.004250951504646283,0.0003903238074041671,0.0007329693359690872,0.0007809633583417081
ID_UOIFEC,0.005435485328032747,0.003948038149543593,0.0040284547164508334,0.00028009521279820615,0.0005650736027239347,0.0006105147460438501
ID_UOLBI5,0.006028240126396204,0.005062580206090111,0.006170666448386248,0.0005850719204152836,0.002414031832305244,0.0024229472098650845
ID_UOLZNR,0.005861636878591351,0.004352542917385363,0.004674627255451432,0.00044743818988297575,0.0009083830613688461,0.0008885444339875909
ID_UONM6Q,0.005177742353624189,0.004097420859661064,0.004210827847307833,0.00028590240102348925,0.0009268101533504544,0.0009487670770922599
ID_UOTTW5,0.005744377074978145,0.004079679708587392,0.004311940755338064,0.0001455808479804025,0.000845812044340706,0.0008004071617265697
ID_UPD1SQ,0.005328385517136882,0.004140734056105941,0.004691643179930125,0.0002709573637561391,0.0007674177313546667,0.0009946082928726412
ID_UPIF9C,0.005998679826863695,0.004666039897835535,0.004766719765161562,0.0006419281620873959,0.0010266775531594132,0.001237860894170614
ID_UPM0YG,0.005518969841302053,0.0036987792600656866,0.004762091325511704,0.0003259161016004035,0.0005317994259594233,0.0013999836055243557
ID_UPMG2P,0.009431347584694341,0.005491986497337979,0.004649663407268543,0.001854611689568698,0.0013968104742203896,0.0013807128254165362
ID_UPPGOC,0.005518484649877639,0.00506396075470126,0.00843604474559583,0.0004615860918691878,0.002653307338411676,0.005525378583307332
ID_UPPKDE,0.005575359291899443,0.0044859758203054335,0.0046045104314378915,0.0006685138071503531,0.0011469347490383104,0.0011697262842440138
ID_UPSVCG,0.005097042629170522,0.0039993585376457775,0.004661724040408554,0.00019090040780341092,0.0009701411278088907,0.001389386563909292
ID_UQ2ERA,0.0057744423759101505,0.004353505987518348,0.004958708117761082,0.00036212449040696657,0.0009743013901636653,0.001171101585454809
ID_UQ2MN7,0.005503446847448721,0.004868272898089268,0.006360039813575268,0.0003134944497154598,0.002128646854573181,0.0032310197010764585
ID_UQ658O,0.022418104985905553,0.008737613007686324,0.013264993641800383,0.006413506867838721,0.008585146409231696,0.014440037406052536
ID_UQLI5V,0.005459283242734429,0.004090358167176978,0.004284895936682299,0.00020259234937235697,0.0006207668868872423,0.0005681723056416378
ID_UR5OFA,0.005475864270402053,0.005053400156410145,0.006473722153780193,0.0005022600283556575,0.002648153861808415,0.0045420430182777
ID_UR6FEW,0.005443550874621617,0.004255464802427548,0.004817386480894473,0.0004377925983871187,0.0013638140913419237,0.001644887796217488
ID_UR8QH2,0.007256391331264976,0.003925379338195247,0.004033330398777328,0.0003758617515793328,0.00032801125754996455,0.0005321961123178048
ID_URF0I1,0.0061450768558814406,0.004498075439860054,0.0051970517070586844,0.00031883713309776565,0.0015896587744899432,0.0018289711684165769
ID_URIDBD,0.03542511225273544,0.010075215759155518,0.009752343414355312,0.01213303868608149,0.007228197821931262,0.010642605476220384
ID_URRD8K,0.007822541210472938,0.005056315847626334,0.005517190129573017,0.0009475196103422235,0.001537660928039018,0.0018885832478897973
ID_URURAN,0.008081510546163653,0.004252265839180726,0.0059915818139385565,0.0008157597783088944,0.0005381173047081734,0.0010001823038422652
ID_URYB4G,0.02369705826903146,0.00931888547441862,0.010167036759894398,0.006181834658783462,0.006791475501104785,0.010253193689651992
ID_USIVPK,0.02503038528895133,0.019639781604809115,0.012697013327841691,0.008167895447986934,0.01046995114281737,0.01023643362901126
ID_USIVUY,0.006016737859544017,0.004755953555772149,0.004909751106501375,0.0002455408812531375,0.000865388700068714,0.000837309726732668
ID_USJ774,0.00504639827366689,0.003958373237865053,0.004594869140940409,0.00022868317880893799,0.0007394602508051691,0.0009943318875375185
ID_UST3WB,0.010820403055605355,0.006575782111422561,0.005857651466069575,0.0027181816717592303,0.002477684583003609,0.0023629430543391076
ID_USYVL3,0.005830547074003534,0.005008934530860496,0.005843266568660203,0.0005018739217934245,0.0016186913650069567,0.0020694621181871777
ID_UT4QJ0,0.005342904600913001,0.004826818439122712,0.006024098838920334,0.00021062313075081974,0.0020876296594367198,0.0031586860805185245
ID_UTLIIA,0.007402888745548299,0.012373516582457968,0.01180351867349711,0.0007721089374474918,0.006103911142350329,0.004901019963897117
ID_UTMX3S,0.005446802376550416,0.004034294721192667,0.004590002930629047,0.0003305005033031548,0.0009705132558955695,0.001204503713524981
ID_UTUSKA,0.005185982838577342,0.0038996493131127435,0.004276360176327801,0.00014910755899743102,0.0004887883107569071,0.0005606905923357038
ID_UU46AR,0.005222572500056207,0.0039564485071002095,0.00419044457943914,0.0002846895224226437,0.0005244028298059757,0.000786521330329076
ID_UUT71P,0.011210146654200167,0.0066832665909136,0.006163872699985384,0.004551424715173971,0.0029635923348412642,0.002774191789269869
ID_UUULV5,0.005172960862686039,0.003642650899394069,0.003666751587275414,0.00015366496020787678,0.0003943789191975403,0.000404568471979144
ID_UUZS7P,0.2839999529175251,0.20101420765159242,0.19980808057261254,0.37203823177346507,0.22132932221269416,0.2593543761082195
ID_UV1C91,0.005244634191646153,0.004334204238195067,0.00486857827625055,0.00020001557016385236,0.0012477429939315304,0.0014905237360433351
ID_UV8N77,0.005123849658342854,0.003986352532161273,0.0043243478629217185,0.0001977974671923952,0.0004282147129538637,0.00045042409145000485
ID_UVABGX,0.010520070762219799,0.006333827624857088,0.009026205797542769,0.00478903097715538,0.0019105728586255814,0.006657722576018534
ID_UVJVQX,0.006584109942449274,0.0050745087246712225,0.00604509631893063,0.0006808204759126663,0.0018127791993664231,0.002701882427146074
ID_UVRWGM,0.0058845274580464745,0.004385292271526559,0.004778508096303603,0.0009528375714694826,0.0013119869776054575,0.0015079459835928022
ID_UVXMIM,0.033457145791498326,0.02818573397529578,0.04674204369476117,0.01597358018027801,0.03354723726033802,0.07096607422168799
ID_UWASJQ,0.005169079500916493,0.004202824205085646,0.004752001928190274,0.00028770784664210105,0.0013615791965727563,0.0014137708959135532
ID_UWLODH,0.005866417925625911,0.004678491904361223,0.005033503139598435,0.0001854215430382662,0.0010711820711775462,0.0020141829137283727
ID_UX404U,0.005553492220927532,0.004331073270042092,0.004632478460406374,0.0006325920828631731,0.0010795217693678055,0.0013300127867861375
ID_UX47K8,0.005383683026114887,0.004011614125457509,0.004294511364038058,0.0002781089024980123,0.0006551536911803793,0.0008908612881601222
ID_UXA3BF,0.005161313988680797,0.0037101675048665256,0.0036680260661787335,0.00014808874237268147,0.0004687938619726264,0.0004948927906616693
ID_UXSMV0,0.0052391298755629905,0.0035967555526479644,0.003530518238627442,0.00019183194690554107,0.0005053568218752975,0.0004917924195415498
ID_UY3XZG,0.00805344616081157,0.004895497903765133,0.005216889110136882,0.001127216806628953,0.0014212876213826862,0.0014018087565417585
ID_UY4Z5F,0.005818082314863905,0.004606735947983769,0.00520097634557642,0.00023053388876194303,0.0013492861494431093,0.0019118516422470698
ID_UYCBVK,0.005715597909106788,0.004581784164064247,0.0046889645563595725,0.0004986824394156367,0.001203052822560518,0.0014778775249194608
ID_UYDE8D,0.01415961233644633,0.013113870333212096,0.012927478168820266,0.007335638190825557,0.007321929802416049,0.008309653373620359
ID_UYJIY1,0.009022161509857364,0.006497687659655319,0.007349118871586917,0.0035454138224865666,0.0034983345460097436,0.004057835658238908
ID_UYNICE,0.005315193812815341,0.0038312260632319614,0.004157969068653011,0.00016859881662679955,0.00042418783652026926,0.0005396585408325448
ID_UYPZ03,0.014398206855899653,0.009826154240867285,0.01494676082521437,0.0036308099467676227,0.004442241467628004,0.00930908902710939
ID_UZLDLE,0.005157994052734688,0.0039407649035606025,0.004160194566580634,0.00023336279501566108,0.0006463375612065828,0.0007232693104394816
ID_UZPUB2,0.014524435235041329,0.011605107757334318,0.010999363724177725,0.0076494172904800406,0.010495581342345125,0.01244011775025859
ID_UZSIPN,0.0052905689132288075,0.00390296330644707,0.003997523798806519,0.0002867415003138348,0.0005840072228573108,0.0005917281082764413
ID_UZW285,0.00539278098235385,0.004803060345859847,0.005921909841800713,0.0004760430546048585,0.0017048795925216154,0.0026721803610418524
ID_V0BREC,0.005385023236983427,0.0038738683127727673,0.004211516995001656,0.0002561328224873943,0.000599276013936518,0.0006933227233869299
ID_V0ITZI,0.005506858733766338,0.004463082582017568,0.0045388236302843984,0.0005067407944350075,0.000983333911724211,0.001079335179665746
ID_V12YNL,0.013827094101578384,0.017208686146327562,0.011924180823293318,0.003682609360077879,0.018415709113662217,0.014786531475894893
ID_V1EWHV,0.005552235607352114,0.004221431087271128,0.004587258257339811,0.0005666729267851472,0.0007228055860511324,0.0009300771312586651
ID_V1IGD1,0.005320536713401846,0.003926491426112991,0.004230937633195697,0.00022025539536816443,0.0005643080953052753,0.0006982762677809792
ID_V1PMY3,0.00554170736669386,0.003997819195062584,0.004370383566129752,0.0002933608321133035,0.0006866432829378919,0.0007783597031662589
ID_V1QRWL,0.005518874538156177,0.003952360862586141,0.004561824993262697,0.00024822019665834364,0.0006960033266392642,0.0010301286294261086
ID_V1RUP1,0.005341401310739404,0.003980324722343329,0.004202520113556492,0.000258074525425786,0.0006108118474240381,0.0005538106034731901
ID_V22VHT,0.005444417433600899,0.003811985417449551,0.004006755768457731,0.0002023430372079645,0.0005135608969523191,0.0007002293481232262
ID_V2FWTM,0.005511634174434535,0.0040704820320916985,0.004328987472366699,0.00028849737902065923,0.0006481984758290876,0.0011600399267548377
ID_V2I3KR,0.005899336805105079,0.004578711444767643,0.00576365527586188,0.0005160013265385396,0.0013637573026037634,0.001983421513298103
ID_V2UWES,0.00536404807778114,0.0046905296518582685,0.004889366837808976,0.00022671458373161536,0.0030806853825631987,0.0034667733079116166
ID_V2VKWX,0.005503446847448721,0.004868272898089268,0.006360039813575268,0.0003134944497154598,0.002128646854573181,0.0032310197010764585
ID_V32HHY,0.005600003309124862,0.004903783172958538,0.005495554273790288,0.0006931347071070132,0.0019560036821193757,0.0025139683281248768
ID_V3AI5Z,0.01851538165329212,0.008127922375060975,0.007168740966271436,0.003639239890858066,0.008332042023444994,0.008217392657550168
ID_V3C88O,0.005501012608089414,0.004399907576944452,0.004852296678517473,0.000358711604285696,0.0009409639404645736,0.0011844082671924798
ID_V3FU4W,0.006016737859544017,0.004755953555772149,0.004909751106501375,0.0002455408812531375,0.000865388700068714,0.000837309726732668
ID_V3YM6S,0.0052108287215553535,0.004190449254659327,0.004748829527926762,0.00037846712784360463,0.000650279675801647,0.0008615228452118625
ID_V44OGQ,0.007478355713343295,0.0046005562258431745,0.004568941147003192,0.0010181380891966163,0.0008216815955846939,0.0009069093799671674
ID_V44WY3,0.005061551933507012,0.003930658551965421,0.004689651917845496,0.00029597462425561753,0.000973693780776791,0.0014175048867083435
ID_V4CJKG,0.005813200696126987,0.004684828711834136,0.004809593529278528,0.0003927313601359218,0.0014903075121066413,0.0013028558833895637
ID_V4E8OH,0.04928554917982199,0.040665447243882935,0.031165828200486283,0.026509314709588543,0.02829501100570731,0.024108249541382132
ID_V4EGZ0,0.09798710877877989,0.03300184899750464,0.04104986379913308,0.043646785060709584,0.03932605337024573,0.06152743185316634
ID_V4PFS3,0.005884966155801611,0.003931878888502192,0.0040261444192051295,0.0002493195443882095,0.0005257315354462925,0.000552004871401049
ID_V5332N,0.005549027857877863,0.00436918291681995,0.0046975292609853945,0.0002598888535742826,0.000745882502085173,0.0008396112282173871
ID_V586YJ,0.005530173819869303,0.004347539857640139,0.004796100725447252,0.0004337879639954187,0.000912222068668514,0.001124718575890697
ID_V5A80P,0.00549511664708845,0.003854798780502704,0.003978992990859575,0.00018945430667610943,0.0005243316880014222,0.0006962754921663594
ID_V5IB8S,0.005191710643692773,0.004247808433400579,0.004997193364497947,0.00025126838637583207,0.0010713606074435893,0.001640012118109274
ID_V5WCDP,0.02362061268023411,0.006457589804607666,0.007182400808021355,0.010148858847289057,0.002641213635667032,0.0033768158417777747
ID_V6CFFQ,0.038781894948307166,0.04810955470409163,0.0313515378887985,0.015883089685611907,0.0467462644374696,0.03200785717876244
ID_V6J8WF,0.005224335934382049,0.0039042138701388695,0.004253490803683967,0.0001716752344517266,0.0004253949559575142,0.0005741143073500449
ID_V6NJBP,0.11650725741929986,0.16158209758254696,0.09653671991935626,0.09423071234901514,0.22492944861359915,0.15480360293507184
ID_V6RK3N,0.007523598921144434,0.00461056187915811,0.004568614907753616,0.001348666305018509,0.0008141721161648694,0.000915840741569186
ID_V6SMN3,0.005809738839098198,0.0043362091532761025,0.004797381119583623,0.0013569028560758898,0.0009708616759839657,0.0011222927276117762
ID_V796K5,0.0050237231769043565,0.003920776092619852,0.004440999555908365,0.0003070241324596197,0.0006974131384873185,0.0008305961297060949
ID_V7A541,0.005462538445670492,0.004227631562671308,0.004644872880513884,0.00032508531923943705,0.0009459174217433041,0.0012163652425848704
ID_V7DMUX,0.005777647758352285,0.003771510487752827,0.003845128364332175,0.0005397418736198417,0.0008037162042418512,0.0010358231200421676
ID_V7NFWN,0.00583964959006746,0.004187963172683335,0.0049717437492736005,0.00024269067825731947,0.0006984603061570203,0.0016153860415387292
ID_V7WQM1,0.005231302933453832,0.0038326651901429503,0.0041610716068772695,0.00013213466959066095,0.0005919898690959132,0.0007544661784189875
ID_V86OOM,0.005558572033685752,0.0037096275487424842,0.004810624150388018,0.00036195530996308267,0.0005492148674929015,0.001511832308014977
ID_V86WTI,0.005466394915455689,0.004245110627613179,0.004740581486688329,0.0001479053366781884,0.0005046392890156407,0.0006452545298086296
ID_V8G394,0.005374666633314619,0.005043122002415324,0.006411019682691401,0.0002809767923445291,0.003014004983085297,0.0037625360435931694
ID_V8O1QV,0.010978351183872043,0.011326654609440904,0.011962200736492715,0.003324755197912775,0.011378857449289964,0.014655468356591069
ID_V8VLC8,0.005904630939222556,0.00419002788854751,0.004298307901861307,0.0005660094695898377,0.0008060671875829026,0.0008118492721166697
ID_V9KJ8F,0.0053728055028426334,0.004113301704616124,0.004783330782346282,0.00018299578112999815,0.0006530404248747557,0.0015159023400482445
ID_V9REXI,0.005203228249209295,0.003884080769452565,0.004267950040294009,0.00026294866201961723,0.000597883054010074,0.0007100215860386933
ID_V9S8P2,0.005402756052128433,0.004129624445983131,0.004310168202961306,0.0002440922703145473,0.0006134290266520162,0.0007145869245409445
ID_V9V15D,0.023963755264954423,0.04737715639157956,0.05191071363754688,0.013047204394433562,0.033981650276933416,0.048205498009169595
ID_VA27BH,0.005288501983341991,0.004220161676193724,0.004982905538434802,0.0002873757910754286,0.0006684523915386088,0.001070970362281209
ID_VA32M2,0.008230788965585711,0.01122089846913644,0.009866675539340185,0.001274564994577983,0.005157835407332102,0.004291571607771034
ID_VA8YS0,0.007031600490255526,0.004622661852937006,0.00531454593628849,0.0013237873989864332,0.0011442811197047906,0.001209436256897308
ID_VACRZA,0.00517198920932524,0.00395467091556816,0.00451238914053414,0.0002847288140722007,0.0011378884280550195,0.0014137341136204267
ID_VAEHAO,0.005362617257967514,0.004015895038060325,0.004121234006976865,0.00022117570178195595,0.0005153088045137257,0.000577087482425797
ID_VAG0Q5,0.01166949488100158,0.007325275321705892,0.007626298359450918,0.0034746275310112507,0.002849587509294634,0.008223389811903285
ID_VAJKEF,0.0058034203592107906,0.004338192710211032,0.004600669654584383,0.00037984792649493985,0.0007646391750766476,0.001299709417150679
ID_VAJXTJ,0.005712294911895323,0.004126868869876638,0.004673941545174271,0.0003072500281278325,0.0012347612751326138,0.0012761868409227734
ID_VBBWXW,0.005392791359105345,0.0045886634431378,0.0055375051708496745,0.00031557372420253007,0.0011348039726269568,0.0025891292255106396
ID_VBCV33,0.007515560257909087,0.005752781604199149,0.00631719921580282,0.0003805571620864923,0.0016093660500782322,0.0018485696343720826
ID_VBHXGV,0.005578618907083308,0.003963671503125532,0.003849047735411461,0.0006399927356035411,0.0012640167425645571,0.001099057967582079
ID_VBT4T1,0.0065763944053845655,0.005600808542141589,0.0056687653222777905,0.00015246144452546286,0.001117829392719941,0.0012324972950779035
ID_VC3C3E,0.02407875165544961,0.004984146029370435,0.0089532392339635,0.007017349280811442,0.002342065227159817,0.006343653654983419
ID_VCCV99,0.005425133833348524,0.0040836935402770655,0.004950445009986476,0.00018608053344181696,0.0010857220016762743,0.001343297850721851
ID_VCDH1M,0.005383066269028089,0.004004948849581217,0.0041771168692170645,0.00028135054592270156,0.0006745042872197254,0.0007425024474607265
ID_VCFVPX,0.005453824187952298,0.004554806236896944,0.0053145769555971055,0.0002784068986323148,0.0019826109618705325,0.0026329403497037072
ID_VCTNE2,0.006186684707003599,0.00479633701351922,0.005143331545398348,0.00030402468926005324,0.001049294471098425,0.0009085941059600243
ID_VCTTSG,0.005599004311702853,0.004107038679242595,0.004389015552140072,0.00025253941474382097,0.0006007441583521062,0.0008935913235268636
ID_VCUVSI,0.13863922184824423,0.196906965006148,0.17593193112581662,0.09843127269991246,0.2542001579459855,0.23038097354154208
ID_VD5NIC,0.006494885694376945,0.005746843694440717,0.008419301928676383,0.0004448208215971868,0.0019017890187323218,0.0029995921801807077
ID_VD6HTN,0.005277853977375192,0.003923007049476485,0.004231145642894576,0.0001984913625703943,0.0006499143623107284,0.0008151586450427279
ID_VDKYTG,0.00910037273498826,0.005981817071563293,0.006996782397877051,0.0009868518959679025,0.0018090828516526996,0.0023704728912471874
ID_VE17EN,0.016529260725770958,0.005823988105020194,0.006272884639901067,0.0035797325503323305,0.0037217950269137264,0.003986551741545649
ID_VE9E3I,0.0059514459920948564,0.004607744671991,0.00485717642279999,0.000665819086578172,0.0011503275534709046,0.0014204817115771673
ID_VEAIU7,0.005687674180101175,0.004562567462385339,0.005335561486980178,0.00034403415125306265,0.0014765483777053959,0.0023999331339866763
ID_VEHMX4,0.005459283242734429,0.004090358167176978,0.004284895936682299,0.00020259234937235697,0.0006207668868872423,0.0005681723056416378
ID_VEMXQ2,0.005241542285158111,0.004246907490215723,0.00446243788061161,0.0003416360322500986,0.0008574020354920134,0.0009859790719830299
ID_VFFFGX,0.0063225789493531245,0.005619900715369349,0.0071282090764009974,0.0004714641644076973,0.004328289100554598,0.007090475307904874
ID_VFGUB6,0.07689009704339671,0.017200429855085672,0.02098730964494507,0.04496833588581418,0.015210926553721653,0.027909631322882166
ID_VFMFNH,0.0058476823931851675,0.004621779162006115,0.004632882124017459,0.00019360124036298188,0.0009577249407341471,0.0008179726198209785
ID_VFP3AX,0.009107311263397153,0.0075671204822205405,0.00985640331771625,0.0019678543767475834,0.004005930772724729,0.007829113349330804
ID_VG1ZFI,0.005698853671254948,0.004076777877491732,0.004482437087764858,0.00033080500559412606,0.0008004223568538972,0.0012829884875977654
ID_VG59CF,0.05554927099663458,0.0214576925645701,0.028668949884492846,0.024929230258735908,0.020272773635056685,0.03073325030307307
ID_VGEYOE,0.0057447352935585975,0.004436728741226604,0.004500614609451736,0.00039069398028310535,0.000928196228439882,0.0010805198607229537
ID_VGITCI,0.005169431541883469,0.004199064027352466,0.004737040138831265,0.00018060091859461682,0.001170792674669285,0.0013406380972794218
ID_VGMTRR,0.005575359291899443,0.0044859758203054335,0.0046045104314378915,0.0006685138071503531,0.0011469347490383104,0.0011697262842440138
ID_VGN8QR,0.0052499310639315885,0.004220857100390256,0.0042966858525900955,0.00027669833302238996,0.0007303880431596933,0.0009002926014655825
ID_VHAKMG,0.24493572549546602,0.2144823195993318,0.1912255505291635,0.286551550471152,0.2508927106915074,0.2863681782659151
ID_VHEXDH,0.005554341602456123,0.004459407017536374,0.004858181134225014,0.00024434725785639044,0.0011471150311389805,0.001599891180454011
ID_VHNKKG,0.006520757546825279,0.004693183735037388,0.005031172645968477,0.0005339921940928148,0.0012947249526425975,0.001722485114134318
ID_VHRU3S,0.008486088964222765,0.004418273288113055,0.004531746456873134,0.0009306704921110502,0.0008605403402470188,0.0009812066517431133
ID_VHW1SA,0.08499939882772943,0.043095657637983606,0.03787814602496721,0.05997307025492788,0.04288167587860094,0.04547136841659937
ID_VI1CDO,0.006189964713485127,0.004437510982455129,0.00615454165271636,0.00031450212280855123,0.0016053119545948048,0.0016993698773834377
ID_VI4U4R,0.005846348677515205,0.0044363748979423905,0.004624671505497576,0.0004057907831250749,0.0008197460769671106,0.0013597725288334171
ID_VIB8R6,0.005918798040256166,0.004769391430087041,0.004887627768668769,0.00040583915089154607,0.001277712163834905,0.0012760807685357754
ID_VIDOWQ,0.005180178123424525,0.00417475756543159,0.004079933118234965,0.00017581404988567648,0.000618525405864568,0.0006898667412501374
ID_VINNFK,0.005093346631326362,0.003980706006580821,0.004841708329377218,0.0002637857755468845,0.0009937352429758765,0.0014174539595501272
ID_VIP5UD,0.006507159788183676,0.004526988746734994,0.004883440513802676,0.0005805458749348431,0.0010020101827177704,0.0012049418089063251
ID_VJ5MEA,0.005118993677731413,0.004056612143550659,0.004719747739626186,0.00022641766262058186,0.0008185519405865154,0.0012183482116509632
ID_VJH0U8,0.021344843755662757,0.04297534286306917,0.034749362198764046,0.005985464903649223,0.03925256169087081,0.03333514108630157
ID_VJMSAU,0.005882948085412163,0.004226560989866253,0.004619376266327774,0.0004517368702091084,0.0009077030738768425,0.001217130165065022
ID_VJRY9K,0.005866417925625911,0.004678491904361223,0.005033503139598435,0.0001854215430382662,0.0010711820711775462,0.0020141829137283727
ID_VK0JGD,0.006156510066967754,0.0039766076407742445,0.004301100087894446,0.00030380792207775385,0.0011451284274440565,0.0012603648026904952
ID_VK25IA,0.0064779211465697244,0.004910588763700145,0.00579627136051584,0.0006509497847808229,0.0019622492223930277,0.002621774604011611
ID_VK9ROW,0.005477487879471233,0.003807938258718127,0.0037941965057642787,0.00041603181432595766,0.0009073168835535615,0.000859894244417588
ID_VKADHX,0.03604360715980285,0.1724538682978932,0.1276768156167751,0.026457659641570624,0.2252426561693571,0.18908961047885478
ID_VKBJCE,0.005804356349278897,0.004273244000598548,0.00445977077016313,0.0007446009431515096,0.0009135468420798591,0.0010741443967743184
ID_VKFW41,0.005578294685583573,0.005542433195119335,0.007575278153753126,0.000527842306212091,0.003909273022907441,0.005431045669185244
ID_VKIX04,0.08425000461273108,0.11556052329439259,0.10470789802397049,0.0578028517814129,0.08518712784169927,0.12503495123998365
ID_VKJX7X,0.009657715421063688,0.006298449577071343,0.006986223535571717,0.0038851517596535643,0.0031996572981817443,0.0035883738335066463
ID_VKKIH3,0.005471317356571317,0.004318665939155141,0.0050068706765860485,0.00033425203988739704,0.0011159548449743357,0.001509543707207463
ID_VLC084,0.004985857327929441,0.0037786918246456693,0.003994997195314863,0.00012248449376025004,0.0004168239225081966,0.0005132287082068304
ID_VLCS86,0.005527427699726901,0.00400174283912206,0.004426167652674895,0.0002706698906850634,0.0006417314369307386,0.0007586184421762363
ID_VLJU6A,0.005391129610359991,0.0048144638510712245,0.007524488237929115,0.0004540080939317594,0.0022182104651304268,0.003934823840107545
ID_VLOALM,0.2619916223687053,0.29709888633413956,0.4328074990669331,0.2959491087175906,0.39740029364700163,0.6085123048179807
ID_VM1XCG,0.005381374483199718,0.004248106399146558,0.0046527780994145024,0.0004262608646462194,0.0007485705371610661,0.0008658228750952441
ID_VM4SKC,0.0056033027120068486,0.0049225438708909745,0.005351877861273695,0.0005896983999109972,0.0017780403990988005,0.0020860210299711596
ID_VM84AE,0.019665586584161364,0.006827759253491147,0.008660793473191656,0.005986178011230985,0.005153043568154475,0.008562356733273982
ID_VMQVWY,0.00757417107106691,0.007839062529434272,0.008428649648144474,0.000737525503036903,0.0025319524699215744,0.003064435792912583
ID_VNBIPS,0.005452343326339391,0.004504125762524461,0.005270543095122954,0.00018922311064958173,0.001488300009449145,0.0023216651819335304
ID_VNZ3QZ,0.0053880331214232365,0.004465954781079323,0.005116460822231125,0.00038633991350877305,0.0011654848868300981,0.0016721434815372515
ID_VO4JHF,0.0054364268345622494,0.004102838781406674,0.004525868773175777,0.00018801181538867447,0.000651385731069713,0.0008927227461051091
ID_VP4TIY,0.005667923209835175,0.004292861533502003,0.004645969622565065,0.00040183810837400797,0.0007691435006001093,0.0009033135781547479
ID_VP7MWU,0.0055459066317175105,0.003953722807982855,0.00424083876689248,0.0003334397753592408,0.0006339696663408584,0.0007718934357420458
ID_VQ4UCJ,0.005391129610359991,0.0048144638510712245,0.007524488237929115,0.0004540080939317594,0.0022182104651304268,0.003934823840107545
ID_VQ7W0A,0.028625676885526488,0.013743431507237848,0.035155119197221384,0.005736425705343838,0.014737546840600337,0.040097496380230316
ID_VQ9S5D,0.005779350621064536,0.004594455403268919,0.0047623892878683495,0.00018739458530927058,0.0012197115045410414,0.0010150960090599644
ID_VQEIBY,0.008470523116342573,0.004341085201980477,0.0042401644423633676,0.0008466890893425319,0.0009043718756773883,0.0010027727979987253
ID_VQGG2L,0.005379679660185936,0.004823453824134245,0.005926759125945719,0.0004640874285983682,0.002004624105557662,0.0030546393456266888
ID_VQRFFA,0.0053868424810386475,0.004035435578266763,0.004174828720898687,0.00019925084053733986,0.0006311201684578842,0.0006415546197140586
ID_VQRYU1,0.005018036009637503,0.003701649293834475,0.00382723156559263,0.00026555064372196666,0.0005515961713743851,0.0006862515492365184
ID_VR1KM6,0.010329184408555526,0.00900415688406034,0.009357422679653364,0.0031214513565986247,0.007808888219354149,0.00884449777626006
ID_VR31M9,0.005606830343287393,0.003949382688485941,0.004167579020641845,0.00030004002804099434,0.0005202943562800258,0.0006374612695549443
ID_VRS6GC,0.1631800504046093,0.4106232102487227,0.3911106392008495,0.09737302287887044,0.557648711384289,0.6064573363600536
ID_VRYVS7,0.005526539013197946,0.005068747698321978,0.008308838144675947,0.0004959916924282949,0.0027159919162897703,0.00542654758006706
ID_VSQBO6,0.006590689616609419,0.005336685891912466,0.005238043080536621,0.0007311112989161917,0.0020637347658992826,0.0017899618495155812
ID_VSR4RJ,0.005429254745747543,0.003921545524931268,0.004440057642387632,0.0002463479900412887,0.0006236488261608927,0.0008912416533162188
ID_VSSJY6,0.00654821931887516,0.004707068065261726,0.0050985508996976145,0.0005034562713669985,0.0012149689040596363,0.0015451659402944149
ID_VST6U7,0.010687991185667219,0.006336063811223507,0.005582569358513742,0.0027126541887220247,0.002391576333221096,0.0021201896747179826
ID_VT6L20,0.005271239133441655,0.004129048475626284,0.004645924944620551,0.0002119012723425104,0.0008608467181322446,0.0009960970854236515
ID_VT7750,0.007141259925166184,0.004131955759609614,0.004196521585207405,0.0005262261670427492,0.0006097007082924143,0.0008882416861283293
ID_VTBHST,0.005846348677515205,0.0044363748979423905,0.004624671505497576,0.0004057907831250749,0.0008197460769671106,0.0013597725288334171
ID_VTZ497,0.059943381040078486,0.09913589954092088,0.15780440707915155,0.04570430026686184,0.06527962805613713,0.12767465450865162
ID_VU3YY8,0.0052100638783014646,0.0037930667808620394,0.00381477103193214,0.0001526347868847184,0.0004528117222761805,0.0004196906426727916
ID_VU6X9A,0.00702723762439602,0.007383549350938936,0.00845419800561245,0.0007604804092550347,0.004732307254157082,0.0054266477905249915
ID_VUB2RU,0.005975953911111695,0.004909792701760375,0.005342673467823281,0.0002664945901733249,0.0011438436173016174,0.002258836741604371
ID_VUKG4F,0.005139830717621977,0.003833401564041994,0.004140291886513123,0.0002642708022788225,0.0007334423422974906,0.0008407623866123293
ID_VUL81Z,0.00632307368024305,0.004128393727231462,0.004142600919894024,0.0002154916887244062,0.0005227407575181453,0.0005984697998559886
ID_VV6B0Z,0.017190988269827293,0.025282875113128562,0.014413298123694265,0.005694376763321878,0.019121284050846038,0.013846395234814091
ID_VV9U6R,0.0054966780762552205,0.004686737088717399,0.005571877368010948,0.0003836685143893892,0.0016411784003107037,0.0023664668445674587
ID_VVIE2W,0.0057557552086910145,0.004162107985998828,0.004612415667469872,0.0003614314609553752,0.0011085829046209514,0.0015043712439930903
ID_VVPJT8,0.005069746957525646,0.00380839912200429,0.004114035035603465,0.00011368287119545288,0.0004631057389434376,0.0004893099673021884
ID_VW2JS1,0.01300341158057096,0.00998431721018947,0.011578939711642875,0.0019350305238326761,0.00678189054513665,0.007666322985831847
ID_VWWM1B,0.3142085332908975,0.5208115920795109,0.4272078745643936,0.393960968016196,0.648464668302878,0.6217044937146081
ID_VWYZDV,0.007028226005327534,0.005544330915424293,0.005286446563708447,0.0007507529968737247,0.0018269081918204373,0.0016937561093277663
ID_VXCY4G,0.005280119760716239,0.00395541073080435,0.004197286355061337,0.00030345841629998715,0.0006999521666709935,0.0009236667321037203
ID_VXNUAB,0.005677257686636423,0.004035031171104155,0.003881949999583508,0.0018113768771830438,0.0011117168506978633,0.001197282104580308
ID_VXVK0E,0.005475864270402053,0.005053400156410145,0.006473722153780193,0.0005022600283556575,0.002648153861808415,0.0045420430182777
ID_VYAECN,0.006106421128143072,0.004579572286711221,0.005315631021224711,0.0005150813736067089,0.001778012867006611,0.002021556765333286
ID_VYD2TV,0.005711347246151696,0.004547525208656674,0.004714329854824346,0.00026075903209738275,0.0010838763972086743,0.0008773353727957293
ID_VYY1I9,0.004993900968075156,0.0039894280142194274,0.004505969894657085,0.0003191591216529748,0.0009020310294185062,0.0010253459504618663
ID_VZ2BA0,0.005843596661302685,0.0047258366059770435,0.0052474448454061145,0.00014635145820745909,0.0015846799355200723,0.001959975237993786
ID_VZICF1,0.00583964959006746,0.004187963172683335,0.0049717437492736005,0.00024269067825731947,0.0006984603061570203,0.0016153860415387292
ID_VZNNHT,0.005432771867939707,0.003964179877945779,0.0043715484790843575,0.00018051071130777203,0.0008223359679207366,0.0010207332639516637
ID_VZO2C8,0.005288465625008975,0.004039175728836528,0.004370654872445467,0.0001801709853496276,0.0006287340652793121,0.0006999614304156747
ID_W0DZUH,0.005799597873184717,0.0042740735892831255,0.0044817240835578155,0.0005593345090948166,0.0009576424033322018,0.0009740422243293466
ID_W0SUD4,0.005911586558463143,0.005170010302671586,0.0060025743810235765,0.001025233250119156,0.0015913187189901846,0.002058688376423052
ID_W15EIN,0.026401566804102206,0.02412586599671922,0.007519845247101208,0.00827406196595136,0.01686305929899275,0.006598917244892998
ID_W22JQT,0.005241542285158111,0.004246907490215723,0.00446243788061161,0.0003416360322500986,0.0008574020354920134,0.0009859790719830299
ID_W2OT9E,0.006096758134858467,0.004515145444227345,0.004909172144940041,0.000510967906844875,0.0008994318631817155,0.0015996250512643824
ID_W39B3I,0.005177742353624189,0.004097420859661064,0.004210827847307833,0.00028590240102348925,0.0009268101533504544,0.0009487670770922599
ID_W3FLE5,0.005625369731062435,0.004471535692737343,0.005066928492778561,0.00029840370464775414,0.0015322003858401414,0.0021745189130984092
ID_W3HZK9,0.005362600079016262,0.00485424488258555,0.007643778540139841,0.0005400274544173653,0.002505134844994311,0.004431901763446061
ID_W3KIQI,0.005731959891620616,0.004515915741160674,0.004551308383593454,0.00028533468027804065,0.0008487996502633511,0.0008371250353293307
ID_W3SGDD,0.006003726898378963,0.004661011262924435,0.00476404517607971,0.0006214102392242555,0.0010376887341991495,0.0010350607486908075
ID_W41W7O,0.07458959802619233,0.02887546087900908,0.029212185029677883,0.06234167676406351,0.009800958916505101,0.014200366892278535
ID_W45VF7,0.017537175085746797,0.030738481916446247,0.02022684011743823,0.003961416363019649,0.023583424051858804,0.018664149661315677
ID_W4K932,0.006070514275771938,0.004558418506633625,0.005132209770516328,0.0003011500260653382,0.0011287329260763314,0.001471901912184712
ID_W4LB98,0.005466783569707721,0.004868206729774418,0.005495200529467724,0.0004878831976584652,0.0011381098274093687,0.001331231849756347
ID_W4PRR2,0.005777373284134291,0.00447270553656564,0.005268825146643675,0.00038247013821217797,0.001158886729564488,0.001649455243757863
ID_W4WHIW,0.0055674179424296975,0.004749337554957144,0.005193092981375845,0.00043407980567419563,0.001171516457988157,0.0013397252824677928
ID_W4YLRK,0.005653997472606376,0.003952669742025524,0.004131682578080226,0.0004866606659837507,0.0009983999310974139,0.0010035097694868513
ID_W551QM,0.07086611438763114,0.07271671856061196,0.07954153664167993,0.04291891760181487,0.06264609100197892,0.11045488047445734
ID_W555RS,0.007038845166413903,0.0067926863721802285,0.006493084454039929,0.0004843943639102297,0.002030891687936562,0.0022442345996319273
ID_W5DHJ2,0.007140417871121526,0.004642648703484299,0.005345114011369096,0.00234652328618569,0.0017226443454381381,0.0021308258235594943
ID_W5OFQ8,0.005343268588311694,0.004057764677324164,0.004412607435897402,0.0004459760447629822,0.0009924336289708498,0.0012040859466962118
ID_W5VGS0,0.00515296433730521,0.00406427458034985,0.004711280441545084,0.0001561614501487529,0.0010721495699025647,0.0011730914261258568
ID_W6BRD9,0.005183414435009165,0.003942291848867077,0.004400114172850202,0.00021873724282656811,0.0007128525950006417,0.0008941224992791791
ID_W6H2GG,0.005399813361599482,0.004319932162906443,0.004985184433742778,0.0004426447191372232,0.0014241680720427387,0.001763528279938354
ID_W6HDV5,0.005878121728127591,0.004368128231004647,0.004573346954482503,0.0003733426188785677,0.0008390898916405565,0.0009851110903245132
ID_W6QZ1Q,0.005154329257373075,0.003969435625860841,0.004405974518587093,0.00018052297000204585,0.0004741434752335809,0.0007148855886641605
ID_W6WUS8,0.005559351069553215,0.004479279635347136,0.0051945383518233095,0.00038275502663595226,0.000747395540187603,0.0009211602411546951
ID_W7FAS9,0.006304977183841403,0.004277575744019415,0.004796124644898503,0.0002539950111004178,0.0010905488356567421,0.0014420482417830264
ID_W7HMMW,0.005675379450602319,0.0040499151670648405,0.004383110806941312,0.0005520772935649501,0.0007637370348804488,0.0009662195861835811
ID_W82UZ2,0.005417623998396464,0.003892753687175759,0.0041410596313170905,0.00018466856230150834,0.000427628027835579,0.00047952189071491714
ID_W83YWB,0.005941204797523029,0.0043201529040270015,0.00464920056172546,0.0003122129459735362,0.0006721454794193422,0.0010501756366556355
ID_W88WIY,0.005201018647849571,0.003831625596323524,0.004062239847880373,0.00015753786282147295,0.0004186847477876681,0.0005191688985577184
ID_W8VZXL,0.4040522319848139,0.3697940384261713,0.20910355466857244,0.49022280901671944,0.4816505651988309,0.3200515657216832
ID_W8YZKT,0.005503405104878409,0.004387710716840339,0.005136419430137673,0.00015033079909745604,0.0008769462770436908,0.0019440309559417127
ID_W9M82U,0.005586455422365099,0.004219078646804316,0.004880106155260574,0.00033857147821710027,0.0011744528209292752,0.0014065905368761068
ID_W9UTJU,0.005384168108421761,0.004333207647581855,0.0048554327918801715,0.00038093711523768927,0.0010545825260981675,0.0013700299572603828
ID_W9UZJB,0.005303427660023123,0.004025359106534526,0.004084852508644109,0.0005865442169577474,0.0008747796287772773,0.000924697367972372
ID_W9XHZ2,0.008051745048738288,0.008797235908698527,0.015228075268019545,0.0006611109145274576,0.004935107422167376,0.009554715061567477
ID_WA6QND,0.0054189048624011926,0.004300319889692167,0.004742197963791053,0.0003512017526742672,0.0011213265240533597,0.0014412310516574048
ID_WACT7O,0.0059052602866964034,0.004477855491371724,0.005032173596269213,0.00028676511450867795,0.0013543860533432157,0.001631762903446944
ID_WAQDGO,0.00836944931496144,0.00523178982812069,0.005760924184067199,0.0018872374689824203,0.001799930214808287,0.0017433316554543849
ID_WB4AC6,0.0057386137801815566,0.0042878126127003065,0.005026962569164472,0.00027650490662745915,0.0009761254260115002,0.001346310055102754
ID_WBEYQ0,0.0063725263540839305,0.004813263379102765,0.005217613743545489,0.0006227223327160728,0.0013581174388469738,0.0019032590602530662
ID_WBH8B3,0.005372132510187936,0.004021230133005957,0.004118311630912098,0.00019750758841508776,0.0005227340982511287,0.0005746313818496263
ID_WBNOOL,0.0054364268345622494,0.004102838781406674,0.004525868773175777,0.00018801181538867447,0.000651385731069713,0.0008927227461051091
ID_WC0D1P,0.007361932576156395,0.0047073016268669166,0.00496054806158836,0.0014630212575653275,0.001194075134009703,0.001618991092719165
ID_WCKBMG,0.0051922608118041644,0.004206611644468421,0.004115212605566269,0.00015838143781150894,0.0005067551765487466,0.0004862075010379665
ID_WD7CSJ,0.005482359958629878,0.0046122173679988875,0.005081025383698693,0.00042393013182804613,0.0011583857078920313,0.0014919644682637298
ID_WDF4T1,0.005332311703875595,0.004265872606799738,0.0043026422864275915,0.0004219357325974889,0.0006919858069520981,0.0007974009251470576
ID_WDQMGW,0.005600171929581125,0.0043341739421189195,0.004507464581537118,0.0004470022009457221,0.000852912088729553,0.0011337623124709343
ID_WE46Z9,0.09686240251830373,0.024688474053483466,0.026287102364280692,0.07210445224344827,0.019862466707021496,0.028775062745213
ID_WE66R6,0.005462575159932111,0.004998074653190999,0.006209728974091219,0.0004418796210786098,0.002081043642049231,0.003264670656942115
ID_WE6D86,0.008239596095072414,0.004819658988773175,0.0048334316709628825,0.0006942026303537196,0.0010678158999430174,0.0011157672555108052
ID_WE8RKW,0.00541941734795252,0.00410990830593046,0.004293550024186062,0.00020219361937967998,0.00071205504662765,0.0006985208179413179
ID_WECC7T,0.36368422058373084,0.37021699301147193,0.3055162857987185,0.4064662687533381,0.5024057579795009,0.4854408643081669
ID_WEM7E6,0.3339839293317194,0.4413664903791781,0.5724114390296258,0.3792233607193196,0.5391116800592007,0.7671918528945203
ID_WEUPHB,0.005391794531722137,0.004709146786996,0.00593809940402035,0.0002357460430386415,0.0017204791361128116,0.0023306527167351494
ID_WFD1TM,0.005297891640389677,0.00393093144066371,0.004098798733053986,0.00020582928815369913,0.0006221652102952834,0.0007958787630442288
ID_WFF4P7,0.005810177349187582,0.00463816811139344,0.0049970943130957955,0.0002051121204488845,0.0010153899245531155,0.002106930251791367
ID_WFLX1D,0.009891957232601431,0.0081977912255257,0.008581634327165065,0.0033179616022288054,0.005475418065673208,0.004903266402605004
ID_WFSRDW,0.005279933106826226,0.0039982154329982,0.004338875904424424,0.0002831888431162797,0.0006347530618428755,0.0006814116084067608
ID_WFV9C0,0.007484311501126572,0.004769768006368331,0.009133324547193932,0.000951390409996603,0.0011163334293908364,0.0022198284327271194
ID_WG14C6,0.005174885254173052,0.0042740188462491125,0.00406984701492742,0.00020557804575740976,0.0006059958910942829,0.000561716428582345
ID_WGDRNV,0.0051635888657899365,0.003590115516100935,0.00369911574196153,0.00017996687369365667,0.0006407166430416048,0.0006791490903758057
ID_WGGUI2,0.005393636128729477,0.004011028445721265,0.004137667613482296,0.0006950352551186453,0.000866553305655458,0.00087345049776431
ID_WGTUF3,0.005253636092347138,0.004020623487440873,0.004675655689595439,9.580752980192049e-05,0.0005095326191712369,0.0009771584585349608
ID_WGVQO0,0.005212474083647448,0.0037812781294686414,0.004031472769624258,0.00027354848242041436,0.000713472259687089,0.0008161542540184801
ID_WGYIZG,0.005518484649877639,0.00506396075470126,0.00843604474559583,0.0004615860918691878,0.002653307338411676,0.005525378583307332
ID_WGZT3N,0.005193011134236061,0.004132068727935183,0.004670207426772618,0.0002270131970024787,0.0006542325973071786,0.0008822349224223995
ID_WH3JS3,0.00541177915324878,0.003847975890803559,0.004398308212729131,0.00020025688037114282,0.0007813033143487737,0.0010370227289117886
ID_WH760F,0.0064123046940944995,0.0048160115937582754,0.005337256392937513,0.0004226894943099791,0.0014469650482852251,0.0015485465499056055
ID_WHC7HZ,0.005518491154455946,0.0044451960409822204,0.005128488518709385,0.0002028403990543835,0.0008505933930941876,0.0018512912116986867
ID_WHGARU,0.007899610556525744,0.004242540177298266,0.0047765491328410695,0.0007121076169044749,0.0013411188305970146,0.0021816667556026747
ID_WHQS9J,0.0052938237531812895,0.004162366420116828,0.00485041318856059,0.00022291824033884953,0.000663163683358984,0.0007891277850312152
ID_WIPE3M,0.005155212381129415,0.004189821282451415,0.004955815300501121,0.00028239238810907007,0.0012177208187377398,0.0018704005314647406
ID_WIZJEA,0.005144944903138875,0.004036155912847711,0.004563801528482838,0.0005683401962135661,0.0011112666545523536,0.0013654143628449192
ID_WJ9PEO,0.008102887132393048,0.005259600348308438,0.005655058170674988,0.0010012447364529291,0.0012033455914450615,0.0016177841070879144
ID_WJH6IB,0.011938845047777608,0.00914850390495174,0.006671834119104764,0.005213583484813339,0.003056732012020666,0.002540291983103002
ID_WJZODY,0.005387088734811722,0.004607852623086184,0.005474064729916046,0.0004108810969306574,0.0016065647324514452,0.0023127051796729622
ID_WKHNNC,0.0050862441836511335,0.004064581149057699,0.004724183577082923,0.00019872861708039903,0.0008757745177381537,0.0013634599105155384
ID_WKIX11,0.01620195432177598,0.004935402173381397,0.005356680674885897,0.00796283288385365,0.002335781477119262,0.002510026196569938
ID_WKK2CS,0.009039155831000742,0.004935944882447425,0.005190866891694817,0.0011886018643311798,0.0012174280020514072,0.0015726091353774358
ID_WKRV0S,0.005511661468694304,0.0039023577737926076,0.004097487724971267,0.0002617125833328706,0.000680120555204626,0.0006653032681989774
ID_WKW5QW,0.0052203352283179075,0.0039250719855977835,0.0043793953277251425,0.00016548039723365712,0.0005649463665773623,0.0007269710193161432
ID_WLB3OY,0.006466725566734373,0.004649834428127576,0.004910406453938874,0.0004808829846273108,0.001153059953806134,0.0013662344774702199
ID_WLI35N,0.005397473233776751,0.003994854253892214,0.004064119607716417,0.0001688921616342544,0.0005530253207912162,0.0005651811216125428
ID_WLJAHR,0.005808269829025629,0.0043647874049635455,0.004610429357979017,0.0003304230925315019,0.0010815035163430006,0.0010546184283235054
ID_WLOGY7,0.005713456787537352,0.0458612293698442,0.030619904015917705,0.00029623595459959354,0.05410909359604446,0.04552361019578103
ID_WLTHN7,0.012454999850327558,0.009725289768232266,0.03409664357120172,0.007070361851683775,0.0036510781821474645,0.011373883853304395
ID_WM0LSK,0.024653541739268012,0.0566124407148628,0.0698413807919267,0.0045198915233116005,0.057441474134755956,0.06693124256485153
ID_WM2OCW,0.0052592987298382046,0.004308864007989151,0.0054439594872272064,0.00016236057744029085,0.0011523510360621494,0.0019148136079622507
ID_WMD60I,0.00527821225145445,0.0038869807405339206,0.0043132144113173605,0.0002360340957473986,0.0007038278103572038,0.0008417931676868868
ID_WMGN2O,0.005503405104878409,0.004387710716840339,0.005136419430137673,0.00015033079909745604,0.0008769462770436908,0.0019440309559417127
ID_WMO3QN,0.005465329512372623,0.004182390499355683,0.004622053731017253,0.00033039424416197966,0.0008269362905089995,0.0008290151982075333
ID_WMX71G,0.005574826934361208,0.004091713839243604,0.004429955473946687,0.0002400952979419007,0.0005026534352678382,0.0007996306879923823
ID_WNI8DN,0.010217531139674814,0.00560327127085109,0.006160047470285658,0.0019287959139736262,0.002142722782946604,0.0024453301588131414
ID_WNJ45A,0.07745978854175303,0.04081416625482834,0.04751484595387256,0.06217762334752993,0.027796984166469346,0.05468173537462418
ID_WNL2AW,0.005643662535063698,0.004206743609032935,0.004791220639780856,0.00022321369132443538,0.0008759948205716725,0.0008760890455946662
ID_WNRIP1,0.005662703657654386,0.003707154363158554,0.0037219847626558298,0.00026583350969529984,0.0005830264997625595,0.0005967041982069416
ID_WNRKKF,0.005866417925625911,0.004678491904361223,0.005033503139598435,0.0001854215430382662,0.0010711820711775462,0.0020141829137283727
ID_WNRVPK,0.005423468627396288,0.004157866572598018,0.004254012428426927,0.0003340891250536335,0.0006518860901411207,0.0008282582697708975
ID_WO830L,0.007140417871121526,0.004642648703484299,0.005345114011369096,0.00234652328618569,0.0017226443454381381,0.0021308258235594943
ID_WOGWV5,0.005175410792338048,0.004135008176892612,0.004039733270776721,0.00015825177477192317,0.0005191459587993529,0.0004830563744375806
ID_WOOP5X,0.005335373861560549,0.003990125918939163,0.004501671768178499,0.00018010340409667998,0.0006341415084499938,0.0008999708607161817
ID_WOQ9RN,0.005822245662176769,0.004647988983031369,0.004723785097573232,0.00018341153509960508,0.0011509950840264092,0.0009021713550969505
ID_WP14OU,0.005421143281850107,0.003815499602043722,0.004608238206703713,0.0004958278833664827,0.0005292249815197744,0.0008860823305437501
ID_WPHAGI,0.005448507341772864,0.0040834552972454086,0.0044048372522585534,0.00021864845186289963,0.0006542833432594017,0.0006572443791466319
ID_WPMWMW,0.006916309160881216,0.006738289171525256,0.008353940090558317,0.0002533757759049002,0.0025002209939888943,0.0030325106086380857
ID_WPRF92,0.00509525131582261,0.004163254938255146,0.0045777916108184075,0.0001462370493209327,0.0022176904510927196,0.0029212255849799334
ID_WPT41W,0.007185205410833548,0.004980100970702008,0.005261276689163368,0.0009128803755347906,0.0018029621007804777,0.002121303197236407
ID_WQ0W7P,0.016284349800922464,0.016787121516270077,0.01638258012243554,0.0043293130981979615,0.015052311810696859,0.022330858544770973
ID_WQ3JF5,0.005992935971115879,0.004909726932201321,0.005329784190251147,0.0002495390580335609,0.0010932564757729513,0.002057335174575721
ID_WQCUST,0.012054087344491624,0.00651649890623837,0.007631605063811779,0.005383363428210404,0.0019343415852819286,0.004527081647614649
ID_WQGKWB,0.005634631195176073,0.00453842218381773,0.005236821276921861,0.0003118150693059426,0.0009134458828001716,0.002031893179633884
ID_WQINPU,0.005151649453639661,0.004108909189507674,0.004351158409162172,0.0002624861820665238,0.0008465858049622984,0.00107640088415454
ID_WQYMPM,0.010654227614453879,0.005866916098724925,0.006225269906626268,0.0039200879630986165,0.0039252190786489205,0.0029035088529775375
ID_WR0XZG,0.029451445900246894,0.014957836532229492,0.014219068982358663,0.01739471994268272,0.014160239435603586,0.015579395464557833
ID_WR1UYY,0.006115052007508565,0.00526758585344514,0.005830028882005782,0.001025800677783531,0.0020128065588102513,0.0025921139758736827
ID_WR3P0Q,0.005331763532278919,0.00441048121117429,0.005318414953716048,0.00041893291429523176,0.0013268171051760346,0.001679579008524471
ID_WR6L6P,0.005503405104878409,0.004387710716840339,0.005136419430137673,0.00015033079909745604,0.0008769462770436908,0.0019440309559417127
ID_WRG2RD,0.005188314576816882,0.0038717086498973475,0.003963023842836769,0.0003280289346294426,0.0007954055136076055,0.0009402523017262118
ID_WRGV5B,0.07217816985064134,0.015442782613633488,0.014822970842399657,0.019471464006903052,0.009066073852307248,0.011033025209127412
ID_WRL982,0.005387137493090126,0.004025650910982108,0.004490355988822798,0.00024731443447311796,0.0006012932915981845,0.000972817070397278
ID_WRR93C,0.005391129610359991,0.0048144638510712245,0.007524488237929115,0.0004540080939317594,0.0022182104651304268,0.003934823840107545
ID_WRT76C,0.005443550874621617,0.004255464802427548,0.004817386480894473,0.0004377925983871187,0.0013638140913419237,0.001644887796217488
ID_WRXH21,0.0185343855503668,0.006931096074296613,0.006769736576485304,0.003602455420745629,0.0032433878646653137,0.004214387521004937
ID_WRY1CP,0.18660186118487365,0.40076364159329536,0.28131156704486343,0.18100839012058278,0.5093729612412534,0.39978833951439113
ID_WSFCW5,0.021508449446563244,0.006624552293545854,0.006719443153158725,0.002955324678553623,0.003424291207912093,0.0039485846069097896
ID_WSG62Z,0.005538873951385598,0.004083790502824491,0.004416095843626523,0.0003082774944455597,0.0008296957075257945,0.001056293195858001
ID_WSV31O,0.005452303467532592,0.0042645942050402764,0.005011227426319105,0.00024364330165572114,0.0007681106777644491,0.0011334895670082033
ID_WSXVUU,0.005470024870398588,0.005382538059083037,0.007162814284439774,0.00045509983245759406,0.0035728956772570846,0.0048080902412181575
ID_WT1HQ6,0.005173683414867102,0.004145594128176586,0.004081453685964043,0.0001775449287782327,0.0005209823529217501,0.0005885543901362232
ID_WUKPEX,0.005413787107838977,0.0041776878144708296,0.00484684928921234,0.00022879534151652516,0.0007162596490395979,0.0016683089932793026
ID_WULH1Z,0.005623002090167418,0.004253071784830318,0.004193066866771105,0.00027938590670931174,0.0007377719978081423,0.0007093540710739685
ID_WUM26R,0.0070310878248675485,0.004599765328570129,0.005284965270925567,0.001457884222542322,0.001232482936405944,0.0014517033871189612
ID_WUQWL2,0.0064151487183781,0.004858946854074053,0.005507679149550253,0.0004686484957566047,0.0015535014255261335,0.001998410950698671
ID_WUYKXR,0.005956072226722244,0.00520716185946559,0.007482617591649858,0.0006397864757034585,0.002286291837320308,0.004617674400980505
ID_WVHSDA,0.010017630474633754,0.005151490595550144,0.004931004896807916,0.0008720375355451603,0.0006030731474798811,0.0006865655597610959
ID_WVY88C,0.005728448071072564,0.004224754701575773,0.004683800242286347,0.0002820563051400329,0.0007151708820090836,0.0008565919116547981
ID_WW13YS,0.005284727908165361,0.004205454104299516,0.004733091505568973,0.0003715836742038533,0.0008423117591534803,0.0008808365795442861
ID_WW98MI,0.005623002090167418,0.004253071784830318,0.004193066866771105,0.00027938590670931174,0.0007377719978081423,0.0007093540710739685
ID_WWIG9X,0.005613024895113933,0.0042455251760436805,0.004271653392685053,0.0003261094364186715,0.0007163675555889382,0.0007608819230437926
ID_WWKLVE,0.005070723420678141,0.004213509536517163,0.005893875910478366,0.00026518326894225865,0.0017478529010985277,0.0024787718902572167
ID_WX5YV9,0.00501305041333055,0.00381647115524301,0.004053698608765797,0.00014409791047529516,0.0005316068041492995,0.00059439567249205
ID_WY389E,0.007731145591699109,0.005261240812568408,0.00783182548654081,0.000819906830622283,0.00120948396324948,0.005525989860857871
ID_WY97QW,0.006304819127212445,0.004279275960687223,0.004810277718274029,0.00026659402217209916,0.0011007986885120454,0.0014412073812907335
ID_WY9EAI,0.005548258115888307,0.004355522802817642,0.004960219804231937,0.0002640878833988343,0.0015246796754955438,0.0021099553948058032
ID_WY9YFZ,0.005037171769788042,0.0036857805904144214,0.00380337730628375,0.00026746999640669234,0.0006223340139851066,0.0007585277974421524
ID_WYA35N,0.015746907113241664,0.008912806599146252,0.015425559907690402,0.009699035062123046,0.0077448113823381775,0.011830730111651038
ID_WYGX88,0.005352072306273396,0.0035337658156500426,0.003519735059054181,0.00017026515740561638,0.0004683560536578649,0.00043846934362794547
ID_WYQ24M,0.19588897290700197,0.18068384098853232,0.1469485022568601,0.09919509737691103,0.06368394018106338,0.06752714859666141
ID_WYTA25,0.00806810487888461,0.004244870408886492,0.005917504775546525,0.000801192748826173,0.0004613154929293452,0.0009692875555348679
ID_WYY6XC,0.009602324863712477,0.006556732194585195,0.00658329525459667,0.0049372139021345626,0.004133462517734196,0.004585890392120807
ID_WZ4ZLP,0.005277715339413098,0.013328953596023794,0.011418848116133539,0.00019244418285085122,0.011654926034290091,0.013030221062129416
ID_WZ8Q7B,0.005452343326339391,0.004504125762524461,0.005270543095122954,0.00018922311064958173,0.001488300009449145,0.0023216651819335304
ID_WZIGXM,0.005775733259419107,0.003861569088039437,0.0040118333051625855,0.000377764402195169,0.0007870653176644768,0.0006949028000162581
ID_WZLIOZ,0.010296891828990573,0.005579775212691979,0.00614229503078981,0.0019094550318838235,0.0021447342786661792,0.0024686082130864367
ID_WZNIA5,0.005172696848802551,0.003875610670423283,0.004283695605189617,0.0001718035336778091,0.0005554436472356485,0.0006279850236124618
ID_WZY98V,0.00552118052993579,0.004057720949592134,0.004277137980555924,0.0003089460331896089,0.0008591577905341666,0.0008955344838970274
ID_WZZ662,0.006165940596099518,0.00424277056859121,0.004628065246938053,0.0004928828762024611,0.0008629545202189238,0.0010865988189632237
ID_X03IG4,0.005960870654593573,0.004334830683383878,0.004497800989432671,0.0005496733234683674,0.0012980535311950844,0.001466905824790627
ID_X06P29,0.005833906424271287,0.005103999534695075,0.00614904656543471,0.0005752550250891123,0.0017186478078649776,0.0023581988825916896
ID_X0BMWM,0.0050436068690351684,0.004144576247006076,0.004445245025477722,0.00019840770723409263,0.0005905484947670472,0.0006132384052379272
ID_X0NOSD,0.005744280983649813,0.004631583676953864,0.0053694377657337025,0.0002938975341587059,0.0013489780815200945,0.002025063514621851
ID_X0QGMF,0.005240148384448169,0.004589561479655029,0.005526030237247343,0.00030073340278036475,0.0018487704726721536,0.0028065751306131487
ID_X0U2Z7,0.005070545183801991,0.004124204311884986,0.0051490091026492315,0.00014472830079304165,0.0007153423891632739,0.0009736477302306244
ID_X1B7HZ,0.008909420464843215,0.0058826196429380105,0.006315587887405141,0.00127000980047746,0.0019881691532456255,0.0024732453026713856
ID_X1JF4P,0.005625809039821735,0.004446870534367467,0.004745450252668476,0.000497272801192285,0.001101245499860948,0.0013856818980316594
ID_X1R31L,0.0053349505859364875,0.004318342859258164,0.005277324589874278,0.000234860648351838,0.0011239406728068065,0.0014104116596463999
ID_X1U8KM,0.0075461845457564245,0.004044374325268725,0.003842666418196253,0.000611990771431413,0.0006601244675712169,0.0006948510420210582
ID_X1XYBC,0.0051313163234213525,0.003868700025028542,0.004186685324425313,0.00018273134141470832,0.0005498149433117423,0.0005768426881994089
ID_X20N3V,0.005902794484739727,0.004857898818971654,0.005921158651989361,0.00031712641868191665,0.0016791675820385713,0.002400705790399635
ID_X2EZX0,0.005527556755866164,0.004079208385404279,0.004367136794608788,0.00019529174407929384,0.0005688716573827153,0.0009960525608815835
ID_X2I29Y,0.005847866512756119,0.004304082664201913,0.004742536064744387,0.00033506785902671427,0.0010738487263818042,0.0012444999612041714
ID_X2RBI1,0.00804634607489292,0.00471533817483975,0.004883737724205969,0.0005529425708725533,0.0007757366055196903,0.0009568998039898218
ID_X2SDKG,0.008618298312450628,0.004134755002715749,0.007257811096143959,0.0006716896252306458,0.0011195905618830756,0.002219203532767399
ID_X2SPAZ,0.00536404807778114,0.0046905296518582685,0.004889366837808976,0.00022671458373161536,0.0030806853825631987,0.0034667733079116166
ID_X3NJBT,0.005339481282481221,0.004400415242404925,0.005149504053458671,0.00045281345374673,0.0011683621426090498,0.0018466871646559682
ID_X3Q9JX,0.005287181377040391,0.003979888350689089,0.004273584493425952,0.00022553873254295797,0.00046469712580808154,0.0005234931812298219
ID_X41NOX,0.005863673973577413,0.004938276504118201,0.0055118917043040306,0.0004634626845060139,0.0015691786520049874,0.001961048727359307
ID_X49G2U,0.006401714306181941,0.004872768845182735,0.005659219221889201,0.00047569456032187687,0.0011645408915935465,0.0017674140582944423
ID_X4RW56,0.35746320150840394,0.191285411924761,0.13219614874611482,0.43744373092721206,0.14412648135499942,0.14660651880584857
ID_X4ZZMV,0.4026791135715821,0.5886708303822593,0.6826462614485427,0.451143757625839,0.7742232236043246,0.8668813976946981
ID_X56U7A,0.005576467991469247,0.004358324045780658,0.0049937420146669255,0.00021089870348206397,0.001371913764239004,0.0017814541275804128
ID_X5CALQ,0.006040341954963339,0.00497467217714169,0.00563138636826934,0.0004156850796825144,0.0017504244966316225,0.002140199252246082
ID_X5FI4F,0.005367986803248783,0.004068240098774089,0.004266900289799959,0.000285429027017624,0.0005582134004719196,0.0006782442285886445
ID_X5LN7Q,0.005442188696571677,0.004536841526493309,0.005159776476321955,0.0003694727430510546,0.0011241065131015915,0.001931273254749078
ID_X65SMS,0.005347840958115502,0.003858875606298631,0.003964545171402456,0.00023450904838923987,0.0006126279634988102,0.0007056035107508873
ID_X675QX,0.007123332990896041,0.004700296294058877,0.004810799515029448,0.0005779207973305091,0.001080159668297218,0.0018018919564038564
ID_X6CKBA,0.007312105521086281,0.004048916458052954,0.003763446401544552,0.0006135167349235134,0.0006431105897089112,0.0006767664275251666
ID_X6E89R,0.00530487624689905,0.0043862297034605756,0.004977745306239765,0.0002586984577087971,0.0010649870885425033,0.0013995397115168313
ID_X6FV99,0.005157835263630917,0.004166363912334442,0.004848188573071892,0.0002964437094804003,0.000991454590449422,0.0012925528439215416
ID_X6MHWN,0.006105774393782934,0.004545068713128981,0.004992822855156265,0.0006006092744192166,0.0008235924185236947,0.0015985972587479582
ID_X6MXTF,0.005297322875466185,0.004192415219271658,0.004916723014859205,0.00036166534350742905,0.0007009207326563642,0.0008774416315725165
ID_X6X0ZN,0.005045562859281725,0.003853291166340957,0.004285500016741904,0.000220142915357344,0.00047109683024005824,0.0005670641468462081
ID_X6ZOJH,0.010217531139674814,0.00560327127085109,0.006160047470285658,0.0019287959139736262,0.002142722782946604,0.0024453301588131414
ID_X70RUE,0.008921461373435703,0.0036904050856034153,0.00451031355424131,0.002071661544035596,0.0011167792704079855,0.002388619293392114
ID_X7D1UM,0.005277627372329149,0.004046313061257898,0.004355711230546245,0.00017187709091814765,0.000710419281112237,0.0007988370726447244
ID_X7QNEK,0.007647507276666944,0.0055046400156755155,0.005772026806411089,0.0018220657680025807,0.0020439538443200213,0.002537320122948174
ID_X7RL40,0.0053891743275349055,0.004788722254738981,0.006137463748814585,0.00025994866819902316,0.0014587011568963798,0.0025673011037214816
ID_X7UEWP,0.005374666633314619,0.005043122002415324,0.006411019682691401,0.0002809767923445291,0.003014004983085297,0.0037625360435931694
ID_X86LHN,0.010184282159177573,0.006453748069495791,0.009214265382194803,0.0032452037923552095,0.001824828884325695,0.006652621176625996
ID_X8CXRN,0.013827094101578384,0.017208686146327562,0.011924180823293318,0.003682609360077879,0.018415709113662217,0.014786531475894893
ID_X8FLQA,0.010217170640606397,0.005603158368853078,0.006159568613627735,0.0019284968138538175,0.002141554770532441,0.0024417787569551517
ID_X8YETU,0.005384361964188499,0.004814145548904746,0.007630837972056233,0.00044697974668318286,0.0021829368099110158,0.004119782937619709
ID_X91UOX,0.007030035699268145,0.006783021844083994,0.006492194359421831,0.0005165811903448498,0.0019519584218135634,0.0021848758367216036
ID_X96S3I,0.005765041063903722,0.0041615191077742945,0.004607857512657805,0.00036374582959696324,0.0011058223236156525,0.0014516482947349875
ID_X9A4JH,0.0054097722324811205,0.004723071928437476,0.006189042320465086,0.0003782595502451198,0.002039249020287529,0.0029419257580207813
ID_X9HSZT,0.005608284615187698,0.004605832798887725,0.005047848940891224,0.00042052008375233126,0.0009868719966492825,0.0013362767006562361
ID_X9K3UC,0.005519261079546822,0.0038805748256884706,0.003992829139874878,0.00032802200133151056,0.0006701801402513538,0.0006895386824826446
ID_X9KR9T,0.005615945003364885,0.004545510606063088,0.004767517922252524,0.000541928098408753,0.0011355873186044507,0.0010830877243223661
ID_XA4WSH,0.00568466563077721,0.004589619849918583,0.004766415104159932,0.00014667096947106433,0.0007779770835570163,0.0011676291534827527
ID_XARP7Q,0.005992274391635153,0.004909754270128147,0.005324232710138389,0.00023412613043262358,0.0011143456767248568,0.002101916455573318
ID_XAUH6E,0.005595478177485554,0.004010894236375384,0.004434671723905782,0.0003378188371885256,0.0008866014266255528,0.0012345409894009899
ID_XAXYZK,0.0185343855503668,0.006931096074296613,0.006769736576485304,0.003602455420745629,0.0032433878646653137,0.004214387521004937
ID_XBCJ33,0.0052592987298382046,0.004308864007989151,0.0054439594872272064,0.00016236057744029085,0.0011523510360621494,0.0019148136079622507
ID_XBEH87,0.005704409622846338,0.003979704069819252,0.004235024559396771,0.0002978645120081786,0.0006612881364664285,0.000708195987643983
ID_XBI5K6,0.12418196257915377,0.1024757191676144,0.20506351777901785,0.036016003928677535,0.12478589192746024,0.2992667273079712
ID_XBNGOR,0.006044484436010781,0.004137516812371324,0.004609628047753759,0.00019172887893570572,0.0005391856912799098,0.0008136726041055693
ID_XC1UCY,0.00660372566175172,0.004871279686964066,0.005067067264548738,0.0006186124825333344,0.0011415274397244403,0.0017129513474699392
ID_XC2X41,0.008486088964222765,0.004418273288113055,0.004531746456873134,0.0009306704921110502,0.0008605403402470188,0.0009812066517431133
ID_XCBXS7,0.41845743318924006,0.47912104415381496,0.5303976374690077,0.49041800272921665,0.6350823807686933,0.7373483359626514
ID_XCOLR8,0.0053700202887950865,0.0043011084870212815,0.005004257011111122,0.00030416031622755655,0.0007456751358454449,0.0009475444629577309
ID_XCQ47J,0.0056295423523379665,0.004545292712541646,0.005212057415631905,0.00033174660306295505,0.0012910731577875218,0.0019997923691596657
ID_XCTTUN,0.00542700244089779,0.004378180916364621,0.005376399215581301,0.00013194877324412311,0.0010253319785223042,0.0015537947876016957
ID_XCVVZQ,0.02622669154713963,0.006958197987396278,0.006982682240533086,0.01286533824452319,0.004666348919137222,0.005501363394225935
ID_XCZR6Z,0.009431347584694341,0.005491986497337979,0.004649663407268543,0.001854611689568698,0.0013968104742203896,0.0013807128254165362
ID_XD3292,0.005528842348793383,0.005017501512088663,0.005744222528822038,0.0004303886046778174,0.0012943049678293369,0.0016855302070505837
ID_XD9SHW,0.005324616640613637,0.00395614439289864,0.004230618886273033,0.0002466240510172541,0.000672695790914466,0.0007937262063976289
ID_XDWYCC,0.008002608761877418,0.005731194635119867,0.006986418340506947,0.0006927713047252967,0.0019383782272512171,0.002274790381267813
ID_XE2CME,0.005866417925625911,0.004678491904361223,0.005033503139598435,0.0001854215430382662,0.0010711820711775462,0.0020141829137283727
ID_XE4IEV,0.005475864270402053,0.005053400156410145,0.006473722153780193,0.0005022600283556575,0.002648153861808415,0.0045420430182777
ID_XEC1UB,0.0062124344303046124,0.004906931221239857,0.004379453889447251,0.0004300033402496283,0.0008446107650451861,0.0009794688702376216
ID_XEHOXQ,0.005337218563590246,0.004316359032031475,0.00454510255206726,0.0003530219995485841,0.0009500967006024892,0.0012364007756828293
ID_XELVEF,0.005126145239407423,0.003964060579420764,0.004425797463445235,0.0002194928054358119,0.000520400493720514,0.0007076564956869615
ID_XET1P5,0.007113879953504821,0.007184940029088051,0.006885335759105307,0.0004791955516633308,0.0021464702097241184,0.0021307964222903137
ID_XF0297,0.005518966288011409,0.0037244112634728576,0.00482157161835919,0.00029913815129159406,0.0004590369030329959,0.0012902351688139466
ID_XF725L,0.0053957234408310885,0.004051648927433871,0.0042114836536568355,0.0002433805730040304,0.0007213939690606563,0.000632997388656141
ID_XFDKO4,0.007291611359780483,0.004701556901784108,0.005291495503859364,0.0008727124768538702,0.0015781250036083407,0.0021376651252428573
ID_XFXZM5,0.0057940587322069205,0.0042081111642720175,0.004641897054689661,0.0002127102216383795,0.0006741389332008122,0.0007603629799796227
ID_XGKFJ2,0.005427334498218643,0.004194318853488602,0.004564642624214375,0.0003342005008843395,0.001371708393474925,0.0013854257757766775
ID_XGRMG5,0.005118142995531283,0.0037968152308505212,0.004001146217385819,0.0002764953023479906,0.0007289576311805318,0.0007971728031845795
ID_XGW2O2,0.005542733731736474,0.00395218390844312,0.004247217386127801,0.0003275248415169426,0.0006108027228136705,0.0007981463121639092
ID_XH1LC3,0.0055496651334523,0.004541462344422216,0.005158757755542648,0.00038938603252749966,0.0014407055992831739,0.0017079483787849079
ID_XHG003,0.013906673479769163,0.03163639494919205,0.020641117318865063,0.007392129197993415,0.012799513823271465,0.008026587119065988
ID_XI6QQ0,0.013797179123910111,0.006088167997371757,0.005827954432032542,0.00296952182619109,0.003456452020063268,0.003656918871183248
ID_XI9QKS,0.005443550874621617,0.004255464802427548,0.004817386480894473,0.0004377925983871187,0.0013638140913419237,0.001644887796217488
ID_XIMM99,0.005199774273010273,0.003632312950475292,0.003768085007963675,0.00017645281867931259,0.000461717327725923,0.0005251232775694244
ID_XIPX8S,0.005275112411063994,0.0041967119970690355,0.0047180455241119836,0.00016839065339474896,0.0007538199074524262,0.0009581626621047507
ID_XJ8UQJ,0.0065214924802599545,0.0046970519358050765,0.005049719928289279,0.00055513949297279,0.0013408384775838661,0.001807509778663055
ID_XJB20Q,0.0067063799868651046,0.0043423905695977386,0.005380605572091449,0.0002272042414115979,0.0009654354185871858,0.0012635264907088974
ID_XJJHEX,0.005549312833560796,0.004226211315836283,0.00447419533870211,0.0002654779476251122,0.0006929770291965188,0.0007187000979553532
ID_XJKE63,0.009063247673215593,0.004749514375031923,0.004280872411306071,0.000752057478758003,0.0008228573784492681,0.0009020062231993988
ID_XJPLJC,0.005310972364123649,0.004728894880123111,0.005980506253901935,0.00046528988538807186,0.0019260049180313836,0.002705567887354043
ID_XJTAL7,0.005173529611333622,0.00391292754985918,0.004246979250690438,0.00033810231297187927,0.0007545002003748785,0.0008126959796066611
ID_XK9A5W,0.005527095727579118,0.003959543863066276,0.0042255447046052755,0.0003112160186099898,0.0005597786671177443,0.0007208048706408119
ID_XK9L0I,0.006413724568281343,0.004784693231281432,0.005124337401275687,0.001096443796730307,0.0012070840326524868,0.0015003530367736467
ID_XKPJF3,0.005558572033685752,0.0037096275487424842,0.004810624150388018,0.00036195530996308267,0.0005492148674929015,0.001511832308014977
ID_XKQHVP,0.004992182902398277,0.0038550533880613255,0.004595300752785805,0.00023584401299436633,0.0007324243204096983,0.0009746335225752445
ID_XLV5BF,0.005103704969994679,0.0038814352201884473,0.004317263550618019,0.00013149021181913195,0.00046727737053655916,0.0006072322684673931
ID_XLYALT,0.005016711471085849,0.0037384664405985405,0.003989724712387942,0.00016626220124363002,0.0004507297638796668,0.0005721643098630323
ID_XLZ4P7,0.005332851769124837,0.004301617480664826,0.005156935768767576,0.0001480516740607696,0.0007851495098409601,0.0012017081706002194
ID_XMDQ0Y,0.00852304211191776,0.004395100800493638,0.004258259763969109,0.0006186808788648102,0.0007887924134348407,0.000874798175819836
ID_XMQ25Y,0.015447721965856127,0.019325958214565616,0.012515428267448525,0.0055235842926952185,0.021027779961154472,0.014248573167514786
ID_XMWVMP,0.005670647345062535,0.004306486573501133,0.0044188913515220895,0.00040887989022514334,0.0010961250545852292,0.0013216488766696986
ID_XNFNA4,0.005468052126956272,0.004271868108415328,0.004797754230979516,0.0003326401784356584,0.0007707099730118502,0.001245823928007602
ID_XNGF8B,0.005237241257444679,0.004256622976823111,0.004553801734118765,0.00028320756537998453,0.0009771163265445,0.0013688733887499817
ID_XNJ95S,0.005808169697183842,0.00443385265373759,0.00514108144626603,0.00034018349261318763,0.0011290476769340138,0.0017083817577508494
ID_XNR8IL,0.01000412610885574,0.005798828055765129,0.005911668536421986,0.0016775124000326179,0.0026801297007696635,0.002960291062780643
ID_XNWBKT,0.08762681453636961,0.06811902836990201,0.05175840230170985,0.05307214758479308,0.04661567415571045,0.03834366356831493
ID_XO0E78,0.005211785583236568,0.003972565245280116,0.004561178024447502,0.00012384090072249497,0.0005267197306453566,0.0009268334051957668
ID_XO28FQ,0.005804356349278897,0.004273244000598548,0.00445977077016313,0.0007446009431515096,0.0009135468420798591,0.0010741443967743184
ID_XO432P,0.006066424077462334,0.004554594237911038,0.005068711655080457,0.00040112363141560955,0.001063499561179791,0.0019418117398489563
ID_XOLVVP,0.005856871175055173,0.004678721864815305,0.005051022761676025,0.00020310403779746786,0.001087148727343403,0.00215260809879518
ID_XOOML1,0.009079769481168834,0.005133699896205984,0.005831068170016516,0.0012891572639278617,0.0017847544607635705,0.0023714467971951733
ID_XOPAOK,0.00539513891678419,0.004444635556247052,0.004612603618463998,0.0003128883620229786,0.0010628812687883632,0.0012673483605364145
ID_XOU76K,0.005405118343453901,0.004777265613020034,0.006140516181585095,0.00019905778438191995,0.0017389569528564808,0.0030399806186370217
ID_XPCFD0,0.005293091462143484,0.004190875310417278,0.004994164291260744,0.00011531669684452931,0.0007964297274311147,0.001091452452615245
ID_XPJCQ1,0.005527626695659635,0.00369966374236556,0.004753251942269495,0.00033907037052976303,0.0005491585523592969,0.0011628723010640718
ID_XPS7OD,0.013686584116851645,0.008189897212709003,0.006320714199819489,0.0016627850565456425,0.002393253785441211,0.0032922760412107295
ID_XPSO6B,0.005241542285158111,0.004246907490215723,0.00446243788061161,0.0003416360322500986,0.0008574020354920134,0.0009859790719830299
ID_XQ4CM7,0.0055983361858543065,0.0043319446172931115,0.004896598536850425,0.0001699064728835765,0.0006464803476534123,0.0007341600751196286
ID_XQBSGS,0.005356251576296309,0.003929798319799404,0.004278087419657277,0.00022120969483432407,0.0005746756615178559,0.0006900591813388885
ID_XQD518,0.008881633397091014,0.0049687733722337795,0.005506958922274631,0.0008159254708340447,0.0018275395866572414,0.0018974994233803592
ID_XQGVS0,0.005123137088411256,0.0039634050904991365,0.004309195275171676,0.00020156865867405234,0.0008014814095400143,0.0010437959557211508
ID_XQNM9U,0.005452343326339391,0.004504125762524461,0.005270543095122954,0.00018922311064958173,0.001488300009449145,0.0023216651819335304
ID_XQT8TW,0.010072271010425514,0.00657244131510585,0.006763749671456487,0.0032612557711527083,0.0038222545314688214,0.004009298518568086
ID_XR61KW,0.07790826969976125,0.029597809612935365,0.016575419529552445,0.04000411547230888,0.026121095050725192,0.02016889769941223
ID_XRDXXZ,0.009525516919386192,0.014852829625490399,0.013409299342010142,0.002784303121897126,0.011426019594806281,0.014479597324431413
ID_XRH4M1,0.0064599429519459845,0.003939634723294959,0.0039623391840677875,0.0004965155365892653,0.0006144301436567185,0.0007058235596701796
ID_XRKPXN,0.010009532341508883,0.006196737482420939,0.005870315129207191,0.0031790524021033323,0.004764376200333597,0.0044303380654965255
ID_XROC09,0.007113879953504821,0.007184940029088051,0.006885335759105307,0.0004791955516633308,0.0021464702097241184,0.0021307964222903137
ID_XS0D20,0.2980913160684167,0.27791027474443825,0.23426042944319753,0.1799959561826097,0.1762844936209426,0.15548154029350256
ID_XS5IZB,0.0059729315485886674,0.004831132672861883,0.005436747747469605,0.0003960720769025666,0.00132402430304261,0.0017870466467518184
ID_XS9OXI,0.005249353948007408,0.0043088885963987805,0.0053794818335960995,0.00021360189021082715,0.0013248615733806445,0.0021911731187490807
ID_XSG0T2,0.00597662517103661,0.004910720176375926,0.005348579583746731,0.0002845370963785882,0.0011190418128924865,0.0022289462992474327
ID_XSQ9IH,0.005297628076613188,0.004441494220784084,0.005099182037200264,0.0003887240414735491,0.0009069578558062268,0.000999949706200311
ID_XTGV9Y,0.005565119049837091,0.004832681470361674,0.00542986083604626,0.00020885109880871934,0.0021431258697407933,0.003109946789642784
ID_XU2Y8E,0.0051905210591834455,0.004188718655861509,0.004868939218483222,0.00028779962271334566,0.0010737647554418875,0.0012261488544942863
ID_XU7MY3,0.0056209937857671245,0.004079402243475759,0.00443816195369926,0.00018547123347497477,0.0005731972506972134,0.000844933980584051
ID_XUPA46,0.0063405255051867575,0.004123016035666161,0.00420482353134668,0.00045002604301626917,0.0007885826393853689,0.0009141465550981747
ID_XVD7XJ,0.005239003894946666,0.003898677888767059,0.0041957768218307675,0.0002193420281706672,0.0005973191188078395,0.0007874955438794692
ID_XVO0XE,0.005321567069377372,0.004539536675638009,0.005410764053846353,0.0003091083682677098,0.0012600637422039078,0.002497680924531421
ID_XVPUUZ,0.05338029693527254,0.027224615451711388,0.016981373883572577,0.018576261447913058,0.02990550731488514,0.023001478199745948
ID_XVUXT6,0.006449236232619123,0.005474074745373203,0.0079149047476955,0.00034744847190466745,0.0016895150014598992,0.002484440862721792
ID_XW1VHF,0.005542733731736474,0.00395218390844312,0.004247217386127801,0.0003275248415169426,0.0006108027228136705,0.0007981463121639092
ID_XW3QM1,0.006206122552426047,0.00459356608232604,0.004894661768201783,0.0004788701720286832,0.0010937749766443303,0.0013849221440361016
ID_XW5DPZ,0.005191668592256804,0.004343340311847907,0.005351016925169931,0.00028350130413333806,0.0011582907608168405,0.0017586195116237099
ID_XW71QT,0.005474647458360584,0.005224400091936918,0.0067704255954400975,0.0004517222219199935,0.002803826975997712,0.004649961190723018
ID_XWLG1U,0.0054431630825082875,0.0038057680750738726,0.0039145030183249715,0.00031817558853896504,0.0007009467411556518,0.0005942510621466181
ID_XWNBF6,0.005381621501007823,0.003973855258984424,0.004093533042910512,0.0004444165552369526,0.000854746734524106,0.0008408285349100586
ID_XWS3E2,0.00547269767871127,0.004195353465104068,0.004523843941114288,0.00029910563293992246,0.001163970710727469,0.001119394149349689
ID_XWS7HQ,0.1067021893811667,0.11257136076337297,0.09268395762361664,0.07000274246053867,0.06962812998113986,0.07684371983388093
ID_XXD9VX,0.005783460160439771,0.004235876506587786,0.004755595563010019,0.0004647953993125529,0.0009297061362180038,0.0011406106626272174
ID_XXU6IK,0.006884317383716024,0.006365412372339989,0.006348647489078631,0.000645517400295212,0.0020442663511053357,0.002199549188280183
ID_XXUVDP,0.0053447125291007985,0.004367011325840638,0.004818692084716255,0.0003508152599643595,0.0008525234071052386,0.0009191698607894156
ID_XXXBX8,0.14898475078121573,0.08654490901628481,0.04985162260004079,0.1450266851940272,0.07709241336409597,0.058115712752726624
ID_XY4R47,0.005550774939452342,0.0051603149069831605,0.005969954556815388,0.000639190715840377,0.0017135160311918627,0.002244547052206173
ID_XYCHYM,0.005399822486794507,0.004179181733049427,0.0043418249799227855,0.000457539640425269,0.0010488180347760464,0.00105207018199117
ID_XYJNSM,0.0054452285913117226,0.004401825235816214,0.0050783907340374536,0.000428813740496714,0.001023853132695088,0.0013469015964382703
ID_XYRK3M,0.11049333705360878,0.03483166540770806,0.0433177992155123,0.07918315797834706,0.03937565327478588,0.05931920018556932
ID_XYU1T2,0.08472937229489823,0.009526991070335084,0.006013273571759141,0.010428084543345807,0.0020258264845578753,0.0013285238721353024
ID_XZC1XA,0.005757570704986453,0.004370704842637898,0.004741368059018972,0.0005899375061666366,0.0007284489173069049,0.0012170261316151398
ID_XZPS7Z,0.07248409491478482,0.026390554099109453,0.020468575493696194,0.04293147249124206,0.012336994401199272,0.011492290040396326
ID_XZXOS2,0.005931018488804135,0.004560130634065498,0.005521671437336391,0.0003204401624188109,0.000613689578998422,0.000765502264512264
ID_XZY72G,0.00534877582306347,0.004961906188243354,0.006384416539406723,0.0005020060424691878,0.0022891075812283756,0.0032908048834329757
ID_XZY8MP,0.005432824336980862,0.016687035461609056,0.014275443242517661,0.00020810461577240217,0.015116986867008752,0.015758447318085424
ID_Y0BSPY,0.005024463589171157,0.003915856330547055,0.004504084252362939,0.0003804655676834076,0.0010178890346217075,0.0013979621135316055
ID_Y0SXCJ,0.006543333067479753,0.004751424729348589,0.005157012638089991,0.0003805096811335574,0.0013991708208029583,0.0018185409234274944
ID_Y0V0Q8,0.023343272456708246,0.008655221473242786,0.009837251363772313,0.009223724071695139,0.005861735359703406,0.009218820088655736
ID_Y0V2PI,0.005439908793496582,0.00394025009105825,0.004318790574230675,0.0002295028520683893,0.0004990791405892577,0.0006673456265849456
ID_Y0ZP9O,0.011779307730188789,0.009148211140170793,0.011140992518491672,0.0056451753865442746,0.008474521078600562,0.011496482993048947
ID_Y1H3MW,0.005355710436572019,0.004010184881493775,0.004292361233605447,0.00018992538263437413,0.00047353402927012323,0.0005112410988930407
ID_Y1VP8I,0.005167797422874104,0.00409987104276991,0.004043720912112119,0.0001566027825003061,0.00048578990281237963,0.00045700708850633924
ID_Y3B64A,0.005367477376944089,0.004067915022900712,0.004447386973120981,0.000513371061872969,0.0009972157418457687,0.0012957849714370666
ID_Y3QY4K,0.017410923832476517,0.0057512917342861375,0.010111803840423206,0.0026010131076919427,0.002467906948560168,0.004026106927171235
ID_Y3TLDA,0.009730323159127419,0.01533066496594573,0.0506113573963729,0.0019324450328597332,0.01591652249716991,0.04825265780184354
ID_Y3V3CO,0.13318097136227008,0.041161201133554565,0.050084049909762535,0.11326798837001469,0.029968116805165743,0.077082268448084
ID_Y3XGHG,0.005820324293435947,0.004433408683837278,0.005127707454387291,0.0003010868148681649,0.0011303363038485223,0.0015492609649363272
ID_Y4B4O7,0.005297782561577118,0.0038953850987339315,0.004314565179523529,0.0002170164350665009,0.0008820566186762849,0.0010042931874693457
ID_Y4KXQM,0.005398185413246229,0.0043390394162032535,0.004907447317303374,0.0004410163647404165,0.0012026061355355935,0.0015055909149033942
ID_Y4PE30,0.008843053738643854,0.006372611138688116,0.007304106629064537,0.002015819453916365,0.0025648155040166785,0.0033539123404918137
ID_Y4WX50,0.07485670292957357,0.01907114697670896,0.01599973356085592,0.02747829028541585,0.011750215748355457,0.011086335681621928
ID_Y4XYBA,0.0066868880151604625,0.004496263951098839,0.00498259943247076,0.0006667255962089271,0.0013132472933420154,0.001702393083901203
ID_Y56MW9,0.005586455422365099,0.004219078646804316,0.004880106155260574,0.00033857147821710027,0.0011744528209292752,0.0014065905368761068
ID_Y5B1VB,0.005293555497267346,0.0041401604547024766,0.0045020191040198105,0.00025450212412397573,0.0007835394227993241,0.0008000549539439478
ID_Y5BIWA,0.0066671898539641524,0.005353561889107233,0.005691983214476735,0.0005141136019862923,0.002831871180003426,0.003687702715499268
ID_Y5D83X,0.0051644453139229225,0.004192366017663812,0.0050054056177007925,0.00022681308093637959,0.0011627469772977136,0.0016978371063828982
ID_Y5SQ1L,0.005846348677515205,0.0044363748979423905,0.004624671505497576,0.0004057907831250749,0.0008197460769671106,0.0013597725288334171
ID_Y5TWK4,0.005522579566551767,0.003983133056498494,0.004304699487508957,0.0001892559541335822,0.0004606996792802342,0.0006580221988555699
ID_Y65O7E,0.015630320124619807,0.007180134484811151,0.04728846891802388,0.0020054420829710663,0.00538268716804942,0.023109818036733426
ID_Y6EXY9,0.0054378498427183775,0.005434339697032124,0.006470795409883133,0.0005583963201482579,0.002294376084586526,0.0029907726860399038
ID_Y7BC44,0.2399359137692823,0.6247118212706759,0.5916479762516634,0.21479650874647488,0.7617486186365153,0.8124824771860895
ID_Y7D9MZ,0.006222426299046895,0.0053340611076916475,0.007772045190647869,0.0005672607002117139,0.0033442353084139438,0.007952228092793992
ID_Y7L6RK,0.005289244644395766,0.0040881327137779104,0.00430945066386065,0.00042700197583563467,0.0007789815543201728,0.0009238543180732343
ID_Y7ND6Y,0.006056306107647094,0.004360248635096856,0.004837184893530429,0.00030602824364269116,0.0008313200178827456,0.0010981667823629837
ID_Y827KG,0.005014025071113475,0.0039403684088150015,0.004469593358033172,0.00037090293691009036,0.0009202750516488132,0.0011089950661374206
ID_Y8G6YL,0.0051227381930219005,0.003962963513009557,0.0041336706407161675,0.0003405705822273398,0.0006618237742753081,0.00073888651005275
ID_Y8KQBZ,0.09725862279763181,0.09191401849208314,0.07419781464176929,0.048558554024795336,0.09965711786606692,0.1056606559104495
ID_Y8KTAQ,0.005369033846932899,0.004856859221063732,0.007535224587699916,0.0005428007485649645,0.002559479499135106,0.004239868691457713
ID_Y8LOYK,0.01957352021146538,0.02146890920356099,0.019056812943289706,0.008526369740504193,0.02337378627261156,0.026490339444535934
ID_Y8QP8D,0.005590737936282317,0.004295145755275563,0.004647189395094685,0.000297975077249558,0.0007582603460793126,0.0008864886976946609
ID_Y8YPKV,0.009022161509857364,0.006497687659655319,0.007349118871586917,0.0035454138224865666,0.0034983345460097436,0.004057835658238908
ID_Y92YDT,0.005639505092978348,0.004542637100427094,0.005707839442010392,0.0003351636296279798,0.0016936246751440933,0.002117797480179981
ID_Y99CP1,0.005795129208314031,0.004319072542706934,0.004615725913820004,0.0004530279862059857,0.0008483826035647114,0.0010490734779614458
ID_Y9DABF,0.005978014358468242,0.004502110787005689,0.004849130708881001,0.0005400017446544638,0.0009551399005152026,0.0017195951655614185
ID_Y9Y5X5,0.005474647458360584,0.005224400091936918,0.0067704255954400975,0.0004517222219199935,0.002803826975997712,0.004649961190723018
ID_Y9ZFHB,0.005905972095209686,0.0050023185971851715,0.0049614546376489845,0.0003063817418035255,0.0007554724314433962,0.0007521171421609845
ID_Y9ZQLU,0.006429241426007136,0.004684872131463687,0.0050160434053608816,0.0006453178250110171,0.0011063629533693017,0.00158846561201221
ID_YA57G5,0.01150904723052136,0.0066029633626358,0.007553439028793173,0.005548136399591002,0.0019086206017004347,0.002387294030218992
ID_YA5S91,0.005569456386671822,0.004655987191265221,0.005140661113375183,0.0007396196789747653,0.001199805471806908,0.0013501121555262
ID_YACX3K,0.007358161053589353,0.007172407710542398,0.007091492432021214,0.000843459826437272,0.003854177093813739,0.003239272265007226
ID_YAINJL,0.007020002540050176,0.006023421495111893,0.006525887592821068,0.0014213571794693797,0.0021244098169707496,0.002555166003841037
ID_YAUK98,0.00563526874562438,0.004463554791251089,0.0046994714555218435,0.0003272516119035368,0.0008045300183388309,0.001050834242307156
ID_YAUV4R,0.005835939413753104,0.004570343124740183,0.004956686759926405,0.0005385613925643829,0.0009288984799324131,0.0013485539463784495
ID_YBC4D9,0.0063382979334194,0.004427277434416951,0.00481398209445758,0.000499516024965664,0.0012893132096281395,0.0015475554044156287
ID_YBCHN4,0.19581289566160825,0.1478899525938437,0.09379995406586993,0.18443601489861988,0.20488833970577494,0.14655454114130337
ID_YBE59H,0.005665031091994651,0.0040569079203267525,0.004403419618843524,0.0002992734973801993,0.0006267957562202673,0.0009170795718929368
ID_YBET63,0.006473817485477396,0.003803750770888574,0.005786187597803628,0.00037529787297134476,0.0016566709628475875,0.0026118682849099514
ID_YBFBW4,0.012294092524507621,0.009292763512227721,0.008413916360980022,0.00504577059789959,0.00505493757160211,0.004576744133181507
ID_YBOUBP,0.005401569195214971,0.004024102979680113,0.0044492251568178055,0.00019948291346294505,0.0005432120297079063,0.0006481622139659618
ID_YBTPCY,0.005559838257437445,0.004519493659622408,0.00547484247067204,0.0002542569189659687,0.0013883683950345188,0.0018582043828156108
ID_YC254M,0.005187782118767927,0.003965942970075535,0.004584943460512358,0.00022927351916113558,0.001015790164730443,0.0013589302573794142
ID_YC2PUL,0.006429241426007136,0.004684872131463687,0.0050160434053608816,0.0006453178250110171,0.0011063629533693017,0.00158846561201221
ID_YC9T6R,0.005544060016652917,0.003730391982292629,0.004876847100374378,0.00031535953054790376,0.0005153263382853558,0.001713284348681119
ID_YD2GMW,0.005440497305166202,0.0041971399940843365,0.004446350264261574,0.00042873966639494793,0.0009122317515159944,0.0010243438575047875
ID_YDE5FQ,0.005734771650899995,0.004127788596072842,0.004842112263229301,0.0002692443479240621,0.0009184823939117322,0.0014382276827046652
ID_YDH96X,0.005465329512372623,0.004182390499355683,0.004622053731017253,0.00033039424416197966,0.0008269362905089995,0.0008290151982075333
ID_YDNMXU,0.00528200829207825,0.004023613435759675,0.004704599488322157,8.739866080106668e-05,0.0005125839118018591,0.0011577896135898764
ID_YDQ1KZ,0.005393495769843841,0.003934310111020919,0.004030171356018685,0.00016833045717988272,0.0005293694151655719,0.0006357749567902998
ID_YDQNRI,0.5402181314105812,0.7046205414004586,0.6623423971994258,0.7468561011983548,0.821468679073517,0.8432877498442863
ID_YDX8IK,0.268507274174111,0.2300756743928364,0.2193485932079403,0.2767029304702899,0.2831961875059508,0.3400987481768716
ID_YE5B6S,0.014916511245068481,0.010386095205042647,0.011747953606695397,0.0065649132832645545,0.009268991211204898,0.012722250490376617
ID_YE6913,0.005163810946884007,0.003996940063971657,0.004314653936154811,0.00017631144921008697,0.0005425623968662498,0.0006970810497930677
ID_YEBE3L,0.005371868507691017,0.004726209550318055,0.006042786103327964,0.0003801995513623337,0.0014244737039184143,0.002079536815358883
ID_YEK3N6,0.00573803230042911,0.004074324556622696,0.004311996318149733,0.0001361353867800865,0.0008412246514304296,0.0009145558750426833
ID_YEU9F6,0.005859694888907151,0.004443541499036564,0.004598582919422198,0.000463164962647846,0.001333811244668176,0.0017260391770625577
ID_YF2V6H,0.005951627088055955,0.004305961902879327,0.004350278096593331,0.001098986219631891,0.0013758120711755775,0.0014930370236253788
ID_YF4XAS,0.020892841563676438,0.01313282957043292,0.014105791388146851,0.01101322852251096,0.006937462418916426,0.008432060777993366
ID_YF7UVA,0.007139310900058973,0.007137596544648192,0.006924203150281608,0.00032719901116643954,0.0017147201214066045,0.001905733948546831
ID_YFBVK9,0.005512873141643937,0.0039436497204694805,0.00422747409380875,0.0002263416652808654,0.0005782383876667544,0.0006347824246707162
ID_YFDC0M,0.009633694570001086,0.00469334181458847,0.004310067504149778,0.0012483916594642182,0.0012054578989554323,0.0012170865224559139
ID_YFL07C,0.005302834206681358,0.00421168018514342,0.0049298782097850205,0.00032549287962430263,0.0007915702163281527,0.0010426837682622737
ID_YFLCSJ,0.005105787703266212,0.0038544360155169737,0.004392797309588477,0.00016318887133912724,0.0005880369719999757,0.0007361519167287056
ID_YFUXFB,0.006587745159147567,0.0045518478475409865,0.004904602292641965,0.0008767410637273915,0.0012809147859539488,0.0016623849155932753
ID_YGEZQG,0.052138526978944416,0.028440864019759534,0.01811081921292471,0.017374412788985223,0.033511326305311465,0.02481228741583856
ID_YGG57K,0.005548258115888307,0.004355522802817642,0.004960219804231937,0.0002640878833988343,0.0015246796754955438,0.0021099553948058032
ID_YH37JO,0.00877133782570229,0.008548725392147086,0.009076618559236057,0.0029121988608576403,0.007420288933015949,0.009264148032934499
ID_YHLHJU,0.005542334022068242,0.004384971167972642,0.005034492830604152,0.00034671708142706027,0.0007331482631043239,0.0009945509858440133
ID_YHO3I2,0.005978014358468242,0.004502110787005689,0.004849130708881001,0.0005400017446544638,0.0009551399005152026,0.0017195951655614185
ID_YHP6IW,0.005532540114508144,0.003986229323419138,0.004360945474640494,0.00027092537670863075,0.0006762710991789381,0.0008583671448408449
ID_YI13PR,0.006039044180454331,0.004239172360146664,0.004302293619496456,0.000563612843114293,0.0007926842266247426,0.0008286647098210808
ID_YI1DVD,0.007042726872909694,0.004677398462962672,0.0053750028737714955,0.0006966562675147238,0.0014406029975862092,0.0019302312227739045
ID_YIM0GX,0.011694359088541597,0.0049731144674717035,0.0044188621439402226,0.0019797301603668607,0.001026998464481161,0.0009159894470371131
ID_YJ4QD4,0.006049247100894791,0.004470047041616218,0.004828902219670325,0.0004602862850436892,0.000776687142596747,0.001233741717988145
ID_YJYMCF,0.0059398259265701974,0.004388905434210233,0.005013409956803212,0.00023699779701841258,0.0008099251217274489,0.0009890610800649979
ID_YK437J,0.005338370095253459,0.004364029965384747,0.00501707560638498,0.0004070745186727656,0.0010738244734952505,0.0014712966088666734
ID_YKDMVB,0.08439997779893248,0.04582206555780318,0.07174696195132574,0.06746634212894874,0.03414396604384217,0.11055167759016163
ID_YKM2IB,0.005902794484739727,0.004857898818971654,0.005921158651989361,0.00031712641868191665,0.0016791675820385713,0.002400705790399635
ID_YKQU0Q,0.005397849222631737,0.004262927871725271,0.005004910855845062,0.00018367130100314257,0.000945876494382922,0.0012426029292071728
ID_YLK0WQ,0.006961462442613434,0.006514037253946392,0.0064303049473982,0.00045548768714803733,0.0018126951290916267,0.0018557874292421369
ID_YLZXGO,0.005485721607185523,0.0038441190282195925,0.003939968851232539,0.00022705219912475425,0.0006063908739203669,0.0005525329471885325
ID_YM45P0,0.0059243355813881375,0.004442834043813796,0.004766153385326914,0.0004661206904633622,0.0008230972434330546,0.0013196962331494698
ID_YMYL5P,0.00563549402652179,0.004462327396462041,0.0046985426230907335,0.00031505668103925936,0.0008210995277097157,0.0010722902457963874
ID_YMZWV2,0.005731959891620616,0.004515915741160674,0.004551308383593454,0.00028533468027804065,0.0008487996502633511,0.0008371250353293307
ID_YN5JF8,0.005596425475405356,0.004322751807918263,0.0046012250310809065,0.0005180647109498094,0.0007441309615859294,0.000904242408192423
ID_YNKD7B,0.009644908444102394,0.0048759046532067165,0.005263259287047705,0.004260706498712266,0.0023436003210301295,0.002368270913896249
ID_YO2KWH,0.005910813885126898,0.003972144566079235,0.004095658881612606,0.00038745742097009967,0.0009466258126223935,0.0009128803835237773
ID_YOFNV6,0.011385958625376896,0.006572420970778776,0.006110112208504019,0.0015523631403389355,0.0023169697587173805,0.002495959025900529
ID_YOJDUN,0.0053971390715603735,0.004383871199049629,0.004356371479958074,0.0002303181248312876,0.0006279977717082576,0.0006344476970913696
ID_YOLT7L,0.005170651642082121,0.004119130723533801,0.004040291174524778,0.00017906206762583144,0.0005696345671816859,0.0005503745552206673
ID_YOQAQP,0.006466107809946025,0.00464665386925929,0.00489497347383823,0.0004626758953341181,0.001117836319082558,0.0013144072608109653
ID_YOT7XI,0.005177431689498277,0.004128508114085758,0.004038372756100324,0.0001708709620457944,0.00048725154646753644,0.00048444012214491337
ID_YOWRSL,0.0052878562446076385,0.003649430043695964,0.0037370790085850584,0.00011731625006521089,0.00033803507000196347,0.0004078440624564056
ID_YP006O,0.010640269688126959,0.006483116539144006,0.006517125811070966,0.004745306980922945,0.004328118819739211,0.0042215984834778
ID_YQA4VN,0.01134585851050806,0.004821656471134257,0.004916216557770535,0.005770342591755148,0.001698019020489278,0.0019620708940031326
ID_YQQHQ3,0.004982126522606765,0.003830884541170412,0.004569020972952394,0.00025553198745941787,0.0007389612769977998,0.0009977874000275768
ID_YQU1KF,0.005381374483199718,0.004248106399146558,0.0046527780994145024,0.0004262608646462194,0.0007485705371610661,0.0008658228750952441
ID_YR9NYE,0.005444820849349867,0.0043273278970597144,0.005102871815944529,0.0002228878163436079,0.0012475022851261134,0.0012417359188338368
ID_YRLG4Z,0.5194916349937738,0.87163620839135,0.8635131707245055,0.7111711866318241,0.9368518702226482,0.9522584912935776
ID_YRLOVX,0.0051876313689135575,0.003991837933102973,0.004246800533490603,0.00022963507939244025,0.0005426146857336794,0.0006539016227089914
ID_YS28JJ,0.005316385219026086,0.004585964668081715,0.005732644001595094,0.00027513666250709355,0.0016141535816761418,0.002393533088813392
ID_YS77QO,0.005501750702588817,0.003887289091522012,0.00428952250616556,0.0003179029541469351,0.0006291133323590672,0.0007502500521450517
ID_YSGK3Y,0.005037331134022021,0.003714683136703502,0.0038166500173079823,0.0001796939048731507,0.0006188851889198814,0.0007277818525692473
ID_YSS4R7,0.00525082877753353,0.003894818497007237,0.00419116954542149,0.00018769551612778172,0.0004854617229361889,0.0005955784342734386
ID_YT67RP,0.005435419559107265,0.0036675332527687276,0.004572058648162506,0.00035137195705969675,0.00044032492917038497,0.0009303063226801247
ID_YTS87K,0.013555789121002056,0.0061136116809744475,0.005802866032727079,0.0009675410496197524,0.0019898845597252283,0.0023791941311730297
ID_YU27DG,0.39898085157260427,0.4391076414886346,0.44101185188950126,0.5130018386930678,0.5529062478164803,0.6353169637887216
ID_YU423E,0.005437054116974404,0.004080013440400502,0.004281897697504115,0.00020783314916757162,0.0006669260004456757,0.0006229976739073356
ID_YUJ38B,0.01951428354308489,0.00738363545844297,0.007582646995766178,0.006342128785519168,0.004076338103584389,0.005671576693318597
ID_YUMD4O,0.006205045758515727,0.0048255785834321364,0.005149012984079017,0.00040073177026379847,0.001141877117769272,0.001047674958599982
ID_YUT4M4,0.013827094101578384,0.017208686146327562,0.011924180823293318,0.003682609360077879,0.018415709113662217,0.014786531475894893
ID_YUWGLN,0.0056706605825435265,0.004324119002649244,0.004730670364235195,0.0004888571301853646,0.0008863774837434616,0.001162145853685038
ID_YVKYBF,0.005074535359214824,0.0038729584007869073,0.004326101428122515,0.000184679669799567,0.0006419875701442045,0.0007778835932127951
ID_YVW8FX,0.005471811756895289,0.0036371494784003,0.003661821215503531,0.00029504906095716816,0.0005732798496609516,0.0007016591783764415
ID_YW34VH,0.010217531139674814,0.00560327127085109,0.006160047470285658,0.0019287959139736262,0.002142722782946604,0.0024453301588131414
ID_YW71NA,0.005474240305964255,0.004261619859345467,0.004762842787739241,0.00018568565069509177,0.0006003321281362548,0.0007077608805963934
ID_YWE7MS,0.005797577839823885,0.004378777122541507,0.004844850814559676,0.00135324152549045,0.001418228976982824,0.001705672840265294
ID_YXAL4N,0.005858462475096219,0.004644813559663,0.004785542407993884,0.0001601025201431559,0.0011112004281109234,0.0008967791435438876
ID_YXCK0F,0.011073239744354087,0.004933523804986096,0.0057767504057780516,0.005939877574653355,0.002307482958484393,0.0029242565266683522
ID_YXE8JJ,0.09942557785071135,0.066228419794159,0.05691925446912355,0.08076150826605455,0.07004514197752194,0.06591253375168742
ID_YXYTNR,0.3676382200369282,0.2006086665952894,0.13560347801712466,0.46608253508302194,0.149097700903561,0.14560137384591298
ID_YYDX2H,0.005158752312617482,0.003597660679779278,0.00369905694241135,0.00014865760224477535,0.00042683278117374964,0.0004788650190762393
ID_YYEH5O,0.5793710380490577,0.7325395738571772,0.627627134325037,0.8440604455024745,0.8386266807763988,0.8078997549450627
ID_YYMTTZ,0.006866787519942553,0.00502684307290773,0.005633779201682737,0.0004777375493435125,0.0012867052503214055,0.001711524588748276
ID_YYXB5J,0.006894497105472245,0.003827592147271029,0.003907953852347519,0.00034306916975708425,0.00032582039800207725,0.0005144435423557739
ID_YYZUDP,0.008510784698887004,0.010658492255686406,0.018502395301759584,0.0007611761445513084,0.008413640286508981,0.013813738823113968
ID_YZ2N8C,0.005804356349278897,0.004273244000598548,0.00445977077016313,0.0007446009431515096,0.0009135468420798591,0.0010741443967743184
ID_YZ9922,0.005345081760750356,0.004295377718814198,0.004559573365481852,0.0004224626709342922,0.0012651574730879113,0.001501864498187778
ID_YZJB0C,0.005807759249152737,0.004165210235355511,0.005061112191364702,0.0003824211952777724,0.0011376255450701734,0.001512121745997508
ID_YZPT9I,0.006429241426007136,0.004684872131463687,0.0050160434053608816,0.0006453178250110171,0.0011063629533693017,0.00158846561201221
ID_Z099ZD,0.050205751623799054,0.14163474612270313,0.055854189450419124,0.03514602567266276,0.17806864021498897,0.06660176400188568
ID_Z0NFOR,0.005244102962528191,0.0036558179322951465,0.0037958520576013848,0.000266079751207865,0.0007439314083999802,0.0008447815198654008
ID_Z0SOKW,0.11818238412224946,0.12024247893725964,0.1456321504960444,0.10453988186408127,0.147296511970954,0.20822342013007375
ID_Z0V4IF,0.0060435938758827985,0.0047884134021376895,0.005985041134279927,0.0005072948142312588,0.0015939054172992848,0.0022955360741145664
ID_Z0WTDF,0.013544073161030065,0.005055892081614763,0.0051676236887372405,0.002105606206920931,0.0014028862155183236,0.0018246200413819063
ID_Z0ZX8Q,0.005890373686732991,0.0048670233099554075,0.005962122653837764,0.0003470940323031593,0.0016525844180497475,0.0024777654502605787
ID_Z100EY,0.005477256155092782,0.004101603357620544,0.004425320701661927,0.000265369863665033,0.0006379720652550336,0.0007307576263568289
ID_Z173PH,0.007163247632454106,0.004012372130489873,0.0037439260564566808,0.0006068810216425255,0.0005719789784135382,0.0007159644898175165
ID_Z1D6V7,0.008994124665023544,0.005441220200922093,0.0059736606675901225,0.002293823476354358,0.0015315783939886154,0.0019362468081865097
ID_Z1JH8O,0.0055903402570456895,0.004453116769597816,0.00487188862951624,0.0004399375570141351,0.0008257765884877296,0.000948871908826269
ID_Z1LRYM,0.010663843082930249,0.007643036050177931,0.008251946228487697,0.003188985284012776,0.005782510861095816,0.007545828680907678
ID_Z26KY5,0.006837772554833431,0.005807266082913652,0.007503106630117434,0.0006618491329060315,0.0029473833651863734,0.003379873188479407
ID_Z2FP8D,0.01620195432177598,0.004935402173381397,0.005356680674885897,0.00796283288385365,0.002335781477119262,0.002510026196569938
ID_Z2H98N,0.005310104780529583,0.00450821305266102,0.005407730140586657,0.00029179275354261435,0.0019416232881351021,0.002235191868743416
ID_Z2I4JV,0.006252398813521112,0.004801670227107979,0.005579953029660966,0.0005267274685758337,0.0014387965479547235,0.0019663535881428254
ID_Z2J1B3,0.005102937808647268,0.004280583004603094,0.004732001130320428,0.0001804063846624354,0.0027330378713383554,0.0038559880673410167
ID_Z2O6G6,0.005489654249545208,0.004516891803192415,0.005243830300178827,0.00029627734513191405,0.0015526050988121033,0.0021656785661827993
ID_Z32YMV,0.0053615824696141064,0.004021307974353678,0.004150433619806393,0.00022209682357126327,0.0006213728560069776,0.0006772513954441311
ID_Z3ULTI,0.006573121941544723,0.006241327989955082,0.011907163641412418,0.0009666816795907454,0.005249682990516143,0.015399637235896387
ID_Z3YZCX,0.005858454123369517,0.004036891515800967,0.004368633862358983,0.0005086187176917964,0.0009985865006414915,0.0013120326604249685
ID_Z40GIH,0.005433639458696358,0.003785307994030492,0.0039778985274950265,0.00017270993521236865,0.0006383719160465273,0.0007352646049386756
ID_Z43O7Z,0.005354586255787059,0.003606177743253028,0.0036538302885967713,0.00048705322834702476,0.0004699061624245237,0.0010916972195551306
ID_Z5199X,0.4185936951988729,0.3615452762410809,0.3388518674985473,0.5110150297809041,0.4177951548734477,0.5074619937639332
ID_Z548DO,0.005242978502478622,0.004166132627621335,0.004680650841848385,0.00017266032945121088,0.0007985567324280456,0.0009490721042731662
ID_Z5AMC6,0.005293100614716308,0.003895662193880818,0.004314323793410158,0.00021595862108566438,0.0008545867241055866,0.0010024278569380344
ID_Z5BDVD,0.03345751005307618,0.016122002221312857,0.01140923172319655,0.015992753271250833,0.01616428276925584,0.013821284257555178
ID_Z5G2VW,0.007689319895554282,0.005372749234262234,0.008507855881717744,0.0008216519707312971,0.0013538668899923736,0.0072947970052302715
ID_Z5H3GL,0.08621341791054292,0.08920598657785075,0.0722020489627457,0.0654787264509703,0.11030999765508702,0.10774007461988266
ID_Z5HPTI,0.0058626483602087975,0.004259049380445892,0.004543923242600242,0.00027688567056329477,0.0006998798617306549,0.0010192288841158281
ID_Z5Q2AH,0.008973962749567927,0.0069644190698801706,0.008461555423813074,0.0013665567378826375,0.0045473075823948125,0.0054727584935491385
ID_Z5ZLR0,0.005471567972241932,0.004468956071067188,0.005183432726260315,0.00022105804927902224,0.0011633883922874998,0.0017424869319768031
ID_Z63P61,0.005866417925625911,0.004678491904361223,0.005033503139598435,0.0001854215430382662,0.0010711820711775462,0.0020141829137283727
ID_Z695T3,0.005174793273492033,0.0041800513053427005,0.0048679810699467614,0.00030252142308153263,0.0010634021014853776,0.0012402124685899512
ID_Z6LO2B,0.00539513891678419,0.004444635556247052,0.004612603618463998,0.0003128883620229786,0.0010628812687883632,0.0012673483605364145
ID_Z6SJMN,0.010218784073354015,0.005604824177716272,0.006160830144140697,0.0019523356592117019,0.0021464683156453023,0.002445843100979844
ID_Z6ZMD2,0.005303427660023123,0.004025359106534526,0.004084852508644109,0.0005865442169577474,0.0008747796287772773,0.000924697367972372
ID_Z70N5M,0.005667923209835175,0.004292861533502003,0.004645969622565065,0.00040183810837400797,0.0007691435006001093,0.0009033135781547479
ID_Z7GKAM,0.046222196470860975,0.11212812319502756,0.07181007676081792,0.027573994707733092,0.10840656148622635,0.10296126528878624
ID_Z7PXEJ,0.007932916085132932,0.004693437872781343,0.004946295361559889,0.000490815176304628,0.0006654011534533577,0.0007550698583602127
ID_Z84N1L,0.09848256230534042,0.240546665091243,0.3549781966171404,0.054952987461800204,0.3136038664339901,0.5415890969561734
ID_Z8A224,0.010011526097579883,0.007008711013552517,0.008246033274699185,0.0025023189715934185,0.006279421895504922,0.007518757087166999
ID_Z8OE4O,0.014398206855899653,0.009826154240867285,0.01494676082521437,0.0036308099467676227,0.004442241467628004,0.00930908902710939
ID_Z8WJLG,0.005040535594325722,0.0038390756054547293,0.004102895907141567,0.00017120408703817663,0.0006813402830664077,0.0007468042097628552
ID_Z8YTI6,0.013797179123910111,0.006088167997371757,0.005827954432032542,0.00296952182619109,0.003456452020063268,0.003656918871183248
ID_Z94PSF,0.007140417871121526,0.004642648703484299,0.005345114011369096,0.00234652328618569,0.0017226443454381381,0.0021308258235594943
ID_Z9ECXM,0.006440113554938915,0.004509628491117959,0.0048601676121096705,0.0002968548213576516,0.0006867096540244231,0.0011561602481167331
ID_Z9OCJD,0.005388179754725122,0.004331851902231168,0.0044709829714106196,0.00042571793272267664,0.0007675202306575178,0.0009100729419090626
ID_Z9QNGS,0.005364753222350858,0.0036684573985307353,0.0037032639935125414,0.00020169461060447975,0.0004996262934020919,0.0005585903957246746
ID_ZA03TJ,0.5202798046689465,0.8438924536323414,0.7844582373789468,0.739379128461039,0.9195638191719034,0.9124026786994847
ID_ZAD0FH,0.005330948763131764,0.004206832311954128,0.004333683032329315,0.00017382345140365792,0.0005468481848933026,0.0006069171470368339
ID_ZAEIQP,0.00637209316973173,0.0048115888935575885,0.005204274435917399,0.0005767666334859781,0.0013230163454013117,0.0018846693187168399
ID_ZAG8Y6,0.01000412610885574,0.005798828055765129,0.005911668536421986,0.0016775124000326179,0.0026801297007696635,0.002960291062780643
ID_ZAKPQT,0.007523598921144434,0.00461056187915811,0.004568614907753616,0.001348666305018509,0.0008141721161648694,0.000915840741569186
ID_ZARKQN,0.005159830762287435,0.0037783490098999037,0.0039788872809828554,0.00020691507258043727,0.0005186435081626402,0.0005241836237126174
ID_ZB10X6,0.005808169697183842,0.00443385265373759,0.00514108144626603,0.00034018349261318763,0.0011290476769340138,0.0017083817577508494
ID_ZBDVJD,0.005233467930702063,0.0038641145318123135,0.004360154324254452,0.00021094473483324958,0.0007694266674555475,0.0010870402227682026
ID_ZBG39I,0.005166483257543178,0.004106142074298288,0.004042742983375013,0.00019417813734045952,0.0005981130449196603,0.0006137055712962092
ID_ZBT2OF,0.010060276186735337,0.008096411800476837,0.006554823873797265,0.0007636040730054249,0.0014756783785428646,0.001164897635650094
ID_ZBZ0JX,0.006171120810089103,0.004723388959304677,0.005616635285533158,0.0005665093860421266,0.0013508118649343717,0.002058429374001708
ID_ZBZKT1,0.005887201421429749,0.00455213437715897,0.00525657695626312,0.00041012925772536624,0.0012811420077217335,0.0019425995948327533
ID_ZC1AQA,0.005787817407195204,0.004697825566396498,0.005195478459667279,0.00022159100266151073,0.0015768811656935063,0.0019429072995521854
ID_ZC52OO,0.0055674179424296975,0.004749337554957144,0.005193092981375845,0.00043407980567419563,0.001171516457988157,0.0013397252824677928
ID_ZCM6MI,0.005527626695659635,0.00369966374236556,0.004753251942269495,0.00033907037052976303,0.0005491585523592969,0.0011628723010640718
ID_ZCOCP7,0.005048400867258581,0.0038753503782709034,0.004126551470191852,0.00014293011109260093,0.0007839452087453495,0.0010211133142842266
ID_ZCSVH8,0.005232658532477043,0.004112464981240452,0.004580363325288759,0.0001744891145125809,0.0005168797370005809,0.0007951629137181877
ID_ZCWDBM,0.008569117982147103,0.004525915704275482,0.005628109149782069,0.000501834571126769,0.0005650099289936764,0.0022925620945584927
ID_ZD760Q,0.011794692800955067,0.005043630298981946,0.006694598052691864,0.0022158903308945547,0.002415923103483694,0.0038151023163654624
ID_ZDCCE5,0.0053798620551329295,0.004240002904357964,0.004809031445767637,0.0004169217755239817,0.001335477324346777,0.0016356679365498235
ID_ZDJ1XZ,0.005585918213297837,0.0046503927176015526,0.00514074584614583,0.0005397188431345926,0.0013862109080827788,0.0018319966549660378
ID_ZDM8BX,0.010216784626133162,0.005602637420945599,0.006160850490026069,0.0019266512542282963,0.002149245882825405,0.0024438685412951763
ID_ZDRSG4,0.042330743005407984,0.4757643721686112,0.36534561865775683,0.02410257746166428,0.5821267035406297,0.5332674215329634
ID_ZDW4YS,0.00738531769583705,0.0040349928371379825,0.005178100810287371,0.00043755518896559004,0.0004226509931847508,0.0007524671362941249
ID_ZDYSIZ,0.005075127103027049,0.003897833509372949,0.004339094092533129,0.0002550990761822487,0.0004968143074164532,0.0005821449924742145
ID_ZEHDY0,0.008745630633034377,0.0061702402523204055,0.00692382220891551,0.0012223487024385553,0.003669570539618308,0.003921491362587346
ID_ZEJHY1,0.013827094101578384,0.017208686146327562,0.011924180823293318,0.003682609360077879,0.018415709113662217,0.014786531475894893
ID_ZEJRSI,0.009426663549050304,0.006884343489320055,0.007774393002249288,0.001509475221869225,0.0024509310257379434,0.0029933273938322126
ID_ZEMQI5,0.005522159673827338,0.0042364117231034875,0.0046884317180599065,0.0005783630606315393,0.0008719976027599717,0.0010558129519793412
ID_ZEPE89,0.005722396184610019,0.004537602079888533,0.004317643298739127,0.00039951366234486157,0.0008798074148133083,0.0008090190517229222
ID_ZEY77T,0.005035607131310274,0.0040182887296556615,0.004523196639699542,0.0003345227515595287,0.0011028412283379827,0.0012912537402264435
ID_ZF76R9,0.005475864270402053,0.005053400156410145,0.006473722153780193,0.0005022600283556575,0.002648153861808415,0.0045420430182777
ID_ZFJSZL,0.005561967966664451,0.00433212322850742,0.00483997393708319,0.00047735596883051906,0.0008638066211990714,0.0014895914877985504
ID_ZGKPYC,0.06769204648321239,0.015573459114357582,0.010467750845972809,0.034207322405666526,0.013920677801303311,0.01076622835142878
ID_ZHA6W2,0.0064159906432966415,0.0046722007941123085,0.005110939213694363,0.0005313991973385863,0.0011111789019155641,0.0013983829464369413
ID_ZHUK1S,0.04843673781726489,0.040458087794601534,0.031025398757435946,0.02456469801048383,0.026636553375431485,0.02273689504373596
ID_ZI5Y1E,0.0052386695391947544,0.003945110886447514,0.004356348174673503,0.00025689583391558626,0.000800001820855827,0.0010252365032453602
ID_ZIXA8E,0.005332311703875595,0.004265872606799738,0.0043026422864275915,0.0004219357325974889,0.0006919858069520981,0.0007974009251470576
ID_ZJ8ADL,0.007730821970669109,0.0057190640079331796,0.005953523156437969,0.0009697579145237763,0.001556872007037095,0.0018200598313789422
ID_ZJBV7B,0.005317543020001412,0.003597996977894969,0.004384881205814401,0.0002458491360285845,0.00045477550045076626,0.0007758848797512231
ID_ZJDJST,0.014194101485758502,0.005235955539092488,0.005402303766473244,0.0018598652941651734,0.0014871357967161344,0.0020208249823452334
ID_ZJIQCI,0.006313834812024322,0.004477963059985931,0.0051698369248575,0.0003186020212766377,0.0018285400664965789,0.0023844260915185564
ID_ZJP4KO,0.007323467983281802,0.00401392323949299,0.0052639614523016295,0.0005808305560826275,0.0004284419419620607,0.0007938800545412354
ID_ZJYYTF,0.005780011554891576,0.004709456143327597,0.005209589740304368,0.00025112511297671646,0.001598015114387475,0.0021076231819578137
ID_ZK5F0Y,0.04010475331568583,0.006052745685810899,0.015111089357468981,0.025338823469585554,0.0033447400630358315,0.011796144900945889
ID_ZKA4ZO,0.024210173940240564,0.00984178871423206,0.01654387405651242,0.009197609056593418,0.009983817745540191,0.01866086326671354
ID_ZKHQZV,0.00531515207066491,0.004422885473814777,0.005327464720825233,0.00022771623300671116,0.001049683051688625,0.0021670921613845045
ID_ZKTVQN,0.005289733126556583,0.003939824304526745,0.00422528823582023,0.00023667939735704077,0.0006787273469749347,0.0007777433661855779
ID_ZKWY5H,0.007631459079411265,0.0061672678403590165,0.00711437409877671,0.0015845557054911033,0.0026280161485044908,0.0037764371892726302
ID_ZL5Q59,0.01627317118122944,0.029016950116472075,0.010326366559549565,0.00517384953229988,0.022877443550875936,0.009978322081342868
ID_ZLFFSD,0.005424986502779398,0.004148852881409069,0.0048807024536671436,0.00022158203883432934,0.0005432513349396688,0.001191907806541664
ID_ZLH6YZ,0.006890066740205502,0.004639563876919978,0.005019280313269724,0.0005943419535369403,0.0011236066094936893,0.0013330633412448143
ID_ZLJNIO,0.005802644953869354,0.0043309544930132575,0.004795196565733489,0.0012181071800557107,0.0008792309327114507,0.001089411420496553
ID_ZLQ4JH,0.005530843557228981,0.00434349957937948,0.004716546237553262,0.00033679439099554374,0.0007662766740065913,0.0008920483617091468
ID_ZLSF1Q,0.006061430610210221,0.004969772056767143,0.0056176117576943775,0.00036086520211123555,0.0017516274194196157,0.0020165468243393786
ID_ZM023T,0.005492038173761563,0.004045409544561059,0.004244424137637132,0.00027282332369390545,0.0007768938156160137,0.0008088380398025809
ID_ZM6SCU,0.005209779015187835,0.004260228431866309,0.005105905170096093,0.00020787977269494964,0.0009384997519791704,0.0014929668232384183
ID_ZM7Y7C,0.009426663549050304,0.006884343489320055,0.007774393002249288,0.001509475221869225,0.0024509310257379434,0.0029933273938322126
ID_ZM9CVR,0.005818636102998104,0.004309856189708678,0.004442350891683817,0.0011422009105535827,0.0010813869880584937,0.0013658687688904892
ID_ZMEBI9,0.005397243151193273,0.00415058469624285,0.004464846783487145,0.000246882014950987,0.0006792829553443144,0.0007029652627136419
ID_ZML7ZV,0.005374976303538593,0.003988983349927701,0.004738368599002573,0.00026211027631739987,0.0008525409874597063,0.0011705558107024507
ID_ZMXHIG,0.005856871175055173,0.004678721864815305,0.005051022761676025,0.00020310403779746786,0.001087148727343403,0.00215260809879518
ID_ZN6VHC,0.005977483606153338,0.0044503722783678585,0.00503753529223454,0.0004596598389171929,0.00098342488888865,0.0014063840099487618
ID_ZNDJO0,0.0054528314848121505,0.004007646667604856,0.004359141396840051,0.00021752698379622296,0.0005380622551493449,0.0008591628299765368
ID_ZNFFDC,0.035581801399416815,0.008933713232878355,0.005731840155346567,0.007231633416633445,0.0025943785953592416,0.001707913181683976
ID_ZNHRMQ,0.010591228296073287,0.006487063319462649,0.006223952436455051,0.002233128697845976,0.0024021964052815177,0.0023018331899935006
ID_ZNN0U3,0.005515195035846284,0.004798853643885278,0.005772509322990395,0.0006454479837649979,0.0017155841400376712,0.0026108511931302396
ID_ZNSKYP,0.005400382722670885,0.0040157011000030015,0.0041825664598467,0.00035165263919361187,0.0007224636802222182,0.0007951520935501434
ID_ZO2QTR,0.00854527387826101,0.005121064997616316,0.004913858067333565,0.002409995468004163,0.0011020723909797249,0.0013925495730118794
ID_ZO8KHA,0.005417215454586605,0.0036897022902397745,0.003708434072549705,0.0002900792111328598,0.0006934885454038303,0.0006890723603120767
ID_ZOEHP1,0.011249751088726324,0.007851375434401153,0.007780981963237953,0.005457645875287148,0.005173290837026439,0.005444600611673536
ID_ZOSYAP,0.007759372951208581,0.005552485363431396,0.008268703832346692,0.0011064291285860053,0.0012053158093771662,0.006129358791311274
ID_ZOW6TO,0.005433496753625527,0.004030927205980182,0.00456927793476991,0.00018867850792611806,0.0006292950454874967,0.0006044929970769999
ID_ZP6A8U,0.015929501458602738,0.006050441652455378,0.005752020289533241,0.0038885825189775313,0.002055730619850364,0.002797977273910993
ID_ZP9WX2,0.006466725566734373,0.004649834428127576,0.004910406453938874,0.0004808829846273108,0.001153059953806134,0.0013662344774702199
ID_ZPTVXF,0.006098126423990763,0.004370368671504007,0.00489934418929657,0.0003602793916226824,0.0009562227953136165,0.0011962355319715158
ID_ZPW7TK,0.007563468790665318,0.00411000370134848,0.005332332824525402,0.0005495125356065871,0.00040590651729515293,0.0006913975911232881
ID_ZQ48WV,0.005233322844778138,0.0042197880543435136,0.004690214922428022,0.0002380347239075973,0.0006292366296030646,0.0008227363695270795
ID_ZQJL1B,0.0054225350587757395,0.003855843182502456,0.0043859110253140435,0.00022519616431585608,0.0009850938555690625,0.0012448555666329678
ID_ZQLRCB,0.2232278139040253,0.10635875743468934,0.18449968032501468,0.250483245387684,0.09495820826383385,0.19420121326043474
ID_ZQQ4MM,0.006288166401537039,0.004337174488667379,0.005029298805791238,0.00029614261208868816,0.0010495379360687819,0.001315498063312758
ID_ZR9LL7,0.005530101893389856,0.0043472659077759285,0.004798748448613224,0.00045241461782577865,0.0008953796698360987,0.001103460927076458
ID_ZRFZ0T,0.011951914763290494,0.009808375418091502,0.008225781283670448,0.002257672159837117,0.005335198203728578,0.0071750510432893756
ID_ZSTDRG,0.005349368102942949,0.004617082058307918,0.005927723063946171,0.0003636578005076783,0.0019758577668616737,0.0025033981180596692
ID_ZT06HL,0.005342059841061335,0.003993466442054975,0.004116791379712033,0.00025345289879209564,0.0006127243555295621,0.000624662491181579
ID_ZTGLQD,0.005492702902550063,0.004450637852794959,0.005514181405682203,0.00018127869231295666,0.0011903108369213536,0.0021620084343275977
ID_ZTWXQZ,0.024320468496610112,0.007616518150743274,0.007933593974117007,0.009493718278348362,0.0053283504556997695,0.005222689266658393
ID_ZTXB6J,0.005615771431414999,0.004246129408628802,0.004250951504646283,0.0003903238074041671,0.0007329693359690872,0.0007809633583417081
ID_ZU20XJ,0.005668844372094892,0.004629442695121612,0.00559238757272692,0.0002754363806765489,0.0014722758419376885,0.0019304759684666433
ID_ZU5SYR,0.006065780418215912,0.004795409451457814,0.004944324140850626,0.0002685847863379448,0.0009886723930599695,0.0008688683392537008
ID_ZULTCR,0.005862267407644325,0.004681298941163664,0.0059039423030665976,0.00046003784934782867,0.0019023157180529657,0.002948166399341319
ID_ZUVHL8,0.005445898451291974,0.004132023754028974,0.004338517529076857,0.00018168184577663866,0.0006224500977891043,0.000633234852080807
ID_ZUZ5IB,0.005191710643692773,0.004247808433400579,0.004997193364497947,0.00025126838637583207,0.0010713606074435893,0.001640012118109274
ID_ZV17K7,0.005227826098600506,0.0044129705479747285,0.006696007965008565,0.00021246654884136352,0.0015156008886027233,0.0028948179177098886
ID_ZV8PXJ,0.005821878034232584,0.0038989609790989884,0.004022660432558379,0.00034386212848964813,0.0007762108609814114,0.000739799201954255
ID_ZVCB1F,0.009039155831000742,0.004935944882447425,0.005190866891694817,0.0011886018643311798,0.0012174280020514072,0.0015726091353774358
ID_ZVGYIZ,0.0059041284938086604,0.00429704959961391,0.0047356395266007914,0.00022362316501073004,0.0006554873140157901,0.0009063707442691194
ID_ZVKA4U,0.005381374483199718,0.004248106399146558,0.0046527780994145024,0.0004262608646462194,0.0007485705371610661,0.0008658228750952441
ID_ZW0DVE,0.005852122592342374,0.00423793813406611,0.004869138871075953,0.00030531834865798834,0.0007898725754921435,0.0010821155249291857
ID_ZW88Z7,0.005475267716245729,0.005240908586209167,0.0067828352541918786,0.0004902130787709113,0.0028033239910810882,0.00465028280933424
ID_ZWEMTO,0.005866417925625911,0.004678491904361223,0.005033503139598435,0.0001854215430382662,0.0010711820711775462,0.0020141829137283727
ID_ZWFCLM,0.016144539559331598,0.0273517049817438,0.010164942405244909,0.010305052944873942,0.01368166004484263,0.003974584720981157
ID_ZWP9EJ,0.005265023652766061,0.004137144643380947,0.0046728834068537175,0.00019613720554180757,0.0006767790119897372,0.0009254859580668213
ID_ZWRUMN,0.007136743795436204,0.007169273715835776,0.006886111258343691,0.0004532973284344995,0.0023303817689557943,0.0023940615495797388
ID_ZWWJ7W,0.005368043459452568,0.0036604386647348694,0.00455266780897011,0.00031129001507060994,0.0004923486602948299,0.000908281565785641
ID_ZX0HBQ,0.005107983577322413,0.0035324844620768323,0.003620736231054103,0.0002216007140100931,0.0005056920760340008,0.0005354262441850765
ID_ZX88UJ,0.005166931435776028,0.004112244348098005,0.004044247381218423,0.00017919199232232575,0.0005111909394634791,0.0004721008195579414
ID_ZXQRP1,0.005803836423591497,0.004180789658259877,0.004916439829211477,0.00023518696343051754,0.0006728576388428084,0.0014811522299315266
ID_ZXY6XK,0.005022608168648323,0.0036928594956939062,0.003797188432144857,0.00018868653465587608,0.0006066850660790488,0.0006413455282181259
ID_ZY3YB7,0.005649968366054322,0.004228333087735724,0.004911895614453122,0.00024293746777861801,0.0008738187895499707,0.0010316596653218504
ID_ZYBEDD,0.0053447125291007985,0.004367011325840638,0.004818692084716255,0.0003508152599643595,0.0008525234071052386,0.0009191698607894156
ID_ZYEPM4,0.010300491062623582,0.008590187138386902,0.009514912117762037,0.003158446921428951,0.005723774886803803,0.0073979012780782906
ID_ZYKJPD,0.16917862298213177,0.12547894893313435,0.12969297776501412,0.15670021897079342,0.14139955197659507,0.19003034378855244
ID_ZYM82A,0.005364241133220394,0.00441854174925085,0.005276904999830793,0.00036153054174772593,0.0014480293941071087,0.002498399159520044
