ID,Target_07_AUC,Target_07_LogLoss,Target_90_AUC,Target_90_LogLoss,Target_120_AUC,Target_120_LogLoss
ID_HZO9J4,0.00451653304384297,0.0036672521896644,0.00451653304384297,0.0036672521896644,0.00451653304384297,0.0036672521896644
ID_HKTMZS,0.000338510060659999,0.000299749324721597,0.000484912966906104,0.000479284246421255,0.000484912966906104,0.000479284246421255
ID_ECH1M4,3.94588108786126e-05,3.69986574307712e-05,0.000125594710853124,0.000120890003884187,0.000125594710853124,0.000120890003884187
ID_UG6RWR,7.8380943390474e-05,7.61991807885718e-05,7.8380943390474e-05,7.61991807885718e-05,7.8380943390474e-05,7.61991807885718e-05
ID_VA8YS0,0.00196195179749011,0.00165993498469329,0.0026720289022731,0.0026821185458356,0.0026720289022731,0.0026821185458356
ID_Y4XYBA,5.37177341671735e-05,4.18994710807222e-05,0.0001559284626839,0.000138240851978506,0.000222695046949952,0.000220106101042449
ID_R1RKC8,0.00023196678029603,0.000259426359066867,0.00023196678029603,0.000259426359066867,0.00023196678029603,0.000259426359066867
ID_BJ7RH7,6.61240847857056e-05,4.81193372597432e-05,8.15712338308939e-05,6.93710586088032e-05,0.000149793444059399,0.000146469753017403
ID_2A4701,1.80920962103628e-05,1.13701345744673e-05,0.000148661656059662,0.000129956668545661,0.000148661656059662,0.000129956668545661
ID_QN303I,0.00017254469785,0.000189492751620434,0.000556997425789817,0.00062184998525212,0.000556997425789817,0.00062184998525212
ID_MXVMHB,1.01748063923359e-05,7.57169726558226e-06,2.09054025010437e-05,1.78328922780813e-05,3.26854507475005e-05,3.11892426009531e-05
ID_G5YFIJ,2.60489029980555e-05,1.77708814092141e-05,0.000369221390097608,0.000333202578444936,0.000369221390097608,0.000333202578444936
ID_LUMWXR,0.000944655391052479,0.00117261029828964,0.000944655391052479,0.00117261029828964,0.000944655391052479,0.00117261029828964
ID_BMD6D9,2.9380305126234e-05,2.10184318594129e-05,4.12965912601592e-05,3.46735248145263e-05,4.87499938335056e-05,4.50029128528784e-05
ID_8NHM2A,5.48637848048465e-05,5.42131174657614e-05,5.48637848048465e-05,5.42131174657614e-05,5.48637848048465e-05,5.42131174657614e-05
ID_M6LH16,2.69589744175708e-05,1.89049307093688e-05,0.000153465119458202,0.000135425926290923,0.000153465119458202,0.000135425926290923
ID_4MU095,0.00165348465779814,0.00151477028835261,0.00229691803884157,0.00219740354671971,0.00249894826739923,0.00244460755005347
ID_QM4O2S,0.000109802092188339,9.91715983133194e-05,0.000617945279117005,0.000549832407796562,0.000617945279117005,0.000549832407796562
ID_O2NKGF,3.37208598005005e-05,2.70130396773741e-05,7.34498260819628e-05,6.8199099251262e-05,7.34498260819628e-05,6.8199099251262e-05
ID_3UQ81U,0.000137190447448381,0.000118807130596033,0.000225899592829277,0.000202232911030614,0.000279317231769052,0.000279715549273428
ID_PDT688,0.0283870961901343,0.0252290784587053,0.0283870961901343,0.0252290784587053,0.0306557970824058,0.0324393635207669
ID_0TQQFQ,7.66303396579057e-05,7.63716049358913e-05,0.000173422533277425,0.000170023344531147,0.000173422533277425,0.000170023344531147
ID_PG1ZJ9,4.44996411200409e-05,4.52487925071458e-05,0.000154635095305606,0.000142730790534565,0.000300345537833022,0.000298476157183046
ID_MC4FYO,1.68489185857901e-05,1.04123726757262e-05,0.000101064333235739,8.97002704856396e-05,0.000101064333235739,8.97002704856396e-05
ID_2EPRTP,2.51182815386599e-05,1.73899017367871e-05,5.45727924794209e-05,4.71538657374892e-05,5.45727924794209e-05,4.71538657374892e-05
ID_OU67R8,0.000981154674459166,0.000593984347446886,0.00333000074262865,0.00320883647683238,0.00371623738449931,0.00358428659838182
ID_JF5PXT,0.000821983616629089,0.000804043748433842,0.00209282198179395,0.00211605777374425,0.00209282198179395,0.00211605777374425
ID_YBFBW4,0.00221039107226942,0.00195182226727386,0.00221039107226942,0.00195182226727386,0.00237310240650829,0.00249013442164124
ID_T764ZJ,6.1084020287028e-05,4.59271296159559e-05,6.1084020287028e-05,4.96506672253755e-05,7.56043946366297e-05,7.36332362921816e-05
ID_PZPP2T,7.63194181595761e-05,5.57443575238957e-05,0.000133328428596627,0.000121635098448189,0.000133328428596627,0.000129320306447032
ID_2V5UEE,3.78805780621199e-05,3.67888817973749e-05,4.90757271861859e-05,4.35538938205664e-05,7.98063333201627e-05,7.71286463234873e-05
ID_E44382,0.000340334655153872,0.000401713763048293,0.000362753751115285,0.000401713763048293,0.000362753751115285,0.000401713763048293
ID_5UY94I,0.805616779313753,0.858273410433327,0.805616779313753,0.858273410433327,0.805616779313753,0.858273410433327
ID_P1R0SN,5.84802163887368e-05,5.04778565124273e-05,7.55732691182291e-05,6.86198323845297e-05,8.15665562944755e-05,7.77004055797516e-05
ID_AMSE7R,3.29639953456174e-05,2.73227501237646e-05,4.51234394303684e-05,3.94912954042788e-05,7.15760957675638e-05,6.762926370912e-05
ID_4NOKI6,7.26901900252379e-06,4.17726816993437e-06,1.86217324016191e-05,1.54279221874711e-05,2.13521223924141e-05,1.97447449568024e-05
ID_LZLRNV,5.77876841047498e-05,6.17690490158479e-05,0.000134518263802026,0.000138001349340682,0.000134518263802026,0.000138001349340682
ID_Q2MLKE,5.70450056091118e-05,5.6685018753644e-05,5.70450056091118e-05,5.6685018753644e-05,5.70450056091118e-05,5.6685018753644e-05
ID_SMRPHF,0.00174335009592353,0.00146668646281479,0.0346993864578983,0.0366000285603356,0.074154658721735,0.085437717127006
ID_RIZD06,1.6919441326025e-05,1.02213123083303e-05,6.27001715912365e-05,5.44013826753718e-05,0.000138815850939098,0.000145391517392052
ID_EMVPFU,9.54783203453868e-05,8.90872055281842e-05,0.000173968072215621,0.000173160838911511,0.000173968072215621,0.000173160838911511
ID_O61SU7,9.07929555108233e-06,5.64308229485947e-06,2.85559489012155e-05,2.3498950349702e-05,5.00069461694972e-05,4.69051042287232e-05
ID_ME1YJI,0.000901576717137544,0.000814620637012165,0.000901576717137544,0.000814620637012165,0.000901576717137544,0.000814620637012165
ID_UPIF9C,0.000228451406579604,0.000265073085638267,0.000228451406579604,0.000265073085638267,0.000228451406579604,0.000265073085638267
ID_KZ7WF1,2.42815181395161e-05,2.11563084005356e-05,3.92145671267098e-05,3.49275347516373e-05,6.52367268653901e-05,6.38851572211855e-05
ID_BG3G76,3.06611929385225e-05,2.2964840386365e-05,6.22418810297405e-05,5.65106595458351e-05,6.22418810297405e-05,5.65106595458351e-05
ID_8LZPFU,3.38844034159705e-05,2.21151979565469e-05,0.000332097030289488,0.000294401830459057,0.000332097030289488,0.000294401830459057
ID_35L0LZ,0.000119596756532551,0.000113947182318169,0.000119596756532551,0.000113947182318169,0.00012494320825452,0.000120029685885869
ID_DZ9KDZ,3.46384668672874e-05,2.39722267658114e-05,9.56193346767023e-05,8.29260167419657e-05,9.56193346767023e-05,8.29260167419657e-05
ID_PTSP80,0.000188171970045769,0.000225315367952172,0.000188171970045769,0.000225315367952172,0.000188171970045769,0.000225315367952172
ID_DL0WVZ,0.00207754557521073,0.00262007399016074,0.0199458520856025,0.0240708085221904,0.0199458520856025,0.0240708085221904
ID_A6J8PW,9.34544517895182e-06,5.66533140612412e-06,0.000180393101206983,0.000154342247664126,0.000180393101206983,0.000169558179124891
ID_0E6AWX,0.000114582393998326,0.000130277358690666,0.000114582393998326,0.000130277358690666,0.000114582393998326,0.000130277358690666
ID_R69I7Q,3.78440569071943e-05,2.31685248521572e-05,0.000243966240715955,0.000225784418330902,0.000437848878590268,0.000422730476250531
ID_5IF81A,5.89660453274129e-05,5.46066768397305e-05,9.0844766426215e-05,8.57301357667522e-05,9.6973862683796e-05,9.36235784546835e-05
ID_5TKD3W,9.43514604960434e-05,9.22725823814726e-05,0.000289396337663527,0.000253334374390948,0.000289396337663527,0.000270539393858446
ID_QB7IZK,3.29992505004954e-05,2.79470752862426e-05,4.20936436970473e-05,3.70662936981503e-05,6.5043314919098e-05,6.16200100933353e-05
ID_G7GMXZ,0.000192820948171425,0.000208581927231658,0.000213146574646469,0.000208581927231658,0.000213146574646469,0.000208581927231658
ID_3HJ5U2,0.492698860452449,0.513999769364695,0.492698860452449,0.513999769364695,0.492698860452449,0.513999769364695
ID_D54YT9,1.59354334457066e-05,9.87285480327259e-06,8.96098919324125e-05,7.81628190851039e-05,8.96098919324125e-05,7.81628190851039e-05
ID_86AMRV,1.51851570004133e-05,1.03891173390029e-05,6.24214064966317e-05,5.64191096531935e-05,8.32879058476672e-05,8.04523663128275e-05
ID_VK9ROW,3.1510272785249e-05,2.26065409587979e-05,5.97168727305761e-05,5.14423585262155e-05,5.97168727305761e-05,5.14423585262155e-05
ID_GY618Y,3.27268001655382e-05,2.81139669056514e-05,4.62464844112914e-05,4.16425819006659e-05,5.49548195692789e-05,5.25041599806688e-05
ID_G8ISGB,1.75091447738534e-05,1.23946060837127e-05,3.87417152703758e-05,3.1897570708782e-05,4.44355446717983e-05,4.12127100488292e-05
ID_L6LXEE,0.00140208701209223,0.00131041783313658,0.00286010887297303,0.0028573086422667,0.00301621127666856,0.00307073299461064
ID_I6YHZD,0.000158421766794156,0.0001724443396167,0.000215457638008055,0.000225012356351104,0.000215457638008055,0.000225012356351104
ID_P86BG6,3.16959257524335e-05,2.380142453296e-05,0.000119735490253375,0.000108504618866535,0.000119735490253375,0.000108504618866535
ID_9ZHQSC,3.97400427559077e-05,3.55617414746006e-05,6.10353335867487e-05,5.60551315021098e-05,6.10353335867487e-05,5.60551315021098e-05
ID_O9X1LL,6.98488829177064e-05,6.57325049335114e-05,9.75371766515226e-05,8.87587795163018e-05,0.000101573029572144,0.00010031501178957
ID_K4ZNMT,4.5839014162037e-06,2.98833207084134e-06,2.04498483866518e-05,1.77589497489555e-05,2.60660950152147e-05,2.53424401094992e-05
ID_QJGRN9,0.00022756668069431,0.000246377828559125,0.00022756668069431,0.000246377828559125,0.000364027691508295,0.000394295253505096
ID_9TOISM,3.65609794854049e-05,2.74517299705641e-05,5.01787902465748e-05,4.56749656246891e-05,5.01787902465748e-05,4.56749656246891e-05
ID_GBKQ4A,0.000101781821146709,8.81064828236359e-05,0.000238027973707331,0.000231898899534376,0.000238027973707331,0.00024795298114532
ID_A8FL82,4.54866626028699e-05,3.36459046423518e-05,0.00119695859002756,0.00115253734101143,0.00119695859002756,0.00115253734101143
ID_G2O1VD,0.000615237110629233,0.000552375814290524,0.000615237110629233,0.000552375814290524,0.000615237110629233,0.000552375814290524
ID_MB89IP,0.000118727020501783,0.00012531835024334,0.00012691657341908,0.00012531835024334,0.00012691657341908,0.00012531835024334
ID_UJJ1IK,0.000939894312873319,0.000745047089092064,0.000939894312873319,0.000745047089092064,0.000939894312873319,0.000745047089092064
ID_0I4S28,7.31554600648803e-06,4.34952417832332e-06,2.73172684050477e-05,2.23366412219156e-05,5.00495147479387e-05,4.62999309074213e-05
ID_WGGUI2,0.000407199866184241,0.000492092279782909,0.000407199866184241,0.000492092279782909,0.000407199866184241,0.000492092279782909
ID_9561UW,0.000978904798039116,0.000894498467205219,0.00249365379816992,0.00283557931859982,0.00249365379816992,0.00283557931859982
ID_9TYH5Y,1.11528004086514e-05,6.46760052134697e-06,5.05481682980731e-05,4.20762133553467e-05,5.05481682980731e-05,4.44761483281202e-05
ID_EEFOWD,3.09182907567548e-05,2.34230395615572e-05,7.63049707716753e-05,6.97942457525545e-05,7.63049707716753e-05,6.97942457525545e-05
ID_BLCTDI,2.50394255893446e-05,2.42633812160985e-05,2.50394255893446e-05,2.42633812160985e-05,3.12172918326164e-05,2.98798657576985e-05
ID_1DUVNN,2.60815515293427e-05,1.84625971589121e-05,4.0575884708967e-05,3.43661570749197e-05,4.0575884708967e-05,3.43661570749197e-05
ID_PJRXEY,2.81673315251862e-05,1.83891034919345e-05,0.00189218036445303,0.00200257192361362,0.00189218036445303,0.00200257192361362
ID_IIJINI,0.000772121316259118,0.000791721657337729,0.000772121316259118,0.000791721657337729,0.00134844659766535,0.00137612534333313
ID_RZ9Y4F,0.0269714947361377,0.0278583036588813,0.0777687193967245,0.077361028102538,0.0777687193967245,0.077361028102538
ID_OZU9F0,0.00132641695601281,0.00114091039842599,0.00132641695601281,0.00114091039842599,0.00132641695601281,0.00122422983236896
ID_GBJJLZ,6.94478803048649e-05,5.29375420616796e-05,0.000180703587825887,0.000156218560695842,0.000180703587825887,0.000156218560695842
ID_FELSNU,0.000170114187304115,0.000209087276992786,0.000179300411900886,0.000209087276992786,0.000179300411900886,0.000209087276992786
ID_LFVE77,1.49397298376214e-05,1.06108536440075e-05,9.76258936262757e-05,8.74912284704167e-05,0.000142861894109059,0.000142950356209253
ID_7GZXR0,3.98776112618524e-05,3.55644391394054e-05,6.57636406479055e-05,5.87188092652e-05,8.37219628623074e-05,8.17082306990175e-05
ID_0LNF2H,4.71314854110058e-05,3.75442078169201e-05,8.9142490131232e-05,8.40119558635095e-05,8.9142490131232e-05,8.40119558635095e-05
ID_WEUPHB,2.04298184059811e-05,1.32658964016044e-05,7.64383824240469e-05,6.6261317521785e-05,8.60839469752363e-05,8.18893352094105e-05
ID_TCPBQ5,5.0943374271954e-05,4.54729915659807e-05,5.0943374271954e-05,4.54729915659807e-05,5.0943374271954e-05,4.54729915659807e-05
ID_L18EB0,0.000665438198456115,0.000689024587104957,0.000795971949797441,0.000855485362904113,0.000795971949797441,0.000855485362904113
ID_HRPHAH,1.75607014400696e-05,1.4235454965822e-05,0.000154174847074698,0.000153021016640289,0.000334929496473081,0.000351641505810176
ID_ZKA4ZO,0.0253228548096056,0.0219488951665488,0.0253228548096056,0.0231881434916476,0.0253228548096056,0.0231881434916476
ID_ITWWC2,6.77019738179048e-05,6.94304672844838e-05,0.00022269583622068,0.000231624594504643,0.00022269583622068,0.000231624594504643
ID_HAGZ8S,1.31571945507055e-05,9.16746673496871e-06,2.97361122307564e-05,2.43663926598271e-05,2.97361122307564e-05,2.43663926598271e-05
ID_X2EZX0,5.09585349593226e-05,3.58787638677902e-05,0.000135696386258498,0.00012325254444164,0.000193052612807353,0.000182925105891446
ID_4M0YMS,2.55963036392336e-05,2.24466949355727e-05,2.55963036392336e-05,2.24466949355727e-05,2.55963036392336e-05,2.39006265595151e-05
ID_V7WQM1,6.06949064509044e-05,5.74610520359946e-05,9.77429594880441e-05,8.70017444677078e-05,9.77429594880441e-05,8.70017444677078e-05
ID_CF06U6,2.63337868591929e-05,2.20809775932177e-05,4.69302502792267e-05,4.23850221925245e-05,4.69302502792267e-05,4.23850221925245e-05
ID_0ISQF0,0.0603385451463211,0.0631427006744003,0.0603385451463211,0.0631427006744003,0.0973941136219603,0.105387582205198
ID_JEO0RE,0.000144228281453232,0.000150918779619216,0.000144228281453232,0.000150918779619216,0.000144228281453232,0.000150918779619216
ID_9CKT1G,0.000124993401683576,0.000120302988787261,0.000300796262066111,0.000290426259555215,0.000300796262066111,0.000290426259555215
ID_GKSEUX,3.96057874844592e-05,3.33014637489111e-05,3.96057874844592e-05,3.33014637489111e-05,5.17091500487362e-05,4.92738075863622e-05
ID_SA0EJV,5.24816337224879e-05,5.01596129894648e-05,5.24816337224879e-05,5.01596129894648e-05,5.24816337224879e-05,5.01596129894648e-05
ID_LQCAHB,0.00011216394865771,7.60130036675654e-05,0.000720103631257268,0.00071485700161128,0.000883338804824807,0.0010108955063218
ID_X20N3V,1.8133115965528e-05,1.28884572072306e-05,5.43184581106504e-05,5.0036541545505e-05,6.50394271553284e-05,6.20456945651625e-05
ID_8T676E,6.9658574916188e-05,6.77868523040192e-05,0.000174140613645064,0.000161749318597348,0.000174140613645064,0.000161749318597348
ID_7ILHH1,3.17812169969542e-05,2.50449438286469e-05,3.17812169969542e-05,2.50449438286469e-05,4.93925241562014e-05,4.71183423005636e-05
ID_OICH3X,5.26930854447724e-05,4.50495833042571e-05,9.8576832216659e-05,8.8087281298308e-05,9.8576832216659e-05,8.94780574296464e-05
ID_W0DZUH,0.00073034975647599,0.000866977712539402,0.00073034975647599,0.000866977712539402,0.00073034975647599,0.000866977712539402
ID_FJEDHF,1.09335308457098e-05,7.08006389588867e-06,9.61528833594148e-05,8.58893263066227e-05,0.000108243648756265,0.000104889220450294
ID_FO98FY,0.00126102920858823,0.00105245990920684,0.00126102920858823,0.00105245990920684,0.00126102920858823,0.00105245990920684
ID_DHPPV2,6.15856402324423e-06,4.16427251081577e-06,1.92847632685465e-05,1.64675491028913e-05,2.02272959368564e-05,1.88007516764952e-05
ID_0YXO2D,4.10988834756288e-05,3.31249958149138e-05,8.35286860937522e-05,7.68239794681161e-05,8.35286860937522e-05,7.68239794681161e-05
ID_5QZP6R,0.000119418885010724,0.000124767541906651,0.000119418885010724,0.000124767541906651,0.000119418885010724,0.000124767541906651
ID_S9JF8F,0.00637082101340915,0.00660090052265069,0.00637082101340915,0.00660090052265069,0.0151253275249429,0.0168242515221247
ID_TWO5KW,0.000298218491848248,0.000263685937261939,0.000483102157973173,0.000465980799296303,0.000483102157973173,0.000465980799296303
ID_9JAOHA,0.000109935835504141,0.000109660499209166,0.00026079565126369,0.000262540849165691,0.00026079565126369,0.000262540849165691
ID_ZHUK1S,0.00399365835866199,0.00414657223467321,0.00659048670407597,0.00722896084347607,0.00659048670407597,0.00722896084347607
ID_WZZ662,0.000111270446095086,0.000114041488155068,0.000111270446095086,0.000114041488155068,0.000120444463931469,0.000120344425580362
ID_PR92PR,1.66539055092202e-05,1.20699569389107e-05,0.000274535449926954,0.000251944518945529,0.000274535449926954,0.000251944518945529
ID_MNB1L3,1.67546122798055e-05,1.33020018462534e-05,6.5307185617287e-05,5.90286522733352e-05,7.26439861825507e-05,7.00987288774841e-05
ID_19O4B5,2.40107228437776e-05,1.84951982960572e-05,6.80094234612604e-05,6.29969373878732e-05,7.49565072710777e-05,7.28999222134857e-05
ID_RLR27L,8.70096141690281e-05,9.06847913151032e-05,8.70096141690281e-05,9.06847913151032e-05,8.70096141690281e-05,9.06847913151032e-05
ID_RNX724,0.000140586852875003,0.000138343001009888,0.000140586852875003,0.000138343001009888,0.000140586852875003,0.000138343001009888
ID_45LBG7,4.03502899368955e-05,2.84906753079292e-05,0.000653899043434329,0.000688359999083848,0.00077881692242921,0.000818059513297323
ID_NH7ABP,2.51818575376771e-05,1.93632051003797e-05,9.18832692395078e-05,7.79513909288621e-05,9.18832692395078e-05,7.79513909288621e-05
ID_SW0MA1,0.000288017721798347,0.000297178868334648,0.000791001230680903,0.000812557003580002,0.000791001230680903,0.000812557003580002
ID_F6RQR5,9.51249371885691e-05,9.89234738229415e-05,9.51249371885691e-05,9.89234738229415e-05,9.51249371885691e-05,9.89234738229415e-05
ID_3YY9DP,4.14527509619877e-05,3.49321112198885e-05,7.37215117948313e-05,6.46531488027115e-05,7.37215117948313e-05,6.46531488027115e-05
ID_E04V5D,8.95075191262831e-05,8.58140814900381e-05,9.46925858014769e-05,9.04990414752394e-05,9.46925858014769e-05,9.04990414752394e-05
ID_ITNBRH,0.0116779424231724,0.0117247355690434,0.0116779424231724,0.0117247355690434,0.0130207403187687,0.014060570455495
ID_BK64SS,0.000155096817050994,0.000145609540672795,0.00018167282114714,0.00017495251869086,0.00018167282114714,0.00017495251869086
ID_JZPTYE,2.22688189043279e-05,1.86013119332999e-05,6.41796690827349e-05,5.77872929931331e-05,6.41796690827349e-05,5.77872929931331e-05
ID_F4C1ZX,8.00104300726266e-05,8.38978874085438e-05,8.00104300726266e-05,8.38978874085438e-05,8.00104300726266e-05,8.38978874085438e-05
ID_IC7OWJ,8.14855884893263e-05,5.77241452909138e-05,0.000625499145935369,0.000528702201208702,0.000762367502998645,0.000710773325623501
ID_SNEFWM,0.00616592472407176,0.00675766958357911,0.00616592472407176,0.00675766958357911,0.00630308631024575,0.00675766958357911
ID_Z100EY,7.07469531008658e-05,7.08959505452906e-05,7.07469531008658e-05,7.08959505452906e-05,7.07469531008658e-05,7.08959505452906e-05
ID_HEFVRV,0.000833787235669731,0.000666126505948039,0.00505786601021741,0.00516474073665538,0.00505786601021741,0.00516474073665538
ID_TG0ZNO,0.000241002736587825,0.000247458928530198,0.000241002736587825,0.000247458928530198,0.000241002736587825,0.000247458928530198
ID_K3NMVQ,4.04300995572348e-05,3.69780968968595e-05,6.67868065111162e-05,5.98838753150462e-05,8.41322207841042e-05,8.23458614867621e-05
ID_OD3P35,5.72965840604924e-05,4.46918381992113e-05,0.000126535815168934,0.000125867967219863,0.00017535396885209,0.000182972202668284
ID_IVHQHJ,0.000694751378145858,0.000654940067815702,0.000904653210275041,0.000926851823505482,0.00094650935214296,0.000987506195586142
ID_4SE3OH,6.22800012925389e-05,5.62218275262759e-05,0.000196789282843084,0.000184480648226055,0.000196789282843084,0.000184480648226055
ID_BAL7PW,1.95168784104426e-05,1.47453621100746e-05,6.81382574611296e-05,6.31262975375185e-05,0.000101055953300454,9.81609069340972e-05
ID_E03C34,4.68788715916752e-05,4.18607330908222e-05,4.68788715916752e-05,4.18607330908222e-05,4.68788715916752e-05,4.18607330908222e-05
ID_XE4IEV,6.82150735583326e-05,4.89479968577923e-05,0.00018912396519129,0.000163304912709702,0.000244933472928518,0.000241211771580533
ID_4D3I04,3.31131863611348e-05,3.377967678293e-05,3.31131863611348e-05,3.377967678293e-05,3.31131863611348e-05,3.377967678293e-05
ID_SPCQ85,4.76768531764127e-06,2.9870801968631e-06,3.76007643506576e-05,3.15650793339453e-05,3.76007643506576e-05,3.16858289139219e-05
ID_RHJPOV,0.00127611169754038,0.000911463717366052,0.00174458498489469,0.00151171661949155,0.00174458498489469,0.00163641119469252
ID_E6FA1Y,0.00292291913924373,0.00283414150523993,0.00292291913924373,0.00283414150523993,0.00292291913924373,0.00283414150523993
ID_ULO27X,0.00103494826431387,0.000978190959354795,0.00134555008122039,0.00133630719772288,0.00201660278067698,0.00234455413041854
ID_W15EIN,0.00133952443365112,0.00130978332991178,0.00133952443365112,0.00130978332991178,0.00142932126330574,0.00159738831853462
ID_BRODNS,0.00115498327684995,0.00112480949113739,0.00590515903641418,0.00592384834156034,0.00590515903641418,0.00592384834156034
ID_7X97V1,5.33669005431013e-05,4.88182712893418e-05,5.33669005431013e-05,4.88182712893418e-05,5.33669005431013e-05,4.88182712893418e-05
ID_AFMCOW,9.28547074831305e-05,9.33723016328294e-05,0.000105238489520391,9.65597387843887e-05,0.000124702991562531,0.000124388522784962
ID_OWB724,2.35146378715036e-05,1.60231905124269e-05,0.000135445178079546,0.000127914636233135,0.000166348676234597,0.000155854053256027
ID_0NSO7P,5.892758359036e-06,3.7136519855845e-06,3.83219915805412e-05,3.23159165632326e-05,3.83219915805412e-05,3.23159165632326e-05
ID_ABA2EL,0.000100787902658734,7.39170006896665e-05,0.000204613979651393,0.000189880651555638,0.000204613979651393,0.000189880651555638
ID_01FXDQ,0.000572054483124864,0.00068025739697985,0.000572054483124864,0.00068025739697985,0.000572054483124864,0.00068025739697985
ID_WE8RKW,8.43717920420541e-05,8.74473354331792e-05,0.000216425660537501,0.000217071574825555,0.000216425660537501,0.000217071574825555
ID_UK4G6M,3.83394159273163e-05,3.16916541443608e-05,3.83394159273163e-05,3.16916541443608e-05,3.83394159273163e-05,3.27286045918692e-05
ID_ZQ48WV,2.93495439657002e-05,1.7432254130728e-05,4.09658641989347e-05,3.35143061063744e-05,4.09658641989347e-05,3.45496536023452e-05
ID_V2FWTM,1.549151677642e-05,1.15490794606799e-05,3.7061403287328e-05,3.23919956570295e-05,3.92179100619564e-05,3.69622647029456e-05
ID_X2RBI1,0.000150663471222427,0.000154211103015985,0.000150663471222427,0.000154211103015985,0.000176660563089249,0.00017974106905593
ID_T0N43N,2.51079109495682e-05,1.64925977495523e-05,9.56722171031242e-05,8.87092190282576e-05,9.56722171031242e-05,8.87092190282576e-05
ID_USJ774,6.57721056889981e-05,5.93632878287889e-05,6.57721056889981e-05,5.93632878287889e-05,6.57721056889981e-05,5.93632878287889e-05
ID_KL4MG7,3.1308116237813e-05,2.67081095502381e-05,4.64088643816474e-05,4.18129607513359e-05,4.64088643816474e-05,4.32342437896099e-05
ID_O4DJ6G,1.64431422343908e-05,1.17348216463274e-05,0.000129358286466832,0.000114566793725251,0.000155590614424673,0.000148573574483029
ID_5HSQYT,1.47502839576129e-05,8.67468959548292e-06,0.000285587442338915,0.000245975096015688,0.000285587442338915,0.000245975096015688
ID_VM84AE,0.0155365314534717,0.0109630227483552,0.0233896752345453,0.0209487146946422,0.0288182906397899,0.0295247977432662
ID_VEMXQ2,2.45393730113541e-05,1.65912896386512e-05,5.34332601446432e-05,4.74213622561992e-05,8.56134064562809e-05,8.58163711399468e-05
ID_YZ2N8C,0.000894981439782744,0.00108345849855877,0.000894981439782744,0.00108345849855877,0.000894981439782744,0.00108345849855877
ID_6FCK76,4.666209519725e-05,3.95569842927921e-05,4.666209519725e-05,3.95846431450531e-05,8.60430636168245e-05,8.26568542790545e-05
ID_TQK7PN,2.57397196497827e-05,2.03524751881868e-05,3.71197147388766e-05,3.2884148574983e-05,8.85517651366329e-05,8.40511926126584e-05
ID_5W8IQ2,1.21779230339458e-05,8.12919688468998e-06,6.56788750660757e-05,5.97384741056745e-05,6.81116478926298e-05,6.56476577545637e-05
ID_HGDR69,4.78438678899644e-05,4.65021450559911e-05,0.000140875931921982,0.000132574565719095,0.000140875931921982,0.000132574565719095
ID_UDX6J6,3.54419433022489e-05,3.38152467776277e-05,3.54419433022489e-05,3.38152467776277e-05,3.87075620687018e-05,3.71630149795394e-05
ID_XFXZM5,4.14124068610257e-05,2.98655591420762e-05,4.14124068610257e-05,2.98655591420762e-05,4.14124068610257e-05,3.82717545776471e-05
ID_72DBE5,0.000106872170757611,7.8306938986104e-05,0.000422216866255502,0.000397570974571161,0.000422216866255502,0.000397570974571161
ID_L8XKD7,2.02957782112467e-05,1.18434513818863e-05,6.90309677735233e-05,5.71945966622048e-05,6.90309677735233e-05,5.83036556819931e-05
ID_WSV31O,2.72752510563805e-05,2.61711328600437e-05,0.000131610781755283,0.000129576254786657,0.000131610781755283,0.000129576254786657
ID_FHTL2A,8.06868929294228e-05,7.18223575882665e-05,0.000281525036607659,0.000268755779868753,0.000281525036607659,0.000268755779868753
ID_Y1VP8I,1.99716869335398e-05,1.31961993645189e-05,7.05218744055897e-05,6.14357174613512e-05,7.05218744055897e-05,6.14357174613512e-05
ID_ATBCP0,0.000127723627235992,0.000124927502077915,0.00021632195205055,0.000227776260152102,0.00021632195205055,0.000227776260152102
ID_X3Q9JX,0.000123834936961222,0.000131098448803714,0.000123834936961222,0.000131098448803714,0.000123834936961222,0.000131098448803714
ID_REZOW5,3.32371144850735e-05,2.5427976397827e-05,0.000115939563411896,0.000112335552765914,0.000115939563411896,0.000112335552765914
ID_XGW2O2,5.55480105943059e-05,4.96013001928249e-05,5.55480105943059e-05,4.96013001928249e-05,5.55480105943059e-05,4.96013001928249e-05
ID_JGO3WB,3.98776112618524e-05,3.55644391394054e-05,6.57636406479055e-05,5.87188092652e-05,8.37219628623074e-05,8.17082306990175e-05
ID_DMJWXV,1.03355690730888e-05,7.11372907137771e-06,2.9762101747729e-05,2.47565115815378e-05,4.00261137221618e-05,3.76733861132415e-05
ID_9P61Y7,9.04701880932474e-05,8.42064552564349e-05,9.04701880932474e-05,8.42064552564349e-05,9.04701880932474e-05,8.42064552564349e-05
ID_Y9ZFHB,6.54541842614377e-06,4.13672697331311e-06,3.81186868345718e-05,3.22411860135871e-05,4.71388070773648e-05,4.46089794072855e-05
ID_IIL1YE,3.91987606551315e-05,2.76674461567137e-05,0.00028336841805585,0.000285879693142018,0.00028336841805585,0.000285879693142018
ID_Z9QNGS,5.23570867020114e-05,4.28388744503526e-05,7.27021663019115e-05,6.45985164184076e-05,7.27021663019115e-05,6.45985164184076e-05
ID_MQO3VY,0.000160762785869143,0.000159779651107382,0.000510888602566607,0.000475133088614237,0.000510888602566607,0.000475133088614237
ID_9UFWRG,0.00288800308650312,0.00260956575798635,0.00709925454349802,0.00732788123573414,0.00709925454349802,0.00732788123573414
ID_PNKANZ,4.7468926485743e-05,4.16143054400554e-05,4.76435711949534e-05,4.29227193513123e-05,4.76435711949534e-05,4.29227193513123e-05
ID_R4VI36,0.001587892977352,0.00111600301212012,0.00543957709007525,0.00514959717160718,0.00543957709007525,0.00514959717160718
ID_PTUVXH,0.000189369215700142,0.000201067730069463,0.000282934193244681,0.000272942970348657,0.000282934193244681,0.000272942970348657
ID_WFF4P7,3.40296512019116e-05,2.50654282728049e-05,0.000266131955064789,0.000251456832675328,0.000266131955064789,0.000251456832675328
ID_R67PHH,0.000443888336765136,0.000406862053939993,0.000443888336765136,0.000406862053939993,0.000443888336765136,0.000406862053939993
ID_7D7P9D,0.000938705521501919,0.00107908740250438,0.000938705521501919,0.00107908740250438,0.000938705521501919,0.00107908740250438
ID_G0KUFV,0.000303534525587869,0.000310805511733926,0.000303534525587869,0.000310805511733926,0.000303534525587869,0.000310805511733926
ID_ST1G3A,8.13077464493006e-06,5.51690108644431e-06,2.66106066058984e-05,2.30031029772806e-05,2.66106066058984e-05,2.40431056502162e-05
ID_ZTXB6J,5.69116111560785e-05,4.68500015951062e-05,6.83955806529257e-05,6.30486363167554e-05,6.83955806529257e-05,6.30486363167554e-05
ID_M5QVXA,4.03995335767857e-05,4.16484317179111e-05,4.03995335767857e-05,4.16484317179111e-05,5.67926581626361e-05,5.57387528602919e-05
ID_FQKEBR,3.40659535406642e-05,2.97139121396304e-05,7.28790942536838e-05,6.96578530413905e-05,9.61577084481663e-05,9.78998677380717e-05
ID_OXEA7H,4.33866569039726e-05,3.07535379730549e-05,0.000654890301658057,0.00068475767209582,0.000720938731798299,0.00074906681782886
ID_34V217,1.05416560999959e-05,6.78644198350852e-06,5.98821892189403e-05,5.29667282232254e-05,5.98821892189403e-05,5.29667282232254e-05
ID_98OF3U,7.49323996916961e-05,8.13518684056447e-05,7.49323996916961e-05,8.13518684056447e-05,7.49323996916961e-05,8.13518684056447e-05
ID_XMQ25Y,0.00165623425566617,0.00140662134385864,0.00661653386968014,0.0067693673487954,0.0132097575684337,0.0148112477869888
ID_EMRQ4T,0.000214302775289917,0.000210354854148464,0.000214302775289917,0.000210354854148464,0.000214302775289917,0.000210354854148464
ID_R6NB1B,0.00197174473953059,0.00202182528546958,0.00197174473953059,0.00202182528546958,0.00233315865206389,0.00239706836225796
ID_CII7S2,2.36236411720493e-05,1.85331421056622e-05,0.000110410778914871,0.000103385512950186,0.000110410778914871,0.000103385512950186
ID_XWS3E2,0.000321109869245994,0.000376196308346784,0.000358325658059104,0.000376196308346784,0.000358325658059104,0.000376196308346784
ID_KNMLWQ,1.40333566429294e-05,9.65805069901781e-06,5.3512192532736e-05,4.83895203721877e-05,7.5126701186711e-05,7.30853324486172e-05
ID_MSJYWZ,0.00217998533963405,0.00229925480311995,0.00217998533963405,0.00229925480311995,0.00217998533963405,0.00229925480311995
ID_HXXXEO,6.90034103475649e-05,5.19637886165422e-05,0.000109111905095353,0.000100937930194115,0.000109111905095353,0.000101185792801746
ID_7BTHXK,3.4331503247013e-05,2.2657019885011e-05,0.000311087581616459,0.000276967663844208,0.000311087581616459,0.000276967663844208
ID_2HM4QW,1.64281150616647e-05,1.24566831565296e-05,4.94668286047808e-05,4.14538595388687e-05,6.79061317909724e-05,6.43471269106973e-05
ID_J1LSS5,0.000205234156605806,0.000218155941315099,0.000205234156605806,0.000218155941315099,0.000205234156605806,0.000218155941315099
ID_NPER5O,0.000276809546560396,0.000225900308655193,0.000508906737488952,0.000508797721072708,0.000508906737488952,0.000508797721072708
ID_DHZUBS,0.00022424031466484,0.000172464763356311,0.00174137479260022,0.00172798296904934,0.00174137479260022,0.00172798296904934
ID_DVVRGO,1.17483480991166e-05,9.39235812156564e-06,3.64799343102266e-05,3.36257831317805e-05,3.64799343102266e-05,3.36257831317805e-05
ID_TWRUWM,5.84098876789264e-05,5.1579630799715e-05,0.000330386428746233,0.000288659248391991,0.000330386428746233,0.000288659248391991
ID_UOLBI5,0.00017060047417261,0.000157495359974042,0.000261706130282459,0.00025834834941394,0.000261706130282459,0.00025834834941394
ID_D51DKG,0.00237106114130381,0.00199507723074489,0.00237106114130381,0.00199507723074489,0.00237106114130381,0.00199507723074489
ID_FPN3DK,9.36413823701039e-06,5.62102818739302e-06,9.8968119298562e-05,8.29963551979211e-05,9.8968119298562e-05,8.29963551979211e-05
ID_IUXQPV,6.04750010950693e-05,4.96992588267585e-05,6.04750010950693e-05,4.96992588267585e-05,6.04750010950693e-05,4.96992588267585e-05
ID_2JRV0O,4.12137863074509e-05,3.32995647057017e-05,8.21951665025134e-05,7.58772189140948e-05,8.21951665025134e-05,7.58772189140948e-05
ID_J05HUM,5.38556680895344e-05,5.45504785539291e-05,8.69485342484097e-05,7.82295253768476e-05,8.69485342484097e-05,7.82295253768476e-05
ID_2FZGUI,3.22265163537369e-05,2.02301641312249e-05,5.52507816697777e-05,4.65530349948758e-05,5.52507816697777e-05,4.65530349948758e-05
ID_4BV3VQ,0.0494313667870664,0.0534869033590009,0.117634569192311,0.109040952554085,0.163386136450729,0.169291242545863
ID_1NH2JD,4.15961451631122e-05,3.76911781776556e-05,0.000107058948612118,9.57835287358844e-05,0.000107058948612118,9.57835287358844e-05
ID_ZCOCP7,0.000117187699887945,0.000112665720769085,0.000329663214578972,0.00032278602374966,0.000329663214578972,0.00032278602374966
ID_WVY88C,4.33906180944286e-05,3.82505098094386e-05,8.28927549234136e-05,7.4178489097524e-05,8.28927549234136e-05,7.4178489097524e-05
ID_4BYR7P,0.0245952449758729,0.0206889793414337,0.0979654462229546,0.0968474017695939,0.119070193298491,0.120337517143989
ID_VP7MWU,6.48618601668983e-05,5.99434200062111e-05,6.48618601668983e-05,5.99434200062111e-05,6.48618601668983e-05,5.99434200062111e-05
ID_P95MFR,4.65157759607807e-05,4.85362972013155e-05,4.65157759607807e-05,4.85362972013155e-05,4.65157759607807e-05,4.85362972013155e-05
ID_VVPJT8,1.01704094218045e-05,5.86587706711682e-06,6.64904792863517e-05,5.43657507831803e-05,0.00011912131435013,0.000108904710842277
ID_CIAW5T,1.99771137895038e-05,1.61876338014601e-05,5.05696179798792e-05,4.37121358050069e-05,6.38499361060778e-05,6.17256391047423e-05
ID_VFGUB6,0.00712139267390828,0.00729514662799144,0.0138163068580529,0.0137652908990476,0.0140037214801329,0.0147436977146609
ID_DT00FS,0.111048030619227,0.119036961092846,0.111048030619227,0.119036961092846,0.111048030619227,0.119036961092846
ID_UPD1SQ,0.000101069049260969,0.000107982993191471,0.000101069049260969,0.000107982993191471,0.000101069049260969,0.000107982993191471
ID_WY389E,0.00132674462279353,0.00133525084595573,0.00132674462279353,0.00133525084595573,0.00237100689062386,0.00252729853767599
ID_3OK7WP,0.00049901916654896,0.000386386640945419,0.000962961337061871,0.000984243066525671,0.000962961337061871,0.000984243066525671
ID_A804C8,3.22265163537369e-05,2.02301641312249e-05,5.52507816697777e-05,4.65530349948758e-05,5.52507816697777e-05,4.65530349948758e-05
ID_IY9L9I,0.00431107322320797,0.00445977248295912,0.00431107322320797,0.00445977248295912,0.00431107322320797,0.00445977248295912
ID_UCWQS1,7.14572019690565e-05,5.28692587515943e-05,0.000172073491400826,0.000145443338297603,0.00017723222032295,0.000169917946687782
ID_Z32YMV,6.09181594976152e-05,4.39237538277246e-05,0.000160674679930853,0.000148895161302676,0.000160674679930853,0.000148895161302676
ID_OKOAZY,1.13487697621693e-05,6.72019568643029e-06,4.56487820811281e-05,3.85329301774762e-05,4.56487820811281e-05,3.94566615178084e-05
ID_DHD7VN,0.000221842378464549,0.000210481982524417,0.000221842378464549,0.000210481982524417,0.000221842378464549,0.000210481982524417
ID_CCQCPK,0.00833838181596386,0.00587721612002815,0.0327841509705188,0.0300966739251367,0.0373970006947773,0.0408518173188565
ID_T3FYEA,0.00335239045275221,0.00379822058223123,0.00335239045275221,0.00379822058223123,0.00335239045275221,0.00379822058223123
ID_B7XTJ9,0.00798608594270814,0.00741253927610901,0.00798608594270814,0.00741253927610901,0.00798608594270814,0.00741253927610901
ID_R4G747,5.90247336245403e-05,5.51782753664511e-05,0.000206193120510378,0.000209407309251771,0.000206193120510378,0.000209407309251771
ID_RWPCZ6,3.92309045834879e-05,3.03311707286377e-05,8.02369606049958e-05,7.4547877953247e-05,8.02369606049958e-05,7.4547877953247e-05
ID_49CDQ6,0.000894981439782744,0.00108345849855877,0.000894981439782744,0.00108345849855877,0.000894981439782744,0.00108345849855877
ID_XCOLR8,1.45103095535217e-05,1.07384815549589e-05,4.41201357354189e-05,3.64928487249986e-05,4.92952757666321e-05,4.75128347123957e-05
ID_O33VRI,3.22265163537369e-05,2.02301641312249e-05,5.52507816697777e-05,4.65530349948758e-05,5.52507816697777e-05,4.65530349948758e-05
ID_2MDCUV,0.000158816736348306,0.000186373991379504,0.000158816736348306,0.000186373991379504,0.000158816736348306,0.000186373991379504
ID_6NXJX5,3.28332941335938e-05,2.70637605240179e-05,6.50973165828354e-05,5.67762353754555e-05,6.50973165828354e-05,5.67762353754555e-05
ID_MC3FP5,4.91256164210206e-05,3.45726691100229e-05,0.000707930789169211,0.000667364412856225,0.000707930789169211,0.000667364412856225
ID_6RW7WE,0.000198894546098593,0.000209818729087474,0.000369532011487248,0.000379755151585507,0.000387264375027173,0.000410936080555411
ID_U9Z9PF,1.77221728935078e-05,1.13139605517985e-05,0.000544192120873663,0.000537465541452854,0.000544192120873663,0.000537465541452854
ID_RCNWC6,0.319507336847021,0.320631757364543,0.319507336847021,0.320631757364543,0.319507336847021,0.338331796078976
ID_44QD5W,0.0116779424231724,0.0117247355690434,0.0116779424231724,0.0117247355690434,0.0130207403187687,0.014060570455495
ID_1LB0SW,4.03995335767857e-05,4.16484317179111e-05,4.03995335767857e-05,4.16484317179111e-05,5.67926581626361e-05,5.57387528602919e-05
ID_GW0TFH,5.55524609012341e-06,4.05479697883825e-06,1.51955483865586e-05,1.31547877268174e-05,1.86593771973045e-05,1.74130125489666e-05
ID_N51IQT,0.00369124498782936,0.00365145472812759,0.00369124498782936,0.00365145472812759,0.00369124498782936,0.00365145472812759
ID_L03W0G,3.30741399160735e-05,2.60820618655587e-05,3.30741399160735e-05,2.60820618655587e-05,3.30741399160735e-05,2.60820618655587e-05
ID_XGRMG5,0.000414443955709181,0.000447872916804301,0.000532717410242817,0.000547542102000798,0.000532717410242817,0.000547542102000798
ID_GHFIYF,5.02762034059277e-05,4.07544199440531e-05,6.40813633159866e-05,5.47948782243485e-05,0.0001080751231007,0.000103317708509437
ID_NC8O5T,0.0115735642181414,0.013226323260008,0.0115735642181414,0.013226323260008,0.0115735642181414,0.013226323260008
ID_NHGKW9,0.13236942798856,0.133643010028989,0.13236942798856,0.133643010028989,0.13236942798856,0.133643010028989
ID_4T4T5J,3.06319524520257e-05,2.28002030452541e-05,6.62003172642727e-05,5.88211759008616e-05,6.62003172642727e-05,6.3820151532637e-05
ID_X5LN7Q,7.40296574003306e-05,5.96868346107269e-05,7.85885188272028e-05,6.77078245678848e-05,0.000136652568159336,0.000131250470485276
ID_IO9T8L,0.000742815330292147,0.000654736741181792,0.000742815330292147,0.000654736741181792,0.000742815330292147,0.000654736741181792
ID_RP4S9G,0.00012646197502054,0.000125665335461683,0.000146829210206442,0.000143090839067361,0.000163414770878643,0.000166424969674937
ID_2ESPZK,2.18006717521541e-05,1.69035735701206e-05,7.15212361667886e-05,6.31469058501434e-05,7.15212361667886e-05,6.31469058501434e-05
ID_D3HW6G,5.15877406376037e-05,5.09709842207671e-05,5.9287535728336e-05,5.51686978559587e-05,5.9287535728336e-05,5.76972673304537e-05
ID_475RRJ,3.85288159582879e-05,2.63576689973398e-05,0.000418500253038687,0.000360489831299689,0.000418500253038687,0.000376112723845016
ID_EEA7EO,0.0144064492727097,0.0154384881758065,0.015725654442445,0.0154384881758065,0.0180067194096566,0.0183939340355136
ID_Y5D83X,2.6647907444376e-05,2.23175938534301e-05,0.000320230615231755,0.000288743213726436,0.000320230615231755,0.000288743213726436
ID_QB2VOQ,1.9797690079779e-05,1.49271305243047e-05,2.1354892372673e-05,1.81935102518588e-05,2.46667729953502e-05,2.29862596914326e-05
ID_EKUPY5,0.000100775026877653,0.000104227190310501,0.000103020503357124,0.000104227190310501,0.000103020503357124,0.000104227190310501
ID_PLDU8V,3.92382810133883e-05,2.90170744066263e-05,0.000103615485099628,9.24232716186356e-05,0.000103615485099628,9.24232716186356e-05
ID_3F8T7O,2.99760832148427e-05,2.33903656822423e-05,7.58642742997578e-05,7.0965024042124e-05,7.58642742997578e-05,7.355002329345e-05
ID_11LXBP,0.00022756668069431,0.000246377828559125,0.00022756668069431,0.000246377828559125,0.000364027691508295,0.000394295253505096
ID_STYUQH,0.000299846494242671,0.000241131008049556,0.000299846494242671,0.000241131008049556,0.000405088270143607,0.000433421274119261
ID_BKIDXK,4.59697815340707e-05,4.01967525773824e-05,9.18190194857493e-05,8.04650640817335e-05,9.18190194857493e-05,8.04650640817335e-05
ID_YI13PR,4.82332467508141e-05,4.31131071957245e-05,4.82332467508141e-05,4.31131071957245e-05,4.82332467508141e-05,4.31131071957245e-05
ID_54JX22,2.7978973490536e-05,1.96925751413518e-05,0.000350406977038804,0.00030704353058912,0.000350406977038804,0.00030704353058912
ID_37FGZN,0.00838572828549066,0.00831931446639485,0.00838572828549066,0.00831931446639485,0.00838572828549066,0.00831931446639485
ID_K2ZCCX,0.000117396960324816,0.000114283853154584,0.000117396960324816,0.000114283853154584,0.000123914391579661,0.000118930446706911
ID_LM4X5P,4.70588116043228e-06,3.17687227767598e-06,2.28943844031558e-05,1.99849555994914e-05,2.34427803386963e-05,2.26594316625791e-05
ID_V796K5,1.79495801902453e-05,1.35594583720274e-05,3.98734926435688e-05,3.30554447037539e-05,6.26868905233553e-05,5.88983233415851e-05
ID_4YX26C,6.94478803048649e-05,5.29375420616796e-05,0.000180703587825887,0.000156218560695842,0.000180703587825887,0.000156218560695842
ID_UOLZNR,2.77676314778575e-05,2.37946625965182e-05,2.77676314778575e-05,2.37946625965182e-05,3.17672147848639e-05,3.08816429045489e-05
ID_T058KG,3.97595497337516e-05,3.50576540402409e-05,0.000119264692457188,0.000106089296150885,0.000119264692457188,0.000106089296150885
ID_XOLVVP,2.21005738536751e-05,1.39729354046557e-05,0.00039200706481417,0.000342545405432387,0.00039200706481417,0.000342545405432387
ID_ZP6A8U,0.00128957278778942,0.00142666439954339,0.00128957278778942,0.00142666439954339,0.00128957278778942,0.00142666439954339
ID_A5YCBL,0.000556022972666001,0.000623366763496187,0.000556022972666001,0.000623366763496187,0.000556022972666001,0.000623366763496187
ID_XET1P5,6.48646127675315e-05,5.96967714413574e-05,0.000208811826555361,0.00020943985286981,0.000208811826555361,0.00020943985286981
ID_3MCOUT,6.5957736192522e-05,5.983175276735e-05,0.000142766922319255,0.00013252282594202,0.000174237610514204,0.000176103478984837
ID_ZYM82A,3.64961284476617e-05,2.46438834705885e-05,0.000479514184637368,0.000416739520672728,0.000479514184637368,0.000416739520672728
ID_U4XVP2,3.52970768226794e-05,2.85280139568342e-05,4.46143058282698e-05,3.76462053258392e-05,7.78980551754978e-05,7.39562600964103e-05
ID_OOT7EU,1.04799080157225e-05,7.34570342478596e-06,5.06034491487522e-05,4.48117337239105e-05,5.45824162976239e-05,5.32248364016917e-05
ID_H973J5,6.90816691257748e-05,6.18333532462954e-05,6.90816691257748e-05,6.18333532462954e-05,7.71740812213404e-05,7.43441093954798e-05
ID_NSS5HS,0.00128739294305302,0.00106511383097061,0.00128739294305302,0.00106511383097061,0.00128739294305302,0.00106511383097061
ID_E2CZGL,1.84791343714288e-05,1.18782539508154e-05,6.40721339074908e-05,5.30002742907703e-05,6.5579228333601e-05,6.24040113680029e-05
ID_CFM0IF,0.00388722938639283,0.00407906438215147,0.0061434764423501,0.00669836908074219,0.0061434764423501,0.00669836908074219
ID_DRELA9,2.76858345886867e-05,2.57288038033312e-05,0.000218108489011869,0.000202117581604321,0.000218108489011869,0.000202117581604321
ID_HVXRWN,0.0080526777594377,0.00797025911734578,0.0080526777594377,0.00797025911734578,0.0080526777594377,0.00797025911734578
ID_M2VJSV,1.8133115965528e-05,1.28884572072306e-05,5.43184581106504e-05,5.0036541545505e-05,6.50394271553284e-05,6.20456945651625e-05
ID_YAUK98,2.13922214591059e-05,1.58008806214962e-05,0.000105055652532758,9.76570353268448e-05,0.000105055652532758,9.76570353268448e-05
ID_607D9L,0.0054610512488167,0.00487936787545903,0.00642103342236463,0.0063558206343106,0.00642103342236463,0.0063558206343106
ID_GKA6X5,2.44206749213596e-05,1.60944186540432e-05,0.000368788487094365,0.000319528590241642,0.000368788487094365,0.000319528590241642
ID_U3CTLW,0.00012900984182856,9.63637425811092e-05,0.000223763544343636,0.00020889322610045,0.000223763544343636,0.00020889322610045
ID_KCI4WE,4.11626022884405e-05,3.17163718479402e-05,9.46611945236131e-05,8.15059853837673e-05,9.46611945236131e-05,8.15059853837673e-05
ID_BZ3FXA,0.00377456956915328,0.00277139228748323,0.0176587986414046,0.0172206209472136,0.0365297316284079,0.0405842261825691
ID_UG4L8G,8.76051427714653e-05,8.60195719019117e-05,0.000235871764010033,0.000216407179343335,0.000235871764010033,0.000216407179343335
ID_RN5N5F,1.39935618730755e-05,9.4591485001098e-06,3.6682086153903e-05,3.00254518225884e-05,4.11797170218844e-05,3.84547309138479e-05
ID_P98LKD,0.000179443724811706,0.000175107164693832,0.000569602700089654,0.000519609123328901,0.000569602700089654,0.000519609123328901
ID_H18RCQ,1.45897986696525e-05,9.31574431174895e-06,6.3137960089373e-05,5.39872582551567e-05,6.3137960089373e-05,5.39872582551567e-05
ID_3TOQ4O,1.91573936858654e-05,1.57805907746564e-05,7.0083518992193e-05,6.19926927340025e-05,7.0083518992193e-05,6.19926927340025e-05
ID_3ZWFOJ,1.35272950922441e-05,8.87631753376253e-06,3.11609071011091e-05,2.65549262699832e-05,3.11609071011091e-05,2.65549262699832e-05
ID_5L1LZ3,4.42371366815609e-05,3.6788556167022e-05,0.000202808327268739,0.000192914492992947,0.000202808327268739,0.000192914492992947
ID_30V9V7,5.83816477104722e-05,5.12270624243389e-05,0.000275470593028667,0.000248074838733594,0.000275470593028667,0.000248074838733594
ID_LV7EWN,0.00231163879424938,0.00243823556711587,0.00324299812168708,0.00352369337828814,0.00324299812168708,0.00352369337828814
ID_ATOU9I,6.12399158210717e-06,4.2347705586886e-06,1.75087695342192e-05,1.5042181988296e-05,1.9171460764771e-05,1.78474761574878e-05
ID_25FHZZ,0.0141440571396034,0.0145489153971276,0.0141440571396034,0.0145489153971276,0.0141440571396034,0.0147452255772394
ID_9B318X,0.0103261070956926,0.00743107133419535,0.0105650287268959,0.00984647004996344,0.0195683898530764,0.0183995003227568
ID_OBGCTB,0.00360050080609994,0.0029850185658749,0.00574343868834623,0.00560284189689626,0.00574343868834623,0.00560284189689626
ID_V1EWHV,0.000232540274730614,0.000277158827368871,0.000232540274730614,0.000277158827368871,0.000232540274730614,0.000277158827368871
ID_DQP75D,3.27855637309248e-05,2.89613568983382e-05,0.000285021338531988,0.000285824279016395,0.000285021338531988,0.000285824279016395
ID_I69X2E,0.000103235351187154,9.05857025036312e-05,0.000103235351187154,9.05857025036312e-05,0.000103235351187154,9.05857025036312e-05
ID_Q3UAV5,0.000368833187943646,0.000232335666310083,0.000874093241265077,0.000867795613284771,0.00119371846137274,0.00115497533331861
ID_7UONQC,0.000703933271541405,0.000710586143741823,0.000703933271541405,0.000710586143741823,0.000703933271541405,0.000710586143741823
ID_6LI3EJ,2.69764335134472e-05,2.11455990928571e-05,6.56804685994512e-05,5.79386604193589e-05,7.95767110787502e-05,7.54219758303917e-05
ID_8KEJPH,3.52813486011004e-05,3.03284424550946e-05,0.000318294137331045,0.00032637846651411,0.000318294137331045,0.00032637846651411
ID_FNIMWZ,4.58606796853946e-05,3.55766941624135e-05,9.7756710359472e-05,9.12355485140501e-05,9.7756710359472e-05,9.12355485140501e-05
ID_XS0D20,0.0265275372573234,0.0272564047504228,0.0265275372573234,0.0272564047504228,0.0493069403834098,0.0527242494265369
ID_044W19,1.35092471704634e-05,1.1143506156847e-05,4.3483327531634e-05,4.0270436904966e-05,6.50528719706209e-05,6.27984318039007e-05
ID_2S5VX6,2.72266247870085e-05,1.83151340364197e-05,0.000430900948296708,0.000377672626786797,0.000430900948296708,0.000377672626786797
ID_08XJFG,0.00017397877209815,0.000194103152299485,0.000200838486411676,0.000209540231097245,0.000200838486411676,0.000209540231097245
ID_FIKPR0,1.57833013980294e-05,1.07616800296143e-05,3.39383073180987e-05,2.82200296573124e-05,3.87939284024665e-05,3.68002090416658e-05
ID_6FWUC1,0.0146932166215427,0.0145469885454817,0.0146932166215427,0.0145469885454817,0.0146932166215427,0.0145469885454817
ID_RHD6O4,0.000239112140786868,0.000231143305760325,0.000239112140786868,0.000231143305760325,0.000239112140786868,0.000231143305760325
ID_R0KEPU,0.114314833540325,0.133127965927514,0.133964639334939,0.133127965927514,0.318142423052611,0.353672330945925
ID_OYJ407,0.0130782323312171,0.0155294340183996,0.0130782323312171,0.0155294340183996,0.0130782323312171,0.0155294340183996
ID_88ZTCU,0.000104142164503391,8.05206236206993e-05,0.00029142643851567,0.000260645401526712,0.00029142643851567,0.000260645401526712
ID_JI3FZX,0.00239325973151478,0.0023199981377641,0.00391248213875854,0.00396825503769525,0.00391248213875854,0.00396825503769525
ID_FWMKII,3.83751661085702e-05,2.78757186621403e-05,7.39167973785476e-05,6.66626575059689e-05,7.39167973785476e-05,6.66626575059689e-05
ID_8HCCLB,0.000100876770769308,9.06832519757327e-05,0.000122618677421626,0.000114909042876999,0.000122618677421626,0.000114909042876999
ID_J5L7RD,7.05559591636029e-05,6.33014781824896e-05,0.000155201858522292,0.000144782618104798,0.000155201858522292,0.000144782618104798
ID_0NEH7M,3.84952630620125e-05,2.82812335450977e-05,0.000247372154479403,0.000225522571397439,0.000247372154479403,0.000225522571397439
ID_NHXVVR,0.000105567215736816,7.7043444514099e-05,0.000243423869512487,0.000232093581883644,0.000243423869512487,0.000232093581883644
ID_3GOFCW,0.00451653304384297,0.0036672521896644,0.00451653304384297,0.0036672521896644,0.00451653304384297,0.0036672521896644
ID_PXDYR8,0.000200286047262795,0.000187681759720466,0.000200286047262795,0.000187681759720466,0.000200286047262795,0.000187681759720466
ID_KFZT1Z,0.00105779676805923,0.000730892846792844,0.00105779676805923,0.000730892846792844,0.00178266441311822,0.00182163214401009
ID_QHMV04,2.35184131511561e-05,1.51433146830774e-05,0.000466582865706124,0.000416867496939839,0.000466582865706124,0.000416867496939839
ID_RA2DLW,2.71533243517765e-05,1.96558046694296e-05,0.000103431829018921,9.45634949875145e-05,0.000103431829018921,9.45634949875145e-05
ID_X86LHN,0.000108205017494761,9.50391464840423e-05,0.000343742685892825,0.000321815621444584,0.000383836922610657,0.000403574822736362
ID_3ZWI9L,5.51003122555726e-05,4.59894791457886e-05,0.00024087907662211,0.000212819196288763,0.00024087907662211,0.000212819196288763
ID_ZEJRSI,0.00302012584909385,0.00352662087966424,0.00302012584909385,0.00352662087966424,0.00302012584909385,0.00352662087966424
ID_YUMD4O,0.000233092304764456,0.00022648476784013,0.000233092304764456,0.00022648476784013,0.000233092304764456,0.00022648476784013
ID_TDEU9C,0.0794220620369871,0.0862318314555294,0.0794220620369871,0.0862318314555294,0.187256614367648,0.192381516340657
ID_TYEL0C,9.02415005784358e-06,5.48116075228477e-06,3.79368804654346e-05,3.42912986789365e-05,3.79368804654346e-05,3.42912986789365e-05
ID_Y4WX50,0.00169456506663518,0.00118201388587576,0.00307870804155361,0.00277327664794754,0.00545058584703655,0.00554694278874602
ID_XW3QM1,7.00277398811048e-05,5.43240080068691e-05,7.00277398811048e-05,5.43240080068691e-05,7.00277398811048e-05,6.67360707637224e-05
ID_TMKXE2,2.79542118039329e-05,2.32880648527065e-05,0.000101099292632176,9.65728984054885e-05,0.000117238367599006,0.000111261706821489
ID_XJTAL7,0.000669885522841171,0.000593328994876501,0.000962157425168551,0.000943103275394593,0.000962157425168551,0.000943103275394593
ID_4ZN2VI,9.91422336102643e-06,7.07518850374094e-06,2.84675847841368e-05,2.43477948000019e-05,4.58951718543444e-05,4.29343891496361e-05
ID_GR98DJ,0.0071809537417406,0.0066639876660082,0.00888545854420767,0.00915596204428215,0.00888545854420767,0.00915596204428215
ID_DGJE41,8.32399241861747e-05,7.69108099885677e-05,0.000144085867955885,0.000131979679745965,0.000149316245243161,0.000144396208951568
ID_99UIDN,0.0258201278098065,0.027553753677748,0.0258201278098065,0.027553753677748,0.046692920586317,0.0502614781857575
ID_1OCPON,6.94478803048649e-05,5.29375420616796e-05,0.000180703587825887,0.000156218560695842,0.000180703587825887,0.000156218560695842
ID_2UMLV4,3.09848423921576e-05,2.02439560947714e-05,0.000285515256548959,0.000246026713446761,0.000285515256548959,0.000246026713446761
ID_85P4YH,0.000237453182631742,0.000247541759344664,0.000237453182631742,0.000247541759344664,0.000237453182631742,0.000247541759344664
ID_IGRJAM,0.000245562315864846,0.000255823917697541,0.000487199389276451,0.000464011750077264,0.000487199389276451,0.000464011750077264
ID_4EDUOF,5.62394844396166e-05,4.18880095807014e-05,0.000133541396533716,0.000118088435666615,0.000133541396533716,0.000129290636896379
ID_LUPPTN,0.0152113596358669,0.0181511998211379,0.0183426011192243,0.0184239254702055,0.0243444497137077,0.0265817642130347
ID_CS57AE,0.000209423395842175,0.000218473768782465,0.000209423395842175,0.000218473768782465,0.000423125809595624,0.000466724237723659
ID_9VQ06Y,0.000328915920582188,0.000344177245366095,0.00212465650401104,0.00242048432230311,0.00212465650401104,0.00242048432230311
ID_JPUGLB,1.68211039269859e-05,9.64297848014366e-06,6.4333954335671e-05,5.35015841318346e-05,6.4333954335671e-05,5.5569620698762e-05
ID_WBNOOL,3.17638714572876e-05,2.3892571788865e-05,9.2841829658895e-05,8.27111998288987e-05,9.2841829658895e-05,8.27111998288987e-05
ID_ZBZKT1,4.14865821579003e-05,3.48006301656613e-05,7.98152080911553e-05,7.17660624947769e-05,0.000112087860509312,0.000106225713035751
ID_3IQMTD,6.00582322198132e-05,5.63156722285171e-05,6.00582322198132e-05,5.63156722285171e-05,6.00582322198132e-05,5.63156722285171e-05
ID_L9IPGA,2.10040355012324e-05,1.45682910136651e-05,6.49763917076991e-05,5.71288392618435e-05,7.1134719005639e-05,7.05556802425778e-05
ID_KBYL88,2.81673315251862e-05,1.83891034919345e-05,0.00189218036445303,0.00200257192361362,0.00189218036445303,0.00200257192361362
ID_ZNSKYP,0.00014393192982455,0.000106586313893904,0.000255759831666029,0.00023547667309781,0.000255759831666029,0.00023547667309781
ID_G8MQYI,4.11733085714788e-05,3.88583088669534e-05,4.11733085714788e-05,3.88583088669534e-05,4.11733085714788e-05,3.88583088669534e-05
ID_Y4PE30,0.00166146624713223,0.00144646734037533,0.00198883504133687,0.0019733480508606,0.00252926754059495,0.00255397764104128
ID_3OB2PY,0.000155096817050994,0.000145609540672795,0.00018167282114714,0.00017495251869086,0.00018167282114714,0.00017495251869086
ID_6O0K2M,0.000180417038658583,0.000189546092633991,0.000231921837050999,0.000222453806528862,0.000325903477178962,0.0003272685036068
ID_XJPLJC,2.08152176797193e-05,1.43156556224611e-05,5.86589746194987e-05,4.93288462360753e-05,6.517975954221e-05,6.27217178031267e-05
ID_XNR8IL,0.00286006064564905,0.00315238463602837,0.00286006064564905,0.00315238463602837,0.00286006064564905,0.00315238463602837
ID_Q8URMK,5.51709192231311e-05,3.53852831647354e-05,7.41474894282846e-05,6.21809982171909e-05,7.41474894282846e-05,6.21809982171909e-05
ID_1L92EP,1.0172112525632e-05,5.93158945329078e-06,4.92088400409131e-05,4.23787796000195e-05,4.92088400409131e-05,4.23787796000195e-05
ID_81IJ38,0.000268100674153847,0.000253356164644188,0.000268100674153847,0.000253356164644188,0.000268100674153847,0.000253356164644188
ID_JRGWMB,1.02502140652694e-05,6.00345363908106e-06,4.34543429948205e-05,3.6203004401403e-05,4.34543429948205e-05,3.68393375608802e-05
ID_OZDM1S,9.07929555108233e-06,5.64308229485947e-06,2.85559489012155e-05,2.3498950349702e-05,5.00069461694972e-05,4.69051042287232e-05
ID_25Z5FR,1.3870993589832e-05,9.79099111523124e-06,3.18074097341387e-05,2.6495266525229e-05,3.39402925838377e-05,3.22257470521085e-05
ID_HD7QTN,0.000855353232223363,0.00068708378551244,0.000855353232223363,0.00068708378551244,0.000855353232223363,0.000725169955658591
ID_S4XD8H,3.31131863611348e-05,3.377967678293e-05,3.31131863611348e-05,3.377967678293e-05,3.31131863611348e-05,3.377967678293e-05
ID_KFOW4P,0.00165320052480787,0.00180190700190253,0.00165320052480787,0.00180190700190253,0.00165320052480787,0.00180190700190253
ID_4JT5BR,0.000573254828448696,0.000670838953808644,0.000732121062087106,0.000770700808625184,0.000732121062087106,0.000770700808625184
ID_4K41LT,0.00652147507393303,0.00565723938788687,0.0175614301600162,0.0184522175392847,0.0175614301600162,0.0184522175392847
ID_S6WJDK,0.000239906699498391,0.000186118234330135,0.00040239249671288,0.000397889985525047,0.00040239249671288,0.000397889985525047
ID_TVWIUG,1.45307189145808e-05,1.14444839462831e-05,4.0822173677614e-05,3.62923185709021e-05,4.0822173677614e-05,3.62923185709021e-05
ID_3HUETZ,0.000125873789311974,0.00013006862758359,0.000132890902498399,0.000130656730301231,0.000132890902498399,0.000130656730301231
ID_MDBOL8,1.41176453851769e-05,8.66620685241557e-06,5.58694743500491e-05,4.60141188809653e-05,9.21816214602913e-05,8.59336658422848e-05
ID_7GF62F,0.00033423762348281,0.000378636467545259,0.000348904389781132,0.000378636467545259,0.000348904389781132,0.000378636467545259
ID_GYR7IN,0.000314855065146395,0.000211774667253001,0.00173956689264931,0.00157285999270976,0.00488106628269667,0.00473610046895782
ID_AQLJD9,4.13165987126761e-05,3.2669576842671e-05,8.28568673024253e-05,7.57897601076555e-05,8.28568673024253e-05,7.57897601076555e-05
ID_1F0IDO,0.000101414251208786,9.54662557562032e-05,0.000233102551609452,0.000234381778414207,0.000233102551609452,0.000234381778414207
ID_NE459Y,0.00172901088647345,0.00148036692794231,0.00264342549669722,0.00293092422162057,0.00507058531119159,0.0058619956969618
ID_9Y8SJ2,0.000203653653774246,0.000201979439328891,0.000967946153109736,0.000945663208476042,0.000967946153109736,0.000945663208476042
ID_B7S9BY,1.57238041517189e-05,9.98788651200397e-06,8.28577845044204e-05,7.36521908357619e-05,8.28577845044204e-05,7.36521908357619e-05
ID_SEXM8V,0.0240662367569115,0.0175565615196282,0.0312965072757606,0.0284597496625049,0.0413996828005643,0.0421760442180683
ID_OZP07A,3.80697169547082e-05,2.29150198502142e-05,0.000660982526927587,0.000574192007664114,0.000660982526927587,0.000574192007664114
ID_VDKYTG,0.000365913717752709,0.000342291945991712,0.000568787558167488,0.000562086958527408,0.00113622585914468,0.00114737914801044
ID_5TTIUV,5.47729481139932e-05,4.02382528246669e-05,0.000137835681801202,0.000122141010476031,0.000164449813156119,0.000154480175813908
ID_WIZJEA,1.4767373274896e-05,1.06348372807772e-05,4.19115858015874e-05,3.53088435864562e-05,4.67101034380675e-05,4.36894970341145e-05
ID_VQ7W0A,0.0420022837671342,0.0393913078886411,0.100337139182433,0.11071609840396,0.137456598290274,0.161930973185138
ID_XOPAOK,4.05045224809031e-05,2.68665422546127e-05,0.000333691416848124,0.000311113009879627,0.000333691416848124,0.000311113009879627
ID_VINNFK,3.53143654243177e-05,2.55685284772412e-05,0.000134065078980576,0.000119851284748193,0.000134065078980576,0.000119851284748193
ID_86Z5BT,1.549151677642e-05,1.15490794606799e-05,3.7061403287328e-05,3.23919956570295e-05,3.92179100619564e-05,3.69622647029456e-05
ID_I81UCW,3.52847331322043e-05,2.8100319920277e-05,8.2699937261464e-05,7.1947034211599e-05,8.2699937261464e-05,7.1947034211599e-05
ID_60GJ5S,0.000108533439093592,0.000109657628980524,0.000158771270687783,0.000158515518632351,0.000158771270687783,0.000158515518632351
ID_C0ECIX,0.000110296770122753,0.0001116648107002,0.000253335750932186,0.000251871381463784,0.000272599627876472,0.000281394885088973
ID_9YG2KN,0.00459105576704503,0.00444464248450754,0.00459105576704503,0.00444464248450754,0.00459105576704503,0.00444464248450754
ID_5LLHBD,4.14527509619877e-05,3.49321112198885e-05,7.37215117948313e-05,6.46531488027115e-05,7.37215117948313e-05,6.46531488027115e-05
ID_3K6BSM,0.000218690811276792,0.000233838653453751,0.000255163399263446,0.000263511279090292,0.000263854406135793,0.000280209876247905
ID_2JBYR0,7.32234933397833e-05,6.9173219463372e-05,8.99161897506787e-05,8.26765437883819e-05,8.99161897506787e-05,8.26765437883819e-05
ID_NSA0JJ,0.000257167881897561,0.000272284856099028,0.000434043976047271,0.00044204889636504,0.000488581615441294,0.000513364891169137
ID_JAUDVH,5.92083110774002e-05,5.92962246941146e-05,9.45519881732244e-05,8.80917042126785e-05,9.45519881732244e-05,8.80917042126785e-05
ID_AYT8DU,1.76610068690745e-05,1.1691080965005e-05,3.96448102285863e-05,3.24690524694725e-05,4.68153870719405e-05,4.40654925122339e-05
ID_RHFPED,0.00388338542570153,0.00298350864937121,0.00388338542570153,0.00298350864937121,0.00388338542570153,0.00332284340827657
ID_AKBWMP,6.25283234679989e-05,4.09563082595299e-05,0.000326040147293111,0.000296883145050946,0.000326040147293111,0.000296883145050946
ID_LMWRAC,0.0001041361177688,0.000116995902678181,0.000154647451805199,0.000140936338730244,0.000154647451805199,0.000140936338730244
ID_QPZL6F,3.27855637309248e-05,2.89613568983382e-05,0.000285021338531988,0.000285824279016395,0.000285021338531988,0.000285824279016395
ID_J8US98,4.43596907421725e-05,3.14514811428152e-05,0.000224094323380761,0.000205734597818141,0.000224094323380761,0.000205734597818141
ID_QAMSN8,0.000201488358516197,0.000166950343567277,0.000653785910153242,0.000619561787626238,0.000653785910153242,0.000619561787626238
ID_8P36CE,3.49045022113099e-05,3.16555605799024e-05,5.24825065144499e-05,4.66722979835069e-05,5.27377598263043e-05,5.04403503106804e-05
ID_63M4X7,1.17483480991166e-05,9.39235812156564e-06,3.64799343102266e-05,3.36257831317805e-05,3.64799343102266e-05,3.36257831317805e-05
ID_X5CALQ,2.78527201415437e-05,1.93660686331715e-05,0.000337952435584927,0.000317899426319304,0.000337952435584927,0.000317899426319304
ID_KNMCFG,2.58274894098854e-05,2.00082527882542e-05,7.74459828877038e-05,7.36687742067142e-05,0.000111158748803944,0.000109092389307469
ID_0G0M3Z,4.7825678782962e-05,4.11894908090231e-05,0.000109851668012849,0.000103670042804572,0.000119349802625686,0.000123262753881135
ID_XO432P,6.27386265074434e-05,6.03329741097509e-05,0.000135336632325414,0.000124760603342371,0.000135336632325414,0.000124760603342371
ID_4OYZV6,0.00393336985509082,0.00320703984996807,0.00393336985509082,0.00320703984996807,0.00589563235071505,0.00647260921868232
ID_PUMD7D,0.000670508666972698,0.000619302426549508,0.000670508666972698,0.000619302426549508,0.000670508666972698,0.000619302426549508
ID_T8PROT,1.26789086256014e-05,7.55299585714579e-06,5.75907402771398e-05,5.03012691109903e-05,5.75907402771398e-05,5.03012691109903e-05
ID_MNWT6P,2.76455691620959e-05,2.19033406193767e-05,5.86615388370969e-05,5.36323197706296e-05,5.86615388370969e-05,5.36323197706296e-05
ID_85I0GR,2.74386130769033e-05,1.81495307361269e-05,0.000386046700379456,0.000334550982600819,0.000386046700379456,0.000334550982600819
ID_ZU20XJ,2.30137115639667e-05,1.40430973530955e-05,5.49057660216206e-05,4.55902144201888e-05,6.53373174930037e-05,6.17174836521844e-05
ID_PKPLAW,0.000908540794513171,0.00106777858935129,0.000908540794513171,0.00106777858935129,0.000908540794513171,0.00106777858935129
ID_QXMOH6,5.69116111560785e-05,4.68500015951062e-05,6.83955806529257e-05,6.30486363167554e-05,6.83955806529257e-05,6.30486363167554e-05
ID_GX5WM0,0.000605637497025144,0.000690523734014985,0.000605637497025144,0.000690523734014985,0.000605637497025144,0.000690523734014985
ID_JAVEA5,0.005383415322907,0.00465101542990198,0.0189683073429371,0.0180899565456948,0.0189683073429371,0.0180899565456948
ID_ACHKGT,0.364312647026004,0.385892454395435,0.364312647026004,0.385892454395435,0.364312647026004,0.385892454395435
ID_8X42H1,3.02500123236342e-05,2.88930286438698e-05,0.00019930118865883,0.00021088155140373,0.00019930118865883,0.00021088155140373
ID_9ZXQCO,0.00524849076688638,0.0040646477160587,0.0134539417381675,0.0130166811216663,0.0188850371886948,0.019678633442095
ID_CM5IWG,5.52261130861102e-05,5.48531085398037e-05,6.19843956961709e-05,5.55951344067129e-05,8.35214895260772e-05,8.14860369837552e-05
ID_S8PJBH,2.57971653384662e-05,2.08588304433458e-05,4.64871189672669e-05,4.17729858929238e-05,4.64871189672669e-05,4.17729858929238e-05
ID_ZYKJPD,0.127175408535585,0.144179683597646,0.127175408535585,0.144179683597646,0.127175408535585,0.144179683597646
ID_HUWRBN,9.6252831034242e-06,7.29808112884255e-06,3.1589415802705e-05,2.73984678152884e-05,3.1589415802705e-05,2.73984678152884e-05
ID_8H47OG,1.49068635049713e-05,1.114041156015e-05,6.89902973906696e-05,6.64183286971165e-05,6.89902973906696e-05,6.64183286971165e-05
ID_LTTNP4,4.04095847301571e-05,2.66485769824711e-05,0.000443295290498703,0.000412056836814609,0.000443295290498703,0.000412056836814609
ID_PXLHVB,1.89056705194091e-05,1.14290950441247e-05,0.000305926927647374,0.000265570447314072,0.000305926927647374,0.000265570447314072
ID_FV08L5,0.00112134316819301,0.00121071038076153,0.00138665522658637,0.00149158987001325,0.00138665522658637,0.00149158987001325
ID_XNWBKT,0.00447639866276598,0.00446833642535081,0.00609976210377483,0.00664182797299566,0.00609976210377483,0.00664182797299566
ID_EQG3A7,0.00516520532701436,0.00439486526776934,0.00516520532701436,0.00439486526776934,0.00516520532701436,0.00439486526776934
ID_U5RFQ3,9.06522961759679e-05,9.30870655472811e-05,9.06522961759679e-05,9.30870655472811e-05,0.0001041234767846,0.000101744159586629
ID_CJR13W,3.91138239502036e-05,3.29423466241623e-05,6.74684356534717e-05,5.89671272130851e-05,6.74684356534717e-05,5.89671272130851e-05
ID_2X0LF9,6.32602434486095e-05,5.77723133538872e-05,6.32602434486095e-05,5.77723133538872e-05,6.32602434486095e-05,5.77723133538872e-05
ID_VP4TIY,0.000102977729907388,0.000120529980607308,0.000102977729907388,0.000120529980607308,0.000102977729907388,0.000120529980607308
ID_L5XIHQ,5.56236964496884e-05,5.20950271240649e-05,5.56236964496884e-05,5.20950271240649e-05,5.56236964496884e-05,5.20950271240649e-05
ID_GZ2CK3,0.00390728415630227,0.00319803820931231,0.00390728415630227,0.00319803820931231,0.00390728415630227,0.00319803820931231
ID_SPZWF2,2.46995491933206e-05,1.90078600427345e-05,0.000140599702796309,0.000130503518736519,0.000354780345692201,0.000356342138281883
ID_M62ZZR,3.32324514014705e-05,2.71237970473018e-05,5.8729679720665e-05,5.11752006404825e-05,6.57415481531188e-05,6.45315485628539e-05
ID_BYW2CL,0.000267909186230551,0.000265380299828575,0.000766401649063992,0.000775968581854144,0.000766401649063992,0.000775968581854144
ID_GVDCKX,0.000788578510190214,0.000664653985163186,0.000788578510190214,0.000664653985163186,0.000788578510190214,0.000701588071343004
ID_MRXFS5,0.000461752506196904,0.000418205157608315,0.000461752506196904,0.000418205157608315,0.000476069513941138,0.000514858236950979
ID_QGS2MR,4.09960014860526e-05,2.78438810951225e-05,0.000154047022217427,0.000134450406416097,0.000160957648169481,0.000154244922173324
ID_85E6LK,6.21606934065395e-05,5.85007687898332e-05,0.000485487601348916,0.000514564592013912,0.000485487601348916,0.000514564592013912
ID_JBIQNN,1.40432233365136e-05,9.25063124633927e-06,3.75921140623649e-05,3.12774320609137e-05,3.86465551066393e-05,3.60920979093968e-05
ID_9Y444Y,2.75050457019732e-05,2.15968057430085e-05,4.89267681324783e-05,4.30544047741531e-05,4.89267681324783e-05,4.30544047741531e-05
ID_TGLY44,0.000210561068730263,0.000203992844841996,0.00267592154864554,0.0031027899292282,0.00267592154864554,0.0031027899292282
ID_JP0H9B,8.22013300637352e-05,8.62945691820621e-05,8.5037009302565e-05,8.62945691820621e-05,8.5037009302565e-05,8.62945691820621e-05
ID_RDJTK6,3.19315676083141e-05,2.4562860393204e-05,7.37785857220935e-05,6.65174334041395e-05,7.37785857220935e-05,6.65174334041395e-05
ID_KKQ9JS,7.47645896623295e-06,4.60964533549742e-06,3.62663957785608e-05,3.09894020176489e-05,3.62663957785608e-05,3.09894020176489e-05
ID_OL15N5,0.000170374774878048,0.000156954052765254,0.0020403960907823,0.00205202461818927,0.0020403960907823,0.00205202461818927
ID_BCF7Y5,0.00099692815311474,0.000685201168397649,0.00099692815311474,0.000691639612129268,0.00171476772159229,0.00177111452683792
ID_T9D5YO,8.94710984843253e-06,5.5134099413798e-06,2.65261398952418e-05,2.17280356624805e-05,4.97997856500618e-05,4.6487806918295e-05
ID_NNZRQ5,0.000106756916538623,0.000103402061794707,0.000124314709765103,0.000114730994957151,0.000124314709765103,0.000119815237017613
ID_2STV22,0.00496350588941321,0.00428828888150587,0.0124526123914619,0.0122865071683343,0.0124526123914619,0.0122865071683343
ID_FM7JHM,4.7623504013079e-05,4.03322112242104e-05,0.000198221525058153,0.000178450531826517,0.000198221525058153,0.000178450531826517
ID_A7QLXN,0.000169596820639774,0.000131489996823686,0.000386296196454121,0.000369121534929403,0.000390039564725666,0.000417577634475808
ID_Q31MDT,1.20988993341849e-05,8.16275098296507e-06,5.7878633302387e-05,5.25421826573751e-05,5.7878633302387e-05,5.26548443254157e-05
ID_NQHCHL,0.690448827986075,0.730169451179564,0.690448827986075,0.730169451179564,0.690448827986075,0.730169451179564
ID_170KNW,2.71328765476578e-05,1.8245065204078e-05,0.000410043087822764,0.000367522929782872,0.000410043087822764,0.000367522929782872
ID_DF3WU7,2.77661160617016e-05,2.35782817054536e-05,4.87497242656356e-05,4.14175284880687e-05,4.87497242656356e-05,4.14175284880687e-05
ID_390VSL,0.000149647234110973,0.000150541814982112,0.000263514864992956,0.000259464377621604,0.000263514864992956,0.000259464377621604
ID_0GMSEZ,1.44888341692992e-05,9.97329695673316e-06,6.30764087599502e-05,5.79310664986276e-05,9.21956449792986e-05,8.98231574618335e-05
ID_7TRIGH,3.27855637309248e-05,2.89613568983382e-05,0.000285021338531988,0.000285824279016395,0.000285021338531988,0.000285824279016395
ID_DG9EBL,0.000629299400939374,0.000718387815270046,0.000629299400939374,0.000718387815270046,0.000629299400939374,0.000718387815270046
ID_08DG5M,3.1172023115208e-05,2.35681216366608e-05,9.86311624356873e-05,8.93664089987249e-05,9.86311624356873e-05,8.93664089987249e-05
ID_GIYG6G,2.74386130769033e-05,1.81495307361269e-05,0.000386046700379456,0.000334550982600819,0.000386046700379456,0.000334550982600819
ID_7L6OKC,3.27347383788012e-05,2.71023266859442e-05,7.03151241172979e-05,6.59466468736742e-05,7.03151241172979e-05,6.59466468736742e-05
ID_T6ZYQU,3.36179850201361e-05,2.86416495594196e-05,3.36179850201361e-05,2.86416495594196e-05,3.36179850201361e-05,3.17078660637111e-05
ID_TF0ZBP,5.47729481139932e-05,4.02382528246669e-05,0.000137835681801202,0.000122141010476031,0.000164449813156119,0.000154480175813908
ID_R4BZEG,0.000894981439782744,0.00108345849855877,0.000894981439782744,0.00108345849855877,0.000894981439782744,0.00108345849855877
ID_NEBCGE,4.26339956306436e-05,3.41537298271461e-05,7.12665497675992e-05,6.49357829893468e-05,7.13849270365701e-05,7.0695949027402e-05
ID_OII8NJ,3.88155372332039e-05,3.34900812671141e-05,3.88155372332039e-05,3.34900812671141e-05,3.88155372332039e-05,3.34900812671141e-05
ID_VK25IA,0.00240485116879554,0.00219955810362669,0.00408078538889041,0.00397378231950619,0.00417581544881279,0.00415531857445654
ID_XW71QT,3.78440569071943e-05,2.31685248521572e-05,0.000243966240715955,0.000225784418330902,0.000437848878590268,0.000422730476250531
ID_PKN25B,9.4997749593056e-05,8.83265521474293e-05,0.000173267719213167,0.000172000259301075,0.000173267719213167,0.000172000259301075
ID_6K8DCI,0.000238490137245248,0.000238041941374863,0.0011514986885558,0.00103697925222263,0.0011514986885558,0.00103697925222263
ID_J55KEV,0.000670715322755802,0.000772266118390949,0.000670715322755802,0.000772266118390949,0.000670715322755802,0.000772266118390949
ID_7V19DB,3.65112346280734e-05,2.95085642664799e-05,6.00572531858537e-05,5.47581174675936e-05,6.00572531858537e-05,5.47581174675936e-05
ID_Q5H34E,3.26343925273127e-05,3.06378886934183e-05,8.65614634706351e-05,7.86834758171524e-05,8.65614634706351e-05,7.86834758171524e-05
ID_HPAY1U,1.64281150616647e-05,1.24566831565296e-05,4.94668286047808e-05,4.14538595388687e-05,6.79061317909724e-05,6.43471269106973e-05
ID_JYRV1A,0.00998048261446785,0.0101827424113889,0.00998048261446785,0.0101827424113889,0.0408023268274499,0.0432230227374581
ID_M7G1UN,0.0009291635585254,0.000550537037915457,0.00334788650185431,0.00319988132265638,0.00380172131827961,0.00364498504597981
ID_LIHISF,0.000255326760557057,0.000289149056718133,0.000255326760557057,0.000289149056718133,0.000255326760557057,0.000289149056718133
ID_GB2SDS,1.67546122798055e-05,1.33020018462534e-05,6.5307185617287e-05,5.90286522733352e-05,7.26439861825507e-05,7.00987288774841e-05
ID_VCTNE2,0.000215146427480416,0.000209189488692024,0.000215146427480416,0.000209189488692024,0.000215146427480416,0.000209189488692024
ID_5NLU55,0.00796960359706762,0.00727367890093405,0.0100027541026256,0.0100895156662288,0.0100027541026256,0.0100895156662288
ID_SSO9SH,0.000226173251719573,0.000163890659499577,0.000458144100557642,0.000432755378702245,0.000458144100557642,0.000432755378702245
ID_YDE5FQ,0.000131347975988004,0.000113359330858811,0.000131347975988004,0.000113359330858811,0.000174785750027169,0.000178550029613682
ID_S9EWZ6,0.000356027206607925,0.00037874671715244,0.0004841033214692,0.000518753487664718,0.0004841033214692,0.000518753487664718
ID_XQT8TW,0.0031097257507169,0.00317427001565827,0.0031097257507169,0.00317427001565827,0.0031097257507169,0.00317427001565827
ID_M6XT25,3.78441631895027e-05,3.6683444015337e-05,3.78441631895027e-05,3.6683444015337e-05,3.78441631895027e-05,3.6683444015337e-05
ID_4ZJ6HT,6.47890332163377e-05,5.85416692276166e-05,0.00032112070722272,0.000289029826307201,0.00032112070722272,0.000289029826307201
ID_RC60JC,9.23306454057281e-05,9.07115656016135e-05,0.000314666806026396,0.000328643641327635,0.000314666806026396,0.000328643641327635
ID_0DGOAR,0.000138166267428643,0.000131337753141751,0.00261316928651284,0.00273895079521953,0.00261316928651284,0.00273895079521953
ID_VZICF1,5.52261130861102e-05,5.48531085398037e-05,6.19843956961709e-05,5.55951344067129e-05,8.35214895260772e-05,8.14860369837552e-05
ID_MR0B44,4.54986426974895e-05,3.48217041911428e-05,0.000103466410669557,9.40890868420171e-05,0.000103466410669557,9.40890868420171e-05
ID_E69JOD,2.47378342551945e-05,1.83315551168424e-05,8.82020456257542e-05,7.72238969478323e-05,8.82020456257542e-05,8.30928475697178e-05
ID_A3JPS0,1.11528004086514e-05,6.46760052134697e-06,5.05481682980731e-05,4.20762133553467e-05,5.05481682980731e-05,4.44761483281202e-05
ID_7WRXP5,1.51614725286561e-05,1.05081202288458e-05,4.97292617903357e-05,4.12894422594284e-05,4.97292617903357e-05,4.50364991906588e-05
ID_00SYAM,0.000722008542376137,0.000556432541872825,0.000722008542376137,0.000649163240676932,0.000783961541665296,0.000790822528564963
ID_36M18R,2.14672915433631e-05,1.95618678809064e-05,3.94198790349899e-05,3.53498837699584e-05,3.94198790349899e-05,3.53498837699584e-05
ID_S29RDB,7.06691371480084e-05,6.43749543783851e-05,7.94991802341691e-05,7.32807393611288e-05,7.94991802341691e-05,7.78092882061267e-05
ID_5DHFGC,8.25397240717737e-05,6.05175460974353e-05,8.25397240717737e-05,6.05175460974353e-05,8.25397240717737e-05,6.90464560361858e-05
ID_PM8ZP3,1.62736172208176e-05,9.68578811986145e-06,0.00010262210980682,8.48828566265311e-05,0.00010262210980682,8.48828566265311e-05
ID_SWJYU2,0.000164294031833144,0.000135931052320823,0.000164294031833144,0.000135931052320823,0.000283603673446286,0.000296193716563047
ID_5VQXP0,0.00661065417980375,0.00455218532246463,0.0195621336490749,0.0173249019471273,0.0338768748591852,0.0328401707037957
ID_H0N40Y,6.50229723755666e-05,5.36123839292794e-05,0.000289925712823192,0.000302126135515693,0.000289925712823192,0.000302126135515693
ID_WJZODY,3.43567882043015e-05,3.07044928839714e-05,0.000239097660626961,0.000219569670140684,0.000239097660626961,0.000219569670140684
ID_5VE34C,3.72582665677588e-05,3.61063030625526e-05,3.72582665677588e-05,3.61063030625526e-05,3.79581802323071e-05,3.64866611362435e-05
ID_XYJNSM,2.10979307890582e-05,1.58336164270921e-05,6.90723152235496e-05,5.83334370134089e-05,6.90723152235496e-05,5.83334370134089e-05
ID_I9K28A,7.90126662179546e-05,7.63047853140314e-05,0.000258809524542172,0.000229317959900404,0.000258809524542172,0.000229317959900404
ID_QT9D5C,0.000180412996266322,0.000191624837623005,0.000180412996266322,0.000191624837623005,0.000180412996266322,0.000191624837623005
ID_CC1868,0.00135900353053587,0.00140243684286122,0.00135900353053587,0.00140243684286122,0.00135900353053587,0.00140243684286122
ID_W82UZ2,6.23376453539105e-05,5.56136840119845e-05,6.23376453539105e-05,5.56136840119845e-05,6.23376453539105e-05,5.56136840119845e-05
ID_IGRKAA,1.62659657142781e-05,1.17769094896634e-05,4.78109990386831e-05,4.03830740245269e-05,5.08964157858269e-05,4.7703488899637e-05
ID_JHAC5O,5.88414163124759e-06,3.70481850132808e-06,8.7991309855816e-05,7.72700156182559e-05,8.7991309855816e-05,7.72700156182559e-05
ID_GXNTBL,0.0246585261794574,0.022646663423291,0.0246585261794574,0.022646663423291,0.0246585261794574,0.022646663423291
ID_DPNOLZ,0.000127961224349714,9.63782109076583e-05,0.0012061826454195,0.00119017418051627,0.0012061826454195,0.00119017418051627
ID_Y7ND6Y,0.000115705847072686,8.09160571677558e-05,0.000115705847072686,9.63271547738831e-05,0.000233072117087803,0.000226074350377542
ID_05V8OI,7.51869345752816e-05,6.04832570807667e-05,0.000505858796191203,0.000494870552233849,0.000963721256133316,0.00098467724461588
ID_B87F80,4.95808096420885e-05,4.16330519812033e-05,0.000148740802184196,0.000133685043407804,0.000148740802184196,0.000138540801660104
ID_MTQKCA,0.000309041388341519,0.000349142993270907,0.000412484126963607,0.000416979533526481,0.000413083698632838,0.000427984192530441
ID_3U5QW2,3.43597196244554e-05,2.5384544693681e-05,0.000367364827198277,0.000324595387549172,0.000521144913713343,0.00049112990904225
ID_QCOJ3X,7.4015567988464e-05,6.89921644256214e-05,7.4015567988464e-05,6.89921644256214e-05,7.4015567988464e-05,6.89921644256214e-05
ID_WMX71G,0.000158907243500678,0.000166796946972685,0.000158907243500678,0.000166796946972685,0.000158907243500678,0.000166796946972685
ID_BB770Y,1.47502839576129e-05,8.67468959548292e-06,0.000285587442338915,0.000245975096015688,0.000285587442338915,0.000245975096015688
ID_7B6TSR,0.000145598987870495,0.000177709620225841,0.000150942515273434,0.000177709620225841,0.000150942515273434,0.000177709620225841
ID_Y9Y5X5,3.78440569071943e-05,2.31685248521572e-05,0.000243966240715955,0.000225784418330902,0.000437848878590268,0.000422730476250531
ID_G5NRPK,4.54122994813116e-05,3.88587937412924e-05,0.000468291436519219,0.000423693705043226,0.000502691689202054,0.000494958957188185
ID_XYCHYM,7.52519555807799e-06,5.61360144191135e-06,2.60535876449177e-05,2.29031798042807e-05,2.60535876449177e-05,2.44258879434798e-05
ID_1VBX12,1.92046486326782e-05,1.32563682577697e-05,4.35982036775641e-05,3.6021437875249e-05,4.35982036775641e-05,3.6021437875249e-05
ID_8MS13L,0.00126160238918055,0.000903688186186147,0.00126160238918055,0.00091795387555639,0.0016308222433989,0.00155751214692571
ID_9T1VYC,0.00210010625022876,0.00124752271534949,0.00726946691710246,0.00691376846385542,0.00808548867083939,0.00793028181306901
ID_833EID,0.0268661723008273,0.0308711605915729,0.0268661723008273,0.0308711605915729,0.0439716772001136,0.049051090988505
ID_IWZ84Z,3.77527702767301e-05,2.59482358144394e-05,0.000301084826881022,0.000277960092298889,0.000401316488409329,0.000394315408254513
ID_F6UFCA,0.000181565686392521,0.000145360231143544,0.000378870002913016,0.000378147514050928,0.000378870002913016,0.000378147514050928
ID_SN8PKK,9.35655671709649e-05,7.09346642649787e-05,0.000818577859806769,0.000823170642871659,0.000818577859806769,0.000823170642871659
ID_FHRLXM,0.000103223384203693,9.09964552673837e-05,0.000156614288420978,0.000151462169243296,0.000156614288420978,0.000151462169243296
ID_UPM0YG,0.000153139611061052,0.000142094529584534,0.000153139611061052,0.000142094529584534,0.000153139611061052,0.000142094529584534
ID_LZ4OU6,2.78527201415437e-05,1.93660686331715e-05,0.000337952435584927,0.000317899426319304,0.000337952435584927,0.000317899426319304
ID_QLXTHH,0.00364777797097873,0.0035339461688918,0.00364777797097873,0.0035339461688918,0.00364777797097873,0.0035339461688918
ID_TYY327,0.000679314363609945,0.000439632732319322,0.00123896682354022,0.00119251411397318,0.00184885846789144,0.00183320444368577
ID_AWGISG,7.47700146718975e-05,8.12530816255741e-05,7.47700146718975e-05,8.12530816255741e-05,7.47700146718975e-05,8.12530816255741e-05
ID_5COZTI,5.11088446532391e-05,4.16984015800784e-05,0.000128786561237002,0.000108482962560404,0.000174978968925708,0.000165073859137186
ID_1G39W0,2.82362710056532e-05,2.13855804756057e-05,6.41623650047737e-05,5.49966314245272e-05,7.5427313197352e-05,7.50308115396886e-05
ID_6C4OE9,0.0576385097684628,0.0617471208399831,0.0576385097684628,0.0617471208399831,0.0576385097684628,0.0617471208399831
ID_C2YB30,0.000122664492497632,0.000121463810927484,0.000122664492497632,0.000121463810927484,0.000122664492497632,0.000121463810927484
ID_DJ6NAP,1.07727691440887e-05,7.95836649720928e-06,2.33811352619541e-05,1.99361302788564e-05,3.99646527311783e-05,3.84256269573918e-05
ID_QRS3Q0,5.24271657616106e-05,5.21386348023917e-05,7.92424025492705e-05,7.09161861702665e-05,7.92424025492705e-05,7.09161861702665e-05
ID_I891F5,0.000172441111677053,0.000187691287921618,0.000172441111677053,0.000187691287921618,0.000172441111677053,0.000187691287921618
ID_P2D00R,0.00217963051330119,0.00234564977393665,0.00217963051330119,0.00234564977393665,0.00217963051330119,0.00234564977393665
ID_95I388,8.81429102261785e-05,0.000103115096968993,8.81429102261785e-05,0.000103115096968993,8.81429102261785e-05,0.000103115096968993
ID_7Y6T5F,0.0741671740146464,0.0725812983875994,0.0899539222833294,0.0906116330020681,0.254449094023856,0.286660578638461
ID_Q29IAO,1.85787106301701e-05,1.22228320131853e-05,6.29125131832811e-05,5.45760555040148e-05,6.29125131832811e-05,5.88396575862925e-05
ID_0Q0ASG,0.000505832392298699,0.000432930714411615,0.000744237431172989,0.00072247694455578,0.000862031265532348,0.000876220870960681
ID_D5ZZFS,2.60612203679786e-05,2.24878451456675e-05,7.92499919481602e-05,7.44809657421064e-05,0.000190863528326668,0.000187671156834778
ID_BS8T6P,0.000104734693621975,0.000106211885353392,0.000192324936310899,0.000187494898414337,0.000192324936310899,0.000187494898414337
ID_D1W7AZ,5.6112750768827e-05,5.10678868041195e-05,5.6112750768827e-05,5.10678868041195e-05,5.6112750768827e-05,5.10678868041195e-05
ID_9V09AE,3.74281550389373e-05,2.86012774531949e-05,7.07419405375273e-05,6.40796666858492e-05,7.07419405375273e-05,6.40796666858492e-05
ID_KCT2EE,0.000176648906492076,0.00019089022726165,0.000176648906492076,0.00019089022726165,0.000176648906492076,0.00019089022726165
ID_JMKVHA,3.97187186565895e-05,2.56078549507343e-05,0.000119088411217224,0.000109832292341532,0.000119088411217224,0.000109832292341532
ID_7AXVF1,4.44909841248359e-05,3.10690555380263e-05,0.000258747904303511,0.000224282420482133,0.000258747904303511,0.000224282420482133
ID_7XQ792,6.09740892511836e-05,4.61034254924458e-05,0.000177105317261857,0.000151128368526386,0.000203192500806911,0.000196671104488102
ID_3U6HHR,4.52198138754808e-05,3.63692626434385e-05,0.000475663926661192,0.000461270570140229,0.000475663926661192,0.000461270570140229
ID_F0XW09,0.000116943888451395,0.000110225730397154,0.000177509996838246,0.000176209669028263,0.000190308789953547,0.000194373508120808
ID_ZAEIQP,0.000114534233540216,9.09980220064117e-05,0.000114534233540216,9.09980220064117e-05,0.000149183064495443,0.000146971712954132
ID_C4ISDT,1.62492115251594e-05,1.04320433500003e-05,0.000148314623057524,0.000129715698465053,0.000148314623057524,0.000129715698465053
ID_LJS85L,2.7978973490536e-05,1.96925751413518e-05,0.000350406977038804,0.00030704353058912,0.000350406977038804,0.00030704353058912
ID_ANX289,5.30143600787347e-05,5.23400703537881e-05,9.14057632163636e-05,8.15243936658444e-05,9.14057632163636e-05,8.15243936658444e-05
ID_MNZEHD,4.29401262643112e-05,3.34424676819564e-05,0.000187528468408205,0.000172212412021179,0.000187528468408205,0.000172212412021179
ID_PDTOSK,9.74732536508037e-05,9.84700908749883e-05,0.000184209686375851,0.000160551099051822,0.000226129486000768,0.00021842131860599
ID_LSLZLB,0.00025963812704975,0.000280390312522553,0.000409309787906081,0.000421709994258032,0.000409309787906081,0.000421709994258032
ID_M460YA,0.000227295253143881,0.000230729261980559,0.000506875696581226,0.000541030253545964,0.000506875696581226,0.000541030253545964
ID_UUT71P,0.000754683252135209,0.000693993190648127,0.000754683252135209,0.000693993190648127,0.000754683252135209,0.000693993190648127
ID_PVJLRL,1.45624516697645e-05,1.21771715928549e-05,4.48842336799639e-05,4.14488118911582e-05,6.53798165275802e-05,6.33260908535543e-05
ID_94QLF8,2.13922214591059e-05,1.58008806214962e-05,0.000105055652532758,9.76570353268448e-05,0.000105055652532758,9.76570353268448e-05
ID_BLEVN1,1.15421240049425e-05,6.88028833342242e-06,3.85286025820103e-05,3.24257350008274e-05,3.85286025820103e-05,3.33950837920747e-05
ID_ZEMQI5,0.000346098688262605,0.000407662807521066,0.000346098688262605,0.000407662807521066,0.000346098688262605,0.000407662807521066
ID_GJ1X0Y,3.84751712868434e-05,3.59081824919694e-05,3.84751712868434e-05,3.59081824919694e-05,3.84751712868434e-05,3.59081824919694e-05
ID_X2I29Y,7.18251665969208e-05,6.2476245840477e-05,7.18251665969208e-05,6.2476245840477e-05,8.47047006004957e-05,8.09715195626005e-05
ID_YDNMXU,1.9847606927005e-05,1.13716797972931e-05,0.000182535248431294,0.000153875418982964,0.000182535248431294,0.000153875418982964
ID_OOU6SR,6.90034103475649e-05,5.19637886165422e-05,0.000109111905095353,0.000100937930194115,0.000109111905095353,0.000101185792801746
ID_170IHM,2.05980493140175e-05,1.74769324119625e-05,2.66266134641272e-05,2.37955223857704e-05,2.66266134641272e-05,2.45243836301326e-05
ID_17EACN,1.54834421944468e-05,1.11487428833816e-05,9.16652573496325e-05,8.29009996679292e-05,0.000122002112558107,0.000122865707022866
ID_JFVGSJ,6.82150735583326e-05,4.89479968577923e-05,0.00018912396519129,0.000163304912709702,0.000244933472928518,0.000241211771580533
ID_WY9YFZ,5.7422899982346e-05,4.09779093327772e-05,9.25246429025146e-05,8.31329510329522e-05,9.25246429025146e-05,8.31329510329522e-05
ID_EJQPOR,9.92256421516672e-05,9.94772596054784e-05,0.000220986412604046,0.000223913351251823,0.000220986412604046,0.000223913351251823
ID_HM2KF9,3.62972009219544e-05,2.38131476952782e-05,0.000158679969926475,0.000143579123010273,0.000158679969926475,0.000143579123010273
ID_DT1RJO,0.0389923518277032,0.0384712205475192,0.0389923518277032,0.0384712205475192,0.0389923518277032,0.0384712205475192
ID_BIYAR6,2.81673315251862e-05,1.83891034919345e-05,0.00189218036445303,0.00200257192361362,0.00189218036445303,0.00200257192361362
ID_OJKN2W,3.27268001655382e-05,2.81139669056514e-05,4.62464844112914e-05,4.16425819006659e-05,5.49548195692789e-05,5.25041599806688e-05
ID_A9QQPQ,4.22217335361619e-05,3.82820531477057e-05,6.03073874647332e-05,5.34338837760853e-05,8.33912120856668e-05,7.97755923140533e-05
ID_NEY52P,4.43596907421725e-05,3.14514811428152e-05,0.000224094323380761,0.000205734597818141,0.000224094323380761,0.000205734597818141
ID_V5IB8S,8.53082892086186e-05,8.18885342761332e-05,0.000288870603836805,0.000257488912592814,0.000288870603836805,0.000257488912592814
ID_OCC1JG,9.49136335923626e-05,9.00968204793697e-05,0.000118080481911772,0.000111955197079804,0.000118080481911772,0.000111955197079804
ID_Q2JGMI,0.000105362600364822,9.32018037379901e-05,0.000105362600364822,9.32018037379901e-05,0.000105362600364822,9.32018037379901e-05
ID_J415GF,0.000206694927930714,0.000206923217677651,0.000469515877084471,0.000459299506206726,0.000469515877084471,0.000459299506206726
ID_LFFY7U,0.000168055153778287,0.000173087743931528,0.000224874954048081,0.000211891117879287,0.000245230363037297,0.00024345605714782
ID_HN3HHR,8.93229512693206e-05,8.50417967942912e-05,8.93229512693206e-05,8.50417967942912e-05,8.93229512693206e-05,8.50417967942912e-05
ID_SWOCAQ,3.34956209293298e-05,2.51240454607731e-05,5.11886533278644e-05,4.3891553859622e-05,6.02922706408494e-05,5.94744031129206e-05
ID_14JUT9,1.41652398766154e-05,8.63360544316434e-06,5.56328936234452e-05,4.83147736340977e-05,5.56328936234452e-05,4.83147736340977e-05
ID_B1G5TP,3.64083719613477e-05,2.92942430131089e-05,6.95760012021684e-05,6.32312366490441e-05,6.95760012021684e-05,6.32312366490441e-05
ID_BSCWO5,0.00485978763914384,0.00499633258588639,0.00485978763914384,0.00499633258588639,0.00485978763914384,0.00499633258588639
ID_E1URRC,0.00323392167212096,0.00358359486023298,0.00323392167212096,0.00358359486023298,0.00323392167212096,0.00358359486023298
ID_QUPBR5,7.49323996916961e-05,8.13518684056447e-05,7.49323996916961e-05,8.13518684056447e-05,7.49323996916961e-05,8.13518684056447e-05
ID_EPH6A9,0.0286583288102787,0.0310229504561561,0.0286583288102787,0.0310229504561561,0.0550569890364779,0.0595546077401482
ID_1I4R9P,0.000668428500831022,0.000618841683965618,0.000668428500831022,0.000618841683965618,0.000668428500831022,0.000618841683965618
ID_WRY1CP,0.132773769780761,0.146101586289485,0.221278076557696,0.233429847188856,0.221278076557696,0.233429847188856
ID_P3UTGI,0.000181422210503069,0.000177967721314853,0.000308879688821304,0.000312792321889396,0.00061883355992348,0.00066307607201012
ID_4RB4RW,0.00014393192982455,0.000106586313893904,0.000255759831666029,0.00023547667309781,0.000255759831666029,0.00023547667309781
ID_Z5BDVD,0.0124129340210829,0.0110070647098084,0.0124129340210829,0.0110070647098084,0.0124129340210829,0.0110070647098084
ID_OQ2HIA,3.46601513523013e-05,2.64943832098547e-05,0.000237780739162621,0.0002273087240848,0.000237780739162621,0.0002273087240848
ID_0EFT4F,2.37728171569565e-05,1.82133617001697e-05,0.000129956184221685,0.000120036253469263,0.000304241432537729,0.000302033401102531
ID_O059B0,0.00047754518897138,0.000520187261582843,0.000992138222343613,0.000974163206477967,0.000992138222343613,0.000974163206477967
ID_H4YDLW,0.000114285380671029,0.000130095262467348,0.000114285380671029,0.000130095262467348,0.000114285380671029,0.000130095262467348
ID_OWCHBD,0.0009291635585254,0.000550537037915457,0.00334788650185431,0.00319988132265638,0.00380172131827961,0.00364498504597981
ID_NTVMKZ,0.000114928269295629,9.25770341727696e-05,0.000608853615831358,0.000569460782979071,0.000608853615831358,0.000569460782979071
ID_ZWEMTO,2.35184131511561e-05,1.51433146830774e-05,0.000466582865706124,0.000416867496939839,0.000466582865706124,0.000416867496939839
ID_4OJFGR,1.13380961817924e-05,6.7462064956886e-06,2.82027534742045e-05,2.36874682624839e-05,3.7771061948995e-05,3.56237796042181e-05
ID_FE5SES,1.32217579179715e-05,9.1522612899493e-06,1.35832358161071e-05,1.12151763682843e-05,3.1419022385707e-05,2.99812513913821e-05
ID_U45SXA,0.011402507575702,0.00979931750645098,0.011402507575702,0.00979931750645098,0.011402507575702,0.00979931750645098
ID_HVY7YF,3.35984316108171e-05,2.34456877996634e-05,4.73248405208653e-05,4.19051788338173e-05,6.65113664234981e-05,6.49651277357446e-05
ID_875Q3P,0.00369124498782936,0.00365145472812759,0.00369124498782936,0.00365145472812759,0.00369124498782936,0.00365145472812759
ID_UOTTW5,3.00350187118915e-05,2.44018737895542e-05,5.78232354762628e-05,5.31341645796641e-05,5.78232354762628e-05,5.31341645796641e-05
ID_LM303R,0.000146545893277716,0.000152852494869426,0.00152598831196889,0.00163044501831246,0.00152598831196889,0.00163044501831246
ID_E34NO5,6.22986056146149e-06,4.25998569157967e-06,2.3481979019937e-05,2.06041626112771e-05,2.3481979019937e-05,2.26191705069427e-05
ID_RSQVI7,0.000109791157056795,0.00011453359338963,0.000113577521009833,0.00011453359338963,0.000134109569331356,0.000137980199591482
ID_7IHCZE,6.74711831488607e-05,5.39469524604829e-05,9.1036914204113e-05,8.22190462963358e-05,0.000162548587764418,0.000153435084414685
ID_UC68W2,0.000325779660910452,0.000268563876818686,0.000798432089042822,0.000825949822585824,0.000798432089042822,0.000825949822585824
ID_3105ME,2.30824796055258e-05,1.849968682241e-05,0.000135002808402333,0.000126814023361429,0.000347018888236547,0.00034782943101988
ID_0RYNOK,8.89118796105723e-05,9.43218284246841e-05,0.000175676252106687,0.000172416259871524,0.000175676252106687,0.000172416259871524
ID_WZNIA5,8.86141035676341e-06,6.09950710390668e-06,2.93344070131739e-05,2.546800516964e-05,2.93344070131739e-05,2.56302617125396e-05
ID_VUKG4F,0.000346383576291677,0.000296792717639731,0.00184288060847232,0.0018937175540135,0.00184288060847232,0.0018937175540135
ID_GLHVNV,1.85747512330868e-05,1.24558264556691e-05,3.98731587338745e-05,3.28416957458017e-05,5.05769546079504e-05,4.73920667559881e-05
ID_3J4A5T,4.54731676936635e-05,3.79122241535347e-05,0.000275380490331982,0.000251112529613165,0.000329623852183662,0.000334662352127654
ID_B22C03,0.0009291635585254,0.000550537037915457,0.00334788650185431,0.00319988132265638,0.00380172131827961,0.00364498504597981
ID_JXGHCQ,2.39369987015078e-05,1.86197331550209e-05,3.82960564643113e-05,3.35638434511765e-05,3.82960564643113e-05,3.35638434511765e-05
ID_UF3LOQ,0.000787459246208315,0.000577367325329778,0.000787459246208315,0.000625770052650191,0.00155853295133988,0.00161087246916973
ID_C837CJ,0.000153432469539394,0.000161872726965855,0.000153432469539394,0.000161872726965855,0.000153432469539394,0.000161872726965855
ID_5HBYOD,0.00377023901980735,0.00358822843339375,0.00421068050003052,0.00424994391894181,0.00438844316068631,0.00450985214950645
ID_TZP781,0.000144223266906219,0.000134403321999337,0.000165956818121931,0.000164169152446187,0.000242232462854076,0.000266751920800803
ID_FI825B,4.89902233028113e-05,4.46913266114162e-05,4.89902233028113e-05,4.46913266114162e-05,5.24192525107563e-05,4.95589592591173e-05
ID_YYZUDP,0.000284063828500911,0.000289411775170081,0.00496650406208813,0.00600572430155468,0.00496650406208813,0.00600572430155468
ID_IYY83U,2.86376293800275e-05,1.78212715580259e-05,6.04028842888106e-05,4.98520826082929e-05,8.51065618685735e-05,8.0237323798456e-05
ID_CQKKBK,0.000130476246906678,0.000161105308097775,0.000187362233593515,0.000173182802278807,0.000187362233593515,0.000173182802278807
ID_71YOL3,0.000135762484594442,0.000141058382033991,0.000558423159813457,0.000574699424931186,0.000558423159813457,0.000574699424931186
ID_PJ4KK1,5.77646238764207e-05,5.49789508686501e-05,6.75726496526655e-05,6.13453309832855e-05,8.1717094260596e-05,8.05198824000151e-05
ID_FKP6WX,0.0704170238430681,0.0778678722734006,0.277862632695534,0.280788923377978,0.277862632695534,0.301233211244183
ID_56Z4H2,4.99138565942586e-05,4.65786646908083e-05,5.3065570231507e-05,5.11333831216167e-05,5.3065570231507e-05,5.11333831216167e-05
ID_K4V6T1,0.000214302775289917,0.000210354854148464,0.000214302775289917,0.000210354854148464,0.000214302775289917,0.000210354854148464
ID_7R5UUT,8.73329763510146e-05,6.6618597415003e-05,0.000176940079957938,0.0001585375862979,0.000192690365660434,0.000194194889958064
ID_8Y8FZW,0.000833787235669731,0.000666126505948039,0.00505786601021741,0.00516474073665538,0.00505786601021741,0.00516474073665538
ID_JDD3BW,0.000296971414753299,0.000319372700058911,0.00047116038326458,0.000468820606482828,0.00047116038326458,0.000468820606482828
ID_D02ECF,7.53097943472531e-05,7.79681161682978e-05,7.53097943472531e-05,7.79681161682978e-05,7.53097943472531e-05,7.79681161682978e-05
ID_JI09Z4,0.00357991568284889,0.00397497212189317,0.00357991568284889,0.00397497212189317,0.00367728832444538,0.00397497212189317
ID_XC1UCY,8.22013300637352e-05,8.62945691820621e-05,8.5037009302565e-05,8.62945691820621e-05,8.5037009302565e-05,8.62945691820621e-05
ID_GGVJTH,0.000842678840557246,0.000819104650974,0.000842678840557246,0.000819104650974,0.000842678840557246,0.000846946465541947
ID_4XJUM7,5.38839110998587e-05,5.66481267616126e-05,5.38839110998587e-05,5.66481267616126e-05,5.38839110998587e-05,5.66481267616126e-05
ID_K92S3H,6.92068245217314e-05,5.01410378836071e-05,6.92068245217314e-05,5.59113243196391e-05,0.000115285510243786,0.000113071902705648
ID_BXFZX7,9.05056974997547e-06,6.12593353628731e-06,5.56344699538156e-05,4.92670909478123e-05,5.56344699538156e-05,4.92670909478123e-05
ID_SU7MFU,1.9291919093424e-05,1.45512230567132e-05,4.05827869428928e-05,3.52875205055644e-05,4.05827869428928e-05,3.52875205055644e-05
ID_6AQOOX,0.0395817235146668,0.0450250653521825,0.0395817235146668,0.0450250653521825,0.0395817235146668,0.0450250653521825
ID_TWJ95S,0.000101651368707964,7.54009268608952e-05,0.000918895000956599,0.00091221401094706,0.000918895000956599,0.00091221401094706
ID_DOW1PY,3.67677435656012e-05,3.0332455920675e-05,0.000323947308472662,0.000303473809245489,0.000323947308472662,0.000303473809245489
ID_01RP2A,4.98708718545641e-05,3.64726190308259e-05,0.000157184144071728,0.000135034137370945,0.000228061271896333,0.000221817873524823
ID_92GH8G,3.79424047292432e-05,3.57969160363338e-05,8.03892683012692e-05,7.33433717594e-05,8.03892683012692e-05,7.33433717594e-05
ID_78W3J6,3.13154453103895e-05,2.3655729035258e-05,4.28616919008616e-05,3.66527466055207e-05,5.00624304964779e-05,4.64673119681343e-05
ID_07BV8U,2.42494037308454e-05,1.72233153001775e-05,5.83390338193086e-05,5.05789520508249e-05,7.30217004069965e-05,7.27338484837832e-05
ID_UO8NL5,5.69116111560785e-05,4.68500015951062e-05,6.83955806529257e-05,6.30486363167554e-05,6.83955806529257e-05,6.30486363167554e-05
ID_9LU58J,0.000405545041599017,0.000365774983428797,0.000405545041599017,0.000365774983428797,0.000405545041599017,0.000365774983428797
ID_XOU76K,3.4544264986835e-05,2.285502415692e-05,0.000315360700506468,0.000285290054555214,0.000422805885476225,0.000414800953228555
ID_A4LTP3,0.00016950647941443,0.000181087689393294,0.000211841980088138,0.000193082601536085,0.000211841980088138,0.000193082601536085
ID_A38G0Y,0.000117983273770558,0.000123448259399519,0.000239142494451229,0.000234399444947197,0.000239142494451229,0.000234399444947197
ID_A3DNUK,0.00485978763914384,0.00499633258588639,0.00485978763914384,0.00499633258588639,0.00485978763914384,0.00499633258588639
ID_JUWIIQ,1.42595149980919e-05,1.1085013290146e-05,4.93247936118797e-05,4.35942027542683e-05,4.93247936118797e-05,4.35942027542683e-05
ID_KB7C08,0.000164544896516346,0.000180351260710416,0.000172534791876737,0.000180351260710416,0.000172534791876737,0.000180351260710416
ID_STGN0X,2.45735367715432e-05,1.8319280534633e-05,4.35800880148313e-05,3.62578437199499e-05,4.61095638872626e-05,4.3192963240411e-05
ID_AS1OS1,0.0009291635585254,0.000550537037915457,0.00334788650185431,0.00319988132265638,0.00380172131827961,0.00364498504597981
ID_TJU7KY,0.000216328022082945,0.000231227213169589,0.000216328022082945,0.000231227213169589,0.000217875131121763,0.000231227213169589
ID_T29X5H,0.000153147129087962,0.000160255567535589,0.000153147129087962,0.000160255567535589,0.000153147129087962,0.000160255567535589
ID_EVO7GL,4.10988834756288e-05,3.31249958149138e-05,8.35286860937522e-05,7.68239794681161e-05,8.35286860937522e-05,7.68239794681161e-05
ID_N2GA6J,0.0001455404259187,0.000175979656596545,0.000184080214078074,0.000175979656596545,0.000184080214078074,0.000175979656596545
ID_ZWWJ7W,6.63223816958557e-05,6.3140717216517e-05,6.63223816958557e-05,6.3140717216517e-05,8.1471522392645e-05,7.77254721700216e-05
ID_BIVVQ5,6.58320332597397e-05,6.04162840274551e-05,0.000102246253841256,9.37262078308244e-05,0.000102246253841256,9.37262078308244e-05
ID_ZN6VHC,2.47819882644472e-05,2.13675136347109e-05,7.26458471548638e-05,6.76085443171115e-05,9.2266324320716e-05,8.77739765900694e-05
ID_PKK3GF,0.00357991568284889,0.00397497212189317,0.00357991568284889,0.00397497212189317,0.00367728832444538,0.00397497212189317
ID_PDZB8M,0.00367853374150189,0.0027291132140479,0.00729137038180241,0.00705993785269267,0.00729137038180241,0.00705993785269267
ID_B52MTK,0.000102866734307692,7.4793046753544e-05,0.000198927406705308,0.000184028596545095,0.000198927406705308,0.000184028596545095
ID_7YOW0E,0.000561914041074741,0.0004807467556702,0.000561914041074741,0.0004807467556702,0.000561914041074741,0.0004807467556702
ID_6O0STD,1.98298530137214e-05,1.23595101131192e-05,7.13090101774281e-05,6.20293801093142e-05,8.60975300291108e-05,8.5142648354339e-05
ID_XDWYCC,0.000385544038720046,0.000370321191930999,0.000385544038720046,0.000370321191930999,0.000423186040017193,0.000455996620329423
ID_VA32M2,0.00115755479774304,0.000880623381430561,0.00115755479774304,0.000880623381430561,0.00115755479774304,0.000880623381430561
ID_BMNQKP,0.0039053419110304,0.00357186536120464,0.0039053419110304,0.00357186536120464,0.0039053419110304,0.00357186536120464
ID_JW1LBC,0.00619164156574717,0.00644629098024894,0.00619164156574717,0.00644629098024894,0.0116631446675796,0.0127377289020281
ID_ADU6RR,1.49170302031926e-05,9.03838076526974e-06,6.53948538558786e-05,5.52428760407434e-05,6.53948538558786e-05,5.52428760407434e-05
ID_11KZ0U,0.000146803281751193,0.000120750732106362,0.00381988311284359,0.00381424752037454,0.00381988311284359,0.00381424752037454
ID_AR98VZ,0.000109260653282351,0.000119944677941684,0.000109260653282351,0.000119944677941684,0.000109260653282351,0.000119944677941684
ID_APZ0D7,0.00116856830548429,0.00115150999016044,0.00366818533113546,0.00363174165893432,0.00795250479818848,0.00820146867411556
ID_QBGS5I,0.00120487647101213,0.000963861031050075,0.00146673928623628,0.00129590910182014,0.00146673928623628,0.00137398735045812
ID_4BHS4D,0.0080526777594377,0.00797025911734578,0.0080526777594377,0.00797025911734578,0.0080526777594377,0.00797025911734578
ID_RZTGRM,3.47777758400362e-05,2.95872828873661e-05,3.66725747330299e-05,3.13153162194337e-05,6.95076732154471e-05,6.64463601069199e-05
ID_O55L76,5.90247336245403e-05,5.51782753664511e-05,0.000206193120510378,0.000209407309251771,0.000206193120510378,0.000209407309251771
ID_5DLUXE,2.25626850961871e-05,1.94273758939883e-05,0.000119666493937065,0.000120235690616843,0.00119050002283315,0.0012307900183466
ID_6UI50R,3.16959257524335e-05,2.380142453296e-05,0.000119735490253375,0.000108504618866535,0.000119735490253375,0.000108504618866535
ID_ABL5U6,6.8788215883125e-05,5.05314736365977e-05,0.00018692467229491,0.000162188596158842,0.000251638562184473,0.000245856818479312
ID_M3E6DB,0.00028156144632272,0.000284319213277417,0.000778582853549104,0.000793015700558677,0.000778582853549104,0.000793015700558677
ID_A6QKLH,0.000228888826313865,0.000265882252149682,0.000228888826313865,0.000265882252149682,0.000228888826313865,0.000265882252149682
ID_0JQSZK,0.000412535825015924,0.000494860425354774,0.000412535825015924,0.000494860425354774,0.000412535825015924,0.000494860425354774
ID_BPD0T4,6.98282987882864e-06,5.05705806388308e-06,1.63795362015014e-05,1.40303473069627e-05,1.75672185351381e-05,1.63889132797062e-05
ID_VNZ3QZ,8.45189155164019e-05,7.37834377074562e-05,8.45189155164019e-05,7.37834377074562e-05,0.000124751949083618,0.000120165494376528
ID_RWDQGP,6.05968875539963e-05,3.4902934085802e-05,0.000123395788955626,0.000105345176497127,0.000191238636060205,0.000176085861387823
ID_5BJWT7,2.21005738536751e-05,1.39729354046557e-05,0.00039200706481417,0.000342545405432387,0.00039200706481417,0.000342545405432387
ID_VKJX7X,0.00711359860335236,0.00663796996790984,0.0104363910926952,0.0101926051981218,0.0104363910926952,0.0101926051981218
ID_LB4MOB,2.05415115530915e-05,1.89943547464178e-05,5.26547117748054e-05,5.03385808172708e-05,9.48383044262497e-05,9.25073214335055e-05
ID_0OMUID,2.72077040709242e-05,2.53700301242907e-05,2.72077040709242e-05,2.53700301242907e-05,2.72077040709242e-05,2.53700301242907e-05
ID_SYXTO4,3.42641435411058e-05,3.22746853794045e-05,5.92870248456917e-05,5.27487676594678e-05,8.91619735939659e-05,8.64321792576915e-05
ID_DAM5SV,0.00302012584909385,0.00352662087966424,0.00302012584909385,0.00352662087966424,0.00302012584909385,0.00352662087966424
ID_XIPX8S,7.05559591636029e-05,6.33014781824896e-05,0.000155201858522292,0.000144782618104798,0.000155201858522292,0.000144782618104798
ID_P50S8V,0.125077905281927,0.132156485225806,0.174601365605001,0.167278342245874,0.174601365605001,0.167278342245874
ID_UY4Z5F,2.87477144972875e-05,2.35922395578021e-05,9.9724953130997e-05,9.14526235586786e-05,9.9724953130997e-05,9.14526235586786e-05
ID_JU38M1,0.000160959078100446,0.000150993889367292,0.000160959078100446,0.000150993889367292,0.000160959078100446,0.000150993889367292
ID_WPRF92,7.27201440276231e-05,5.99342645054166e-05,0.000954178420764603,0.000980326498755128,0.000954178420764603,0.000980326498755128
ID_WM2OCW,1.6919441326025e-05,1.02213123083303e-05,6.27001715912365e-05,5.44013826753718e-05,0.000138815850939098,0.000145391517392052
ID_RGEP75,0.000530198869085569,0.000403434411426109,0.00443519602371349,0.00467515212199552,0.00443519602371349,0.00467515212199552
ID_WYGX88,5.49606466211261e-05,4.49960843390726e-05,7.55627864486099e-05,6.90925505219122e-05,7.55627864486099e-05,6.90925505219122e-05
ID_ZNHRMQ,0.000405545041599017,0.000365774983428797,0.000405545041599017,0.000365774983428797,0.000405545041599017,0.000365774983428797
ID_JD38LC,0.0216427587569123,0.0195947140279755,0.0216427587569123,0.0195947140279755,0.0285729465289699,0.0320009747972488
ID_0YXFYC,0.00726833466715651,0.00531616995938786,0.0114739929248751,0.0101188952455437,0.0197350863386009,0.0190100346988385
ID_VKBJCE,0.000894981439782744,0.00108345849855877,0.000894981439782744,0.00108345849855877,0.000894981439782744,0.00108345849855877
ID_L620RV,0.00870905174307891,0.00829564885117879,0.00870905174307891,0.00829564885117879,0.00870905174307891,0.00829564885117879
ID_XELVEF,0.000191675012889422,0.000222547789237851,0.000191675012889422,0.000222547789237851,0.000191675012889422,0.000222547789237851
ID_OOPSZH,2.42601613634731e-05,2.06876126383488e-05,3.19259919508903e-05,2.90678123421705e-05,3.19259919508903e-05,3.04441263291211e-05
ID_I2M4VZ,0.000111562724666545,0.000121354188222207,0.000111562724666545,0.000121354188222207,0.000111562724666545,0.000121354188222207
ID_RIH2IY,3.3403679782333e-05,2.69571231486152e-05,0.000181725385462897,0.000166425949955123,0.000181725385462897,0.000166425949955123
ID_52TFD0,6.11051537539313e-05,4.58698150337866e-05,0.000181248665258067,0.000172852229179908,0.000181248665258067,0.000172852229179908
ID_DD2PDS,1.75069626077125e-05,1.06266349120042e-05,6.75800053467432e-05,5.72728682203507e-05,6.75800053467432e-05,5.72728682203507e-05
ID_MDPJ5N,2.05980493140175e-05,1.74769324119625e-05,2.66266134641272e-05,2.37955223857704e-05,2.66266134641272e-05,2.45243836301326e-05
ID_87YV3I,2.23950430899074e-05,1.63096188104869e-05,5.70948299235391e-05,5.03037941593231e-05,6.73990403859453e-05,6.74875725680897e-05
ID_OTN1F3,1.05914371128014e-05,7.64856136656953e-06,3.69750618848638e-05,3.22171943890358e-05,5.72796833269175e-05,5.53340094556722e-05
ID_80C6RQ,8.01999287810947e-05,5.54508500467703e-05,0.00191248529328453,0.00184121234098545,0.00191248529328453,0.00184121234098545
ID_2VHH1D,0.000342996932393852,0.000379238183598077,0.00149140769216452,0.00157584995624008,0.00149140769216452,0.00157584995624008
ID_CVPRQL,5.41417727275996e-05,4.75104306409458e-05,5.41417727275996e-05,4.75104306409458e-05,5.41417727275996e-05,4.75104306409458e-05
ID_F9LL3S,0.000128966114049353,0.000131264269012093,0.000128966114049353,0.000131264269012093,0.000128966114049353,0.000131264269012093
ID_Y8KTAQ,6.47890332163377e-05,5.85416692276166e-05,0.00032112070722272,0.000289029826307201,0.00032112070722272,0.000289029826307201
ID_6WA8X2,7.26901900252379e-06,4.17726816993437e-06,1.86217324016191e-05,1.54279221874711e-05,2.13521223924141e-05,1.97447449568024e-05
ID_4OHGZ7,0.0218080459312249,0.0233758507518292,0.0623444779783243,0.0645535609844146,0.0817155229080538,0.0854037002133175
ID_ELGE1U,3.56657328425724e-05,2.93262395649246e-05,5.93901857457376e-05,4.98560841218714e-05,5.93901857457376e-05,4.98560841218714e-05
ID_5HD5ZA,2.5522842834255e-05,1.69803438517666e-05,0.000369231098268456,0.00031738057779356,0.000369231098268456,0.00031738057779356
ID_SLSO1E,6.05588138432611e-05,4.58896967194288e-05,0.000226791131409084,0.000215470651540787,0.000291178248650644,0.00029028186362278
ID_S90MML,2.77896527793996e-05,2.24376159102384e-05,9.391675729711e-05,9.15341468892806e-05,0.000108726081465831,0.000111115029692798
ID_2V1U3K,3.49182501800648e-05,2.69914176551999e-05,7.50442024574168e-05,6.91278532976666e-05,7.50442024574168e-05,6.91278532976666e-05
ID_VHNKKG,7.4902036377176e-05,8.13333981077419e-05,7.4902036377176e-05,8.13333981077419e-05,7.4902036377176e-05,8.13333981077419e-05
ID_83W356,5.08405964152631e-05,3.71612378171537e-05,0.000107407513994552,0.000103622436521105,0.000143400289049188,0.000145696601312131
ID_KSMO5R,3.23788844229884e-05,2.26869891022211e-05,4.55944612940574e-05,4.00818954048251e-05,6.1838297930491e-05,6.02631712855211e-05
ID_9RATZ5,2.68752875150556e-05,2.29299298561691e-05,3.0659808459479e-05,2.69927146626143e-05,3.14001532668016e-05,2.99164241314762e-05
ID_IG1LYN,2.89700086696088e-05,2.56559842852071e-05,0.000102830935033517,9.76663548090087e-05,0.000102830935033517,9.76663548090087e-05
ID_5A6ZTS,9.45764700072813e-05,9.40806819378762e-05,0.000245686892262927,0.00024753751341516,0.000245686892262927,0.00024753751341516
ID_H6JGLH,1.79360056552739e-05,1.29389356472991e-05,1.79360056552739e-05,1.29389356472991e-05,2.41626603255811e-05,2.25079456200638e-05
ID_224AL4,6.27183333439071e-05,5.96396207476382e-05,0.000134081013716748,0.000135063315609012,0.000134081013716748,0.000135063315609012
ID_VLOALM,0.436690762539329,0.475166690211649,0.436690762539329,0.475166690211649,0.436690762539329,0.475166690211649
ID_BD1I07,0.00165218667965969,0.00155497348150906,0.00187394254084028,0.0018019222698469,0.00188277893193731,0.00187635662272743
ID_U1ST6M,8.63099651089561e-05,7.33228986766934e-05,0.000465096013544676,0.000414371394805004,0.000465096013544676,0.000414371394805004
ID_VK0JGD,9.23479297156068e-05,7.51039229777639e-05,0.000377187342665821,0.0003561518322371,0.000377187342665821,0.0003561518322371
ID_UIQ2M6,9.38585802698387e-06,6.00450572016012e-06,9.49661175363673e-05,8.29140405338384e-05,0.000168875074051974,0.000170492550340225
ID_TMYMBX,2.37135449999236e-05,1.85160821024836e-05,0.000196626423314193,0.000186355444905395,0.000196626423314193,0.000186355444905395
ID_TMFZSB,0.0009291635585254,0.000550537037915457,0.00334788650185431,0.00319988132265638,0.00380172131827961,0.00364498504597981
ID_IWPNJZ,3.09338577907235e-05,2.47139495618951e-05,4.21538323271858e-05,3.86570764309155e-05,4.21538323271858e-05,3.92288697749027e-05
ID_SJQSN7,2.50297597303229e-05,1.79144865585331e-05,4.62831328680376e-05,4.08015350122964e-05,4.90628250559716e-05,4.71647061030869e-05
ID_GSRCHF,0.000395303460783263,0.000349815328493861,0.000395303460783263,0.000349815328493861,0.000395303460783263,0.00036990771991778
ID_95Y6Y3,0.000114534233540216,9.09980220064117e-05,0.000114534233540216,9.09980220064117e-05,0.000149183064495443,0.000146971712954132
ID_ZTGLQD,1.6996459471364e-05,1.03040367265899e-05,0.000298600268392127,0.0002623737690853,0.000298600268392127,0.0002623737690853
ID_LM76KQ,0.00224737961484807,0.00185830707792118,0.00224737961484807,0.00185830707792118,0.00224737961484807,0.00185830707792118
ID_PZAIQH,7.90204903984569e-05,7.35292763349498e-05,0.000123765684041465,0.000112823673494144,0.000124112465861155,0.000119812588513914
ID_IX6FLE,3.13854074783383e-05,2.13540575992295e-05,5.48370680646276e-05,4.61385897637561e-05,7.68519152742516e-05,7.36305801746866e-05
ID_FN8JFA,0.000853977372028734,0.000766380632031306,0.000853977372028734,0.000766380632031306,0.000853977372028734,0.000766380632031306
ID_M6902J,0.000670073461187027,0.000658804219471127,0.00119342374958009,0.00112088762463627,0.00119342374958009,0.00112088762463627
ID_78D5FE,0.00108640770818151,0.0010772693454149,0.00108640770818151,0.0010772693454149,0.00221589355084175,0.0023512613670287
ID_WE66R6,2.95955758760351e-05,1.92322118301023e-05,0.000107888693366333,0.000100150542759644,0.000107888693366333,0.000100150542759644
ID_WNRVPK,6.75129918022562e-05,6.93212395990592e-05,7.49425463058844e-05,7.07539875161731e-05,7.49425463058844e-05,7.26903686967162e-05
ID_4L5H4Z,0.0473705976361143,0.0532090453983478,0.12164500000307,0.115740440597445,0.201540733535425,0.216666623102727
ID_OHA3B2,6.19508168400426e-05,6.44246862611308e-05,6.19508168400426e-05,6.44246862611308e-05,7.66659357702353e-05,7.44162223540407e-05
ID_UH4UW8,3.70701341515345e-05,3.33120960960316e-05,0.000114185301887942,0.000106133121224642,0.000114185301887942,0.000106133121224642
ID_1DT5V6,2.34290854364949e-05,1.75089661182393e-05,3.76299800835399e-05,3.13061680482131e-05,4.33055553830993e-05,4.03577316358203e-05
ID_0K6BDO,3.47392489503064e-05,2.28392364329334e-05,0.000131228696049343,0.000117634187882168,0.000131228696049343,0.000117634187882168
ID_2SLFP0,4.01795357647697e-05,2.71154326432979e-05,0.000101785912411447,9.55794129669492e-05,0.000101785912411447,9.79586720962497e-05
ID_HWGAEQ,0.000197411967514076,0.000229600564531812,0.000202911343296291,0.000229600564531812,0.000202911343296291,0.000229600564531812
ID_CQT5H1,4.13048104979314e-05,2.82389802647627e-05,0.000842469717075735,0.000802551798895026,0.000842469717075735,0.000802551798895026
ID_UFOXTP,0.00356850467446554,0.00364700484756261,0.00498084546388907,0.0054232478757157,0.00498084546388907,0.0054232478757157
ID_26D5YY,1.05316825861926e-05,7.27234176469389e-06,3.2740766161368e-05,2.89017074457562e-05,5.05978566585094e-05,4.77357819631041e-05
ID_92PU7R,0.000195070208394219,0.000179029199391886,0.0165165794670982,0.0159788949722067,0.0198825388406269,0.0198908041961825
ID_QC43VZ,0.00294980032179345,0.00286810366754385,0.00407085083733697,0.00390160254757864,0.00416142771806366,0.0040952417629235
ID_QVFOVQ,3.31629109936034e-05,2.31546249257195e-05,0.000235001317654925,0.000235360704360664,0.000253745521859565,0.000269600176135428
ID_0DPIA8,0.000326092808675293,0.000422212768986303,0.000326092808675293,0.000422212768986303,0.000326092808675293,0.000422212768986303
ID_VR1KM6,0.000303530862033633,0.00031055065090618,0.000680880767561083,0.000674222325530693,0.000680880767561083,0.000674222325530693
ID_ANMF9T,3.72582665677588e-05,3.61063030625526e-05,3.72582665677588e-05,3.61063030625526e-05,3.79581802323071e-05,3.64866611362435e-05
ID_A7AZEH,4.29316946187993e-05,3.53403724100998e-05,0.000463151817277015,0.000453259146146305,0.000463151817277015,0.000453259146146305
ID_MFGCBS,0.000117558247991293,0.000111022538110821,0.000139212810432436,0.000131586987819958,0.000139212810432436,0.000137030093304365
ID_DI7YTA,0.0281777191672714,0.0201445670434364,0.0301226489497987,0.0274504297008364,0.0358414894313222,0.0363198621509154
ID_FJF1VV,2.17006929570065e-05,1.29548135195573e-05,0.00022052232411797,0.000195448444571218,0.00022052232411797,0.000195448444571218
ID_GBOV5S,0.000126103568998368,9.14872980357405e-05,0.000255954201601461,0.000232634760868543,0.000255954201601461,0.000232634760868543
ID_24SH8X,0.00311569413906477,0.00216033846473787,0.00837566713074627,0.00808268802134968,0.0119651914275138,0.0119428908304754
ID_VHAKMG,0.097502553638418,0.0949083189265259,0.145493005574372,0.138677152525116,0.145493005574372,0.138677152525116
ID_RDEBO6,6.47445448899459e-06,4.10812200780844e-06,2.63290543863363e-05,2.194709765573e-05,4.60999411026357e-05,4.31554913216897e-05
ID_LCYPU0,3.92382810133883e-05,2.90170744066263e-05,0.000103615485099628,9.24232716186356e-05,0.000103615485099628,9.24232716186356e-05
ID_8LIA1C,0.000564506995374323,0.000671569176462267,0.000564506995374323,0.000671569176462267,0.000564506995374323,0.000671569176462267
ID_2Q1AXB,0.00485978763914384,0.00499633258588639,0.00485978763914384,0.00499633258588639,0.00485978763914384,0.00499633258588639
ID_8WSJY9,0.249360378322144,0.234960623388799,0.249360378322144,0.234960623388799,0.41399623498983,0.466075107436715
ID_NCE574,0.000741724212574683,0.000861547850054595,0.000741724212574683,0.000861547850054595,0.000741724212574683,0.000861547850054595
ID_W3SGDD,7.61706142557252e-06,4.76313863216042e-06,3.40998341774389e-05,2.84122400799376e-05,5.19995651621595e-05,4.87159971489245e-05
ID_042DMN,9.23881859294978e-05,9.68317199773942e-05,0.000283363814733326,0.000280262069879881,0.000283363814733326,0.000280262069879881
ID_F4Z9QP,0.000230320364929167,0.000191780317110514,0.000341759143862052,0.000330943210467518,0.000341759143862052,0.000330943210467518
ID_KDNPHD,0.00383388658606261,0.00334616495458826,0.00383388658606261,0.00345040049083444,0.00402521449221258,0.00405646532968212
ID_2MRPP3,1.06276412987324e-05,7.45255660698882e-06,3.84148287847449e-05,3.24130549975157e-05,4.43899952742749e-05,4.18204188159083e-05
ID_38TR4Q,3.71705428270092e-05,2.583680723877e-05,0.000386648066864249,0.000372126653080247,0.00046513132234335,0.000469316955698898
ID_IEG8FD,7.42249273461615e-05,5.51988332846201e-05,7.42249273461615e-05,5.51988332846201e-05,7.42249273461615e-05,6.55052534997493e-05
ID_B0H92W,1.11528004086514e-05,6.46760052134697e-06,5.05481682980731e-05,4.20762133553467e-05,5.05481682980731e-05,4.44761483281202e-05
ID_DFV6SX,0.00145528141161128,0.000853037942851617,0.00428931427451507,0.00388167580772735,0.00654514136849446,0.0062892549333832
ID_6MSHHO,2.08152176797193e-05,1.43156556224611e-05,5.86589746194987e-05,4.93288462360753e-05,6.517975954221e-05,6.27217178031267e-05
ID_5XO6JY,3.8910108920078e-05,2.7551172415755e-05,0.000345364564739715,0.000301356291026632,0.000345364564739715,0.000301356291026632
ID_WMGN2O,1.11528004086514e-05,6.46760052134697e-06,5.05481682980731e-05,4.20762133553467e-05,5.05481682980731e-05,4.44761483281202e-05
ID_SNMSY2,1.96336426569442e-05,1.26705861206313e-05,8.61355691569423e-05,7.5775914270897e-05,8.61355691569423e-05,7.5775914270897e-05
ID_WUQWL2,3.93831643134002e-05,3.06723525656464e-05,4.53527008335384e-05,3.87458543181998e-05,5.08039883913003e-05,4.73845085958507e-05
ID_OGR2VR,0.000118843145679591,8.77102920299621e-05,0.000237579968592049,0.000227113245760196,0.000237579968592049,0.000227113245760196
ID_OK3KGD,0.000160973626755987,0.000168165863610524,0.000160973626755987,0.000168165863610524,0.000160973626755987,0.000168165863610524
ID_K8D9L9,7.54172058628293e-05,5.83338999367852e-05,7.54172058628293e-05,5.83338999367852e-05,7.84973108534141e-05,7.60708495747278e-05
ID_G7Z1L3,0.250882950238727,0.184568927456205,0.290777657312825,0.290643084838008,0.414616495533072,0.463145290391734
ID_WD7CSJ,5.28428336416752e-05,4.21331961526277e-05,6.76607349384899e-05,5.70994000516924e-05,0.000111624281730903,0.000104082339975269
ID_LY0FR7,9.66004356064946e-05,8.42968781780015e-05,0.000143694083390481,0.000137528235813091,0.000143694083390481,0.000137528235813091
ID_6T87EC,4.38850482597457e-05,3.20321579162666e-05,0.000571794668343287,0.000596249484051022,0.000685112988563873,0.000711964679421591
ID_4WJ0SO,6.44531491537387e-05,5.48429332233921e-05,6.44531491537387e-05,5.48429332233921e-05,7.76722527102689e-05,7.5270265126177e-05
ID_7UYLNU,0.00166226061736045,0.00139957469106595,0.00221080924124792,0.00221351242767268,0.00221080924124792,0.00221351242767268
ID_MKWIN3,0.00459105576704503,0.00444464248450754,0.00459105576704503,0.00444464248450754,0.00459105576704503,0.00444464248450754
ID_FMI1VW,0.000283704148337854,0.000246828983260094,0.000491980983027265,0.000462799061430161,0.000491980983027265,0.000462799061430161
ID_3B3D83,2.90214471530395e-05,2.47136203986835e-05,2.90214471530395e-05,2.47136203986835e-05,3.21050027751231e-05,3.01194847150464e-05
ID_I2EHXW,0.000757084320033497,0.000693473022151341,0.000757084320033497,0.000693473022151341,0.000757084320033497,0.000693473022151341
ID_4ISUVM,0.000160762785869143,0.000159779651107382,0.000510888602566607,0.000475133088614237,0.000510888602566607,0.000475133088614237
ID_3KYFSE,0.274175809100514,0.265135926994685,0.274175809100514,0.265135926994685,0.276283984303506,0.307404183940448
ID_CWTE3D,0.450116157064578,0.446922647750365,0.450116157064578,0.446922647750365,0.450116157064578,0.446922647750365
ID_J6RJJ3,0.299128509256103,0.310545110782576,0.299128509256103,0.310545110782576,0.299128509256103,0.310545110782576
ID_QS0A8J,0.00671278877099111,0.00619282051647761,0.0228694647921199,0.0222773425665738,0.0228694647921199,0.0222773425665738
ID_42T9XM,3.29639953456174e-05,2.73227501237646e-05,4.51234394303684e-05,3.94912954042788e-05,7.15760957675638e-05,6.762926370912e-05
ID_XQD518,0.00289081154466971,0.00308446727526561,0.00289081154466971,0.00308446727526561,0.00359634488369387,0.0037463640238776
ID_QGJOBR,0.00357991568284889,0.00397497212189317,0.00357991568284889,0.00397497212189317,0.00367728832444538,0.00397497212189317
ID_9BMVWJ,9.1325285963523e-06,6.03628048622229e-06,0.000119974597509535,0.000105085241006319,0.000119974597509535,0.000105085241006319
ID_JXBY22,3.18253074183343e-05,2.43897088436393e-05,7.10968247938574e-05,6.07383153251902e-05,8.62536734842292e-05,8.06661910032974e-05
ID_2HISEV,1.25077058116331e-05,7.39473017116644e-06,2.89686427043501e-05,2.4012669959369e-05,3.32901114628655e-05,3.05824997808993e-05
ID_4B4BTZ,4.05076908918231e-05,3.09486767376244e-05,4.05076908918231e-05,3.09486767376244e-05,4.05076908918231e-05,3.10010427688371e-05
ID_AQG7O8,2.29525901306396e-05,1.63910364286379e-05,4.65373796270932e-05,3.85843790694485e-05,4.74705867568821e-05,4.49446751904924e-05
ID_WY9EAI,1.96103608726714e-05,1.72159092090967e-05,0.000153425721074927,0.000144371101769469,0.000161015949563792,0.00016006871643202
ID_8R80X6,3.84496600132549e-05,3.9208005851141e-05,3.84496600132549e-05,3.9208005851141e-05,3.84496600132549e-05,3.9208005851141e-05
ID_J78U93,2.38004292550467e-05,1.72838690221828e-05,5.80642416223272e-05,4.87287993455104e-05,5.85722677905684e-05,5.60280081811702e-05
ID_HSPNIW,0.000184513259903259,0.000163905860762152,0.000391001246192799,0.000355947278991252,0.000436219603340833,0.000439969088466499
ID_CAC8HA,9.82032914725538e-06,5.85413884213731e-06,4.53767046549958e-05,3.81222422243895e-05,4.53767046549958e-05,3.81222422243895e-05
ID_N90VSA,1.56708154558926e-05,9.29914700120915e-06,2.4439649593684e-05,1.98715490325009e-05,2.4439649593684e-05,2.23395008582438e-05
ID_8AQIX3,0.027790362865482,0.0218277334797899,0.027790362865482,0.0218277334797899,0.0483604971031692,0.0509077761483084
ID_YKQU0Q,7.26901900252379e-06,4.17726816993437e-06,1.86217324016191e-05,1.54279221874711e-05,2.13521223924141e-05,1.97447449568024e-05
ID_34Y9DR,0.000538855989574621,0.000448636311845174,0.000538855989574621,0.000448636311845174,0.000551127819630686,0.000587416229607374
ID_OYBZ3H,0.00796960359706762,0.00727367890093405,0.0100027541026256,0.0100895156662288,0.0100027541026256,0.0100895156662288
ID_A6815G,5.89840499304571e-05,4.15555285736593e-05,0.000542010621438862,0.000491890022854404,0.000542010621438862,0.000491890022854404
ID_V86OOM,0.000206924076858511,0.000204424363004572,0.000206924076858511,0.000204424363004572,0.000206924076858511,0.000204424363004572
ID_GG3PR8,0.000108205017494761,9.50391464840423e-05,0.000343742685892825,0.000321815621444584,0.000383836922610657,0.000403574822736362
ID_9L5QZW,2.85440643705218e-05,2.26749885916002e-05,0.000112801911940887,0.000102440385157124,0.000112801911940887,0.000102440385157124
ID_90ES1C,5.21866605907325e-05,4.66717173462541e-05,0.00015741674647786,0.000142972709737793,0.000168164277219017,0.000172345337301852
ID_688DSZ,8.32440559930681e-05,8.69844491595993e-05,8.32440559930681e-05,8.69844491595993e-05,8.32440559930681e-05,8.69844491595993e-05
ID_00FGHV,0.591501283166192,0.622284116620816,0.591501283166192,0.622284116620816,0.591501283166192,0.622284116620816
ID_JOWST8,3.97228640908395e-05,2.9290428314224e-05,0.000102420045263803,8.80360107068327e-05,0.000102420045263803,8.80360107068327e-05
ID_PV90XU,2.32626674627928e-05,1.75394921348243e-05,0.000128447627228923,0.000118596995781245,0.000298607454812955,0.000296096882558374
ID_U016SO,0.151962315922639,0.138993841881066,0.262958769667636,0.268522610862705,0.282088528610713,0.304707480086068
ID_04QBJK,0.000184081827863547,0.000189950178435338,0.000755566766340532,0.000793672886645667,0.000755566766340532,0.000793672886645667
ID_ZDCCE5,9.78795415771791e-05,0.000116097721101753,0.000148138815264882,0.000138801786469987,0.000148138815264882,0.000138801786469987
ID_VQGG2L,7.3935630741957e-05,5.12241037652465e-05,0.000639337015960973,0.000601329486830487,0.000639337015960973,0.000601329486830487
ID_BH79J9,3.19360685112434e-05,2.43597049097112e-05,0.000192926678633107,0.000176853732526177,0.000192926678633107,0.000176853732526177
ID_QWK1QC,0.0358012782315441,0.0424129416467724,0.0358012782315441,0.0424129416467724,0.0358012782315441,0.0424129416467724
ID_RJVPF3,3.918423426889e-05,3.07294083924448e-05,3.918423426889e-05,3.15728749577034e-05,4.41470312775517e-05,4.16260075607065e-05
ID_WGYIZG,4.03502899368955e-05,2.84906753079292e-05,0.000653899043434329,0.000688359999083848,0.00077881692242921,0.000818059513297323
ID_JAGL6N,2.45393730113541e-05,1.65912896386512e-05,5.34332601446432e-05,4.74213622561992e-05,8.56134064562809e-05,8.58163711399468e-05
ID_OE25L3,0.00796307978664853,0.00636876212681008,0.0147600300786347,0.0135028643692567,0.0147600300786347,0.0135028643692567
ID_IIPHYO,6.06098090252667e-05,5.28039133901714e-05,8.3768569635548e-05,7.64150665620131e-05,8.3768569635548e-05,7.64150665620131e-05
ID_W3FLE5,1.92231047270484e-05,1.62626760308745e-05,0.0001066706036893,9.62825283123831e-05,0.0001066706036893,9.62825283123831e-05
ID_GBNTZ0,3.37208598005005e-05,2.70130396773741e-05,7.34498260819628e-05,6.8199099251262e-05,7.34498260819628e-05,6.8199099251262e-05
ID_1DWT84,0.00165264805938312,0.00146872634040466,0.00192492521619003,0.00199467101988189,0.00192492521619003,0.00199467101988189
ID_BXIN9D,8.43717920420541e-05,8.74473354331792e-05,0.000216425660537501,0.000217071574825555,0.000216425660537501,0.000217071574825555
ID_4N5TQ6,4.54820137156847e-05,3.3474208760554e-05,0.000168766369357117,0.000149955470326608,0.000168766369357117,0.000165255675031171
ID_CAXC7H,0.000101737522013987,8.25770118042986e-05,0.000405772141439283,0.000397023434052315,0.000405772141439283,0.000397023434052315
ID_Q1L2TI,1.32252617058999e-05,9.41464584347144e-06,5.54246416655269e-05,4.81275367019661e-05,6.02152074008879e-05,5.72539688263634e-05
ID_X6MXTF,1.51524994966784e-05,1.05011558958576e-05,4.3194019417631e-05,3.5565307284819e-05,4.66018518483203e-05,4.39778525856361e-05
ID_P3DEYM,9.34784727151549e-05,9.4985583487346e-05,9.34784727151549e-05,9.4985583487346e-05,9.34784727151549e-05,9.4985583487346e-05
ID_5A16YM,2.5522842834255e-05,1.69803438517666e-05,0.000369231098268456,0.00031738057779356,0.000369231098268456,0.00031738057779356
ID_UTLIIA,2.74983579547199e-05,2.02322460142086e-05,0.000170150356120722,0.000170281522689975,0.000172495979495284,0.000178662795314774
ID_L3102W,3.60048370863857e-05,2.9022570655438e-05,7.16630152620202e-05,6.57230860938756e-05,7.16630152620202e-05,6.57230860938756e-05
ID_ODWSBV,0.000232655662570038,0.00022504785056733,0.000232655662570038,0.00022504785056733,0.000232655662570038,0.00022504785056733
ID_DHNB48,0.0009291635585254,0.000550537037915457,0.00334788650185431,0.00319988132265638,0.00380172131827961,0.00364498504597981
ID_ZNDJO0,1.07727691440887e-05,7.95836649720928e-06,2.33811352619541e-05,1.99361302788564e-05,3.99646527311783e-05,3.84256269573918e-05
ID_MQJX8F,0.000172387359065862,0.000170819470494435,0.000504304834238821,0.000509778682769141,0.000504304834238821,0.000509778682769141
ID_89CEYW,2.67093133133322e-05,1.87964541235885e-05,0.000317578059515104,0.000301652914997033,0.000317578059515104,0.000301652914997033
ID_ZDJ1XZ,7.32898462457543e-05,6.12123221088397e-05,7.32898462457543e-05,6.12123221088397e-05,7.84560133325079e-05,7.3276032852327e-05
ID_J2UQDN,3.32906445572723e-05,2.34925049530604e-05,6.81505219941826e-05,5.82591983131949e-05,6.81505219941826e-05,5.82591983131949e-05
ID_LLCJJG,3.34501402952459e-05,2.64663054090764e-05,5.16192082867643e-05,4.64702715279705e-05,5.16192082867643e-05,4.64702715279705e-05
ID_8XUQIK,0.00643723202571883,0.00652168340496299,0.00714600429140304,0.0070414797219673,0.00714600429140304,0.0070414797219673
ID_T24610,1.51096143128576e-05,1.07373709624235e-05,4.95647221047438e-05,4.15496019038996e-05,4.95647221047438e-05,4.66061980169954e-05
ID_Z8YTI6,0.0029615581314056,0.00349220129553625,0.0029615581314056,0.00349220129553625,0.0029615581314056,0.00349220129553625
ID_NN5TUZ,0.00517091423893893,0.00394561886432106,0.0124463332808913,0.0119632812426293,0.0206785061534979,0.0226993648515316
ID_42NPIG,0.0148311828279125,0.0142441961647594,0.0148311828279125,0.0142441961647594,0.0189001801017683,0.0221239612750189
ID_EZO6E7,0.000172564704818922,0.000202458528931831,0.000172564704818922,0.000202458528931831,0.000172564704818922,0.000202458528931831
ID_46V35V,0.0182641408511791,0.0218574455257127,0.0556759670079686,0.0586585087007065,0.0556759670079686,0.0586585087007065
ID_F5D4F1,9.51249371885691e-05,9.89234738229415e-05,9.51249371885691e-05,9.89234738229415e-05,9.51249371885691e-05,9.89234738229415e-05
ID_E1PRPX,0.00037950830430723,0.000427431594601401,0.00037950830430723,0.000427431594601401,0.000398694019279642,0.000427431594601401
ID_7YX6BJ,4.33722581864213e-05,4.15822924573546e-05,4.67864730385448e-05,4.15822924573546e-05,4.67864730385448e-05,4.15822924573546e-05
ID_WGZT3N,4.70508094875673e-05,3.6048221851301e-05,6.35311301213472e-05,5.30268902387835e-05,0.000104562633375228,9.68426881062702e-05
ID_FKHQWT,3.1768030803202e-05,2.58667311951058e-05,5.56380983588647e-05,4.93107336276146e-05,5.56380983588647e-05,4.93107336276146e-05
ID_UQ658O,0.0105643658958229,0.0101506556704034,0.0115101310238731,0.0120979551080138,0.0115101310238731,0.0120979551080138
ID_21QNKL,0.00600129408028982,0.00468068928692707,0.0115723219564901,0.0111633128269066,0.0296716754038908,0.0285258508426172
ID_XVD7XJ,0.000263049516458856,0.000219100803490426,0.000480046091532551,0.000479816661793259,0.000480046091532551,0.000479816661793259
ID_MFBDFI,2.71906849703313e-05,2.51907362022491e-05,7.75626287692738e-05,7.23546975369639e-05,0.000101400441747224,9.69093171328155e-05
ID_BTQVAR,4.09774033628168e-05,2.73087179994315e-05,0.000185819229753455,0.000165307845326914,0.000185819229753455,0.000165307845326914
ID_VKIX04,0.109080988741588,0.108776803853942,0.186185070175166,0.185230427827026,0.186185070175166,0.185230427827026
ID_PMTTW1,0.00218224366191049,0.00186111779196491,0.00533854880045477,0.00547894768934016,0.00668087820130133,0.00715425571206533
ID_AQEDUU,0.011954774135808,0.00820691551887181,0.0267229838877066,0.0249248877522969,0.0336680360079002,0.0363296064857609
ID_Y827KG,1.65111764281622e-05,1.24902196899115e-05,4.81733150877002e-05,4.03209869454426e-05,6.04562232013333e-05,5.71644486913393e-05
ID_KIS1RR,2.42845651072406e-05,1.58186801801422e-05,0.000441693137279361,0.000396083943375114,0.000441693137279361,0.000396083943375114
ID_QYPSZ8,0.000149900891904158,0.000175361786581842,0.000149900891904158,0.000175361786581842,0.000149900891904158,0.000175361786581842
ID_EE9QVY,3.99056046594565e-05,3.45279013794445e-05,0.000250033108417435,0.000264292010953246,0.000250033108417435,0.000264292010953246
ID_LVX4OV,0.0322464628010009,0.0295967620549261,0.0322464628010009,0.0295967620549261,0.0849878060678238,0.0937773454936561
ID_8AL0A1,2.63996090153294e-05,1.90462131385733e-05,6.46203131471693e-05,5.55392703054736e-05,7.29116757757898e-05,7.218597323816e-05
ID_MGX9C4,0.000244033843807896,0.000237578940609245,0.000244033843807896,0.000237578940609245,0.000244033843807896,0.000237578940609245
ID_DH682H,5.69941865377716e-05,4.89993824769544e-05,0.000349684859160264,0.00031340860611349,0.000349684859160264,0.00031340860611349
ID_TVDDBE,6.30968187321444e-05,6.4066924549835e-05,6.30968187321444e-05,6.4066924549835e-05,6.30968187321444e-05,6.4066924549835e-05
ID_W22JQT,2.45393730113541e-05,1.65912896386512e-05,5.34332601446432e-05,4.74213622561992e-05,8.56134064562809e-05,8.58163711399468e-05
ID_IP9G8X,0.000315066765845885,0.000250009306632454,0.000381494019407334,0.000346971311933734,0.000463263415945212,0.00044525085033017
ID_54AWCS,3.57380320548073e-05,2.40041672319217e-05,0.00014239798448265,0.000128812113476952,0.00014239798448265,0.000128812113476952
ID_WCKBMG,1.14437709672234e-05,7.37187758258805e-06,6.81840781193678e-05,6.05485098973712e-05,6.81840781193678e-05,6.05485098973712e-05
ID_7P1FDA,1.85140737976019e-05,1.19502424274704e-05,0.000182524390000355,0.000184766168553167,0.000182524390000355,0.000184766168553167
ID_LRLRQB,0.131960164368347,0.152643547879915,0.131960164368347,0.152643547879915,0.192494357967012,0.214580958432388
ID_6TKU5R,2.7978973490536e-05,1.96925751413518e-05,0.000350406977038804,0.00030704353058912,0.000350406977038804,0.00030704353058912
ID_WNL2AW,3.41221764449883e-05,2.51629637124853e-05,3.41221764449883e-05,2.51629637124853e-05,3.41221764449883e-05,2.91240767810433e-05
ID_WGVQO0,0.000298218491848248,0.000263685937261939,0.000483102157973173,0.000465980799296303,0.000483102157973173,0.000465980799296303
ID_MTGYGV,4.43596907421725e-05,3.14514811428152e-05,0.000224094323380761,0.000205734597818141,0.000224094323380761,0.000205734597818141
ID_S09JZ1,3.33787285460428e-05,2.70551281070056e-05,4.38088551841079e-05,3.82131883732029e-05,4.38088551841079e-05,3.82131883732029e-05
ID_0WNG6D,0.000204830901791923,0.000186254154487697,0.0130428559941046,0.0128580005149048,0.0165306606985682,0.0165537211316785
ID_W39B3I,7.28723794268447e-05,7.0680573137842e-05,0.000215302258546382,0.000219438761702748,0.000215302258546382,0.000219438761702748
ID_Z5HPTI,6.20050154599292e-05,6.35247442487472e-05,6.20050154599292e-05,6.35247442487472e-05,6.20050154599292e-05,6.35247442487472e-05
ID_NE2WWT,1.2281040450368e-05,8.34923938035562e-06,0.000315584262428392,0.000299654099854181,0.000315584262428392,0.000299654099854181
ID_KE6EOH,0.00303028547421527,0.0032921488507591,0.00303028547421527,0.0032921488507591,0.00303028547421527,0.0032921488507591
ID_RV5C5N,0.000722035131175443,0.000613976054415063,0.000722035131175443,0.000613976054415063,0.000722035131175443,0.000613976054415063
ID_97JMW3,3.97253197841224e-05,2.99226450817302e-05,9.00378823846633e-05,8.1163484017016e-05,9.00378823846633e-05,8.1163484017016e-05
ID_WR3P0Q,4.35121406072248e-05,3.17601529965856e-05,6.05472770440755e-05,5.26079718170809e-05,7.26428505045302e-05,6.67741969887693e-05
ID_CC0VYL,0.000261501341041632,0.000175151939093293,0.003121288600468,0.00295967415158323,0.003121288600468,0.00347752867574739
ID_EWS3VY,1.79777309321538e-05,1.33736044973916e-05,4.51160259714963e-05,3.87395111579851e-05,5.11935144332631e-05,4.82151204318954e-05
ID_KJVX1G,3.13154453103895e-05,2.3655729035258e-05,4.28616919008616e-05,3.66527466055207e-05,5.00624304964779e-05,4.64673119681343e-05
ID_T3J7SY,1.35256759094291e-05,8.54875232748363e-06,7.22371566852144e-05,6.23150879588871e-05,7.22371566852144e-05,6.23150879588871e-05
ID_KB433X,0.000201860052326558,0.000161727521246045,0.000323581215544899,0.000325119355118467,0.000323581215544899,0.000325119355118467
ID_O7C7KQ,1.593909383055e-05,1.09464125503731e-05,5.01766440136399e-05,4.16048789778244e-05,5.01766440136399e-05,4.69071761858125e-05
ID_SUN5EY,3.26169051133589e-05,2.41333037092823e-05,5.49334886322017e-05,4.7525757975437e-05,5.79722294809872e-05,5.4401857752634e-05
ID_EELQZS,3.72211123200132e-05,2.51116699461541e-05,0.000472522992153056,0.000408372604839016,0.000472522992153056,0.000408372604839016
ID_RPQFKB,6.47890332163377e-05,5.85416692276166e-05,0.00032112070722272,0.000289029826307201,0.00032112070722272,0.000289029826307201
ID_OENI65,4.3512718674169e-05,3.29264517301106e-05,9.1480838399273e-05,8.22942581675824e-05,9.1480838399273e-05,8.22942581675824e-05
ID_I7DW67,0.305637879059267,0.330582033624496,0.404681922410938,0.404674710000271,0.445613575431012,0.486699328632462
ID_75LBON,5.31112640629236e-05,4.75809220544945e-05,7.81817187274037e-05,7.18353074532486e-05,7.81817187274037e-05,7.18353074532486e-05
ID_B1092H,0.000439221487413896,0.000436629734891177,0.000595182591761668,0.000595934184988102,0.00123554033414601,0.00126211922542332
ID_T6DWM5,3.34463450408891e-05,2.39663148153025e-05,0.000143974805987941,0.000128261343622039,0.000143974805987941,0.000128261343622039
ID_NAS5OH,9.0167921637975e-05,0.000104222847623303,0.000166043536354914,0.000154524263701449,0.000166043536354914,0.000154524263701449
ID_DL8DPL,9.20547542522258e-06,6.57812468154031e-06,9.20547542522258e-06,6.90516281593368e-06,1.35051754202692e-05,1.24551883572947e-05
ID_LZH474,0.000223359008077763,0.000217670394231895,0.00164978751403421,0.00168848441474142,0.00164978751403421,0.00168848441474142
ID_5H2YDZ,2.9278043672308e-05,2.38428885958403e-05,2.9278043672308e-05,2.38428885958403e-05,3.19372935513275e-05,2.98340344007522e-05
ID_X2SPAZ,2.37135449999236e-05,1.85160821024836e-05,0.000196626423314193,0.000186355444905395,0.000196626423314193,0.000186355444905395
ID_VMQVWY,4.55110835884185e-05,3.56532660873122e-05,0.000229747551871777,0.000235090178859216,0.000229747551871777,0.000235090178859216
ID_KC1ZNC,6.83162093443258e-05,6.48296637269115e-05,8.91892545704368e-05,7.71698114704367e-05,0.000111584084695482,0.000107226447128697
ID_TQKOQ0,2.62519940490911e-05,1.88281414738584e-05,4.75630251237752e-05,4.12939882358385e-05,4.75630251237752e-05,4.12939882358385e-05
ID_XMDQ0Y,0.000181430645979336,0.00019036607705321,0.000181430645979336,0.00019036607705321,0.000181430645979336,0.00019036607705321
ID_ZCSVH8,4.31878971856567e-05,3.32702279534595e-05,9.41979661390021e-05,8.09247706821705e-05,9.41979661390021e-05,8.09247706821705e-05
ID_VGEYOE,2.40281420826879e-05,2.23832561704349e-05,4.15347248551225e-05,3.71916899057865e-05,4.15347248551225e-05,3.76227659087593e-05
ID_P1L1VI,4.80457876227244e-05,3.81886139579985e-05,9.73147507389713e-05,8.47336707429829e-05,9.73147507389713e-05,8.47336707429829e-05
ID_6IE66T,0.00494510827598808,0.00545774272960755,0.00494510827598808,0.00545774272960755,0.00494510827598808,0.00545774272960755
ID_P5FGPW,2.95271343951147e-05,1.97119715780302e-05,0.000416057814101064,0.000357336649969999,0.000416057814101064,0.000357336649969999
ID_C2LJ70,0.0007936570041327,0.00063208943882467,0.0007936570041327,0.00063208943882467,0.0007936570041327,0.000633945279904931
ID_C1Z14J,9.17449569619934e-05,9.16976117534158e-05,0.000121747536667928,0.000117974520313962,0.000138810669215894,0.000139570076352778
ID_25E701,1.87422400723327e-05,1.55835209617568e-05,3.76716399801221e-05,3.50701797383052e-05,4.50435752059734e-05,4.23011023364242e-05
ID_GL5NBY,6.54077749678276e-05,6.64382919832989e-05,7.92575312785915e-05,7.18838117995427e-05,7.92575312785915e-05,7.18838117995427e-05
ID_ZQJL1B,2.82362710056532e-05,2.13855804756057e-05,6.41623650047737e-05,5.49966314245272e-05,7.5427313197352e-05,7.50308115396886e-05
ID_OAMCTD,1.15044200286644e-05,7.03552840511888e-06,7.04905785002304e-05,6.0127643166582e-05,0.000100142891818397,9.6387062480159e-05
ID_QVEUCL,0.00434257961106672,0.00398017619255204,0.00434257961106672,0.00398017619255204,0.00434257961106672,0.00435177734375923
ID_GB0OWZ,9.63409915582907e-05,0.000102576193949562,9.63409915582907e-05,0.000102576193949562,9.63409915582907e-05,0.000102576193949562
ID_JI8Q5T,2.3106498988486e-05,1.84890397864589e-05,4.27850578256255e-05,3.66747901339782e-05,4.92226910860756e-05,4.68111140704041e-05
ID_VCCV99,2.74674373781578e-05,2.05880247302583e-05,6.80861150532535e-05,6.29822641300895e-05,0.000115545208851279,0.000115207326894498
ID_XR61KW,0.0444621530227379,0.0369357972217457,0.0639710724857967,0.0664069711767153,0.0639710724857967,0.0664069711767153
ID_XBCJ33,1.6919441326025e-05,1.02213123083303e-05,6.27001715912365e-05,5.44013826753718e-05,0.000138815850939098,0.000145391517392052
ID_CZS6OU,2.15539974401687e-05,1.69709545961605e-05,5.46139497631704e-05,4.60013559054224e-05,7.6492274994871e-05,7.40398198103657e-05
ID_R92G3Q,5.02111311169807e-05,3.9725659863832e-05,5.02111311169807e-05,3.9725659863832e-05,5.02111311169807e-05,4.37741728941922e-05
ID_J8YA05,1.37198812647119e-05,9.59332488681502e-06,5.90143132143107e-05,5.35943303722947e-05,5.90143132143107e-05,5.35943303722947e-05
ID_6ZT49S,0.000578281331335754,0.000699962080394301,0.000578281331335754,0.000699962080394301,0.000578281331335754,0.000699962080394301
ID_4NDO8O,3.9645619416306e-05,3.19014781996619e-05,7.73814717081016e-05,6.99666684386738e-05,7.73814717081016e-05,6.99666684386738e-05
ID_IW1QYO,9.99264259665777e-05,8.44095673825099e-05,0.000846851822620559,0.000757324578725639,0.000846851822620559,0.000757324578725639
ID_DSYW1S,0.00389908384368396,0.00307024850796361,0.00389908384368396,0.00307024850796361,0.00389908384368396,0.00369846298602397
ID_7BRQK3,6.38881281965614e-06,4.20034597161693e-06,2.54148145909765e-05,2.19693585234344e-05,2.62701924254653e-05,2.51870342886911e-05
ID_PFF9X5,1.35691623218424e-05,9.53895196447932e-06,9.20247364515237e-05,8.19525024395034e-05,9.20247364515237e-05,8.19525024395034e-05
ID_HY4MBL,3.16241776920202e-05,2.67906189340702e-05,3.16241776920202e-05,2.67906189340702e-05,3.96262149015699e-05,3.74587547789625e-05
ID_X7RL40,5.0638884696341e-05,3.5127669778414e-05,0.000303809075084959,0.000284473701678399,0.000394288317353586,0.000388924413749909
ID_735U96,0.000173486468706449,0.000188037745925383,0.000273568563596409,0.000257437537886126,0.000273568563596409,0.000257437537886126
ID_DHARBL,0.000144228281453232,0.000150918779619216,0.000144228281453232,0.000150918779619216,0.000144228281453232,0.000150918779619216
ID_JEKWX9,1.51431866044425e-05,1.10793912244076e-05,2.80851338641685e-05,2.37239102573991e-05,2.95044443901344e-05,2.75998826866444e-05
ID_GFGI4F,3.98776112618524e-05,3.55644391394054e-05,6.57636406479055e-05,5.87188092652e-05,8.37219628623074e-05,8.17082306990175e-05
ID_75SAQ1,0.000838575534090697,0.000907593434445027,0.000838575534090697,0.000907593434445027,0.000838575534090697,0.000907593434445027
ID_Z173PH,7.91471216153032e-05,7.57698560864334e-05,0.00013250549266689,0.000129301539647049,0.00013250549266689,0.000129301539647049
ID_4O9FZR,8.04071176449416e-05,7.43066083477561e-05,0.000154882097383379,0.000150710271824571,0.000154882097383379,0.000150710271824571
ID_NA6WHB,7.54884016684594e-05,7.03655326764624e-05,0.00010185759543127,9.47033334189079e-05,0.00010185759543127,9.47033334189079e-05
ID_P6QK23,0.000248889179216657,0.000236034351698451,0.000248889179216657,0.000236034351698451,0.000248889179216657,0.000236034351698451
ID_VHEXDH,1.80920962103628e-05,1.13701345744673e-05,0.000148661656059662,0.000129956668545661,0.000148661656059662,0.000129956668545661
ID_WM0LSK,0.000264521433869756,0.000259632096737819,0.00349024578197153,0.00409526933405302,0.00349024578197153,0.00409526933405302
ID_T0YIRE,9.60618489826212e-05,9.85826701336049e-05,0.000184497210396082,0.0001806876086498,0.000184497210396082,0.0001806876086498
ID_WKIX11,0.00451653304384297,0.0036672521896644,0.00451653304384297,0.0036672521896644,0.00451653304384297,0.0036672521896644
ID_2JV0A5,0.340430646756079,0.352061352751273,0.340430646756079,0.352061352751273,0.340430646756079,0.352061352751273
ID_FW0L11,3.83078819827075e-05,2.83611913604999e-05,0.000548790688620854,0.000538867659776827,0.000548790688620854,0.000538867659776827
ID_C8C5DP,3.46601513523013e-05,2.64943832098547e-05,0.000237780739162621,0.0002273087240848,0.000237780739162621,0.0002273087240848
ID_RS03YH,1.83772600004237e-05,1.35022578242482e-05,2.7729829811408e-05,2.45364088314631e-05,2.96349955842277e-05,2.81961600501596e-05
ID_2R52MU,0.0105643658958229,0.0101506556704034,0.0115101310238731,0.0120979551080138,0.0115101310238731,0.0120979551080138
ID_5JVBFT,3.68089864839511e-05,2.91149841405867e-05,0.000129913841558217,0.000118732375555295,0.000139367886362193,0.000134078980182611
ID_2X1SZI,1.7135360419919e-05,1.04856338831801e-05,0.000274339193727804,0.00023782171607618,0.000274339193727804,0.00023782171607618
ID_1CHR0U,0.000124247206032945,0.000112043459300139,0.000312773905122885,0.000293751408214986,0.000312773905122885,0.000293751408214986
ID_JUTR7C,1.7135360419919e-05,1.04856338831801e-05,0.000274339193727804,0.00023782171607618,0.000274339193727804,0.00023782171607618
ID_HGV8W6,0.000401194878026279,0.000418010677137198,0.000401194878026279,0.000418010677137198,0.000410299757731797,0.000436540654559838
ID_JWE28K,9.97500999696387e-06,6.47486170824469e-06,0.000223168453453497,0.000206507809596246,0.000223168453453497,0.000206507809596246
ID_JF3WUN,0.00150699517628704,0.00116385532633787,0.00302891635547962,0.00274297456677416,0.00654060344901488,0.00675842262501779
ID_KACN6Q,8.89118796105723e-05,9.43218284246841e-05,0.000175676252106687,0.000172416259871524,0.000175676252106687,0.000172416259871524
ID_0T2A2U,0.000138166267428643,0.000131337753141751,0.00261316928651284,0.00273895079521953,0.00261316928651284,0.00273895079521953
ID_I7R7TF,0.000144557861824406,0.000134314209490517,0.000147987069475226,0.000141218373325756,0.000147987069475226,0.000141218373325756
ID_ZTWXQZ,0.00363983402837749,0.00362143606950486,0.00363983402837749,0.00362143606950486,0.00363983402837749,0.00362143606950486
ID_7E6BAM,2.77661160617016e-05,2.35782817054536e-05,4.87497242656356e-05,4.14175284880687e-05,4.87497242656356e-05,4.14175284880687e-05
ID_XOOML1,0.00674579660104191,0.00707560227741294,0.00674579660104191,0.00707560227741294,0.00747156946344301,0.00779976813885672
ID_QJV4SK,0.0009291635585254,0.000550537037915457,0.00334788650185431,0.00319988132265638,0.00380172131827961,0.00364498504597981
ID_G0I7ZK,0.000710086832460472,0.000624151265690029,0.000710086832460472,0.000624151265690029,0.000710086832460472,0.000624151265690029
ID_K05FSC,5.18396950704523e-05,4.21804748525487e-05,0.000222156341229552,0.000195135813735952,0.000222156341229552,0.000195135813735952
ID_2P5Y4J,1.8133115965528e-05,1.28884572072306e-05,5.43184581106504e-05,5.0036541545505e-05,6.50394271553284e-05,6.20456945651625e-05
ID_EV4Z1I,6.47890332163377e-05,5.85416692276166e-05,0.00032112070722272,0.000289029826307201,0.00032112070722272,0.000289029826307201
ID_C09NJ3,6.07883630503631e-05,5.13662843598197e-05,0.000213273381790921,0.000194985140543289,0.000213273381790921,0.000194985140543289
ID_GP1DHX,8.40839481143616e-05,6.31597442987774e-05,8.40839481143616e-05,6.31597442987774e-05,8.40839481143616e-05,7.81855978926263e-05
ID_0JC80K,0.000161173861046934,0.000161961386611053,0.000324493352414956,0.000336056252063807,0.000337168412065427,0.000364119209765501
ID_NSH0DU,5.30630421774798e-05,4.75525146645485e-05,7.81817187274037e-05,7.18353074532486e-05,7.81817187274037e-05,7.18353074532486e-05
ID_QIOC3U,7.68372956296393e-05,5.77382648395225e-05,0.000160149589325841,0.000134963959601349,0.000160149589325841,0.000134963959601349
ID_SNIBU6,0.000185418982425849,0.000195083637856775,0.00056423076291659,0.000556365831140945,0.00056423076291659,0.000556365831140945
ID_B4CFP4,0.00388129939167852,0.00513184821915111,0.00922770350513423,0.0103772235718825,0.00922770350513423,0.0103772235718825
ID_T4U0PU,1.11528004086514e-05,6.46760052134697e-06,5.05481682980731e-05,4.20762133553467e-05,5.05481682980731e-05,4.44761483281202e-05
ID_G76EJJ,5.09787012117754e-05,3.53230327825719e-05,6.07856478256045e-05,5.21761600537555e-05,6.29523919899946e-05,5.85604453851635e-05
ID_HNXAGO,1.95849534497614e-05,1.21796334776839e-05,5.56220800552979e-05,4.82628209765447e-05,0.000109396517121595,0.000112589385667895
ID_CAWMEQ,6.20842346733321e-05,5.13985979481164e-05,0.000426695612490036,0.000428188769747408,0.000820243634068959,0.000845003938169232
ID_3ERPGD,0.000247077107294687,0.000256315072287436,0.000247077107294687,0.000256315072287436,0.000434674312534922,0.000480996962330881
ID_HMY17R,0.000141260320456137,0.000133971171205061,0.00265417004775292,0.00276997035979059,0.00265417004775292,0.00276997035979059
ID_E4DAHN,0.00102927135372757,0.000838856216890702,0.00129280469627323,0.00112490723487969,0.00131411573823396,0.00125965672170904
ID_4W9NRO,8.8124402249117e-06,6.05404677633848e-06,3.14998281401999e-05,2.69946618859103e-05,5.20310158059708e-05,4.85160344746763e-05
ID_MZIUA6,4.9515642974186e-05,4.08975814316581e-05,0.000268720569358064,0.000259746860228681,0.000268720569358064,0.000259746860228681
ID_8JEWLP,0.000232540274730614,0.000277158827368871,0.000232540274730614,0.000277158827368871,0.000232540274730614,0.000277158827368871
ID_134UJF,0.000560392306080268,0.000498267357182784,0.00099599771546377,0.000995602179441161,0.00099599771546377,0.000995602179441161
ID_LOIBL7,3.15790323041874e-05,2.5209492364834e-05,5.26049113127415e-05,4.74011002974649e-05,5.26049113127415e-05,4.74011002974649e-05
ID_EDY9VV,0.000111214446819267,0.000108834259683627,0.000111214446819267,0.000108834259683627,0.000111214446819267,0.000108834259683627
ID_LRK0VM,0.000547701221139839,0.000585725373100171,0.000547701221139839,0.000585725373100171,0.000547701221139839,0.000585725373100171
ID_3VOPJI,0.000137992910085996,0.000107817954004529,0.000589482257446228,0.000512959080277593,0.000589482257446228,0.000512959080277593
ID_VV6B0Z,0.00639488283542039,0.00680631816887132,0.108941698476352,0.125280439540266,0.18614935239033,0.223389479989964
ID_LYPHKJ,6.23294072905298e-06,3.76386335040949e-06,3.08161419415937e-05,2.58442972118518e-05,3.08161419415937e-05,2.58442972118518e-05
ID_9Y7QYI,0.00459105576704503,0.00444464248450754,0.00459105576704503,0.00444464248450754,0.00459105576704503,0.00444464248450754
ID_8CHBZO,9.38585802698387e-06,6.00450572016012e-06,9.49661175363673e-05,8.29140405338384e-05,0.000168875074051974,0.000170492550340225
ID_JDKEGM,8.61305091357992e-06,5.77249161932899e-06,4.06804779632685e-05,3.58064028190952e-05,4.06804779632685e-05,3.83514809109737e-05
ID_74LR12,0.00081094382107665,0.000795901890927106,0.00208299048819377,0.00211086087022249,0.00208299048819377,0.00211086087022249
ID_52FYY9,0.00030506378580651,0.000345314344069908,0.000462756796884443,0.00047186406582245,0.000462756796884443,0.00047186406582245
ID_XEC1UB,2.69554091672656e-05,2.00069627908166e-05,0.000105084996746114,9.87216295527629e-05,0.000105084996746114,9.90819712781612e-05
ID_VZ2BA0,9.03054258168044e-06,5.62947753398525e-06,6.37972696800569e-05,5.52502892166437e-05,9.56201575917564e-05,9.31923696441901e-05
ID_IBYOA8,4.58606796853946e-05,3.55766941624135e-05,9.7756710359472e-05,9.12355485140501e-05,9.7756710359472e-05,9.12355485140501e-05
ID_ZBG39I,2.17668912099951e-05,1.43255502860349e-05,9.26174432563177e-05,8.0615545468481e-05,9.26174432563177e-05,8.0615545468481e-05
ID_2IT3ZQ,0.233120872406426,0.216732910324452,0.233120872406426,0.216732910324452,0.385760012866012,0.435758660330149
ID_A1BP0L,0.000106449820585153,6.86933762518446e-05,0.000106449820585153,8.37150079830157e-05,0.000106449820585153,8.37150079830157e-05
ID_H6PN64,8.95865224206971e-05,9.83515702419539e-05,8.95865224206971e-05,9.83515702419539e-05,8.95865224206971e-05,9.83515702419539e-05
ID_J5P69A,1.01473365166552e-05,6.18843888713657e-06,6.60078934557038e-05,5.50109111439288e-05,9.23050786678189e-05,8.4753645383546e-05
ID_414HOK,5.42337271335318e-05,5.41161779224507e-05,6.96675974347518e-05,6.17202881322423e-05,0.000106557220842192,0.000104744999099544
ID_06I476,5.56398374660223e-05,4.89424728100437e-05,5.56398374660223e-05,4.89424728100437e-05,5.56398374660223e-05,4.89424728100437e-05
ID_L9N1KK,0.000536939308908668,0.00056549510828526,0.000536939308908668,0.00056549510828526,0.000536939308908668,0.00056549510828526
ID_FHNDKH,0.00120845444900767,0.00105891491678542,0.00288465859447168,0.00275843134511916,0.00288465859447168,0.00275843134511916
ID_T5EPM7,0.0027281941797821,0.00238531966879049,0.00622510604099659,0.00606981343456719,0.00622510604099659,0.00606981343456719
ID_H5F13S,0.112134261399931,0.125492536583859,0.112134261399931,0.125492536583859,0.112134261399931,0.125492536583859
ID_C368SW,9.38585802698387e-06,6.00450572016012e-06,9.49661175363673e-05,8.29140405338384e-05,0.000168875074051974,0.000170492550340225
ID_URURAN,9.97603105240516e-05,9.78021472272722e-05,0.000177410237475363,0.000184573824200193,0.000286025980839623,0.000321090308117637
ID_VC3C3E,0.00385219624957993,0.00362346692614725,0.00385219624957993,0.0039106314215533,0.00385219624957993,0.0039106314215533
ID_C1JCO4,3.72211123200132e-05,2.51116699461541e-05,0.000472522992153056,0.000408372604839016,0.000472522992153056,0.000408372604839016
ID_ESOM9C,0.000146365630154683,0.000147472761597937,0.000251403808354814,0.00024599697807157,0.000251403808354814,0.00024599697807157
ID_PX3V1E,3.77688482918265e-05,3.70602776472946e-05,4.13107283013035e-05,3.70602776472946e-05,6.48038221064001e-05,6.29928029765949e-05
ID_7ZEBRI,4.89269231835591e-05,4.26288732463614e-05,9.40376792974413e-05,8.36808627316458e-05,9.40376792974413e-05,8.36808627316458e-05
ID_ACIYGQ,0.00314603343292518,0.00280485756032593,0.0071458907785443,0.00750035656892734,0.0071458907785443,0.00750035656892734
ID_HN3Q2B,2.83413529969904e-05,2.01965825632334e-05,0.000353867135744674,0.000351877092801977,0.00172787226832235,0.00183502214364744
ID_4GRPQ9,0.000899863748694606,0.000808258078484787,0.00345467977758913,0.00368635734967135,0.0045855463793437,0.00501546341170967
ID_SDLCZW,0.0320893836195694,0.0286305670617774,0.0320893836195694,0.0286305670617774,0.057339772491105,0.0621712285191911
ID_4IBH3D,3.09182907567548e-05,2.34230395615572e-05,7.63049707716753e-05,6.97942457525545e-05,7.63049707716753e-05,6.97942457525545e-05
ID_W7HMMW,0.000947599107376021,0.00110329506111757,0.000947599107376021,0.00110329506111757,0.000947599107376021,0.00110329506111757
ID_SC5634,3.34395899409758e-05,2.56211239019507e-05,7.4434436929037e-05,6.63415561712858e-05,7.4434436929037e-05,6.63415561712858e-05
ID_ZC1AQA,2.69748521311683e-05,2.24583281135755e-05,5.88434377736129e-05,5.12710401628835e-05,6.4776939487547e-05,6.14559445258114e-05
ID_AQEEKF,1.19729747488955e-05,8.36071394749874e-06,3.30047651471231e-05,2.83703491405971e-05,5.3326662036085e-05,4.9524907091603e-05
ID_WBH8B3,3.66916348111437e-05,2.52910300402421e-05,0.000174025735222116,0.000158715693653851,0.000174025735222116,0.000158715693653851
ID_R9168S,3.60048370863857e-05,2.9022570655438e-05,7.16630152620202e-05,6.57230860938756e-05,7.16630152620202e-05,6.57230860938756e-05
ID_ISJZ5E,3.4158499515938e-05,2.27806253485214e-05,0.000427287795180524,0.000407246022457244,0.00049527231918252,0.000489567204890551
ID_XWLG1U,4.0751637286511e-05,3.28461120261907e-05,8.09443311101978e-05,7.51971758505746e-05,8.09443311101978e-05,7.51971758505746e-05
ID_BIPA8U,4.83162391143381e-05,4.62029682109596e-05,4.83162391143381e-05,4.62029682109596e-05,4.83162391143381e-05,4.62029682109596e-05
ID_KKWKS6,6.06670064235214e-05,5.33248629375301e-05,6.06670064235214e-05,5.33248629375301e-05,6.06670064235214e-05,5.33248629375301e-05
ID_UYJIY1,0.00132043639888211,0.00114821921001324,0.00585775540266254,0.00584589783674645,0.00585775540266254,0.00584589783674645
ID_8412IY,2.11006658729672e-05,1.56297506768173e-05,7.44952377460907e-05,6.4694216883666e-05,0.000116955955048109,0.000113373268544649
ID_MSKW1O,3.95406278785657e-05,2.59368883613451e-05,0.000333291855283608,0.000284451371572498,0.000353326268921486,0.000359951304881434
ID_2XFJZU,0.000127208121220461,0.000128736841573583,0.000182823728939211,0.000177124567733042,0.000182823728939211,0.000177124567733042
ID_T37IC9,1.62868650403139e-05,1.21544537546852e-05,6.35400064029897e-05,5.41886475996466e-05,6.35400064029897e-05,5.41886475996466e-05
ID_XCQ47J,2.9315168452142e-05,2.46605031161946e-05,7.30995655515927e-05,6.61596204620279e-05,0.000100729390100667,9.58174945480302e-05
ID_W3KIQI,8.89118796105723e-05,9.43218284246841e-05,0.000175676252106687,0.000172416259871524,0.000175676252106687,0.000172416259871524
ID_J3426Q,1.73981988862883e-05,1.14945655874998e-05,0.000150315054141881,0.000126940140258955,0.000215515997126124,0.00021070405689693
ID_UT4QJ0,1.98298530137214e-05,1.23595101131192e-05,7.13090101774281e-05,6.20293801093142e-05,8.60975300291108e-05,8.5142648354339e-05
ID_AUK2TM,0.0139147097527044,0.0143753979334909,0.0139147097527044,0.0143753979334909,0.0139147097527044,0.0143753979334909
ID_XCTTUN,1.94849902365797e-05,1.16449264945823e-05,0.000299902927189421,0.000259200363927809,0.000299902927189421,0.000259200363927809
ID_C823SH,0.000646073926755786,0.000811904110884015,0.000646073926755786,0.000811904110884015,0.000646073926755786,0.000811904110884015
ID_U9XJOX,9.6335315912674e-06,5.80063397577468e-06,5.88804084808274e-05,4.91560437132575e-05,8.28896068556755e-05,7.61126316256167e-05
ID_PX9PLQ,0.0140039105070497,0.013695721309477,0.0140039105070497,0.013695721309477,0.0168086630517857,0.0169246902976692
ID_N744FI,4.76919336193871e-05,3.70717687170297e-05,0.000148144963333673,0.000130305813052975,0.000203217801207151,0.000191475478302433
ID_PUWLBC,0.000375167438390079,0.000412900951413088,0.000681497835777874,0.00071807728934818,0.000681497835777874,0.00071807728934818
ID_QTFJH6,6.53565197402614e-05,4.7913550315783e-05,0.000192637432863363,0.000166074041778288,0.000192637432863363,0.000166074041778288
ID_ASOI1C,0.000439540860475778,0.000553527330561186,0.000439540860475778,0.000553527330561186,0.000439540860475778,0.000553527330561186
ID_B6QT72,0.000183495846000857,0.000186093328144691,0.000206127682183172,0.000203614316555337,0.00027962873870602,0.000290246176787519
ID_3ONHGA,0.0029615581314056,0.00349220129553625,0.0029615581314056,0.00349220129553625,0.0029615581314056,0.00349220129553625
ID_YAUV4R,0.000311022246799476,0.000366207411739109,0.000311022246799476,0.000366207411739109,0.000311022246799476,0.000366207411739109
ID_MRS220,0.00320631535264551,0.00346877364582259,0.00320631535264551,0.00346877364582259,0.00374698478770202,0.00388269255388995
ID_ED3ISP,0.000225143175458794,0.000230215649381788,0.000410180619798759,0.00041167120644632,0.000410180619798759,0.00041167120644632
ID_YQU1KF,5.30140943842676e-06,3.33621805806716e-06,2.64506341857414e-05,2.27343892955238e-05,2.64506341857414e-05,2.38398310618304e-05
ID_96NLJM,3.78604327634597e-05,3.23275854764059e-05,3.78604327634597e-05,3.29122872472582e-05,3.78604327634597e-05,3.51553712860729e-05
ID_1HXO1D,1.51736240144804e-05,8.90182104410162e-06,0.000311421704996823,0.000267786170523999,0.000311421704996823,0.000267786170523999
ID_MYCWCX,4.37840346353508e-05,3.35615481639215e-05,8.62261092930353e-05,7.8402626386454e-05,8.62261092930353e-05,7.8402626386454e-05
ID_P3URU3,8.53082892086186e-05,8.18885342761332e-05,0.000288870603836805,0.000257488912592814,0.000288870603836805,0.000257488912592814
ID_QJ4EVF,0.00922102325963427,0.00935500377597968,0.00922102325963427,0.00935500377597968,0.00922102325963427,0.00935500377597968
ID_6TP6C8,0.00012819016881598,0.000103474851257155,0.00012819016881598,0.000103474851257155,0.000131100171098224,0.000128991120785951
ID_YKDMVB,0.0860060157987074,0.0931106173033561,0.125020806067371,0.116324099013606,0.125020806067371,0.116324099013606
ID_F96FDB,4.42155895435257e-05,3.62999738601467e-05,8.48641051973489e-05,7.58365283873836e-05,8.48641051973489e-05,7.58365283873836e-05
ID_VZO2C8,3.96980306049958e-05,3.02414388137943e-05,9.93997080204445e-05,8.97683814376245e-05,9.93997080204445e-05,8.97683814376245e-05
ID_1UIH4F,0.0108634584533121,0.011336564135858,0.0128962293618739,0.0143469796860389,0.0128962293618739,0.0143469796860389
ID_61GEC6,0.000531306716593028,0.000500706250567755,0.000531306716593028,0.000500706250567755,0.000576214216964093,0.000622049791673663
ID_O2QYK1,6.68806607556338e-05,5.97062973556868e-05,0.000186055455393139,0.000170220290274185,0.000186055455393139,0.000170220290274185
ID_HKYOVX,3.79410623905276e-05,2.99436824781946e-05,3.92404668275123e-05,3.35025545305792e-05,4.79005356946962e-05,4.44700790334505e-05
ID_5FIQN2,3.50337888927467e-05,2.71430325730658e-05,8.17301109222657e-05,7.63121079900762e-05,8.17301109222657e-05,7.63121079900762e-05
ID_LB1ZVJ,8.28524831728529e-06,5.1847632919826e-06,0.000193490721453073,0.000174203456968079,0.000274950765797697,0.000271491670914224
ID_SJE34O,4.01102357642313e-05,3.54155477025469e-05,4.01102357642313e-05,3.54155477025469e-05,4.01102357642313e-05,3.54155477025469e-05
ID_HPOX0U,3.60048370863857e-05,2.9022570655438e-05,7.15539145963485e-05,6.56334727735899e-05,7.15539145963485e-05,6.56334727735899e-05
ID_EVIF8F,3.99547329544915e-05,2.77035416525794e-05,0.000390781500565457,0.000337150451581896,0.000390781500565457,0.000339309003635258
ID_TXR3M8,7.00837817342376e-05,4.23986171646028e-05,0.00018659860381918,0.000153765518775912,0.000226450291325849,0.000207550442593642
ID_O1TPCL,5.14079516886164e-05,3.83875141444038e-05,0.000158137479174696,0.000143605274730547,0.000158137479174696,0.000143605274730547
ID_KV57PL,0.00329690255559619,0.00313081713563196,0.00406353429695937,0.00364307329314683,0.00406353429695937,0.00364307329314683
ID_CI0346,2.30227413915677e-05,1.54755143151973e-05,5.18558773819304e-05,4.29005387889559e-05,5.20167522659851e-05,4.9125170288165e-05
ID_15HY2V,2.07702289675412e-05,1.24829659342251e-05,0.000263692295253568,0.000217187961109299,0.000263692295253568,0.000217187961109299
ID_9EVQEO,0.05943124771721,0.0473081551066952,0.0650192768231281,0.0621808248992204,0.0650192768231281,0.0621808248992204
ID_9CDLA5,0.105709351123974,0.112145126596473,0.105709351123974,0.112145126596473,0.105709351123974,0.112145126596473
ID_E0JXXI,0.00125168241945802,0.00133396371519175,0.00125168241945802,0.00133396371519175,0.00125168241945802,0.00133396371519175
ID_Z70N5M,0.000102977729907388,0.000120529980607308,0.000102977729907388,0.000120529980607308,0.000102977729907388,0.000120529980607308
ID_9W65RB,9.78155635536057e-05,9.72780302411296e-05,0.000110067636783728,0.000100500539332316,0.000115141316609311,0.000114002568679592
ID_JOHIEH,4.37740887885439e-05,4.32146450463208e-05,4.73578602074996e-05,4.45809510371121e-05,4.73578602074996e-05,4.45809510371121e-05
ID_NBXN98,5.83349133467954e-05,4.48768097188479e-05,0.000263073800566764,0.00026889833240987,0.000263073800566764,0.00026889833240987
ID_KXJDXJ,2.37955434154567e-05,1.8792096217968e-05,0.000137219126501867,0.000128289663322645,0.000337306969555253,0.000337600800035919
ID_YUT4M4,0.00485978763914384,0.00499633258588639,0.00485978763914384,0.00499633258588639,0.00485978763914384,0.00499633258588639
ID_I27KUP,0.0126151727524647,0.0113755325594016,0.0150726252635332,0.0152959064342902,0.0150726252635332,0.0152959064342902
ID_5YH0SU,2.76858345886867e-05,2.57288038033312e-05,0.000218108489011869,0.000202117581604321,0.000218108489011869,0.000202117581604321
ID_OKTZEM,0.000276322101762072,0.000297598624136489,0.000460154869319084,0.000467284513178126,0.000509647146273083,0.000533556491953614
ID_86OGKU,3.79816087138236e-05,2.87999295043993e-05,0.000511286086972848,0.000465570172236832,0.000998375797621074,0.000989060383608295
ID_WRGV5B,0.000965342873490282,0.0007421063672029,0.00159259260090998,0.00145869128757739,0.00352694429517606,0.00370759299214221
ID_UI3NV7,0.00016107876197987,0.000152367401471761,0.000825131142189153,0.00076867311473195,0.000825131142189153,0.00076867311473195
ID_R4B5Y3,0.00315071363341486,0.00347983512259694,0.00315071363341486,0.00347983512259694,0.00315071363341486,0.00347983512259694
ID_97B102,0.0152221558934058,0.0156697870083743,0.0152221558934058,0.0156697870083743,0.0152221558934058,0.0156697870083743
ID_LHAJ16,2.73222034850648e-05,2.13219410923512e-05,9.60822640509822e-05,9.55069801942825e-05,0.00010640523895785,0.000109233976657402
ID_XZXOS2,1.30345845346908e-05,9.23059932679032e-06,0.000103506273325298,9.77694253556018e-05,0.000103506273325298,9.77694253556018e-05
ID_OBWYEH,0.00424406427668393,0.00368078800093628,0.00536798900131589,0.00524675633658078,0.00536798900131589,0.00524675633658078
ID_71ZROQ,1.66949639793787e-05,9.90583462792992e-06,0.00028326992572297,0.000244153248124757,0.00028326992572297,0.000244153248124757
ID_48E1RE,0.000101925621480721,8.98073597074576e-05,0.000267121093457888,0.000291852122546483,0.00036167442331854,0.000409438246088937
ID_DM55ZQ,2.92793282866331e-05,2.22250037157894e-05,0.000106288751229047,9.76028517704926e-05,0.000106288751229047,9.76028517704926e-05
ID_40HUN8,0.00872748111694297,0.00732914287985439,0.0105708078993938,0.010375983845594,0.0105708078993938,0.011151360616437
ID_OAR02I,0.000419687139630447,0.000365020258069061,0.000560474328833873,0.000534222916956051,0.000560474328833873,0.000534222916956051
ID_KEQHOC,7.08983845554855e-05,7.28243654999179e-05,7.08983845554855e-05,7.28243654999179e-05,7.08983845554855e-05,7.28243654999179e-05
ID_ZWP9EJ,7.11729388509446e-06,4.36181290602467e-06,8.99906225523984e-05,7.76646303032671e-05,8.99906225523984e-05,7.76646303032671e-05
ID_J8JXVY,6.52902667750977e-05,6.54614706382307e-05,6.52902667750977e-05,6.54614706382307e-05,6.52902667750977e-05,6.54614706382307e-05
ID_8Q3LRH,8.24211298888977e-05,8.01216759062367e-05,8.24211298888977e-05,8.01216759062367e-05,0.000112742803162065,0.000109403656676544
ID_FM2PGK,1.49940760772542e-05,8.97407332337149e-06,4.94607895822065e-05,4.16876256925625e-05,4.94607895822065e-05,4.16876256925625e-05
ID_H8R1M6,3.66819358426638e-05,2.84502264470637e-05,6.93543215793503e-05,6.29116637800396e-05,6.93543215793503e-05,6.29116637800396e-05
ID_14WLPI,0.000111286075032893,7.52447726305441e-05,0.000411972664747365,0.000384299364882772,0.000411972664747365,0.000384299364882772
ID_7W5KVT,2.21005738536751e-05,1.39729354046557e-05,0.00039200706481417,0.000342545405432387,0.00039200706481417,0.000342545405432387
ID_1QBGM5,0.00120487647101213,0.000963861031050075,0.00146673928623628,0.00129590910182014,0.00146673928623628,0.00137398735045812
ID_PU2FBZ,5.19265402129333e-05,4.12598269658877e-05,9.08884874201172e-05,8.07249066480856e-05,9.50568539432843e-05,9.23417935973728e-05
ID_781KAZ,3.65609794854049e-05,2.74517299705641e-05,5.01787902465748e-05,4.56749656246891e-05,5.01787902465748e-05,4.56749656246891e-05
ID_I1NTQJ,0.00235323373506463,0.00176865146296976,0.00235323373506463,0.00176865146296976,0.00235323373506463,0.00186709801911238
ID_O9717W,2.7978973490536e-05,1.96925751413518e-05,0.000350406977038804,0.00030704353058912,0.000350406977038804,0.00030704353058912
ID_5K7ETI,6.93262723770176e-05,6.93252049009708e-05,6.93262723770176e-05,6.93252049009708e-05,6.93262723770176e-05,6.93252049009708e-05
ID_3FWH6E,0.0167568158465754,0.0127782463946914,0.0656613925928199,0.0610886852821998,0.0656613925928199,0.0610886852821998
ID_270DJ8,1.73680956793706e-05,1.05829166929886e-05,6.53490727933592e-05,5.53879988780551e-05,6.53490727933592e-05,5.53879988780551e-05
ID_6SL7FX,0.00459105576704503,0.00444464248450754,0.00459105576704503,0.00444464248450754,0.00459105576704503,0.00444464248450754
ID_9Q3QYV,0.000222427012750637,0.000179492168033659,0.000392195651958138,0.000394692133609566,0.000392195651958138,0.000394692133609566
ID_HFEO8Z,0.000431890345142973,0.000471523583666813,0.000898844073453427,0.000877396211187224,0.000898844073453427,0.000877396211187224
ID_BI2VMU,0.0199966115971717,0.0159133173157232,0.0199966115971717,0.0159133173157232,0.0199966115971717,0.0159133173157232
ID_M074K8,0.00537678009966648,0.00442984887151587,0.00690998936802052,0.00682827825492863,0.00690998936802052,0.0068785334083851
ID_11KV3S,3.72425638104591e-05,3.00196686011705e-05,3.72425638104591e-05,3.00196686011705e-05,3.72425638104591e-05,3.00196686011705e-05
ID_QJMYFP,4.11571303402859e-05,3.7901636818844e-05,6.03027607485127e-05,5.32150884627312e-05,6.03027607485127e-05,5.32150884627312e-05
ID_TH3FZH,0.000121326551849648,8.8095709385448e-05,0.000233785144547046,0.000219263968481694,0.000233785144547046,0.000219263968481694
ID_NR39DV,0.000420493507049821,0.000471682869026585,0.000982605403124177,0.00104499035772208,0.000982605403124177,0.00104499035772208
ID_KNY5YG,3.26283755336765e-05,2.67447168278396e-05,6.93665659768076e-05,6.5179172894652e-05,6.93665659768076e-05,6.5179172894652e-05
ID_VGITCI,0.000100573007986044,7.42886391105479e-05,0.000934345544333936,0.000926308332566034,0.000934345544333936,0.000926308332566034
ID_I2QI8W,4.63713635205246e-05,3.65699387904498e-05,6.3203403717048e-05,5.27070100957841e-05,0.000103309781639143,9.56705257842429e-05
ID_9CQJQW,0.00675529112060371,0.00700921242765598,0.0105725053873911,0.0100783373628155,0.0105725053873911,0.0100783373628155
ID_RJS1VA,3.60616925831388e-05,3.13311723224905e-05,7.33110274046161e-05,6.36859469845775e-05,7.33110274046161e-05,6.36859469845775e-05
ID_7KALEL,0.0244160314265668,0.0271794441306811,0.0244160314265668,0.0271794441306811,0.110176709584844,0.122775188230259
ID_H1PGJK,0.0053950397560015,0.00485280682027609,0.00894605659032979,0.00917419830375204,0.00894605659032979,0.00917419830375204
ID_KP9MAP,4.13615572354328e-05,3.64557209426074e-05,7.02646523348027e-05,6.3358617566574e-05,7.02646523348027e-05,6.3358617566574e-05
ID_GRK0QD,0.000660503338846757,0.000502740896404103,0.00152422032267317,0.00144901100843462,0.0015310178403677,0.00149014538353225
ID_FVI9F8,3.10863853277556e-05,2.28516144268757e-05,8.84633482380245e-05,7.70752806234129e-05,8.84633482380245e-05,7.70752806234129e-05
ID_YOWRSL,3.08635572115839e-05,2.7144296987628e-05,4.1259440655883e-05,3.62063566005519e-05,4.1259440655883e-05,3.62063566005519e-05
ID_ELJCIV,0.000766265498482499,0.000548589525125898,0.00396329213362277,0.00385989471351,0.00420323284328619,0.004378186305509
ID_PHOPIB,6.08951018810106e-05,4.6761082557883e-05,9.21181588678026e-05,8.34991199535111e-05,9.21181588678026e-05,8.34991199535111e-05
ID_ENK045,9.43511927216087e-05,9.19755520031474e-05,0.000162554317522004,0.000152801534499444,0.000183825097254966,0.000180035270613806
ID_RXCEKJ,2.24085428244517e-05,1.75373311526464e-05,0.000151307827902543,0.000140478430290248,0.000416297828058436,0.000418688131974493
ID_5QVDGC,0.00019098809822056,0.000203931025532034,0.00022958948332377,0.000228558237270519,0.00022958948332377,0.000228558237270519
ID_V4EGZ0,0.0152113596358669,0.0181511998211379,0.0183426011192243,0.0184239254702055,0.0243444497137077,0.0265817642130347
ID_N0AWM0,0.0490159500539438,0.0477176984767482,0.0490159500539438,0.0477176984767482,0.0490159500539438,0.0477176984767482
ID_00D47V,5.83640653800462e-05,4.85040075474165e-05,0.000228627886030619,0.000201881963502113,0.000228627886030619,0.000201881963502113
ID_ESM8N8,0.0170248334285107,0.0171809275030646,0.0170248334285107,0.0171809275030646,0.0234617990493552,0.0245206410104888
ID_OUFL3R,2.11901145642639e-05,1.35406968209459e-05,0.000158313359139641,0.000141023617277757,0.000242567530257721,0.000242334443902109
ID_YBE59H,7.9338643846064e-05,8.30570289212646e-05,7.9338643846064e-05,8.30570289212646e-05,7.9338643846064e-05,8.30570289212646e-05
ID_33W80K,0.175242134046187,0.18429781479338,0.175242134046187,0.18429781479338,0.175242134046187,0.18429781479338
ID_HW0LWU,0.00137201791961277,0.00113066300641966,0.00137201791961277,0.00113066300641966,0.00137201791961277,0.00113066300641966
ID_9O5TIS,2.96185449751937e-05,2.27358879073638e-05,4.35007027895298e-05,3.82427141277502e-05,5.42343122963765e-05,5.3234760883711e-05
ID_I0BZX6,6.03059141206376e-05,5.47689172972592e-05,0.000294898351622916,0.000309555743102516,0.000294898351622916,0.000309555743102516
ID_1XHBUV,3.9551044992945e-05,3.1951976614667e-05,0.00011064717515857,9.80794233305196e-05,0.000130381233177575,0.00012709236097619
ID_KBMX7S,0.000114534233540216,9.09980220064117e-05,0.000114534233540216,9.09980220064117e-05,0.000149183064495443,0.000146971712954132
ID_Q2S367,0.000112433832425789,8.87990125235001e-05,0.000112433832425789,8.87990125235001e-05,0.000126153631170987,0.00012411187345949
ID_S02NWF,0.000844513470363793,0.000679023302108977,0.000844513470363793,0.000679023302108977,0.000844513470363793,0.000695886426617646
ID_WMD60I,6.96729913100309e-05,7.0789736364659e-05,6.96729913100309e-05,7.0789736364659e-05,6.96729913100309e-05,7.0789736364659e-05
ID_IAR1TC,0.0459137467512169,0.0555556854748588,0.0459137467512169,0.0555556854748588,0.0459137467512169,0.0555556854748588
ID_KTRS8U,3.24019743503739e-05,2.94321441144795e-05,0.000161426585120894,0.000154277460082616,0.000162411717855023,0.000162938296032046
ID_25WW3Q,8.59958515140326e-05,6.7078982390943e-05,0.000191368344694255,0.000165517959090971,0.000191368344694255,0.000165517959090971
ID_ERMOCP,6.94478803048649e-05,5.29375420616796e-05,0.000180703587825887,0.000156218560695842,0.000180703587825887,0.000156218560695842
ID_X4ZZMV,0.492674193035379,0.584632760858455,0.577335164592221,0.613929106326476,0.577335164592221,0.613929106326476
ID_6DVPR4,0.00014646348684676,0.000149900189757298,0.000265413616931324,0.000266766400412331,0.000265413616931324,0.000266766400412331
ID_LZLMVM,1.25582506130306e-05,7.97536650195758e-06,0.000101493959046498,8.53856696815428e-05,0.000101493959046498,8.53856696815428e-05
ID_WGTUF3,1.95800974128908e-05,1.12894496699668e-05,5.77987931457157e-05,4.79040944485648e-05,5.77987931457157e-05,5.15278066391401e-05
ID_3O27FX,2.27983171107474e-05,1.38856636265601e-05,7.4553762455256e-05,6.30016186281147e-05,9.52395111226626e-05,8.79147898735505e-05
ID_IHC0B4,0.000508677807434265,0.000554792116875805,0.000508677807434265,0.000554792116875805,0.000508677807434265,0.000554792116875805
ID_N7XBA6,0.000390477824541221,0.000439586267227166,0.000823613470403221,0.000870827526816789,0.000823613470403221,0.000870827526816789
ID_3ZNQ5E,9.27155385497657e-05,9.66033068232066e-05,0.000185978153786635,0.000184207662942678,0.000185978153786635,0.000184207662942678
ID_URF0I1,0.00185731343625907,0.00158481542180055,0.00249990851323199,0.0024254709392811,0.00437921848741658,0.00433505509158458
ID_Z2H98N,0.000150398881702177,0.000111507515769641,0.00153392735578688,0.00144613982929026,0.00177298836095668,0.00188861734775868
ID_P53TGF,3.76814031742052e-05,3.27586978819866e-05,3.76814031742052e-05,3.27586978819866e-05,4.36999941321541e-05,4.29214785408622e-05
ID_WA6QND,0.000147824334165672,0.000154723519762576,0.000393146418517847,0.000375958851860567,0.000393146418517847,0.000375958851860567
ID_WRXH21,0.00129841031214048,0.00136072503437793,0.00129841031214048,0.00136072503437793,0.00129841031214048,0.00136072503437793
ID_9SL27X,2.11901145642639e-05,1.35406968209459e-05,0.000158313359139641,0.000141023617277757,0.000242567530257721,0.000242334443902109
ID_97RNJ4,4.90517652020949e-05,3.01657633642292e-05,0.000310647626560485,0.000298144852257702,0.000446376032836152,0.000443655767263252
ID_DGJX4J,2.52366906493388e-05,1.94142142305958e-05,4.4700040614562e-05,3.96171668932763e-05,4.4700040614562e-05,3.96171668932763e-05
ID_FKYCE5,0.00107761894297427,0.000995466275765323,0.00214578484068908,0.00207476234579953,0.00234582682378859,0.00232139487200916
ID_VAEHAO,3.64376915803808e-05,2.38917123529749e-05,0.000179353345305368,0.000164559258588075,0.000179353345305368,0.000164559258588075
ID_28J9J5,0.000506633795036381,0.000373731871044482,0.00432738235487829,0.00437361682083337,0.00564302620678952,0.00658353867035303
ID_BNX7SF,0.213526327528331,0.229429504603407,0.213526327528331,0.229429504603407,0.213526327528331,0.229429504603407
ID_258MZC,9.82552591570141e-06,7.38664721299571e-06,2.56054234717775e-05,2.18962879471072e-05,3.89294652386201e-05,3.69050922400079e-05
ID_K9PYT8,0.000231593226729955,0.000295947639512696,0.000231593226729955,0.000295947639512696,0.000231593226729955,0.000295947639512696
ID_M0HTKQ,3.53494635347502e-05,2.82627434473358e-05,6.41196703188124e-05,5.73904698278737e-05,6.41196703188124e-05,5.73904698278737e-05
ID_MQ3635,0.000279719125780873,0.000314805796807518,0.000279719125780873,0.000314805796807518,0.00109162142410003,0.00107288650761025
ID_F7H73Q,3.29639953456174e-05,2.73227501237646e-05,4.51234394303684e-05,3.94912954042788e-05,7.15760957675638e-05,6.762926370912e-05
ID_AMLGLN,0.000205893661006144,0.000172957241866392,0.000276887868295449,0.000258283785238399,0.000276887868295449,0.000258283785238399
ID_COCODS,4.38850482597457e-05,3.20321579162666e-05,0.000571794668343287,0.000596249484051022,0.000685112988563873,0.000711964679421591
ID_R653PC,8.12763470364149e-06,5.51513508639164e-06,2.71140571055348e-05,2.34125316107573e-05,2.71140571055348e-05,2.4135270347944e-05
ID_7LRO3G,2.44003193375883e-05,1.84406303358816e-05,7.77758922708788e-05,7.22803853742381e-05,0.000109112959012377,0.000106529624441659
ID_4E0IW9,3.58381628908577e-05,2.63215054809202e-05,3.58381628908577e-05,2.90239453053235e-05,4.19681800054336e-05,4.03866760954116e-05
ID_1JQ73Y,2.89912595316534e-05,2.21555506621647e-05,6.81441613120378e-05,6.20346765428089e-05,6.81441613120378e-05,6.20346765428089e-05
ID_DH1QTQ,0.000184347426943424,0.000180231242527028,0.000184347426943424,0.000180231242527028,0.000184347426943424,0.000180231242527028
ID_VO4JHF,3.17638714572876e-05,2.3892571788865e-05,9.2841829658895e-05,8.27111998288987e-05,9.2841829658895e-05,8.27111998288987e-05
ID_E8JXTE,0.0176651919658465,0.016883790950053,0.0554654014706443,0.060217019194527,0.0781758059749875,0.084067835571664
ID_04CC0L,0.000141100357544716,0.000150901349895795,0.000141100357544716,0.000150901349895795,0.000141100357544716,0.000150901349895795
ID_77YG7T,4.21694276161274e-05,3.86361862897193e-05,4.33093987827016e-05,3.86361862897193e-05,4.33093987827016e-05,3.86361862897193e-05
ID_3VPHDX,0.00132043639888211,0.00114821921001324,0.00585775540266254,0.00584589783674645,0.00585775540266254,0.00584589783674645
ID_SPCMX9,0.00026986989860458,0.000221984910817621,0.000452964044624497,0.000444921418188753,0.000452964044624497,0.000444921418188753
ID_A8N019,0.000363715941457156,0.000294545062204623,0.00114394435578265,0.00109929957445614,0.00172191779962417,0.00164452808408985
ID_V5WCDP,0.00535405308311781,0.00500196190012594,0.008253393725026,0.00837640863488477,0.008253393725026,0.00837640863488477
ID_AQD45I,0.02100924800663,0.0214571420459378,0.02100924800663,0.0214571420459378,0.02100924800663,0.0214571420459378
ID_LG9GE0,1.45347613322479e-05,9.99918800896776e-06,6.54559363266171e-05,5.99381811530644e-05,9.49487051035314e-05,9.26141634027365e-05
ID_GI1C93,0.000741724212574683,0.000861547850054595,0.000741724212574683,0.000861547850054595,0.000741724212574683,0.000861547850054595
ID_9VY7H9,5.02399579132642e-05,3.45944065406105e-05,0.00014349484153601,0.000129432370622695,0.00014349484153601,0.000129432370622695
ID_0C4EDO,3.14985320680984e-05,1.96541527865834e-05,0.000154569029702955,0.000135450096840628,0.000154569029702955,0.000135450096840628
ID_THH1UR,0.00537678009966648,0.00442984887151587,0.00690998936802052,0.00682827825492863,0.00690998936802052,0.0068785334083851
ID_J6NXSU,3.80581760229959e-05,3.48812307879722e-05,8.82608583511135e-05,8.51778641522009e-05,8.82608583511135e-05,8.51778641522009e-05
ID_YBC4D9,0.000152845257782523,0.000146820623995036,0.000252517842940675,0.000244574459032356,0.000271927224822506,0.000273476921394435
ID_JLGA9S,2.25132568456058e-05,1.53511167016104e-05,0.0128807057745001,0.0116972907718338,0.0206442392683179,0.022735409564078
ID_CLQ4CW,1.36238491838299e-05,8.12286684653265e-06,3.41624095476477e-05,2.85184170487084e-05,3.41624095476477e-05,2.85184170487084e-05
ID_8QW09D,0.00270414770490385,0.00255570895580165,0.00270414770490385,0.00255570895580165,0.00383784099176404,0.00396153186292667
ID_I3HT44,1.60597093585985e-05,1.10515040767199e-05,6.03916296925926e-05,5.01040075768471e-05,6.03916296925926e-05,5.38362499601098e-05
ID_OP2YUN,2.65917063532296e-05,2.10883463666748e-05,2.65917063532296e-05,2.28412142365973e-05,3.13217890753019e-05,2.89507710599464e-05
ID_V1PMY3,8.75120711508511e-05,8.22058500874476e-05,0.000103227558447397,9.64052934571531e-05,0.000103227558447397,9.64052934571531e-05
ID_K9MJH1,0.00138844839642936,0.00149127383698395,0.0038408216435504,0.00406759566928681,0.0038408216435504,0.00406759566928681
ID_RFLMG3,1.65051686432603e-05,1.16379081175405e-05,2.67743361926616e-05,2.34797855351658e-05,3.50202460279615e-05,3.39608470435516e-05
ID_AKV0AN,0.000534702023842632,0.000535492734072207,0.000624224130764928,0.000584537352278768,0.000624224130764928,0.000584537352278768
ID_CG3L2H,3.48847036870112e-05,2.73628542304741e-05,4.86348695160012e-05,4.14565082498901e-05,7.07017474993674e-05,6.66797720099739e-05
ID_RPDIFP,3.1960939902518e-05,2.54277934965435e-05,5.25061097842277e-05,4.72082779354589e-05,5.25061097842277e-05,4.72082779354589e-05
ID_82XV8F,0.000130072675265628,0.000135155736648966,0.000340212250610715,0.000368552549181649,0.000340212250610715,0.000368552549181649
ID_MP6MPH,0.00166146624713223,0.00144646734037533,0.00198883504133687,0.0019733480508606,0.00252926754059495,0.00255397764104128
ID_DUQWFQ,0.000108707571494925,9.67410773111755e-05,0.00138253111875026,0.00126179145489964,0.00138253111875026,0.00126179145489964
ID_R6WWCC,0.00077409486709741,0.000892552385558745,0.0091423200702187,0.0100330097784688,0.0091423200702187,0.0100330097784688
ID_Y0BSPY,2.00500898447978e-05,1.60467548660782e-05,6.00570545567512e-05,5.08393500567931e-05,7.45775989929458e-05,7.22879982248336e-05
ID_DBPJBC,3.91592432712104e-05,3.86682421366526e-05,4.31174493154301e-05,3.93452610732478e-05,5.62611600463508e-05,5.44038670254752e-05
ID_UMATGZ,0.000144228281453232,0.000150918779619216,0.000144228281453232,0.000150918779619216,0.000144228281453232,0.000150918779619216
ID_ICMGAL,2.03286413243331e-05,1.35789519236583e-05,4.67605770114478e-05,4.05501721937111e-05,4.67605770114478e-05,4.09469243857274e-05
ID_1Q5P6G,0.00367631695483288,0.00294681840133062,0.0171207000622317,0.0169498383387951,0.0275284257378597,0.0271641233333322
ID_IL6LSS,1.09799615676855e-05,8.05341811021383e-06,3.0574591985224e-05,2.62065335384611e-05,3.0574591985224e-05,2.66976319284305e-05
ID_K7P1AA,0.000143824747784061,0.00013224075579553,0.000191385091051835,0.00018465254998964,0.000191385091051835,0.00018465254998964
ID_W8YZKT,1.11528004086514e-05,6.46760052134697e-06,5.05481682980731e-05,4.20762133553467e-05,5.05481682980731e-05,4.44761483281202e-05
ID_22JIZ1,5.82073357207752e-05,5.19961439241657e-05,5.82073357207752e-05,5.19961439241657e-05,5.82073357207752e-05,5.19961439241657e-05
ID_GCHBYB,0.00316952937712339,0.00364758066362965,0.00316952937712339,0.00364758066362965,0.00316952937712339,0.00364758066362965
ID_O0SAC9,0.000182444155335251,0.000197975903049129,0.000328249102289968,0.000326346924295851,0.000331052405850584,0.000333105179263409
ID_QSKDPI,0.000132623688770118,9.82829229399899e-05,0.000230396636277846,0.000210801421348353,0.000230396636277846,0.000210801421348353
ID_4DI6LA,0.000231273612603312,0.000262904000776165,0.000231273612603312,0.000262904000776165,0.000231273612603312,0.000262904000776165
ID_HQT8FR,0.000362502770812121,0.000315455392349843,0.000362502770812121,0.000315455392349843,0.000472993262753412,0.00051699118033642
ID_NEHNAT,1.98895578897501e-05,1.49868321421903e-05,3.3003334860293e-05,2.86311465537956e-05,3.3003334860293e-05,3.17210634314154e-05
ID_DNU0QM,9.7065878291663e-05,0.000107966384830373,9.7065878291663e-05,0.000107966384830373,9.7065878291663e-05,0.000107966384830373
ID_S79H7Y,6.25283234679989e-05,4.09563082595299e-05,0.000326040147293111,0.000296883145050946,0.000326040147293111,0.000296883145050946
ID_4IHET8,0.00079876732678911,0.000736289957530195,0.000970048636798596,0.000991873175210775,0.00101485718160169,0.00105871390931567
ID_ED5XL6,2.77906949972079e-05,2.66687228673074e-05,2.77906949972079e-05,2.66687228673074e-05,3.25464901886155e-05,3.12587381948925e-05
ID_677O8P,2.01994334241405e-05,1.71088463608416e-05,7.28119432028195e-05,7.48750146431181e-05,7.28119432028195e-05,7.48750146431181e-05
ID_XI6QQ0,0.0029615581314056,0.00349220129553625,0.0029615581314056,0.00349220129553625,0.0029615581314056,0.00349220129553625
ID_R484DJ,0.00365276407638782,0.00325159486929709,0.00365276407638782,0.00333546578317381,0.00365276407638782,0.00333546578317381
ID_V0BREC,0.00012358491241732,0.000139768675341634,0.00012358491241732,0.000139768675341634,0.00012358491241732,0.000139768675341634
ID_1SXWML,1.28269112936243e-05,1.00055885356347e-05,2.09323854928826e-05,1.83800334032452e-05,3.32220924875212e-05,3.13906761635177e-05
ID_NALJCO,1.3524602926694e-05,8.95337944687279e-06,9.59491623123086e-05,9.24510113690628e-05,9.59491623123086e-05,9.24510113690628e-05
ID_JSJ61E,2.68621308087145e-05,2.24031569093975e-05,6.15365616212098e-05,5.77623016459785e-05,6.95304622166043e-05,6.72350889024973e-05
ID_Q7IOB2,0.000227658597434531,0.000225010514912257,0.000660556960183922,0.000660388154364896,0.000660556960183922,0.000660388154364896
ID_IEUVNM,0.0439486580924226,0.0460444653776372,0.0439486580924226,0.0460444653776372,0.0439486580924226,0.0460444653776372
ID_3STNLD,0.0195135830920725,0.0244024186934109,0.0195135830920725,0.0244024186934109,0.0195135830920725,0.0244024186934109
ID_F5UXS1,4.40902822526971e-05,3.37372930444221e-05,8.82423419328686e-05,8.02462277303111e-05,8.82423419328686e-05,8.02462277303111e-05
ID_34CCQR,4.42251320847876e-05,3.39059285933859e-05,0.000220739772440984,0.000219715897795324,0.000220739772440984,0.000219715897795324
ID_83W49H,3.27855637309248e-05,2.89613568983382e-05,0.000285021338531988,0.000285824279016395,0.000285021338531988,0.000285824279016395
ID_Z8WJLG,7.66303396579057e-05,7.63716049358913e-05,0.000173422533277425,0.000170023344531147,0.000173422533277425,0.000170023344531147
ID_8NIMUF,0.00323344841143664,0.0027709655665382,0.00494953263560893,0.00476324375732669,0.00494953263560893,0.00476324375732669
ID_Z63P61,2.35184131511561e-05,1.51433146830774e-05,0.000466582865706124,0.000416867496939839,0.000466582865706124,0.000416867496939839
ID_LWNW4V,1.98298530137214e-05,1.23595101131192e-05,7.13090101774281e-05,6.20293801093142e-05,8.60975300291108e-05,8.5142648354339e-05
ID_3CP868,8.70855094511704e-05,8.46174852035568e-05,0.000157380763436766,0.000157508956957898,0.000157380763436766,0.000157508956957898
ID_HT4WWZ,9.55542493694025e-05,0.000107994337263607,9.55542493694025e-05,0.000107994337263607,9.55542493694025e-05,0.000107994337263607
ID_PXCAKA,6.49748207340688e-05,6.22128702802812e-05,0.000203823939394318,0.000204305488284029,0.000203823939394318,0.000204305488284029
ID_VYY1I9,1.66429222780763e-05,1.29855404383916e-05,5.24774154952866e-05,4.55149941510258e-05,5.24774154952866e-05,4.6242299408612e-05
ID_10YMBD,9.852624634855e-05,0.000104663346043448,9.852624634855e-05,0.000104663346043448,9.852624634855e-05,0.000104663346043448
ID_OE94T8,5.00597811921522e-05,3.73039441488278e-05,0.000158529894708258,0.00013550708982605,0.000158529894708258,0.00013550708982605
ID_5UXMEN,9.53360729344285e-05,8.63098410409881e-05,0.000133036899485612,0.000128614427632566,0.000133036899485612,0.000128614427632566
ID_NZDB2W,1.53417910878689e-05,1.15989695401926e-05,5.57837678976879e-05,4.76825960140014e-05,5.57837678976879e-05,4.76825960140014e-05
ID_TJ3MK7,9.78795415771791e-05,0.000116097721101753,0.000148138815264882,0.000138801786469987,0.000148138815264882,0.000138801786469987
ID_LP5DMO,0.00122172342368756,0.0013048067041628,0.00122172342368756,0.0013048067041628,0.00122172342368756,0.0013048067041628
ID_AY542M,3.38326098691809e-05,2.78410363212251e-05,6.32109818735073e-05,5.85319855744295e-05,6.32109818735073e-05,5.85319855744295e-05
ID_86RCT1,5.83933086406913e-05,4.36821877937557e-05,9.9287705813539e-05,8.96032950228784e-05,9.9287705813539e-05,8.96032950228784e-05
ID_9P0RI1,0.00109680579091932,0.000937414560979086,0.00415797413108529,0.00416415128991856,0.00415797413108529,0.00416415128991856
ID_6QKL3H,7.5612528041055e-05,7.89340055647374e-05,7.5612528041055e-05,7.89340055647374e-05,7.5612528041055e-05,7.89340055647374e-05
ID_803TPA,2.81673315251862e-05,1.83891034919345e-05,0.00189218036445303,0.00200257192361362,0.00189218036445303,0.00200257192361362
ID_XD9SHW,0.000200141594264431,0.000231936454429344,0.000200141594264431,0.000231936454429344,0.000200141594264431,0.000231936454429344
ID_49KF1T,0.00197583470208981,0.00197990711988557,0.00899682236062752,0.00940957241700974,0.0152061685793289,0.0160357282941771
ID_PDAYPC,2.74475301165511e-05,2.00192041563617e-05,0.000132061136441349,0.000118092416819275,0.000132061136441349,0.000118092416819275
ID_SDE2W4,0.616037435210961,0.678377488247984,0.616037435210961,0.678377488247984,0.616037435210961,0.678377488247984
ID_TEZ9WM,2.35184131511561e-05,1.51433146830774e-05,0.000466582865706124,0.000416867496939839,0.000466582865706124,0.000416867496939839
ID_XK9L0I,7.17184585797518e-05,6.84778588805831e-05,0.00028947316648194,0.000279441599187537,0.000414380627716562,0.00042865974405209
ID_58WL51,1.79777309321538e-05,1.33736044973916e-05,4.51160259714963e-05,3.87395111579851e-05,5.11935144332631e-05,4.82151204318954e-05
ID_YACX3K,7.18637378095408e-05,7.57637990364166e-05,0.000187767587199426,0.000187217297345833,0.000187767587199426,0.000187217297345833
ID_ITM93O,9.86429568466341e-05,9.88417970702313e-05,0.000254438532775761,0.000249052657881509,0.000254438532775761,0.000249052657881509
ID_DQ7RIZ,0.0128585332960436,0.0122829330724061,0.0262821206597434,0.0261578736016252,0.0262821206597434,0.0261578736016252
ID_DG3MSI,0.000351931495184508,0.00023052582640275,0.00128438500253117,0.00124350467215451,0.00156409208692091,0.00165136214571371
ID_VQRFFA,4.97761909696485e-05,3.44725055085078e-05,0.000175144440246345,0.000156002387078258,0.000175144440246345,0.000156002387078258
ID_AOHLCR,6.11218938836106e-06,3.83683127791519e-06,3.93718591201668e-05,3.31814522438064e-05,3.93718591201668e-05,3.31814522438064e-05
ID_OGE0SN,0.000146858485388387,0.000135637421628273,0.000205357811949694,0.000188374181661347,0.000235069590136684,0.000232884206550316
ID_41Z3A9,2.88382738617752e-05,2.34968451368407e-05,5.06901560751949e-05,4.39074868785718e-05,5.06901560751949e-05,4.39074868785718e-05
ID_DEH5S2,0.000884183147944354,0.00102497304533199,0.00144814988305357,0.0016008177929087,0.00144814988305357,0.0016008177929087
ID_24PYQA,0.00982947279477495,0.0089080738872869,0.024887389962425,0.0254422345370852,0.024887389962425,0.0254422345370852
ID_U838WM,3.57380320548073e-05,2.40041672319217e-05,0.00014239798448265,0.000128812113476952,0.00014239798448265,0.000128812113476952
ID_8GEYYG,0.0780236009415984,0.0614098565335352,0.0780236009415984,0.0666302239093859,0.0780236009415984,0.0666302239093859
ID_9W1XKU,0.0060409736680262,0.00608494864107106,0.00660075774546523,0.00689341869530857,0.00660075774546523,0.00689341869530857
ID_PHORWR,6.32942715052952e-05,4.4536976124646e-05,0.000169202073536086,0.00014272839749059,0.000169202073536086,0.00014272839749059
ID_Z26KY5,0.000648879147776288,0.000572962249003873,0.000717026227093959,0.000703300625446493,0.00104323799944837,0.00113436182048379
ID_PN97QK,1.27343195485858e-05,8.80108484152178e-06,2.31002906454379e-05,2.05247371341923e-05,2.33473362171973e-05,2.19551445196209e-05
ID_C4MM2J,7.08549490168392e-05,5.89460983407921e-05,0.000375702480270784,0.000334732572501102,0.000375702480270784,0.000334732572501102
ID_XHG003,0.0275760443677034,0.0309102431516199,0.0275760443677034,0.0309102431516199,0.0275760443677034,0.0309102431516199
ID_QFUX50,0.000102977729907388,0.000120529980607308,0.000102977729907388,0.000120529980607308,0.000102977729907388,0.000120529980607308
ID_NFTFJM,2.20913042969694e-05,1.71744222377544e-05,5.37994030776889e-05,4.90580564870676e-05,5.89434976817314e-05,5.57295022899501e-05
ID_CPYKMJ,3.63720364356069e-05,3.37109904542095e-05,3.63720364356069e-05,3.37109904542095e-05,3.63720364356069e-05,3.37109904542095e-05
ID_JSJFMM,0.00812008384137104,0.00671195838422771,0.00812008384137104,0.00671195838422771,0.00812008384137104,0.00671195838422771
ID_4GDBBB,4.92589809889887e-05,3.37235176553292e-05,7.27318779904927e-05,6.20580288870371e-05,9.3637228248356e-05,9.01335563933758e-05
ID_XPSO6B,2.45393730113541e-05,1.65912896386512e-05,5.34332601446432e-05,4.74213622561992e-05,8.56134064562809e-05,8.58163711399468e-05
ID_64A0TW,2.35184131511561e-05,1.51433146830774e-05,0.000466582865706124,0.000416867496939839,0.000466582865706124,0.000416867496939839
ID_EBNFRL,0.0482477418115762,0.0472428984864806,0.0482477418115762,0.0472428984864806,0.0482477418115762,0.0472428984864806
ID_FW5MN2,0.000882631140639426,0.00100974805613385,0.000882631140639426,0.00100974805613385,0.000882631140639426,0.00100974805613385
ID_5QLFQX,1.43544916010485e-05,9.87601920486158e-06,4.36276583078207e-05,3.59446111355226e-05,4.78253866660274e-05,4.51601158074789e-05
ID_WQINPU,6.7418021856373e-05,4.55868811797252e-05,0.000310058057767518,0.000269352991205301,0.000310058057767518,0.000269352991205301
ID_KEJ9UP,2.76868766362609e-05,2.13095032877329e-05,4.53723775139315e-05,4.07972245565748e-05,4.53723775139315e-05,4.07972245565748e-05
ID_HYF240,0.000339180126548452,0.000277734135781653,0.000904582278531571,0.000935992569907381,0.000904582278531571,0.000935992569907381
ID_KKGOZ3,2.88212597764944e-05,1.91453967008859e-05,0.00165067273376185,0.00174800675731885,0.00165067273376185,0.00174800675731885
ID_4IYAMD,8.89118796105723e-05,9.43218284246841e-05,0.000175676252106687,0.000172416259871524,0.000175676252106687,0.000172416259871524
ID_0CL91E,1.83382573598894e-05,1.35693340672783e-05,0.000129402638040273,0.000125736231173817,0.000129402638040273,0.000125736231173817
ID_UYCBVK,2.17006929570065e-05,1.29548135195573e-05,0.00022052232411797,0.000195448444571218,0.00022052232411797,0.000195448444571218
ID_Z2O6G6,2.46386888841553e-05,1.67915911732552e-05,2.46386888841553e-05,1.95502014767002e-05,2.46386888841553e-05,2.18476575781713e-05
ID_9XLCIQ,0.0231135169221746,0.0276020110821408,0.0813275278200387,0.0938946663268863,0.120040098984931,0.136651602263747
ID_QDFKYG,0.000100787532981469,6.68999110348185e-05,0.000100787532981469,6.90723289704921e-05,0.000100787532981469,6.90723289704921e-05
ID_4U98W5,4.58606796853946e-05,3.55766941624135e-05,9.7756710359472e-05,9.12355485140501e-05,9.7756710359472e-05,9.12355485140501e-05
ID_SSW9WR,2.89262943840615e-05,2.02259072094634e-05,6.93526101348954e-05,6.07939042235578e-05,7.07551221347114e-05,6.64668428672775e-05
ID_9QINRQ,0.0017351250559441,0.00179525378280206,0.0017351250559441,0.00179525378280206,0.0017351250559441,0.00179525378280206
ID_0SBJWI,7.57643669173582e-06,5.14800882021528e-06,2.64198183538814e-05,2.28432542303324e-05,2.64198183538814e-05,2.46234300929751e-05
ID_POM94C,0.351872192556165,0.293398946239447,0.353907881729733,0.360660987954697,0.580665568220897,0.639982537715433
ID_9PTBA8,0.125821423138568,0.132843274895079,0.209899466237764,0.211924421987835,0.209899466237764,0.211924421987835
ID_8HU32W,0.000209445765049044,0.00020403004988356,0.000250705017122878,0.000249790189902574,0.000250705017122878,0.000249790189902574
ID_GO2BVN,1.65687801154433e-05,1.19437942416749e-05,1.65687801154433e-05,1.25601384868488e-05,1.86844595642208e-05,1.73805435574262e-05
ID_F81GRT,6.51870872463554e-05,6.69115994832645e-05,8.63465309138339e-05,7.9663846496396e-05,8.63465309138339e-05,7.9663846496396e-05
ID_8WDSXP,0.00383704427886038,0.00392360117310145,0.00649704508566891,0.0071371272026112,0.00649704508566891,0.0071371272026112
ID_VIDOWQ,1.06396146949559e-05,6.71040168945997e-06,8.02918635006736e-05,7.0983458860041e-05,8.02918635006736e-05,7.0983458860041e-05
ID_895UNA,5.76308510454221e-05,5.98549056833958e-05,5.76308510454221e-05,5.98549056833958e-05,5.76308510454221e-05,5.98549056833958e-05
ID_PJJ2OK,2.71345829290163e-05,2.0719543690564e-05,0.000106535095602962,0.000103430288196752,0.000112904380402669,0.000116169627883605
ID_N2FZUH,4.79072675936565e-05,4.59210673361263e-05,0.000137793892923747,0.000128735439272518,0.000196492188930212,0.000200338113406747
ID_QOIH7K,0.00478726432700695,0.00376402600699735,0.0096545252051429,0.0102212515683431,0.0222654717375041,0.0245768874308322
ID_5Z8WPJ,0.268955121799359,0.273547813394934,0.581206732596359,0.629074143965979,0.581206732596359,0.629074143965979
ID_U6MZRL,0.00445302959570211,0.00438338206672342,0.00445302959570211,0.00438338206672342,0.00598163996459236,0.00661288309110888
ID_YZJB0C,6.87490379702462e-05,6.82657579912773e-05,0.000102844280055287,9.3690546205625e-05,0.000115402812123725,0.000118410067405224
ID_CAFKO7,9.36514020813551e-06,6.51307203863373e-06,3.01895982351541e-05,2.5777414032809e-05,3.16419525146686e-05,3.03854753287922e-05
ID_SO53CK,0.0009291635585254,0.000550537037915457,0.00334788650185431,0.00319988132265638,0.00380172131827961,0.00364498504597981
ID_G5ULLS,0.000918850628782273,0.000842201661011285,0.000918850628782273,0.000842201661011285,0.000918850628782273,0.000842201661011285
ID_PZ53IA,2.2401300098679e-05,1.40662495148069e-05,0.000309143027842361,0.000262262280971348,0.000309143027842361,0.000262262280971348
ID_9CS181,9.91803098277773e-05,8.8922610409221e-05,0.000189702442555991,0.000178678438157743,0.000189702442555991,0.0001932704934269
ID_5KRD2P,9.33608524799701e-05,8.89552686054153e-05,0.000187088238092751,0.000178448761553598,0.000230216631038518,0.000226649098382444
ID_QFC5OG,7.7669357882452e-05,8.04992670101106e-05,0.000115203609843114,0.000110719783789445,0.000115203609843114,0.000110719783789445
ID_OTZY1M,0.0158261537844845,0.0142504514065911,0.0158261537844845,0.0142504514065911,0.0277743374288801,0.0276590869750531
ID_KGXIB9,0.0034938288011513,0.00387903640604187,0.0034938288011513,0.00387903640604187,0.00365406756886769,0.00389386419796991
ID_SPM44L,0.195477189579188,0.201396656242637,0.195477189579188,0.201396656242637,0.195477189579188,0.201396656242637
ID_HTIWJ2,0.000710086832460472,0.000624151265690029,0.000710086832460472,0.000624151265690029,0.000710086832460472,0.000624151265690029
ID_6YKZ60,0.00017830208253856,0.000200080800218448,0.00017830208253856,0.000200080800218448,0.00017830208253856,0.000200080800218448
ID_5IAUIV,3.81513537190987e-05,2.84772278403913e-05,0.000102420759955968,9.22692591041681e-05,0.000102420759955968,9.22692591041681e-05
ID_T7JWJL,3.23278102721829e-05,2.39920708064672e-05,3.23278102721829e-05,2.39920708064672e-05,3.23278102721829e-05,2.99105026425611e-05
ID_85M9K8,7.02789692581296e-05,5.99217830462967e-05,0.000213123367388357,0.000197872868394278,0.000213123367388357,0.000197872868394278
ID_OK1VUP,6.15746949518411e-05,6.00585994628681e-05,6.93918088555173e-05,6.34938196083877e-05,6.93918088555173e-05,6.34938196083877e-05
ID_24TLS4,0.0538820273565946,0.0513201091573607,0.223665593341589,0.224430121583363,0.43936691503081,0.488069968367098
ID_G4C6ER,0.0736243549983714,0.0584302795684419,0.0736243549983714,0.0584302795684419,0.114390574125963,0.125086913076809
ID_D2HYNU,0.000154881032505781,0.000162841601108481,0.000235692191901939,0.000231147103615687,0.000235692191901939,0.000231147103615687
ID_2VK1VV,0.000227294818380757,0.000267668392913469,0.000227294818380757,0.000267668392913469,0.000227294818380757,0.000267668392913469
ID_MHTTNO,2.18993065367116e-05,1.3265189569591e-05,7.03079254224244e-05,5.9975703253957e-05,9.57253628785495e-05,8.81501260973081e-05
ID_KFKH2L,3.62253819667143e-05,2.74031616210647e-05,5.4691992614076e-05,4.85175747757473e-05,7.35298521034293e-05,7.36560347650705e-05
ID_CCL3L7,5.44713180940641e-05,5.59748736963563e-05,6.95058132173728e-05,6.26829234042107e-05,7.82592719692983e-05,7.56851684393578e-05
ID_5S3A5Z,7.95077484769423e-06,5.94379284542479e-06,3.45046208016819e-05,3.06105079777356e-05,3.45046208016819e-05,3.06105079777356e-05
ID_ABKXZ5,0.0009291635585254,0.000550537037915457,0.00334788650185431,0.00319988132265638,0.00380172131827961,0.00364498504597981
ID_2KRTKC,3.54214609318244e-05,2.41534954858945e-05,0.000369847557852859,0.000342537329930465,0.000519289208793061,0.000514327585428468
ID_4Y0VT3,2.57209160246337e-05,1.80242465442747e-05,4.88904095816767e-05,4.27403061630917e-05,5.76812451496952e-05,5.64532660167098e-05
ID_7ZY0NG,3.72582665677588e-05,3.61063030625526e-05,3.72582665677588e-05,3.61063030625526e-05,3.79581802323071e-05,3.64866611362435e-05
ID_H0LTUX,0.000406553815248593,0.000364442114151139,0.001341948517003,0.00128969947685136,0.001341948517003,0.00128969947685136
ID_NQZ2IX,0.00643723202571883,0.00652168340496299,0.00714600429140304,0.0070414797219673,0.00714600429140304,0.0070414797219673
ID_RI54E7,0.00022756668069431,0.000246377828559125,0.00022756668069431,0.000246377828559125,0.000364027691508295,0.000394295253505096
ID_REBSF2,1.6332369765448e-05,1.10882689209272e-05,6.81210849665722e-05,5.89594143725098e-05,6.81210849665722e-05,5.89594143725098e-05
ID_OORS9Y,9.55492336822966e-05,9.94348840178558e-05,0.000241793122288009,0.000241464567403753,0.000241793122288009,0.000241464567403753
ID_9UO8QX,0.00643723202571883,0.00652168340496299,0.00714600429140304,0.0070414797219673,0.00714600429140304,0.0070414797219673
ID_S015G9,8.95075191262831e-05,8.58140814900381e-05,9.46925858014769e-05,9.04990414752394e-05,9.46925858014769e-05,9.04990414752394e-05
ID_C8HFHN,0.000140640221756265,0.000135852740386058,0.000140640221756265,0.000135852740386058,0.000140640221756265,0.000135852740386058
ID_IK48F6,7.7397078973945e-05,8.17128868794661e-05,7.7397078973945e-05,8.17128868794661e-05,7.7397078973945e-05,8.17128868794661e-05
ID_1UREW6,0.000180494819704053,0.000132677547021465,0.000463613580098227,0.000453317220735725,0.000463613580098227,0.000453317220735725
ID_4APUQG,0.000657192669770847,0.000565509093067285,0.000657192669770847,0.000565509093067285,0.000657192669770847,0.000565509093067285
ID_6TS54L,4.13240755485736e-05,3.24113619182585e-05,8.2317365126645e-05,7.56360805972041e-05,8.2317365126645e-05,7.56360805972041e-05
ID_Z548DO,7.05393308036228e-05,6.16544203241721e-05,0.00017006559620346,0.000157290978918194,0.00017006559620346,0.000157290978918194
ID_RI8Y4C,0.000218966043450368,0.000211469192096544,0.000218966043450368,0.000211469192096544,0.000218966043450368,0.000211469192096544
ID_H3YES4,0.00921405110075684,0.00888288984032958,0.0127902658654123,0.013592183068556,0.0127902658654123,0.013592183068556
ID_KUD6LS,4.14865821579003e-05,3.48006301656613e-05,7.98152080911553e-05,7.17660624947769e-05,0.000112087860509312,0.000106225713035751
ID_5HUIA4,5.47729481139932e-05,4.02382528246669e-05,0.000137835681801202,0.000122141010476031,0.000164449813156119,0.000154480175813908
ID_3P5A12,0.00030506378580651,0.000345314344069908,0.000462756796884443,0.00047186406582245,0.000462756796884443,0.00047186406582245
ID_HK96CL,0.0195252284325221,0.0158722273940469,0.0918412825523143,0.0864522190517552,0.0918412825523143,0.0864522190517552
ID_N526QO,0.00547126444506127,0.00482419272122786,0.00547126444506127,0.00482419272122786,0.00547126444506127,0.005443939289581
ID_NK8O2D,0.000179416866336481,0.000203252443487467,0.000241354854077914,0.000244585209525872,0.000241354854077914,0.000244585209525872
ID_JL96S9,0.000150581668874848,0.000138279534005916,0.000348611660535128,0.000339527218439269,0.000348611660535128,0.000339527218439269
ID_UHZ22Y,0.000116859579457825,0.000119515822091432,0.000282680232807053,0.000298882458501683,0.000282680232807053,0.000298882458501683
ID_1SUIYY,0.000385639993350198,0.000315823321472502,0.000944637518256872,0.00101050647297204,0.000944637518256872,0.00101050647297204
ID_0MM662,1.45347613322479e-05,9.99918800896776e-06,6.54559363266171e-05,5.99381811530644e-05,9.49487051035314e-05,9.26141634027365e-05
ID_KVI6CR,0.00011278966397657,8.44866569885043e-05,0.000386778967082838,0.000360826301293781,0.000581149684536461,0.00059480600215543
ID_FI6W81,0.099142445061653,0.118202005896696,0.215573256585485,0.205790323127748,0.215573256585485,0.205790323127748
ID_004DL7,3.30134943672134e-05,2.56859158433085e-05,6.48055203857414e-05,5.62830260288713e-05,6.66490558640196e-05,6.62981449969833e-05
ID_QXDDYU,0.000114928269295629,9.25770341727696e-05,0.000608853615831358,0.000569460782979071,0.000608853615831358,0.000569460782979071
ID_9856FP,3.81104773780189e-05,2.86956647794346e-05,0.000261680296586965,0.000239651804376723,0.000261680296586965,0.000239651804376723
ID_3W1C1M,8.95865224206971e-05,9.83515702419539e-05,8.95865224206971e-05,9.83515702419539e-05,8.95865224206971e-05,9.83515702419539e-05
ID_5O17MO,2.24085428244517e-05,1.75373311526464e-05,0.000151307827902543,0.000140478430290248,0.000416297828058436,0.000418688131974493
ID_Z7GKAM,0.068533218775952,0.0778655383831262,0.22642101422768,0.211841564288305,0.22642101422768,0.211841564288305
ID_AAG1MX,5.47729481139932e-05,4.02382528246669e-05,0.000137835681801202,0.000122141010476031,0.000164449813156119,0.000154480175813908
ID_STP6PQ,0.00598956547338714,0.00622357217989884,0.00598956547338714,0.00622357217989884,0.00598956547338714,0.00622357217989884
ID_YLK0WQ,7.67202924817255e-05,7.50695802882037e-05,0.000339731846873921,0.000363930471243849,0.000339731846873921,0.000363930471243849
ID_FPANRJ,3.80177181165575e-05,2.93015297421753e-05,6.88514232579144e-05,6.25420616587268e-05,6.88514232579144e-05,6.25420616587268e-05
ID_WFD1TM,6.77199544244909e-05,6.40165871738253e-05,0.000108740281230547,0.000100648829461287,0.0001100946202153,0.000109152415129379
ID_O6NVIA,2.20068393296129e-05,1.84049963065798e-05,2.20068393296129e-05,1.84049963065798e-05,2.20068393296129e-05,1.84049963065798e-05
ID_W4YLRK,4.99419472962712e-05,4.04190737034369e-05,0.000101289932814638,9.20525807961853e-05,0.000101289932814638,9.20525807961853e-05
ID_YXAL4N,1.96585891244341e-05,1.29073425202896e-05,6.97421787888219e-05,6.14683585604414e-05,6.97421787888219e-05,6.14683585604414e-05
ID_KERY7T,0.0201294461166322,0.0175252175462707,0.0209065074744521,0.021520068217262,0.0209065074744521,0.021520068217262
ID_6GRKUL,2.7819725764403e-05,2.10685705785603e-05,4.71435103729518e-05,4.12227128812247e-05,5.29179116946565e-05,5.1432991229311e-05
ID_FQ80WS,0.000345288020071142,0.000312462842451032,0.000345288020071142,0.000312462842451032,0.000345288020071142,0.000312462842451032
ID_X8YETU,5.22140893829732e-05,4.35173347753315e-05,0.000292056408251491,0.000262396971450112,0.000292056408251491,0.000262396971450112
ID_RUYJOV,7.52519555807799e-06,5.61360144191135e-06,2.60535876449177e-05,2.29031798042807e-05,2.60535876449177e-05,2.44258879434798e-05
ID_G4DDGB,5.92529044802664e-05,5.78473938817266e-05,7.1085254145286e-05,6.4993096681574e-05,7.1085254145286e-05,6.4993096681574e-05
ID_D0XOZS,4.13119207947278e-05,3.22661588123928e-05,8.3834540859379e-05,7.67590144202111e-05,8.3834540859379e-05,7.67590144202111e-05
ID_8IHXOY,2.93191083006166e-05,2.56893236107658e-05,4.36381976001156e-05,3.90659288340706e-05,6.37828348028678e-05,6.20499913083003e-05
ID_RNSP8B,0.00816173720912841,0.00744372625800549,0.0105181635153305,0.0101362558814559,0.0109030921286381,0.0114961235548094
ID_744B0S,5.36639339218283e-05,4.05205673019539e-05,0.000287748098487608,0.000262479986178016,0.000287748098487608,0.000262479986178016
ID_UIOBYK,6.72328789311398e-05,5.38105819590341e-05,0.000189392188149854,0.000169355745852264,0.000189392188149854,0.000169355745852264
ID_DJLRHI,2.65820551513305e-05,2.08567891547648e-05,0.000189795525077476,0.000173559174586634,0.000189795525077476,0.000180719745199777
ID_1N0WJJ,3.27268001655382e-05,2.81139669056514e-05,4.62464844112914e-05,4.16425819006659e-05,5.49548195692789e-05,5.25041599806688e-05
ID_A7DKT7,1.59226962940243e-05,1.00567535446541e-05,8.103662825302e-05,7.12306797095874e-05,8.103662825302e-05,7.12306797095874e-05
ID_897NU8,7.13795811918628e-05,6.96960860561974e-05,0.000168316679626633,0.000163139221997248,0.000168316679626633,0.000163139221997248
ID_KEMXON,9.44486433210459e-06,6.69526842787935e-06,2.38222233829147e-05,2.01971895977417e-05,3.8516215095167e-05,3.65408248675768e-05
ID_GRCY09,0.000270481467035535,0.000288810792602526,0.000300834974078154,0.000301856297129357,0.000347690882354425,0.000359362513344278
ID_EUISRV,0.000221403227082976,0.000201579451790865,0.00176200334539127,0.00169915145785524,0.00176200334539127,0.00169915145785524
ID_IU4G95,0.000152064196310468,0.000166984775744454,0.000273599554529376,0.000274674448511746,0.000273599554529376,0.000274674448511746
ID_EUSZBN,0.000149703758859524,0.000178380537717573,0.000149703758859524,0.000178380537717573,0.000149703758859524,0.000178380537717573
ID_D69JXQ,0.049312965056538,0.045708190044193,0.109823121990437,0.107270742169399,0.109823121990437,0.107270742169399
ID_3BPFHK,0.638060268086357,0.688816525405917,0.646831588211968,0.688816525405917,0.646831588211968,0.688816525405917
ID_MLY1IW,0.000198620935461444,0.000214202677750017,0.000198620935461444,0.000214202677750017,0.000198620935461444,0.000214202677750017
ID_YRLG4Z,0.470837481729111,0.531945430638398,0.701438848200873,0.728796018699494,0.701438848200873,0.728796018699494
ID_HQ0DQ7,6.83329767746693e-06,4.1795868413215e-06,8.92765748688822e-05,7.69505122978697e-05,8.92765748688822e-05,7.69505122978697e-05
ID_AIEZLX,0.560277941062525,0.611264143466705,0.560277941062525,0.611264143466705,0.560277941062525,0.611264143466705
ID_J8AEJ1,7.42014941506053e-05,7.19676231772593e-05,7.83411990853999e-05,7.19676231772593e-05,7.83411990853999e-05,7.19676231772593e-05
ID_N8L8HZ,0.000100157026971012,8.32116701470272e-05,0.000542430822156376,0.000545515367987197,0.000542430822156376,0.000545515367987197
ID_3KN8NF,9.89738607084913e-05,7.33726892680652e-05,0.00046206452269285,0.00045605837862599,0.000512765408708544,0.000565416063939114
ID_HIWMGH,3.13888025930348e-05,2.34705152668389e-05,8.76547727689161e-05,8.09775604301981e-05,8.76547727689161e-05,8.09775604301981e-05
ID_ZR9LL7,3.53494635347502e-05,2.82627434473358e-05,6.41196703188124e-05,5.73904698278737e-05,6.41196703188124e-05,5.73904698278737e-05
ID_LEDDTJ,0.00356850467446554,0.00364700484756261,0.00498084546388907,0.0054232478757157,0.00498084546388907,0.0054232478757157
ID_OF67ZH,0.00243373940954493,0.0025764441123659,0.00243373940954493,0.0025764441123659,0.00243373940954493,0.0025764441123659
ID_N7EE5X,0.693448657132276,0.734905255010675,0.747181175520816,0.769340293583546,0.747181175520816,0.769340293583546
ID_6QKMNI,0.0111649133965389,0.0110390813261018,0.0111649133965389,0.0110390813261018,0.0111649133965389,0.0110390813261018
ID_E9HXCI,0.000113485876680488,7.48960896277144e-05,0.000113485876680488,8.79112346296931e-05,0.000113485876680488,8.79112346296931e-05
ID_390114,3.58774750067361e-05,3.35640883448728e-05,6.08447815300663e-05,5.43063966125969e-05,8.9263529660588e-05,8.66398689209082e-05
ID_N7FKWB,2.78182038142518e-05,2.12218161989302e-05,4.76816001836316e-05,4.19928806646663e-05,4.91297709448558e-05,4.69949057347414e-05
ID_EFQEXF,0.000392861804286671,0.000409902555784488,0.00053575738867241,0.000505437702824056,0.00053575738867241,0.000505437702824056
ID_C1UEMJ,7.81358445065393e-05,5.8526396901769e-05,0.000237979264281124,0.000203974232386238,0.000237979264281124,0.000203974232386238
ID_P3LV6I,7.3754210857175e-05,5.94951236383127e-05,0.000246139010329154,0.000208694094496069,0.000246139010329154,0.000208694094496069
ID_H5U4U0,0.114336459575017,0.129768220636022,0.114336459575017,0.129768220636022,0.141520927454686,0.154599036970035
ID_5IQK6W,0.000329924789559175,0.000347504393564842,0.00066349827431881,0.000689051290378832,0.000728483232864118,0.000760724587034947
ID_RB8D8D,1.9291919093424e-05,1.45512230567132e-05,4.05827869428928e-05,3.52875205055644e-05,4.05827869428928e-05,3.52875205055644e-05
ID_TDYO22,2.79903696829455e-05,2.24990962596824e-05,0.000230494743296271,0.000223094626767919,0.000230494743296271,0.000223094626767919
ID_46KU2G,7.58612879056334e-05,5.76712084718405e-05,7.58612879056334e-05,5.76712084718405e-05,7.58612879056334e-05,6.58688836600047e-05
ID_G7GY5M,9.22402594110478e-06,6.35570940910675e-06,2.49987523405627e-05,2.08716898642509e-05,2.8406620851437e-05,2.66954119196693e-05
ID_HUF4P7,4.09848765200871e-05,3.18465643016163e-05,7.87385882376972e-05,7.1165158740686e-05,7.87385882376972e-05,7.1165158740686e-05
ID_M0F7GN,1.65051686432603e-05,1.16379081175405e-05,2.67743361926616e-05,2.34797855351658e-05,3.50202460279615e-05,3.39608470435516e-05
ID_NSAKGY,3.28757913773972e-05,2.44655432515201e-05,0.000160197848511757,0.000143263486416025,0.000160197848511757,0.000143263486416025
ID_QTR8MC,0.000233837131964506,0.0002347901800332,0.000654815392475908,0.000631208696297051,0.000654815392475908,0.000631208696297051
ID_0H0H1X,7.53201675410553e-05,6.86383792396185e-05,0.00013861757420518,0.000125950305942331,0.00013861757420518,0.000125950305942331
ID_HQD8DQ,2.21005738536751e-05,1.39729354046557e-05,0.00039200706481417,0.000342545405432387,0.00039200706481417,0.000342545405432387
ID_IT01YY,4.49811834250849e-05,4.16539106738303e-05,9.38496909377309e-05,8.46301109826573e-05,9.38496909377309e-05,8.46301109826573e-05
ID_YBET63,0.000442143727898078,0.000347288107272326,0.0045050467371908,0.00428096531396382,0.0045050467371908,0.00428096531396382
ID_L4O697,7.47700146718975e-05,8.12530816255741e-05,7.47700146718975e-05,8.12530816255741e-05,7.47700146718975e-05,8.12530816255741e-05
ID_GKDTYW,9.16743162083762e-05,8.55842249153516e-05,0.000137259600982922,0.000127962265171798,0.000137259600982922,0.000127962265171798
ID_AHVSYQ,8.97620772514824e-05,9.63653594232635e-05,8.97620772514824e-05,9.63653594232635e-05,8.97620772514824e-05,9.63653594232635e-05
ID_0JVF3K,0.00569033290516352,0.00479936204815893,0.00899607002234815,0.00882502847920247,0.00899607002234815,0.00882502847920247
ID_HDCRX0,2.43055483901091e-05,1.77231539269947e-05,0.000152493961414493,0.000135226171138263,0.000152493961414493,0.000135226171138263
ID_D5IC1O,3.23788844229884e-05,2.26869891022211e-05,4.55944612940574e-05,4.00818954048251e-05,6.1838297930491e-05,6.02631712855211e-05
ID_UR5OFA,6.82150735583326e-05,4.89479968577923e-05,0.00018912396519129,0.000163304912709702,0.000244933472928518,0.000241211771580533
ID_19BEFN,0.000148137455693426,0.000149256753356233,0.000247662060474409,0.000261693939552579,0.000247662060474409,0.000261693939552579
ID_WNJ45A,0.0189792065801752,0.0154575206357928,0.0512754521208212,0.0557897775126897,0.0645761513184583,0.0662588486866256
ID_2LDNB9,0.000130683978423538,0.000107342615576143,0.000586467744223217,0.000559339114461702,0.000586467744223217,0.000559339114461702
ID_PLYHE5,0.00356850467446554,0.00364700484756261,0.00498084546388907,0.0054232478757157,0.00498084546388907,0.0054232478757157
ID_MLN1KY,3.76013014568813e-05,2.5608662540918e-05,0.00016973132780777,0.000154331338783441,0.00016973132780777,0.000154331338783441
ID_2FK7L8,9.70351427578526e-05,8.65489428515893e-05,0.000664315940236984,0.00058908446525868,0.000664315940236984,0.00058908446525868
ID_P1OKAO,0.00858642879217631,0.00794044516091539,0.0100231846520654,0.0106555617242815,0.0100231846520654,0.0106555617242815
ID_3BAARO,6.73861718026962e-05,6.68019486738523e-05,9.53577505387359e-05,9.02836838687759e-05,9.53577505387359e-05,9.30396495886993e-05
ID_8UL5RI,0.00320984128517011,0.00300046944491598,0.00651920344088782,0.0063959760974523,0.00651920344088782,0.0063959760974523
ID_UKASHO,0.000185734752567323,0.000212424295886465,0.000201780062140702,0.000215039114766025,0.000201780062140702,0.000215039114766025
ID_1YO3DO,0.000138257000084673,0.000151569056763505,0.000138257000084673,0.000151569056763505,0.000168435373773922,0.000167529774244488
ID_BSI938,0.000118926978993184,0.000129058471090604,0.000256326341100259,0.000274478660315347,0.000256326341100259,0.000274478660315347
ID_OH3I7S,6.2535396233369e-05,5.41693209368991e-05,0.000202418601887022,0.000204636976944371,0.000202418601887022,0.000204636976944371
ID_K1L86J,0.0926502388220911,0.0920752979873554,0.125207471142568,0.120653869416964,0.184583120518244,0.188405126049093
ID_8PAGNV,0.00578318099629905,0.00394228652787067,0.0189841385133559,0.0166823318917895,0.0296113967545571,0.0284731025116953
ID_VQ9S5D,2.21099753409974e-05,1.42140720669217e-05,7.91720557955048e-05,6.99258824217514e-05,7.91720557955048e-05,6.99258824217514e-05
ID_RWRYQ1,0.000218212514474903,0.000214832447687889,0.00065977565535063,0.000660541199716426,0.00065977565535063,0.000660541199716426
ID_RR3CDL,0.00320984128517011,0.00300046944491598,0.00651920344088782,0.0063959760974523,0.00651920344088782,0.0063959760974523
ID_8AII57,2.46631496940577e-05,1.93112262911686e-05,0.000145373148445764,0.000134031300958131,0.000145373148445764,0.000134031300958131
ID_FC0BNP,5.47729481139932e-05,4.02382528246669e-05,0.000137835681801202,0.000122141010476031,0.000164449813156119,0.000154480175813908
ID_23EVXZ,1.27343195485858e-05,8.80108484152178e-06,2.31002906454379e-05,2.05247371341923e-05,2.33473362171973e-05,2.19551445196209e-05
ID_KHQLO9,9.12486342154586e-05,8.80362616577084e-05,0.000154147319031448,0.000155837000008938,0.000154147319031448,0.000155837000008938
ID_X06P29,4.58606796853946e-05,3.55766941624135e-05,9.7756710359472e-05,9.12355485140501e-05,9.7756710359472e-05,9.12355485140501e-05
ID_QRPH0R,0.000124021621914374,0.000103346116454054,0.000124021621914374,0.000103346116454054,0.000124021621914374,0.000115357278252845
ID_ZYEPM4,0.00166612987577185,0.00154602363094027,0.00631253390496232,0.00650089588968203,0.00631253390496232,0.00657820030937981
ID_XFDKO4,0.00357991568284889,0.00397497212189317,0.00357991568284889,0.00397497212189317,0.00367728832444538,0.00397497212189317
ID_1LR5GS,0.00357991568284889,0.00397497212189317,0.00357991568284889,0.00397497212189317,0.00367728832444538,0.00397497212189317
ID_X1U8KM,7.07182386786504e-05,6.14016177088379e-05,0.000113473712958815,0.000104882782295005,0.000113473712958815,0.000110463861769887
ID_ZGKPYC,0.05943124771721,0.0473081551066952,0.0650192768231281,0.0621808248992204,0.0650192768231281,0.0621808248992204
ID_BKDCXA,4.60070242585723e-05,3.11848399686484e-05,8.4910501971804e-05,7.57975132321978e-05,8.70087420421316e-05,8.5090193398597e-05
ID_4JFJ04,0.00287610625536505,0.00284253430286597,0.00287610625536505,0.00284253430286597,0.00287610625536505,0.00284253430286597
ID_M8HQVC,2.82163833393958e-05,2.49134720895864e-05,0.000107211129564607,0.000101201037821739,0.000107211129564607,0.000101201037821739
ID_JAHUY4,1.36115986905333e-05,1.02074401741381e-05,2.92654657048983e-05,2.50402749539568e-05,2.92654657048983e-05,2.50402749539568e-05
ID_OFXODK,8.81429102261785e-05,0.000103115096968993,8.81429102261785e-05,0.000103115096968993,8.81429102261785e-05,0.000103115096968993
ID_99E1R1,0.000325266175426379,0.000365125093663767,0.000325266175426379,0.000365125093663767,0.000325266175426379,0.000365125093663767
ID_GX7MD3,0.000405545041599017,0.000365774983428797,0.000405545041599017,0.000365774983428797,0.000405545041599017,0.000365774983428797
ID_VD6HTN,0.000216820268967575,0.000162901064808691,0.000486054545044669,0.000493508244517602,0.000486054545044669,0.000493508244517602
ID_9CLKA6,3.96695239971872e-05,2.83191074521407e-05,0.000167047270400349,0.000155637299661415,0.000167047270400349,0.000155637299661415
ID_4R3SGT,6.90034103475649e-05,5.19637886165422e-05,0.000109111905095353,0.000100937930194115,0.000109111905095353,0.000101185792801746
ID_6072SC,0.000106146832948848,8.02614046381395e-05,0.000106146832948848,8.02614046381395e-05,0.000124287983061912,0.000121852425103706
ID_83J5WV,1.7075330402755e-05,1.04183636513729e-05,6.61306943019082e-05,5.59908952641306e-05,6.61306943019082e-05,5.59908952641306e-05
ID_YUJ38B,0.00287610625536505,0.00284253430286597,0.00287610625536505,0.00284253430286597,0.00287610625536505,0.00284253430286597
ID_7SDSE9,6.0823751570437e-06,3.66221593197874e-06,7.6590872164943e-05,6.59481239851582e-05,7.6590872164943e-05,6.59481239851582e-05
ID_XJ8UQJ,7.47700146718975e-05,8.12530816255741e-05,7.47700146718975e-05,8.12530816255741e-05,7.47700146718975e-05,8.12530816255741e-05
ID_3240TG,0.0306076972625149,0.0351944021113103,0.0306076972625149,0.0351944021113103,0.0306076972625149,0.0351944021113103
ID_QW7JWQ,0.000125611075403374,0.000115890704392039,0.000125611075403374,0.000115890704392039,0.000125611075403374,0.000115890704392039
ID_8O2G7K,0.000469832064850906,0.000385434178987037,0.000469832064850906,0.000389627408579583,0.000469832064850906,0.000389627408579583
ID_FWAHKC,0.0009291635585254,0.000550537037915457,0.00334788650185431,0.00319988132265638,0.00380172131827961,0.00364498504597981
ID_8EYJ8O,4.0751637286511e-05,3.28461120261907e-05,8.09443311101978e-05,7.51971758505746e-05,8.09443311101978e-05,7.51971758505746e-05
ID_DNX620,0.0145318020379884,0.0124153094913865,0.0145318020379884,0.0124153094913865,0.0145318020379884,0.0143932408058906
ID_NPWZU6,9.95911316580063e-05,8.92678712008754e-05,0.000113599361230524,0.000104536198514162,0.000113599361230524,0.000104536198514162
ID_11K6P1,0.0112519697518842,0.00988164901174052,0.0112519697518842,0.00988164901174052,0.0112519697518842,0.00988164901174052
ID_H3GX6C,2.48186598278782e-05,1.99864475719148e-05,6.33512410921635e-05,5.56071960139728e-05,0.000102242231922309,9.88882666705114e-05
ID_7Y58VC,0.00023196678029603,0.000259426359066867,0.00023196678029603,0.000259426359066867,0.00023196678029603,0.000259426359066867
ID_ET1AOI,0.000338581192411733,0.000381961915592519,0.000338581192411733,0.000381961915592519,0.000338581192411733,0.000381961915592519
ID_J55FHB,0.012832843787156,0.0112894767222026,0.012832843787156,0.0112894767222026,0.012832843787156,0.0112894767222026
ID_LIIIBA,0.0219197615461785,0.019807711162975,0.0398534172304664,0.0385388584417904,0.0500990970130563,0.0483048076350479
ID_5A0PRD,2.97107536315894e-05,2.12422031084968e-05,8.1236754902485e-05,7.31456749553791e-05,0.000114075782470217,0.000114804705667679
ID_DMI52X,6.74151909963698e-06,4.61978892788614e-06,2.40193555174198e-05,2.074284242273e-05,2.51600929737492e-05,2.41417559125599e-05
ID_T02E3F,0.00228352116214917,0.00177990059002544,0.00711804869665379,0.0067934671203221,0.00711804869665379,0.0067934671203221
ID_N1RPR3,0.00217549407472484,0.00249076149894844,0.00635874868558101,0.00702962165750771,0.00635874868558101,0.00702962165750771
ID_PPJ0Q7,3.71283526793704e-05,2.89537549167668e-05,6.58574686556408e-05,5.76908163300176e-05,6.58574686556408e-05,5.76908163300176e-05
ID_S7GFPP,5.12606875613435e-05,3.37197654257448e-05,6.2796614974656e-05,5.27343903642128e-05,8.73724407991969e-05,8.35247444134796e-05
ID_PYWPUB,9.32954861264996e-05,9.71256341233538e-05,0.00034567334737396,0.000347383030925986,0.00034567334737396,0.000347383030925986
ID_NQ0HE6,0.00292748614926192,0.00225392654666279,0.00937244583069981,0.00903121739802255,0.01447133017792,0.0151555859601126
ID_Z8OE4O,0.0116779424231724,0.0117247355690434,0.0116779424231724,0.0117247355690434,0.0130207403187687,0.014060570455495
ID_22FKG1,3.80542786938921e-05,3.86504551119911e-05,3.80542786938921e-05,3.86504551119911e-05,3.80542786938921e-05,3.86504551119911e-05
ID_1JNSPA,0.0168465652887684,0.013498545451586,0.0195878865442475,0.0190863967480413,0.0195878865442475,0.0190863967480413
ID_C9EOF9,1.51851570004133e-05,1.03891173390029e-05,6.24214064966317e-05,5.64191096531935e-05,8.32879058476672e-05,8.04523663128275e-05
ID_E958NN,4.7623504013079e-05,4.03322112242104e-05,0.000198221525058153,0.000178450531826517,0.000198221525058153,0.000178450531826517
ID_0RHXLP,2.48215075263171e-05,1.76512224796552e-05,6.09573030139628e-05,5.4114069005719e-05,6.09573030139628e-05,5.4114069005719e-05
ID_09QFQF,2.92248521446824e-05,2.15826889057854e-05,7.20759824126717e-05,6.54426450243126e-05,0.000101780718570346,0.000103407969209545
ID_Q9IZA8,0.000136894481925341,0.000130161557423619,0.000289335505049239,0.000290726601172969,0.000612717709045039,0.000656808333878806
ID_BGOJK7,0.000160762785869143,0.000159779651107382,0.000510888602566607,0.000475133088614237,0.000510888602566607,0.000475133088614237
ID_G5CBCM,1.69863363404114e-05,1.31193744621933e-05,7.57754626947287e-05,6.74731808625007e-05,8.23731172534719e-05,7.94943954059945e-05
ID_NGO91I,5.5520889343343e-05,5.13270857829167e-05,0.000175501594492755,0.00016572219685751,0.000175501594492755,0.00016572219685751
ID_EXDP8Y,4.9424305875364e-05,5.09599968764425e-05,4.9424305875364e-05,5.09599968764425e-05,4.9424305875364e-05,5.09599968764425e-05
ID_1UYUHI,5.22140893829732e-05,4.35173347753315e-05,0.000292056408251491,0.000262396971450112,0.000292056408251491,0.000262396971450112
ID_S2ISZ6,0.000527650625743,0.000640414300909953,0.000527650625743,0.000640414300909953,0.000527650625743,0.000640414300909953
ID_7Q07MF,0.00703099655715433,0.00630028719191359,0.00703099655715433,0.00630028719191359,0.00703099655715433,0.00630028719191359
ID_NYYJM9,4.32236836189323e-05,3.96685052255209e-05,7.41152721111144e-05,6.7375241198175e-05,9.10033739821045e-05,8.97110551316861e-05
ID_JGCMOM,0.00010434643437646,0.000112657017808335,0.00010434643437646,0.000112657017808335,0.00010434643437646,0.000112657017808335
ID_NI4J6I,5.892758359036e-06,3.7136519855845e-06,3.83219915805412e-05,3.23159165632326e-05,3.83219915805412e-05,3.23159165632326e-05
ID_2UB21W,3.73804100378128e-05,3.00689871269338e-05,0.000138323917612246,0.000125191542476495,0.000138323917612246,0.000125191542476495
ID_A11EEW,0.000199040235023445,0.000147483504051841,0.000859872669744749,0.000827372630473717,0.00113474873078768,0.0010873066621635
ID_2CCRSP,0.000156745072671815,0.000189561476694553,0.000172601800668059,0.000189561476694553,0.000172601800668059,0.000189561476694553
ID_T58A3E,0.0009291635585254,0.000550537037915457,0.00334788650185431,0.00319988132265638,0.00380172131827961,0.00364498504597981
ID_ZFJSZL,9.27155385497657e-05,9.66033068232066e-05,0.000185978153786635,0.000184207662942678,0.000185978153786635,0.000184207662942678
ID_SP8RIP,1.53006696484068e-05,9.15557054268121e-06,2.08357547821896e-05,1.70145394064102e-05,2.30888207630308e-05,2.13504538913034e-05
ID_YBTPCY,1.70195202445214e-05,1.01085636385557e-05,3.52879512233482e-05,2.98311276378831e-05,5.86697634792736e-05,5.52159457128166e-05
ID_0ZINW1,3.91301696322317e-05,3.86680490048645e-05,5.14404621726037e-05,4.73211296378148e-05,5.14404621726037e-05,4.73211296378148e-05
ID_MXKXHH,7.22418170370232e-06,5.00424506942048e-06,2.5022366201486e-05,2.16226847382729e-05,2.51393578328261e-05,2.41111660882272e-05
ID_S86C7K,4.2382947026126e-05,3.37199784055717e-05,0.000116337301487474,0.000106104789761755,0.000116337301487474,0.000106104789761755
ID_PGEE11,1.28804528644698e-05,8.5870433535709e-06,4.63541652286773e-05,3.81983926534136e-05,4.63541652286773e-05,4.27115799545263e-05
ID_WFSRDW,0.000102511815448761,0.000101733318678772,0.000102511815448761,0.000101733318678772,0.000102511815448761,0.000101733318678772
ID_95B75E,0.00011130916492737,8.35812095605826e-05,0.00011130916492737,8.35812095605826e-05,0.000118904930710104,0.000114794180526525
ID_ERLXBG,4.45825824795801e-05,4.71294137948337e-05,4.45825824795801e-05,4.71294137948337e-05,4.45825824795801e-05,4.71294137948337e-05
ID_9JNJ9F,0.000407199866184241,0.000492092279782909,0.000407199866184241,0.000492092279782909,0.000407199866184241,0.000492092279782909
ID_FNPWIO,1.66552372662591e-05,1.2061067486612e-05,9.93262559299351e-05,8.72910406111743e-05,0.000103230804855667,9.87116589335015e-05
ID_BWIO8Z,1.02644996673871e-05,5.99458780827817e-06,3.67804258009502e-05,3.05604279435741e-05,3.67804258009502e-05,3.33034562382871e-05
ID_HG6O68,8.64463809443608e-06,5.37355695547667e-06,4.57395219368083e-05,4.19701311980058e-05,4.57395219368083e-05,4.19701311980058e-05
ID_WUYKXR,0.00147097731804087,0.00104857171377301,0.00478475395461547,0.004676195078926,0.00478475395461547,0.004676195078926
ID_4M4JIH,0.000132766123282646,0.000138953778907974,0.000132766123282646,0.000138953778907974,0.000132766123282646,0.000138953778907974
ID_MS1WPS,4.65651990756626e-05,4.02432999214667e-05,0.000142604858713429,0.000131922844611607,0.000142604858713429,0.000131922844611607
ID_L34AJW,4.69485842465262e-05,4.73019468403929e-05,6.39280031902083e-05,5.61545495341737e-05,7.19889090470196e-05,7.04558112466643e-05
ID_0TWM69,0.000232540274730614,0.000277158827368871,0.000232540274730614,0.000277158827368871,0.000232540274730614,0.000277158827368871
ID_9Z1OH9,1.98568541546604e-05,1.30534430692521e-05,4.58192280549395e-05,3.77934510747786e-05,5.58486405550123e-05,5.23684103102421e-05
ID_6Q3C3P,0.0413500713987688,0.0343160258131306,0.0413500713987688,0.0343160258131306,0.0820685440407509,0.0896521870824349
ID_5TLZMB,2.01938924654417e-05,1.36931651008556e-05,4.61817920559439e-05,3.79578904270146e-05,4.61817920559439e-05,3.79578904270146e-05
ID_5AS1RL,0.00690342723104617,0.004888035017699,0.0113150099859084,0.0101040381880365,0.0199668798420659,0.018988559724727
ID_WULH1Z,3.26343925273127e-05,3.06378886934183e-05,8.65614634706351e-05,7.86834758171524e-05,8.65614634706351e-05,7.86834758171524e-05
ID_XO0E78,4.11353840702334e-05,2.36343463817647e-05,8.30192739413206e-05,7.00546035291532e-05,0.000124746767163581,0.000114208352815672
ID_DZ75HC,0.000127477262473806,0.00013299091513284,0.000127477262473806,0.00013299091513284,0.000127477262473806,0.00013299091513284
ID_P1YZ4X,0.000894981439782744,0.00108345849855877,0.000894981439782744,0.00108345849855877,0.000894981439782744,0.00108345849855877
ID_T5VKMK,5.01658299823066e-05,4.26482040942695e-05,5.82339858994382e-05,5.23131366556089e-05,5.82339858994382e-05,5.66381641355891e-05
ID_SIXKWK,3.9461256923345e-05,3.38085541133918e-05,9.15023726749244e-05,8.4542003029073e-05,9.15023726749244e-05,8.4542003029073e-05
ID_RWCBV3,2.53619848731017e-05,1.78479041596874e-05,0.000151431938587316,0.000133970637130793,0.000169913075610418,0.000164451611863275
ID_LM0UJO,2.2556643882711e-05,1.76983193631048e-05,4.90550792288667e-05,4.51675791041266e-05,5.15693942159866e-05,4.88077262778236e-05
ID_2TZLAV,0.00166146624713223,0.00144646734037533,0.00198883504133687,0.0019733480508606,0.00252926754059495,0.00255397764104128
ID_5NP8O2,5.17828891904731e-05,4.45624988301483e-05,5.17828891904731e-05,4.45624988301483e-05,8.95686874424957e-05,8.6223530515242e-05
ID_F91RCT,0.00120487647101213,0.000963861031050075,0.00146673928623628,0.00129590910182014,0.00146673928623628,0.00137398735045812
ID_JAF898,2.95271343951147e-05,1.97119715780302e-05,0.000416057814101064,0.000357336649969999,0.000416057814101064,0.000357336649969999
ID_19LZOV,0.00265609208603579,0.00232669315205008,0.00756638525763676,0.00812450825473584,0.0100064716916117,0.011239698453184
ID_8K23T6,9.32938698452889e-05,9.91444811352632e-05,9.32938698452889e-05,9.91444811352632e-05,9.32938698452889e-05,9.91444811352632e-05
ID_AKH3DX,7.16329741937429e-05,5.74027930158166e-05,0.000456622295056181,0.000445622272163901,0.000783753490672858,0.000798059516915104
ID_3GMYTY,9.4703890395202e-05,7.91343592069704e-05,0.000145480966204493,0.000138060611155902,0.000145480966204493,0.000138060611155902
ID_7HA42W,1.6613537405743e-05,1.1825026516747e-05,1.6613537405743e-05,1.31000688381142e-05,1.85791271790045e-05,1.72415077590081e-05
ID_L6LRCQ,0.0044398104811326,0.00480179966595636,0.00458932179812927,0.00480179966595636,0.00520727046569324,0.00556378613360022
ID_LKVF8D,5.00417174284009e-05,3.92885473015352e-05,6.90530808733251e-05,6.41369044330912e-05,6.90530808733251e-05,6.41369044330912e-05
ID_KQ5EXO,0.000165235458703732,0.000130285307268956,0.000354529029848571,0.000305212965540072,0.00049325978408761,0.000495470903243148
ID_VT6L20,1.07284876568217e-05,7.25628173062948e-06,1.07284876568217e-05,8.69356372390175e-06,1.49875995975822e-05,1.37955464063512e-05
ID_JT0RBZ,0.0031097257507169,0.00317427001565827,0.0031097257507169,0.00317427001565827,0.0031097257507169,0.00317427001565827
ID_68PA5Q,1.57827945895249e-05,1.0163134907826e-05,0.000444196501335573,0.000432714606578685,0.000444196501335573,0.000432714606578685
ID_BIVWYY,0.00444346402685946,0.00357943305121997,0.0105696487176353,0.00978394532035748,0.0141854919048379,0.0142023734845843
ID_AE9R4L,0.000163719370751909,0.000151009238480353,0.000645113779608147,0.00062305781657689,0.000645113779608147,0.00062305781657689
ID_LVAH3V,7.78866927628299e-05,8.24907004705098e-05,7.78866927628299e-05,8.24907004705098e-05,7.78866927628299e-05,8.24907004705098e-05
ID_MLFWEC,2.87733594528622e-05,2.46924755391672e-05,5.32665368239194e-05,4.93045853320547e-05,5.32665368239194e-05,5.26599060835261e-05
ID_TUZVTJ,2.36997251392262e-05,1.5484516828506e-05,0.000219874028112031,0.000186541547880183,0.000262278790535401,0.000252276235006637
ID_YF4XAS,0.00532388495079017,0.0045883171755172,0.00532388495079017,0.0045883171755172,0.00582541543989851,0.00600158501302814
ID_GO0M2G,0.00459105576704503,0.00444464248450754,0.00459105576704503,0.00444464248450754,0.00459105576704503,0.00444464248450754
ID_U5RHRN,4.10490419139176e-05,3.4959982326867e-05,9.61539059776713e-05,9.17550794396877e-05,9.61539059776713e-05,9.17550794396877e-05
ID_RJFY9O,3.55955141074151e-05,2.68585426818363e-05,5.22911166794547e-05,4.63476882014695e-05,5.39708739869802e-05,5.26493530975671e-05
ID_Q3PK1O,3.2997475429703e-05,2.49095853780999e-05,5.54084679346586e-05,4.77474865794362e-05,5.83518464356187e-05,5.78572441214761e-05
ID_8F379N,5.54354088784971e-05,4.2475636138132e-05,0.000228078453881602,0.000195241167398236,0.000254505095095643,0.000240140630831325
ID_7DDTU6,8.57002421525986e-05,8.90617224141409e-05,8.57002421525986e-05,8.90617224141409e-05,8.57002421525986e-05,8.90617224141409e-05
ID_YXE8JJ,0.00968768551002017,0.00832196177184298,0.00968768551002017,0.00832196177184298,0.00988274059923716,0.0108755401006208
ID_FM47N0,7.94476953772962e-05,5.94264310322207e-05,7.94476953772962e-05,5.94264310322207e-05,8.43669984807955e-05,8.30649467485177e-05
ID_YS77QO,0.000134810670719642,0.000149769616893497,0.000134810670719642,0.000149769616893497,0.000134810670719642,0.000149769616893497
ID_V7NFWN,5.52261130861102e-05,5.48531085398037e-05,6.19843956961709e-05,5.55951344067129e-05,8.35214895260772e-05,8.14860369837552e-05
ID_LB396K,0.000412045162835547,0.000428847658494287,0.00091751764653521,0.000911314329329831,0.00091751764653521,0.000911314329329831
ID_47X9RR,0.000142220324702169,0.000129569651107859,0.000142220324702169,0.000129569651107859,0.000175566467617253,0.000164684821749876
ID_GWHZQX,3.53143654243177e-05,2.55685284772412e-05,0.000134065078980576,0.000119851284748193,0.000134065078980576,0.000119851284748193
ID_0919CJ,3.72425638104591e-05,3.00196686011705e-05,3.72425638104591e-05,3.00196686011705e-05,3.72425638104591e-05,3.00196686011705e-05
ID_W6BRD9,0.000134059819070862,0.000140647626592284,0.000134059819070862,0.000140647626592284,0.000134059819070862,0.000140647626592284
ID_8X19A2,8.38476928270013e-06,6.05596534047133e-06,2.08684409560552e-05,1.79916063363778e-05,2.56114898700766e-05,2.39743769471706e-05
ID_04Q0YM,3.9026690857497e-05,3.04971876397261e-05,7.59036066893077e-05,7.00980044466065e-05,7.59036066893077e-05,7.00980044466065e-05
ID_8EX44U,0.00122482896128273,0.00115930906802347,0.0610438587740494,0.0586720324132651,0.0839523369215343,0.0910141642322534
ID_7AMIMW,0.00879839783626068,0.00720865914897243,0.0169487535638243,0.0163422295678282,0.0169487535638243,0.0163422295678282
ID_2VZDEB,3.14007346536032e-05,2.37002046066542e-05,6.61709116383447e-05,6.00409520992266e-05,6.61709116383447e-05,6.00409520992266e-05
ID_6XOCO5,0.00640290204390723,0.00538202485807321,0.0106892529043359,0.0101685500637688,0.0214056995449818,0.0235962764247129
ID_YW34VH,0.0009291635585254,0.000550537037915457,0.00334788650185431,0.00319988132265638,0.00380172131827961,0.00364498504597981
ID_7HH5IO,0.000741168396945399,0.000818286654225266,0.000741168396945399,0.000818286654225266,0.000741168396945399,0.000818286654225266
ID_Y4B4O7,7.13055700334727e-05,7.02382123258436e-05,7.13055700334727e-05,7.02382123258436e-05,7.13055700334727e-05,7.02382123258436e-05
ID_7WZ9FK,2.76858345886867e-05,2.57288038033312e-05,0.000218108489011869,0.000202117581604321,0.000218108489011869,0.000202117581604321
ID_4S1COK,2.69344373412771e-05,2.10224573663402e-05,6.18500470142915e-05,5.75224638978487e-05,6.18500470142915e-05,5.75717217479231e-05
ID_513OKE,2.37135449999236e-05,1.85160821024836e-05,0.000196626423314193,0.000186355444905395,0.000196626423314193,0.000186355444905395
ID_UFQUML,0.000320438413405428,0.00031062874302978,0.000330525559679566,0.000312375302196546,0.000370891346462995,0.000371868901555379
ID_9H2JEC,8.38476928270013e-06,6.05596534047133e-06,2.08684409560552e-05,1.79916063363778e-05,2.56114898700766e-05,2.39743769471706e-05
ID_BMM6XG,0.000341926616263824,0.00035231953148666,0.00217428599185519,0.00245877788984305,0.00217428599185519,0.00245877788984305
ID_MYJQBV,0.000787459246208315,0.000577367325329778,0.000787459246208315,0.000625770052650191,0.00155853295133988,0.00161087246916973
ID_CI8CH1,0.000737066773577962,0.00050202706898277,0.000737066773577962,0.00050202706898277,0.00198961578581003,0.00215555255230499
ID_5A0ZN0,9.78155635536057e-05,9.72780302411296e-05,0.000110067636783728,0.000100500539332316,0.000115141316609311,0.000114002568679592
ID_2M35S8,0.00102412720943683,0.000994725166082904,0.0010244778521283,0.000994725166082904,0.0010244778521283,0.000994725166082904
ID_1619HA,4.38850482597457e-05,3.20321579162666e-05,0.000571794668343287,0.000596249484051022,0.000685112988563873,0.000711964679421591
ID_2AELK0,3.98592962219912e-05,3.46249484521205e-05,8.43847410605414e-05,8.09479942177897e-05,8.43847410605414e-05,8.09479942177897e-05
ID_43O6DO,5.71910264686177e-05,5.46174153248298e-05,6.25822052497956e-05,5.82298747752772e-05,6.25822052497956e-05,5.82298747752772e-05
ID_Y92YDT,3.67599830565463e-05,2.79151397921174e-05,8.33681582635321e-05,7.74242096089566e-05,8.33681582635321e-05,8.15787087212393e-05
ID_PKRBWM,0.000128966114049353,0.000131264269012093,0.000128966114049353,0.000131264269012093,0.000128966114049353,0.000131264269012093
ID_Y0ZP9O,0.00367631695483288,0.00294681840133062,0.0171207000622317,0.0169498383387951,0.0275284257378597,0.0271641233333322
ID_KCZDMC,2.92229046362923e-05,2.30773037989482e-05,7.59491673358288e-05,6.60616674481974e-05,7.59491673358288e-05,6.60616674481974e-05
ID_IPWW84,1.7135360419919e-05,1.04856338831801e-05,0.000274339193727804,0.00023782171607618,0.000274339193727804,0.00023782171607618
ID_TWJQGO,2.84449531044451e-05,1.6556213558933e-05,0.000110734310360812,9.39783377242768e-05,0.000122259519165074,0.000121803719605775
ID_L7KG54,5.98252821562491e-05,5.48948230307452e-05,5.98252821562491e-05,5.48948230307452e-05,5.98252821562491e-05,5.48948230307452e-05
ID_CSM246,0.0582013586897002,0.0533591149275728,0.0582013586897002,0.0533591149275728,0.0582013586897002,0.0572491186796378
ID_ZA03TJ,0.348140817558092,0.39807689957063,0.502601411386402,0.518848265543591,0.502601411386402,0.518848265543591
ID_QNWUIA,3.22265163537369e-05,2.02301641312249e-05,5.52507816697777e-05,4.65530349948758e-05,5.52507816697777e-05,4.65530349948758e-05
ID_YH37JO,0.0079600343572369,0.00843236607270509,0.0079600343572369,0.00843236607270509,0.0110236295856129,0.0112955310774849
ID_9EU6JS,0.000150199838211789,0.00012960303828684,0.000195983283788728,0.000170628192747074,0.000226549255827298,0.00021661985514103
ID_CQOM1C,4.41761952700441e-05,3.89816635823856e-05,0.000131101042006972,0.000116075089221967,0.000131101042006972,0.000116075089221967
ID_GSOEX8,3.54419433022489e-05,3.38152467776277e-05,3.54419433022489e-05,3.38152467776277e-05,3.87075620687018e-05,3.71630149795394e-05
ID_7BGHTB,0.000267421161829835,0.000262805698852576,0.000267421161829835,0.000262805698852576,0.000267421161829835,0.000262805698852576
ID_QMN5FR,2.22688189043279e-05,1.86013119332999e-05,6.41796690827349e-05,5.77872929931331e-05,6.41796690827349e-05,5.77872929931331e-05
ID_AG56N6,0.00212944351320361,0.00257184882295561,0.0144590634278868,0.0166701595432784,0.0144590634278868,0.0166701595432784
ID_SZOUS9,1.94849902365797e-05,1.16449264945823e-05,0.000299902927189421,0.000259200363927809,0.000299902927189421,0.000259200363927809
ID_V4CJKG,0.000259029428859773,0.000246112703616195,0.000259029428859773,0.000246112703616195,0.000259029428859773,0.000246112703616195
ID_25V33D,0.000229199023643174,0.000178564969138759,0.00226771449792578,0.00210526832779759,0.00226771449792578,0.00210526832779759
ID_7Y89QF,2.20385683106455e-05,1.573652938205e-05,3.77947098689566e-05,3.32357979839416e-05,4.16958456493062e-05,4.02261081501911e-05
ID_ROZN49,0.000256370028642677,0.000187105189925231,0.000509007948702727,0.000484571583932238,0.000509007948702727,0.000484571583932238
ID_HSBW0H,7.22869363678788e-05,5.73328435102696e-05,0.000234575607693395,0.000208902309278876,0.000234575607693395,0.000208902309278876
ID_W9UZJB,0.000252484499146355,0.000279777924843231,0.000256526055209594,0.000279777924843231,0.000256526055209594,0.000279777924843231
ID_HOZEHI,0.0482487222269542,0.0481485834694167,0.0574359963124012,0.053376309101563,0.0576165279387252,0.0615381716024594
ID_PP9RGH,4.32603389917183e-05,3.85704677939978e-05,7.72307320409382e-05,7.01232195541e-05,9.7860057812926e-05,9.55220961197614e-05
ID_2V2H8G,1.41525121864941e-05,1.02069049987751e-05,1.41525121864941e-05,1.02069049987751e-05,1.99793335859277e-05,1.85206317882798e-05
ID_GVBQQE,2.23984925606639e-05,1.69092953928001e-05,5.1992818049347e-05,4.45515413726279e-05,7.97204603291273e-05,7.57386507582079e-05
ID_DBX7DS,0.000241158617357712,0.00025095447163056,0.000241158617357712,0.00025095447163056,0.00043450448737574,0.000480493184162216
ID_PSEHFM,3.26343925273127e-05,3.06378886934183e-05,8.65614634706351e-05,7.86834758171524e-05,8.65614634706351e-05,7.86834758171524e-05
ID_1FJE68,3.65609794854049e-05,2.74517299705641e-05,5.01787902465748e-05,4.56749656246891e-05,5.01787902465748e-05,4.56749656246891e-05
ID_KVD9F9,1.29360965154517e-05,9.69778398557074e-06,1.61896295475576e-05,1.42063257051319e-05,1.90360054481483e-05,1.79259386439827e-05
ID_7WX39F,0.11202652060549,0.118255456418275,0.11202652060549,0.118255456418275,0.11202652060549,0.118255456418275
ID_7M63MY,0.000153139611061052,0.000142094529584534,0.000153139611061052,0.000142094529584534,0.000153139611061052,0.000142094529584534
ID_SPM4A3,0.000480562950006673,0.000477844813367131,0.000652554096993353,0.000642014714877165,0.00126319183837044,0.00128837868054246
ID_KOHT88,2.52671269944058e-05,1.90286589211967e-05,4.27226449184797e-05,3.56763385983573e-05,4.79237802298882e-05,4.49104385495973e-05
ID_FJN84X,0.000196494107439389,0.000158746472197857,0.000196494107439389,0.000158746472197857,0.000283915798007987,0.000299954464280861
ID_VVIE2W,4.34520150054467e-05,2.98595255654898e-05,6.06158531510498e-05,5.07946479293833e-05,8.97269880176028e-05,8.58019552154483e-05
ID_PII98H,0.000135853960726998,0.000126511741539874,0.000407945797981216,0.000376800549008657,0.000407945797981216,0.000376800549008657
ID_G3ZX83,0.000171519273408759,0.000152581500879986,0.000171519273408759,0.000152581500879986,0.000171519273408759,0.000155270567167711
ID_UBXNCV,7.43408369675246e-05,7.96862927353815e-05,7.43408369675246e-05,7.96862927353815e-05,7.43408369675246e-05,7.96862927353815e-05
ID_Q29LQD,0.0009291635585254,0.000550537037915457,0.00334788650185431,0.00319988132265638,0.00380172131827961,0.00364498504597981
ID_SFRXLD,7.8380943390474e-05,7.61991807885718e-05,7.8380943390474e-05,7.61991807885718e-05,7.8380943390474e-05,7.61991807885718e-05
ID_38DTWE,0.000196487495483904,0.000220858948591543,0.000228897859194472,0.000242446640612435,0.000228897859194472,0.000242446640612435
ID_VV9U6R,1.69881915573517e-05,1.20595099456885e-05,0.000277918023512411,0.000259434168937755,0.000277918023512411,0.000259434168937755
ID_YYMTTZ,1.87422400723327e-05,1.55835209617568e-05,3.76716399801221e-05,3.50701797383052e-05,4.50435752059734e-05,4.23011023364242e-05
ID_05VYW1,2.01267881290244e-05,1.54055865633096e-05,6.76193337616823e-05,5.90398062507097e-05,6.76193337616823e-05,5.90398062507097e-05
ID_SJUA3M,0.00116856830548429,0.00115150999016044,0.00366818533113546,0.00363174165893432,0.00795250479818848,0.00820146867411556
ID_ENU5TU,2.54695910836963e-05,1.77551999280984e-05,4.4025855208562e-05,3.79481588976402e-05,4.7848499155994e-05,4.55113941990471e-05
ID_0B522U,0.00108640770818151,0.0010772693454149,0.00108640770818151,0.0010772693454149,0.00221589355084175,0.0023512613670287
ID_UHB821,0.0198299770876218,0.0202030144598532,0.0198299770876218,0.0202030144598532,0.0198299770876218,0.0202030144598532
ID_BKQMY3,9.43514604960434e-05,9.22725823814726e-05,0.000289396337663527,0.000253334374390948,0.000289396337663527,0.000270539393858446
ID_V6RK3N,0.000247077107294687,0.000256315072287436,0.000247077107294687,0.000256315072287436,0.000434674312534922,0.000480996962330881
ID_95AMEG,4.26702539201668e-05,2.87270927085889e-05,0.000198110943191112,0.000183216211271298,0.000198110943191112,0.000183216211271298
ID_XU7MY3,1.84327780558469e-05,1.44115545622163e-05,2.516212085175e-05,2.2101153094219e-05,3.21844089072889e-05,3.05235650142016e-05
ID_3XTXFX,8.27823075209389e-05,6.40819907441111e-05,8.27823075209389e-05,6.47702978297797e-05,8.27823075209389e-05,6.72263353281101e-05
ID_GG25SM,0.00463240225209048,0.0049915260114348,0.00463240225209048,0.0049915260114348,0.00463240225209048,0.0049915260114348
ID_4XBB4P,1.42465992810106e-05,8.4673172203742e-06,3.10303882936457e-05,2.62648940353275e-05,4.369339181044e-05,4.1189751039987e-05
ID_QRHP7W,7.39235360264543e-05,7.12670322486101e-05,0.000111787089266421,0.000101623788799976,0.000112909882494236,0.000108260501309909
ID_H5LBYY,0.000239826311929758,0.000235464064027904,0.00264126409123534,0.00304101922991679,0.00264126409123534,0.00304101922991679
ID_WHGARU,0.000174519733483148,0.000136033592728827,0.00203316846810447,0.00216125378170615,0.00203316846810447,0.00216125378170615
ID_EH2GC9,0.00124789846300094,0.000948369100770853,0.00124789846300094,0.000948369100770853,0.00124789846300094,0.000948369100770853
ID_LDDHLU,0.000235851077361722,0.000242863533224717,0.000906966968049124,0.000965155846231846,0.000906966968049124,0.000965155846231846
ID_WOOP5X,9.71657599245296e-05,9.48764250481656e-05,9.71657599245296e-05,9.48764250481656e-05,9.71657599245296e-05,9.48764250481656e-05
ID_9QHKM5,6.17332437164779e-05,5.60984572974955e-05,0.000138497820897094,0.000138504286256916,0.000151795229191969,0.000155625801771583
ID_58G5VW,0.000156952767158193,0.000146954308111026,0.000253131964146571,0.000226229331773763,0.00041977462221641,0.000433288574309781
ID_C45TQX,1.53006696484068e-05,9.15557054268121e-06,2.08357547821896e-05,1.70145394064102e-05,2.30888207630308e-05,2.13504538913034e-05
ID_ZJBV7B,0.000132720821156209,0.000141626647247623,0.000132720821156209,0.000141626647247623,0.000132720821156209,0.000141626647247623
ID_X5FI4F,0.00014035543122675,9.31964096713453e-05,0.00057908786251752,0.000557340889628899,0.00057908786251752,0.000557340889628899
ID_J8S3V7,5.47729481139932e-05,4.02382528246669e-05,0.000137835681801202,0.000122141010476031,0.000164449813156119,0.000154480175813908
ID_VG59CF,0.0104213459846479,0.0098983889623406,0.0291780117920338,0.0290974138883916,0.0328931840871032,0.0347483596370877
ID_9HPWEF,0.0941691501371703,0.0938165197209613,0.21179056609762,0.215356018464641,0.21179056609762,0.215356018464641
ID_ER9JGI,0.000481594676996967,0.000319599229180354,0.000481594676996967,0.000348477445587326,0.00200266833448999,0.00222822419914073
ID_GEWJ3P,4.37740887885439e-05,4.32146450463208e-05,4.73578602074996e-05,4.45809510371121e-05,4.73578602074996e-05,4.45809510371121e-05
ID_GYA6QV,0.0566730603588665,0.064837036256539,0.0566730603588665,0.064837036256539,0.0566730603588665,0.064837036256539
ID_6Z7LIY,0.000168694589413345,0.000174813080345762,0.000168694589413345,0.000174813080345762,0.000168694589413345,0.000174813080345762
ID_Q0OHFE,0.00253296504074319,0.00244605588750609,0.00257465775399504,0.00254991694795748,0.00257465775399504,0.00254991694795748
ID_OD84X2,0.396476802524832,0.404588441305443,0.396476802524832,0.404588441305443,0.396476802524832,0.404588441305443
ID_JFWEX9,3.15790323041874e-05,2.5209492364834e-05,5.26049113127415e-05,4.74011002974649e-05,5.26049113127415e-05,4.74011002974649e-05
ID_W555RS,3.99056046594565e-05,3.45279013794445e-05,0.000250033108417435,0.000264292010953246,0.000250033108417435,0.000264292010953246
ID_DHMWLG,2.64196190030037e-05,1.76238888165046e-05,8.7671166635171e-05,8.19533422449362e-05,8.7671166635171e-05,8.19533422449362e-05
ID_8AYBAW,3.95467492285997e-05,2.8489738866698e-05,9.86285540637676e-05,8.49423070383651e-05,9.86285540637676e-05,8.49423070383651e-05
ID_1JDULR,2.58303658201177e-05,2.09089957198275e-05,6.85117406885424e-05,5.93153621493741e-05,7.33014547871656e-05,6.93353316741329e-05
ID_4IKKFX,1.06396309526088e-05,6.31404709890549e-06,3.36238203470358e-05,2.83951863075562e-05,4.55535877418271e-05,4.32363753092475e-05
ID_VXNUAB,9.86719437812025e-05,6.41259296445633e-05,9.86719437812025e-05,7.76246336129617e-05,9.86719437812025e-05,7.76246336129617e-05
ID_VSQBO6,0.000103489959238759,0.000110699937453903,0.000103489959238759,0.000110699937453903,0.000129898711686272,0.000135581084403141
ID_ZVGYIZ,6.10909989843913e-05,4.54919440812286e-05,6.10909989843913e-05,4.54919440812286e-05,7.27584493929534e-05,7.03382713141434e-05
ID_K9FWUG,0.00018342520650344,0.000164049427381409,0.0003742797230795,0.000366289852313301,0.000847219047435534,0.00093657477151251
ID_FZBCVY,0.00213490573975599,0.00247055007755398,0.00213490573975599,0.00247055007755398,0.00213490573975599,0.00247055007755398
ID_1X408O,0.143606263092146,0.170651235250415,0.143606263092146,0.170651235250415,0.143606263092146,0.170651235250415
ID_CCEFHU,2.05980493140175e-05,1.74769324119625e-05,2.66266134641272e-05,2.37955223857704e-05,2.66266134641272e-05,2.45243836301326e-05
ID_A0YIQ0,0.00677284874971334,0.00595899609846023,0.0107381379150083,0.0117841994130714,0.0107381379150083,0.0117841994130714
ID_D3YDST,0.000949347297695255,0.00115080592370313,0.00206056244490145,0.00222716081666461,0.00206056244490145,0.00222716081666461
ID_ZCWDBM,7.75403662590026e-05,7.4520396267386e-05,0.0002249104010551,0.000239091259240603,0.0002249104010551,0.000239091259240603
ID_2KG52B,0.0265275372573234,0.0272564047504228,0.0265275372573234,0.0272564047504228,0.0493069403834098,0.0527242494265369
ID_SG18NS,9.852624634855e-05,0.000104663346043448,9.852624634855e-05,0.000104663346043448,9.852624634855e-05,0.000104663346043448
ID_MOIYPK,0.00477511884603316,0.00476636154869204,0.00477511884603316,0.00476636154869204,0.00477511884603316,0.00476636154869204
ID_744ERE,3.67599830565463e-05,2.79151397921174e-05,8.33681582635321e-05,7.74242096089566e-05,8.33681582635321e-05,8.15787087212393e-05
ID_GIVEZ4,0.00533695830975391,0.00496576274442543,0.00533695830975391,0.00496576274442543,0.00828515986055315,0.00775115375514595
ID_1FCLJQ,0.000146486558502914,0.000136898921476487,0.000464993943150471,0.000468795253874207,0.000512404803207785,0.000520374598213076
ID_DV95UI,7.54172058628293e-05,5.83338999367852e-05,7.54172058628293e-05,5.83338999367852e-05,7.84973108534141e-05,7.60708495747278e-05
ID_OYIYH6,4.49811834250849e-05,4.16539106738303e-05,9.38496909377309e-05,8.46301109826573e-05,9.38496909377309e-05,8.46301109826573e-05
ID_HG2OAS,3.20505724577835e-05,2.94040224971465e-05,8.49937368905894e-05,7.76174855662751e-05,8.49937368905894e-05,7.76174855662751e-05
ID_OEPZP1,0.000233005569085712,0.000243991371487241,0.000233005569085712,0.000243991371487241,0.000419033664787204,0.000462830454738086
ID_1QRN17,1.47502839576129e-05,8.67468959548292e-06,0.000285587442338915,0.000245975096015688,0.000285587442338915,0.000245975096015688
ID_PWTIJ9,5.41818383846172e-05,4.80454904261415e-05,0.000149433161907209,0.000134866028700906,0.000149433161907209,0.000136261437940217
ID_UBIINM,7.72427757535211e-05,7.13428682449118e-05,0.000116888483114265,0.000109819856648003,0.000116888483114265,0.000109819856648003
ID_M2AV6H,3.62697086330738e-05,2.9466680078337e-05,8.93950843076945e-05,8.46571800813111e-05,8.93950843076945e-05,8.46571800813111e-05
ID_J1IMQO,7.62313814757897e-05,5.55145879065421e-05,8.41973290284047e-05,7.16378894330918e-05,0.000149795259567888,0.000145849501539765
ID_Z6ZMD2,0.000252484499146355,0.000279777924843231,0.000256526055209594,0.000279777924843231,0.000256526055209594,0.000279777924843231
ID_TCCXJY,0.00503086533934444,0.00518423299090945,0.00503086533934444,0.00518423299090945,0.00712134346031005,0.00763474700351906
ID_BPRVML,9.05629156178903e-05,9.02275136147203e-05,9.05629156178903e-05,9.02275136147203e-05,9.05629156178903e-05,9.02275136147203e-05
ID_C4XYDR,4.50798326322687e-05,4.04174465516177e-05,9.60197852939559e-05,8.91997670908822e-05,9.60197852939559e-05,8.91997670908822e-05
ID_7S6FXQ,0.0106979092720622,0.0105747196820339,0.0204792274694368,0.0205987789061356,0.0204792274694368,0.0205987789061356
ID_I4CLRD,9.6866512524204e-05,9.30695995392687e-05,0.000110612674395294,0.000105303559727014,0.000110612674395294,0.000105303559727014
ID_4LITIF,2.77661160617016e-05,2.35782817054536e-05,4.87497242656356e-05,4.14175284880687e-05,4.87497242656356e-05,4.14175284880687e-05
ID_EQ3DBB,0.000894981439782744,0.00108345849855877,0.000894981439782744,0.00108345849855877,0.000894981439782744,0.00108345849855877
ID_NFFUEW,5.13534114287846e-05,3.36741051555003e-05,6.19892941824739e-05,5.16347543326256e-05,8.00758722498483e-05,7.6318264074998e-05
ID_B9T63O,4.38850482597457e-05,3.20321579162666e-05,0.000571794668343287,0.000596249484051022,0.000685112988563873,0.000711964679421591
ID_UED7H0,1.53006696484068e-05,9.15557054268121e-06,2.08357547821896e-05,1.70145394064102e-05,2.30888207630308e-05,2.13504538913034e-05
ID_D088YD,3.9054901876061e-05,2.51053316279905e-05,8.67072294090136e-05,7.6697998819485e-05,8.67072294090136e-05,7.6697998819485e-05
ID_1RUKP4,0.0751984255401486,0.075034347111409,0.0751984255401486,0.075034347111409,0.0751984255401486,0.075034347111409
ID_V86WTI,5.86907599826587e-06,3.70982810005319e-06,3.99776900717139e-05,3.37285428928085e-05,3.99776900717139e-05,3.37285428928085e-05
ID_KJ3TCA,0.00158444775848143,0.00156145292283133,0.00160330523026786,0.00156145292283133,0.0018272011707824,0.00182954011238328
ID_PI3I2J,5.74826125531023e-05,4.7296879399674e-05,0.000419967522611022,0.000371641597727676,0.000419967522611022,0.000371641597727676
ID_P35RKU,2.08152176797193e-05,1.43156556224611e-05,5.86589746194987e-05,4.93288462360753e-05,6.517975954221e-05,6.27217178031267e-05
ID_22KHLA,2.20196349729675e-05,1.92151353300593e-05,0.000157968882549679,0.000147540565494395,0.000170234901483175,0.000168895811202411
ID_9ID54G,9.32954861264996e-05,9.71256341233538e-05,0.00034567334737396,0.000347383030925986,0.00034567334737396,0.000347383030925986
ID_BAFM4T,4.83605390916093e-05,4.25056712126591e-05,7.55961958457533e-05,6.90907630975075e-05,7.55961958457533e-05,6.90907630975075e-05
ID_HE9HVL,4.24548880448528e-05,3.18470500394889e-05,0.000144748387440165,0.000131264236100248,0.000144748387440165,0.000131264236100248
ID_KVYYM5,3.1100221299325e-05,2.73960739660381e-05,5.08806687319421e-05,4.41571442881838e-05,5.08806687319421e-05,4.59472274163236e-05
ID_KA4RGT,4.13165987126761e-05,3.2669576842671e-05,8.28568673024253e-05,7.57897601076555e-05,8.28568673024253e-05,7.57897601076555e-05
ID_EP24JU,0.012832843787156,0.0112894767222026,0.012832843787156,0.0112894767222026,0.012832843787156,0.0112894767222026
ID_SBTN25,3.09383343330025e-05,2.42737907831649e-05,0.000207854335772457,0.000194442908106626,0.000207854335772457,0.000205133805061829
ID_QTMQF9,1.9674242970137e-05,1.30296204995278e-05,7.0591853200603e-05,6.15274051372614e-05,7.0591853200603e-05,6.15274051372614e-05
ID_4STW9Z,0.158704887222207,0.167078556325505,0.158704887222207,0.167078556325505,0.158704887222207,0.167078556325505
ID_DVT2Y2,4.98412022266067e-05,4.02009484925844e-05,6.55394477973593e-05,5.49957500445074e-05,0.00010919698691187,0.000101255187095927
ID_0NPRVJ,5.61920843392486e-05,4.22923638302021e-05,7.78521097096314e-05,6.85368024539277e-05,7.78521097096314e-05,6.85368024539277e-05
ID_QT0C2S,7.51716211667049e-05,6.57973581889354e-05,0.000620916045890411,0.000629253565809125,0.000620916045890411,0.000629253565809125
ID_WZIGXM,4.14384269251256e-05,3.23011985346535e-05,9.00674197817327e-05,8.38245735641776e-05,9.00674197817327e-05,8.38245735641776e-05
ID_6P7N3B,0.00969417377597721,0.00759063779155831,0.018889735971945,0.0182871138484638,0.0248544253082133,0.0267063263018102
ID_LMECJK,0.00420275168821655,0.00297463302211441,0.00420275168821655,0.00297463302211441,0.00484884172620863,0.00538637964553842
ID_NM26QX,0.000105521050497908,9.3645415129888e-05,0.000245467210418231,0.000226667510975939,0.000280954952611936,0.000298617747077843
ID_3D6XKC,0.000337056551310465,0.00034646815116671,0.000652220264324162,0.000641538768280307,0.000652220264324162,0.000641538768280307
ID_YMYL5P,3.17094358711012e-05,2.54916710494672e-05,0.000108783618399225,0.000102387361117158,0.000108783618399225,0.000102387361117158
ID_XO28FQ,0.000894981439782744,0.00108345849855877,0.000894981439782744,0.00108345849855877,0.000894981439782744,0.00108345849855877
ID_P3UMEG,0.00329632428636959,0.0027869118151716,0.00634352462214972,0.00620986147787975,0.00634352462214972,0.00620986147787975
ID_NC86Y4,5.02911654070565e-06,3.32575232956202e-06,4.67690928573467e-05,4.0561746703115e-05,4.67690928573467e-05,4.24723085211831e-05
ID_VST6U7,0.00039796325895485,0.000365998942352039,0.00039796325895485,0.000365998942352039,0.00039796325895485,0.000365998942352039
ID_NWA3L6,0.00010028348361785,8.4691613427402e-05,0.000444840580648952,0.000440114959730576,0.000444840580648952,0.000440114959730576
ID_VCUVSI,0.149183010382329,0.155578820311216,0.149183010382329,0.155578820311216,0.149183010382329,0.155578820311216
ID_U9FC9H,3.97839790936361e-05,3.13933625895528e-05,3.97839790936361e-05,3.13933625895528e-05,3.97839790936361e-05,3.13933625895528e-05
ID_87V10L,5.73536430813927e-05,4.88125408693777e-05,8.72796465747613e-05,8.00425566620827e-05,8.72796465747613e-05,8.00425566620827e-05
ID_VHRU3S,0.000133449662171548,0.000126672217798378,0.000300212292864645,0.000312358860012288,0.000300212292864645,0.000312358860012288
ID_VM1XCG,5.30140943842676e-06,3.33621805806716e-06,2.64506341857414e-05,2.27343892955238e-05,2.64506341857414e-05,2.38398310618304e-05
ID_97YIMP,9.55542493694025e-05,0.000107994337263607,9.55542493694025e-05,0.000107994337263607,9.55542493694025e-05,0.000107994337263607
ID_CDCTHP,7.12835577746961e-05,5.01888117388036e-05,0.000134346517667979,0.000122163111016503,0.000134346517667979,0.000122163111016503
ID_5CKDQ8,3.99547329544915e-05,2.77035416525794e-05,0.000390781500565457,0.000337150451581896,0.000390781500565457,0.000339309003635258
ID_ATOZFV,0.000110183238838259,0.000116932943195193,0.000110183238838259,0.000116932943195193,0.000110183238838259,0.000116932943195193
ID_S7KKUF,0.000162365644015841,0.000173826390437339,0.000197792681539447,0.000200508521669748,0.000226966686052892,0.000237553533742058
ID_RUC06M,2.21249617852543e-05,1.82701003797269e-05,3.73731435691845e-05,3.2612552013295e-05,3.73731435691845e-05,3.2612552013295e-05
ID_566Q18,0.00228352116214917,0.00177990059002544,0.00711804869665379,0.0067934671203221,0.00711804869665379,0.0067934671203221
ID_CY607Z,7.7669357882452e-05,8.04992670101106e-05,0.000115203609843114,0.000110719783789445,0.000115203609843114,0.000110719783789445
ID_TVG6X9,3.60085526883927e-05,3.18084798639392e-05,6.70619373014798e-05,5.96279262555167e-05,6.70619373014798e-05,5.96279262555167e-05
ID_DA5QKQ,2.50297597303229e-05,1.79144865585331e-05,4.62831328680376e-05,4.08015350122964e-05,4.90628250559716e-05,4.71647061030869e-05
ID_53TEOE,9.47419538238567e-05,0.000100185955690269,9.47419538238567e-05,0.000100185955690269,9.47419538238567e-05,0.000100185955690269
ID_18BEK3,0.00347701974221205,0.00250508107209662,0.033345271527667,0.0321159332669801,0.0357289808665189,0.0383144723713522
ID_RU0BM2,0.000136257483250626,0.00012880623005338,0.000240509929622494,0.000241311617892744,0.000566611722842201,0.000607160815885074
ID_4I93LT,5.83816477104722e-05,5.12270624243389e-05,0.000275470593028667,0.000248074838733594,0.000275470593028667,0.000248074838733594
ID_BEU1N6,4.71256480596241e-05,4.39930808865344e-05,0.000215937417779735,0.000216683305354683,0.000215937417779735,0.000216683305354683
ID_31FOC7,0.0105563748524489,0.0121547784201034,0.0105563748524489,0.0121547784201034,0.0116462869804276,0.0127072991684332
ID_3D2WF7,5.13852620005996e-05,3.66404644842617e-05,0.000437601464020469,0.000438720355009487,0.000574840875511178,0.000584285720085862
ID_6YYGIZ,0.129323997351659,0.151889183936805,0.129323997351659,0.151889183936805,0.129323997351659,0.151889183936805
ID_TRQZ0M,0.000334988667910879,0.000375724608524449,0.00258425712151205,0.00276248201939471,0.00258425712151205,0.00276248201939471
ID_H0ZGLY,0.00477562129488658,0.00367671917117306,0.145203637801751,0.153200563190255,0.248156845439119,0.282904996985446
ID_8ZHOIS,1.99496360123088e-05,1.39261740549755e-05,0.00082066875521816,0.000828048960996864,0.00082066875521816,0.000828048960996864
ID_8L1YW7,2.39539764822411e-05,1.87813721185709e-05,0.000117290982976894,0.000110001719290689,0.000298646274718531,0.000297501296433553
ID_RAVU77,3.94588108786126e-05,3.69986574307712e-05,0.000125594710853124,0.000120890003884187,0.000125594710853124,0.000120890003884187
ID_D53KBD,2.73472044320594e-05,2.59573701750183e-05,2.73472044320594e-05,2.59573701750183e-05,3.06302689527081e-05,2.9055740778905e-05
ID_U8UVJ0,8.26753360925362e-05,8.58158550301341e-05,8.26753360925362e-05,8.58158550301341e-05,8.26753360925362e-05,8.58158550301341e-05
ID_3GRDZX,0.00094102206970351,0.00109035521640257,0.00094102206970351,0.00109035521640257,0.00094102206970351,0.00109035521640257
ID_HKFQ1V,0.000208110464418824,0.000225648145001042,0.000213963531441653,0.000225648145001042,0.000213963531441653,0.000225648145001042
ID_2TX4D4,0.000232540274730614,0.000277158827368871,0.000232540274730614,0.000277158827368871,0.000232540274730614,0.000277158827368871
ID_LGBT94,0.299128509256103,0.310545110782576,0.299128509256103,0.310545110782576,0.299128509256103,0.310545110782576
ID_M3CIP9,3.32712508942069e-05,2.61793353349476e-05,8.28022105402147e-05,7.53572901993434e-05,8.28022105402147e-05,7.53572901993434e-05
ID_WR1UYY,9.64772648982895e-06,5.79799867558777e-06,3.60325659739366e-05,3.07826732130596e-05,3.60325659739366e-05,3.24908139425896e-05
ID_I8PCQM,0.000914484010175379,0.000890958299706665,0.000914484010175379,0.000890958299706665,0.00177538658701801,0.00184216785577259
ID_WSXVUU,9.10373833822579e-05,7.94700083735262e-05,0.000861688172555479,0.000771239167567969,0.000980654879443422,0.000948335528334549
ID_SSSQEE,1.7151654874109e-05,1.17738662861847e-05,5.62490856022574e-05,4.79431492690634e-05,5.62490856022574e-05,4.79542625530875e-05
ID_B1Q34R,4.31219775373242e-05,3.08732522842537e-05,0.000159134651160006,0.000146028682702471,0.000188822460556826,0.000177204733572231
ID_WFLX1D,0.00217974939237471,0.00217567015761097,0.00217974939237471,0.00217567015761097,0.00217974939237471,0.00217567015761097
ID_LJ63XA,9.43514604960434e-05,9.22725823814726e-05,0.000289396337663527,0.000253334374390948,0.000289396337663527,0.000270539393858446
ID_EVUXO1,6.77862401835194e-05,6.39042485109762e-05,8.41804978083452e-05,7.77806120366523e-05,8.41804978083452e-05,7.79636650857465e-05
ID_NT0QPX,0.597562778224559,0.637389459993684,0.597562778224559,0.637389459993684,0.597562778224559,0.637389459993684
ID_AG0A6S,0.136054435420649,0.150887824969647,0.136054435420649,0.150887824969647,0.136054435420649,0.150887824969647
ID_1Z5H24,0.000250799991638939,0.000287243846345005,0.000250799991638939,0.000287243846345005,0.000250799991638939,0.000287243846345005
ID_UYPZ03,0.0116779424231724,0.0117247355690434,0.0116779424231724,0.0117247355690434,0.0130207403187687,0.014060570455495
ID_1VP0UC,0.000492036850327409,0.000548030070061048,0.000654068077883756,0.000638924901063458,0.00225003708869554,0.00221080796947109
ID_NWHLNN,0.00234330794462426,0.00246549403589248,0.00280080668438156,0.00294591281468123,0.00280080668438156,0.00294591281468123
ID_N9VEKC,2.17006929570065e-05,1.29548135195573e-05,0.00022052232411797,0.000195448444571218,0.00022052232411797,0.000195448444571218
ID_3E044A,0.000945507669386617,0.0010707681621232,0.00168577217650865,0.0018632491540081,0.00168577217650865,0.0018632491540081
ID_MZPJPB,0.00107761894297427,0.000995466275765323,0.00214578484068908,0.00207476234579953,0.00234582682378859,0.00232139487200916
ID_KTCVZC,0.000109866878295031,0.000100946598951616,0.000216051101798919,0.000213214801948087,0.000490202414445733,0.000522399848224693
ID_PHUQGW,9.19603441932748e-05,9.57027417751413e-05,9.19603441932748e-05,9.57027417751413e-05,9.19603441932748e-05,9.57027417751413e-05
ID_28MU6X,1.36115986905333e-05,1.02074401741381e-05,2.92654657048983e-05,2.50402749539568e-05,2.92654657048983e-05,2.50402749539568e-05
ID_QVSE4F,0.000407575558968698,0.000469251150106543,0.000407575558968698,0.000469251150106543,0.000407575558968698,0.000469251150106543
ID_EBHVGH,1.4240574122242e-05,1.11858813832328e-05,4.20048847119563e-05,3.71926736662848e-05,4.20048847119563e-05,3.71926736662848e-05
ID_4KJBXU,2.51079109495682e-05,1.64925977495523e-05,9.56722171031242e-05,8.87092190282576e-05,9.56722171031242e-05,8.87092190282576e-05
ID_0UNLYT,0.000265778170166792,0.000277661946503982,0.000265778170166792,0.000277661946503982,0.000265778170166792,0.000277661946503982
ID_8XK367,5.28428336416752e-05,4.21331961526277e-05,6.76607349384899e-05,5.70994000516924e-05,0.000111624281730903,0.000104082339975269
ID_BN91DN,6.9318433239534e-05,6.89986666026866e-05,0.000216183122876152,0.000221422678405305,0.000216183122876152,0.000221422678405305
ID_4H6ZU0,2.35184131511561e-05,1.51433146830774e-05,0.000466582865706124,0.000416867496939839,0.000466582865706124,0.000416867496939839
ID_P76XAE,0.0220429746324358,0.0212290390785862,0.0288647265030446,0.0289232777703247,0.0288647265030446,0.0289232777703247
ID_5PJW4M,1.63090794500626e-05,1.21810080694141e-05,6.38358267724635e-05,5.89456167574257e-05,9.40178810120695e-05,9.1633200154249e-05
ID_4V99R0,0.00323392167212096,0.00358359486023298,0.00323392167212096,0.00358359486023298,0.00323392167212096,0.00358359486023298
ID_WRR93C,5.83816477104722e-05,5.12270624243389e-05,0.000275470593028667,0.000248074838733594,0.000275470593028667,0.000248074838733594
ID_JLMYMA,7.04065026705231e-06,5.05669194688519e-06,3.17823268105244e-05,2.79089186091866e-05,3.17823268105244e-05,2.90880899769155e-05
ID_PFPEKM,1.00540075256848e-05,7.69553247374046e-06,4.35622719568174e-05,3.9855802354713e-05,4.35622719568174e-05,3.9855802354713e-05
ID_QRLVAL,2.79408439336404e-05,2.24529038072371e-05,6.8419364481802e-05,6.30221012537332e-05,6.8419364481802e-05,6.30221012537332e-05
ID_CADS1W,0.0198333089208911,0.0267865113435183,0.0198333089208911,0.0267865113435183,0.0198333089208911,0.0267865113435183
ID_Z9OCJD,2.23950430899074e-05,1.63096188104869e-05,5.70948299235391e-05,5.03037941593231e-05,6.73990403859453e-05,6.74875725680897e-05
ID_L6C55N,3.23807117267708e-05,2.60691339217667e-05,5.60846837443008e-05,5.11205534609351e-05,5.60846837443008e-05,5.4086081520098e-05
ID_ELSO35,6.3313195637275e-05,4.74979938504251e-05,0.000106577772838606,9.76188397853613e-05,0.000106577772838606,9.76188397853613e-05
ID_TS28A2,0.000119783321001957,0.000109049662363946,0.000661200577662965,0.000640337304368888,0.000661200577662965,0.000640337304368888
ID_JRQ0K2,2.21005738536751e-05,1.39729354046557e-05,0.00039200706481417,0.000342545405432387,0.00039200706481417,0.000342545405432387
ID_91OUIW,2.37127800767528e-05,1.86452770081491e-05,5.33133483814699e-05,4.73820632561025e-05,0.000125372364346408,0.000124251399765872
ID_8BZS64,3.9462288668495e-05,3.03730710586269e-05,4.08649713532801e-05,3.68541520912405e-05,4.08649713532801e-05,3.68541520912405e-05
ID_WOGWV5,1.63534877063765e-05,1.06008047926346e-05,8.29990175723045e-05,7.38508143367241e-05,8.29990175723045e-05,7.38508143367241e-05
ID_IQCCG4,0.0393664762402514,0.0400044734140599,0.064341996632657,0.0623892695506404,0.064341996632657,0.0623892695506404
ID_HK8NQI,3.96556526816728e-05,3.14757211481131e-05,7.59251569424172e-05,6.92450619433785e-05,7.59251569424172e-05,6.92450619433785e-05
ID_TR3LZI,6.08419263677605e-05,5.59242257835777e-05,6.08419263677605e-05,5.59242257835777e-05,6.08419263677605e-05,5.59242257835777e-05
ID_GUDWDW,6.94478803048649e-05,5.29375420616796e-05,0.000180703587825887,0.000156218560695842,0.000180703587825887,0.000156218560695842
ID_5V5YL7,2.6516633029427e-05,2.14570639273005e-05,4.67859774154564e-05,4.29924883689653e-05,4.67859774154564e-05,4.3291420597496e-05
ID_NPK8WH,1.07087948420303e-05,6.10098441473117e-06,5.6349560140615e-05,4.65097779873839e-05,9.54286292787808e-05,9.22344705359189e-05
ID_M5NPEN,0.000765131908534622,0.000802238548667772,0.000765131908534622,0.000802238548667772,0.00129515972156529,0.00132070267959534
ID_85J874,0.000156081653081975,0.00015715417902871,0.000156081653081975,0.00015715417902871,0.000156081653081975,0.00015715417902871
ID_9NJBM8,0.000672401705469214,0.000627093050049491,0.000672401705469214,0.000627093050049491,0.000672401705469214,0.000627093050049491
ID_VJMSAU,9.00466091375264e-05,0.000104352431529304,9.00466091375264e-05,0.000104352431529304,9.00466091375264e-05,0.000104352431529304
ID_AKLZO2,5.07213768068907e-05,4.19850604588281e-05,9.15504760076201e-05,8.03926285327752e-05,9.15504760076201e-05,8.60228541086072e-05
ID_JST03I,0.00775190485350503,0.00637239590157689,0.00775190485350503,0.00637239590157689,0.00775190485350503,0.00637239590157689
ID_RNR77F,0.00686243791758707,0.00516192799961965,0.0110085330341891,0.00978005349480304,0.0198600533488981,0.0192738348206907
ID_LNBIPO,9.0711576379123e-05,9.32476345629716e-05,0.000206113247780894,0.000205282689260037,0.000216371225534705,0.000225953943391362
ID_3SXP9A,9.38585802698387e-06,6.00450572016012e-06,9.49661175363673e-05,8.29140405338384e-05,0.000168875074051974,0.000170492550340225
ID_ZLQ4JH,6.18645792713498e-06,4.56998199708826e-06,1.60842312616106e-05,1.39092512706162e-05,1.85739895493727e-05,1.72656192188418e-05
ID_Y0V2PI,2.3057351722429e-05,2.1986015505311e-05,2.3057351722429e-05,2.1986015505311e-05,3.27023861072074e-05,3.16945910481417e-05
ID_KFZM4L,1.42251328175818e-05,1.14140736569874e-05,1.75142945168975e-05,1.51358159482449e-05,2.14804448056953e-05,2.0180400033463e-05
ID_35Q4VL,2.95632422599032e-05,2.07497213997232e-05,7.84225470578682e-05,6.93294286988752e-05,7.84225470578682e-05,6.93294286988752e-05
ID_B2Z1PP,0.00982879108576982,0.00860467953644451,0.00982879108576982,0.00860467953644451,0.0106461285604478,0.0105431457076698
ID_9NSFQV,7.68572553151647e-05,7.63113502135511e-05,0.00010251735830175,9.73440295241825e-05,0.00010251735830175,9.73440295241825e-05
ID_L28R04,7.36842715160367e-05,6.59885428956622e-05,0.000432735648063884,0.000423299477171148,0.000902283345046314,0.000918068024898821
ID_0CE2HK,3.02059666670158e-05,2.86216691425104e-05,3.02059666670158e-05,2.86216691425104e-05,3.02059666670158e-05,2.86216691425104e-05
ID_WUKPEX,3.98310803027977e-05,2.38045657701973e-05,0.000137420294129884,0.000115372498844201,0.000172798585257116,0.000158730643840785
ID_G9RESG,1.50733796868097e-05,9.20632389854057e-06,9.59494217041067e-05,8.01966045186451e-05,9.59494217041067e-05,8.01966045186451e-05
ID_4E94FT,0.00013920333471352,0.000132781080808575,0.000257184975664296,0.000256795770719947,0.000566309066762683,0.000607986754982723
ID_312RLJ,2.35740042346117e-05,1.78856355228952e-05,0.000157737056800022,0.000144843560345391,0.000428970351512677,0.00043282205287587
ID_SR4OPG,2.02412166144157e-05,1.65714509459977e-05,8.61189907981044e-05,8.13663180971463e-05,8.61189907981044e-05,8.13663180971463e-05
ID_ETJ0ZE,0.00010083872754747,7.70035227424952e-05,0.00010083872754747,7.70035227424952e-05,0.000143907648527952,0.000141189212577063
ID_ORVW1B,2.90596310865234e-05,2.53980643270047e-05,0.000135947073989951,0.00012780051251567,0.000135947073989951,0.00012780051251567
ID_0OW07A,6.33670952003365e-05,4.51487177118564e-05,0.000156448049481579,0.000132323773301796,0.000170904509973193,0.000164187824717814
ID_Z099ZD,0.00488830460206827,0.00495812486479391,0.00488830460206827,0.00495812486479391,0.00604571726544648,0.0065219094722052
ID_5IHZMO,1.47502839576129e-05,8.67468959548292e-06,0.000285587442338915,0.000245975096015688,0.000285587442338915,0.000245975096015688
ID_3O3YPS,4.33729243663178e-05,3.24141015731434e-05,8.65104403892525e-05,7.22008533595774e-05,8.65104403892525e-05,7.92313942216995e-05
ID_POLQ33,0.0294409912044337,0.0356276525824069,0.0294409912044337,0.0356276525824069,0.0305346912675751,0.0356276525824069
ID_ZMEBI9,1.11163054532847e-05,6.87138933489986e-06,3.88643620216078e-05,3.20358410639001e-05,5.89395530962715e-05,5.44528362314763e-05
ID_U03OKF,5.6112750768827e-05,5.10678868041195e-05,5.6112750768827e-05,5.10678868041195e-05,5.6112750768827e-05,5.10678868041195e-05
ID_UNCSDQ,3.80685428079591e-05,3.43957814715305e-05,3.80685428079591e-05,3.43957814715305e-05,4.51031595922997e-05,4.23031853397822e-05
ID_Q8OTC2,2.89299659926358e-05,2.20292191711434e-05,6.37820740453382e-05,5.73398066682033e-05,6.37820740453382e-05,5.73398066682033e-05
ID_B38JUX,0.00335239045275221,0.00379822058223123,0.00335239045275221,0.00379822058223123,0.00335239045275221,0.00379822058223123
ID_9M4UJW,0.00316952937712339,0.00364758066362965,0.00316952937712339,0.00364758066362965,0.00316952937712339,0.00364758066362965
ID_7YF5AP,0.0028111511145458,0.00354252533258072,0.0168390214940704,0.020298526197965,0.0168390214940704,0.020298526197965
ID_KMRABQ,4.52198138754808e-05,3.63692626434385e-05,0.000475663926661192,0.000461270570140229,0.000475663926661192,0.000461270570140229
ID_AHK206,7.4902036377176e-05,8.13333981077419e-05,7.4902036377176e-05,8.13333981077419e-05,7.4902036377176e-05,8.13333981077419e-05
ID_UXSMV0,2.54944873655742e-05,1.90334023260052e-05,6.49680723159137e-05,5.60000398992848e-05,6.49680723159137e-05,5.60000398992848e-05
ID_TLNC9J,6.28852618796736e-05,5.46569770382823e-05,0.000296635083359228,0.000265885651076332,0.000296635083359228,0.000265885651076332
ID_6V10CF,0.00416118922619529,0.00354071186752504,0.00904207122637948,0.00913733827827701,0.00904207122637948,0.00913733827827701
ID_2Q7ZYF,0.0002327642857406,0.000230444157961057,0.000649583383795032,0.000646594820665845,0.000649583383795032,0.000646594820665845
ID_0EW874,0.0431451059571041,0.0474537426806881,0.108590860231115,0.102508955960662,0.150367455281832,0.158681988152776
ID_2VT9FI,4.5819967744784e-05,3.15605598744628e-05,0.000410598074061734,0.000376504583375213,0.000410598074061734,0.000376504583375213
ID_M7ZQB5,0.00349471134338549,0.00258336557521821,0.033273977798251,0.0324662182080472,0.033273977798251,0.0324662182080472
ID_UX404U,0.000673043659132734,0.000616278226495997,0.000911978286857955,0.000908935513081178,0.000911978286857955,0.00094804968798318
ID_A2Q37K,6.6242089310899e-05,4.80825650394105e-05,0.000574727503280429,0.000488117463974373,0.000574727503280429,0.000488117463974373
ID_WB4AC6,0.000167717367033897,0.000178006049539447,0.000167717367033897,0.000178006049539447,0.000167717367033897,0.000178006049539447
ID_GXO4MZ,0.000168727720579399,0.000131993373579899,0.000388983691580506,0.00037279644088243,0.000392873052354578,0.000420204796729059
ID_FBXD4Q,0.00434195994564109,0.00387469782458414,0.00539177996262379,0.00558688268297226,0.00539177996262379,0.00558688268297226
ID_Q1LGPO,1.66150428737611e-05,1.35013888185997e-05,0.000178434888017685,0.000186103750895852,0.000178434888017685,0.000186103750895852
ID_WZ8Q7B,2.77661160617016e-05,2.35782817054536e-05,4.87497242656356e-05,4.14175284880687e-05,4.87497242656356e-05,4.14175284880687e-05
ID_WG14C6,1.89755741246365e-05,1.24624257532779e-05,0.000127840432763737,0.000113631879022139,0.000127840432763737,0.000113631879022139
ID_1JA2MK,3.50704258465878e-05,2.55605328748078e-05,0.000387715718382611,0.000338936064443755,0.000387715718382611,0.000338936064443755
ID_8GOXK3,1.2900761229005e-05,8.46811467133689e-06,1.2900761229005e-05,9.14780820159267e-06,1.65204318040201e-05,1.53980511670107e-05
ID_HS5K78,3.84631381483841e-05,3.00023447593397e-05,8.65813054224993e-05,7.98739992321766e-05,8.65813054224993e-05,7.98739992321766e-05
ID_UU46AR,2.25326474377343e-05,1.56012286670532e-05,5.92116604193975e-05,4.95038923664382e-05,5.92116604193975e-05,5.3951954491238e-05
ID_JG81AP,8.84302346486765e-05,8.37476146062117e-05,0.000317319836056518,0.000275599406449799,0.000317319836056518,0.00029704367212776
ID_ZIXA8E,9.4997749593056e-05,8.83265521474293e-05,0.000173267719213167,0.000172000259301075,0.000173267719213167,0.000172000259301075
ID_XD3292,1.96060085013281e-05,1.27794749379957e-05,5.34409929208976e-05,4.61246490973689e-05,5.34409929208976e-05,4.76410686227207e-05
ID_90OLRU,4.79072675936565e-05,4.59210673361263e-05,0.000137793892923747,0.000128735439272518,0.000196492188930212,0.000200338113406747
ID_7R2JHD,3.46926592691293e-05,3.36133281991248e-05,3.66393670568713e-05,3.36133281991248e-05,5.08687409170137e-05,4.95003769763325e-05
ID_YRLOVX,7.06574030890263e-06,4.31380546362997e-06,3.30240930506276e-05,2.75210884118125e-05,5.48622312072262e-05,5.13763542281381e-05
ID_VCDH1M,0.000141436813808981,0.000103026636101122,0.000268199295524945,0.000243348659746039,0.000268199295524945,0.000243348659746039
ID_5B1HJQ,6.94478803048649e-05,5.29375420616796e-05,0.000180703587825887,0.000156218560695842,0.000180703587825887,0.000156218560695842
ID_NH9AFH,3.53937130729565e-05,2.70902605817248e-05,8.50632232275869e-05,7.84186263388036e-05,8.50632232275869e-05,7.84186263388036e-05
ID_9FITRJ,0.000153974348112666,0.000143750322279953,0.000735151100622322,0.000680573105602865,0.000735151100622322,0.000680573105602865
ID_868CQL,0.000880403351005971,0.00104413423372916,0.000880403351005971,0.00104413423372916,0.000880403351005971,0.00104413423372916
ID_REKC8W,6.49748207340688e-05,6.22128702802812e-05,0.000203823939394318,0.000204305488284029,0.000203823939394318,0.000204305488284029
ID_066CHB,6.55678640111132e-05,5.55864355753862e-05,0.000433270673580137,0.000387194116120635,0.000433270673580137,0.000387194116120635
ID_FM755F,0.00261716802653061,0.00166060297302924,0.00845950304231063,0.00757877243977148,0.0161346812306045,0.0172285154699379
ID_L6E64E,5.19354107333635e-05,4.93008387512888e-05,9.36770205226383e-05,9.28003540951692e-05,0.00012628286833852,0.000130429529276569
ID_WNI8DN,0.0009291635585254,0.000550537037915457,0.00334788650185431,0.00319988132265638,0.00380172131827961,0.00364498504597981
ID_3MMPJG,0.00191085579682069,0.00191055935024535,0.00239664432542259,0.00240756545947156,0.00239664432542259,0.00240756545947156
ID_5Y7E9L,0.00616592472407176,0.00675766958357911,0.00616592472407176,0.00675766958357911,0.00630308631024575,0.00675766958357911
ID_R387QV,0.00534905220213293,0.00647599329198628,0.00534905220213293,0.00647599329198628,0.00562018424578703,0.00647599329198628
ID_ZKHQZV,1.02601569226759e-05,5.80158177578039e-06,6.25735021576506e-05,5.09064928221133e-05,6.25735021576506e-05,5.09064928221133e-05
ID_HOX29F,1.71741058215218e-05,1.25431550043613e-05,0.000101187185259765,8.91465892069308e-05,0.000138819167962883,0.000132130317688121
ID_MXWQQ6,8.5895988816156e-06,5.4029581523058e-06,4.64242474972221e-05,4.2000977344625e-05,4.7080701628945e-05,4.48445924816896e-05
ID_3HTFW1,0.000420306348654775,0.000355333766173979,0.000420306348654775,0.000355333766173979,0.000458975381492364,0.000490096760955324
ID_V3AI5Z,0.0249104520959902,0.0246785046163431,0.0249104520959902,0.0246785046163431,0.0249104520959902,0.0246785046163431
ID_I71IWR,2.11901145642639e-05,1.35406968209459e-05,0.000158313359139641,0.000141023617277757,0.000242567530257721,0.000242334443902109
ID_E9746A,0.00216593127329402,0.00151916773276372,0.00521969159559119,0.00454228332829085,0.0117879602018867,0.0119006437400933
ID_2B7SR5,6.90917793005139e-05,7.74762760730466e-05,6.90917793005139e-05,7.74762760730466e-05,6.90917793005139e-05,7.74762760730466e-05
ID_BHNY0O,7.39235360264543e-05,7.12670322486101e-05,0.000111787089266421,0.000101623788799976,0.000112909882494236,0.000108260501309909
ID_DIGB5C,0.000123572095405754,0.000116730363208895,0.000301266030984788,0.00029816581482349,0.000301266030984788,0.00029816581482349
ID_BUYSNI,5.42988517870464e-05,4.02441371389661e-05,0.000292687500686549,0.000287029074727202,0.000292687500686549,0.000287029074727202
ID_2LRZL3,3.04393629710644e-05,1.95784965305586e-05,0.000991067144272326,0.00101106024841337,0.000991067144272326,0.00101106024841337
ID_K7TUMS,0.00146967690652014,0.0012200369293359,0.00260344241807744,0.00257682637036302,0.00260344241807744,0.00257682637036302
ID_3RTT5L,0.226391144702771,0.222384171011166,0.226391144702771,0.222384171011166,0.263856759865738,0.285028834561006
ID_W2OT9E,0.00010918930467033,0.000123011127915482,0.00010918930467033,0.000123011127915482,0.00010918930467033,0.000123011127915482
ID_1QHERL,4.18222725026673e-05,3.50771104503225e-05,4.18222725026673e-05,3.50771104503225e-05,4.18222725026673e-05,3.93196831035462e-05
ID_62960A,0.00102850370782215,0.00084421123782451,0.00123946206618819,0.00106839187921218,0.00133612617668237,0.00128355134433959
ID_23SIGG,0.228339614090119,0.253252325498412,0.228339614090119,0.253252325498412,0.228339614090119,0.253252325498412
ID_F6CFLR,4.25450868903677e-05,4.03461677448991e-05,4.60261567765153e-05,4.03461677448991e-05,7.56478193350575e-05,7.25247491978346e-05
ID_NMAF4Q,0.000144228281453232,0.000150918779619216,0.000144228281453232,0.000150918779619216,0.000144228281453232,0.000150918779619216
ID_IB3VU7,9.55542493694025e-05,0.000107994337263607,9.55542493694025e-05,0.000107994337263607,9.55542493694025e-05,0.000107994337263607
ID_P5TQAL,0.00925801859248621,0.00711051495179824,0.00925801859248621,0.00793956470740603,0.0130384947691423,0.0143656643694087
ID_B660BU,3.60772642686681e-05,3.05237043452373e-05,0.000354437321817512,0.000354422196572056,0.000354437321817512,0.000354422196572056
ID_4JPZY9,0.0199966115971717,0.0159133173157232,0.0199966115971717,0.0159133173157232,0.0199966115971717,0.0159133173157232
ID_DSUPIN,1.54551510075612e-05,1.11053152241529e-05,4.15264901018969e-05,3.60438901614349e-05,6.22757314461748e-05,5.80036874706557e-05
ID_J85QL1,0.00162043663769076,0.00129493536184062,0.0109191702017182,0.0101906253484226,0.0115632456192346,0.0120855166207603
ID_TDZYO5,0.0483002344718025,0.0524743653803521,0.0523825078984676,0.0524743653803521,0.0523825078984676,0.0543792930078447
ID_HPEF5S,3.63720364356069e-05,3.37109904542095e-05,3.63720364356069e-05,3.37109904542095e-05,3.63720364356069e-05,3.37109904542095e-05
ID_1YP6FS,0.000173322413242069,0.000166718193548564,0.000173322413242069,0.000166718193548564,0.000173322413242069,0.000166718193548564
ID_E8MNFZ,6.57831967854277e-05,5.7959964496459e-05,0.000169421177580974,0.00015522428257829,0.000169421177580974,0.00015522428257829
ID_ANHYB9,0.0983069395995411,0.114040256770975,0.226788781151765,0.244580481337589,0.226788781151765,0.244580481337589
ID_M32EDR,4.24330425017008e-05,2.99917493833333e-05,0.000742890536645676,0.000697412281275502,0.000742890536645676,0.000697412281275502
ID_EX6VFO,2.30818690438119e-05,1.74461496420163e-05,3.771225037654e-05,3.40178199101073e-05,4.14368970598494e-05,4.01094878182643e-05
ID_IQPKA6,7.91987908032125e-06,4.94840496571045e-06,2.14810715877417e-05,1.79561520137433e-05,3.03406820483879e-05,2.78852488532638e-05
ID_WYQ24M,0.0109191710443526,0.0091355646061016,0.0109191710443526,0.0091355646061016,0.0139830820064617,0.0140819696371319
ID_E1VE1N,4.14865821579003e-05,3.48006301656613e-05,7.98152080911553e-05,7.17660624947769e-05,0.000112087860509312,0.000106225713035751
ID_D1FACJ,5.88414163124759e-06,3.70481850132808e-06,8.7991309855816e-05,7.72700156182559e-05,8.7991309855816e-05,7.72700156182559e-05
ID_MPKREV,0.00357991568284889,0.00397497212189317,0.00357991568284889,0.00397497212189317,0.00367728832444538,0.00397497212189317
ID_F313VZ,6.57515058016423e-05,3.85696237236686e-05,0.00017638888785807,0.000144803940742821,0.000238847042961435,0.000218346132730494
ID_O51O42,0.000116239607213274,9.42044814609321e-05,0.000441367947432883,0.000419044670659232,0.000441367947432883,0.000419044670659232
ID_B9HQBN,0.000450760015792404,0.000499510939949824,0.00611888192561273,0.00710398326467657,0.00611888192561273,0.00710398326467657
ID_R652CL,2.24085428244517e-05,1.75373311526464e-05,0.000151307827902543,0.000140478430290248,0.000416297828058436,0.000418688131974493
ID_48WC8Z,5.97301214061174e-05,4.58403660505796e-05,5.97301214061174e-05,4.65318266794434e-05,5.97301214061174e-05,4.97255809298072e-05
ID_6O5TR9,1.39948124575875e-05,1.03826566765034e-05,2.29287842268426e-05,1.93668129678579e-05,4.18219152046266e-05,4.00149041356897e-05
ID_LU4HLB,2.86623076663192e-05,2.25292107450507e-05,0.000125094090051899,0.00011484194994802,0.000125094090051899,0.00011484194994802
ID_DMNH7M,0.000164403044755366,0.000114130902448099,0.00270353561579576,0.00272241739503445,0.00270353561579576,0.00272241739503445
ID_HWSMLL,9.62709581437716e-05,9.80527787580797e-05,0.000145724651873906,0.000146717302076286,0.000145724651873906,0.000146717302076286
ID_UEDSUL,0.000578281331335754,0.000699962080394301,0.000578281331335754,0.000699962080394301,0.000578281331335754,0.000699962080394301
ID_O79OP7,0.000102560742057585,9.39098784238786e-05,0.000144122577902341,0.000132414336835696,0.000144122577902341,0.000132414336835696
ID_GTVZ8B,1.64281150616647e-05,1.24566831565296e-05,4.94668286047808e-05,4.14538595388687e-05,6.79061317909724e-05,6.43471269106973e-05
ID_7TC22K,0.000230256004913306,0.000246057197919055,0.000234961078656445,0.000246057197919055,0.000234961078656445,0.000246057197919055
ID_ZML7ZV,6.04944250203575e-05,5.35111853296506e-05,6.04944250203575e-05,5.35111853296506e-05,6.04944250203575e-05,5.35111853296506e-05
ID_SATA0V,2.1977383703353e-05,1.61317661636572e-05,3.09675137656786e-05,2.63072294390736e-05,3.09675137656786e-05,2.66138915620233e-05
ID_9YPBUW,1.4758630235036e-05,9.28942722824199e-06,4.26293119291995e-05,3.56128678778241e-05,4.29703255662814e-05,4.02775089757666e-05
ID_93FI84,1.14887988788744e-05,6.6785903063829e-06,4.71925152293623e-05,3.93874406652755e-05,4.71925152293623e-05,4.22935254834906e-05
ID_88VJLH,0.00166146624713223,0.00144646734037533,0.00198883504133687,0.0019733480508606,0.00252926754059495,0.00255397764104128
ID_8Y14DK,0.000172031822747252,0.00017764673960323,0.000425909191669721,0.000400761212719413,0.000425909191669721,0.000400761212719413
ID_B1FONR,0.00030031078234018,0.000320069671561112,0.000523659439054606,0.000534531753873787,0.000582855534815653,0.00059797441278509
ID_B6ZZ5P,0.000157768637016077,0.000153009753826408,0.000426012817952956,0.000447512638647367,0.000426012817952956,0.000447512638647367
ID_Y4KXQM,1.26571271110477e-05,9.5818457750779e-06,1.26571271110477e-05,9.5818457750779e-06,1.90065070166543e-05,1.76634495422717e-05
ID_V8O1QV,0.010342572537443,0.00769679282269119,0.0134914030220205,0.01349321460804,0.0210897881576966,0.0221838918631316
ID_HR6DTW,0.000674735452707184,0.00060954556478241,0.000674735452707184,0.00060954556478241,0.000674735452707184,0.00060954556478241
ID_XY4R47,5.47729481139932e-05,4.02382528246669e-05,0.000137835681801202,0.000122141010476031,0.000164449813156119,0.000154480175813908
ID_DP9A1C,4.1427152539429e-05,3.30545646003578e-05,7.47609816174021e-05,6.84267003356849e-05,7.47609816174021e-05,6.84267003356849e-05
ID_6H2MJS,7.1096669659756e-05,6.05393502516072e-05,9.98096440668223e-05,9.14542994729058e-05,0.000108336512634701,0.000104095592904113
ID_FE7367,2.0907133771069e-05,1.69557039376859e-05,3.22113177356952e-05,2.78135277471148e-05,3.22113177356952e-05,2.78135277471148e-05
ID_5O53M7,0.369044891284699,0.370717460963864,0.663308148195835,0.700992832155655,0.663308148195835,0.700992832155655
ID_DGWKWK,0.00010333388286609,0.000113944518301132,0.00010333388286609,0.000113944518301132,0.00010333388286609,0.000113944518301132
ID_1EP7ZJ,0.000287456751274418,0.000290634979326558,0.000616015520009263,0.000614087860257608,0.000616015520009263,0.000614087860257608
ID_CJJFN7,1.25456396495891e-05,8.54189442639571e-06,6.35933206966738e-05,5.58480054698684e-05,7.60725975490923e-05,7.34573145114147e-05
ID_3V4E7G,7.86279383113713e-05,7.96642776122821e-05,0.000108583670974407,9.74908234334177e-05,0.000108583670974407,0.000101228499822238
ID_38GYOD,3.87006802941702e-05,3.00328561608982e-05,6.72562153439861e-05,5.8840370285309e-05,8.11027685364649e-05,8.1746309724179e-05
ID_95L18T,9.22402594110478e-06,6.35570940910675e-06,2.49987523405627e-05,2.08716898642509e-05,2.8406620851437e-05,2.66954119196693e-05
ID_ZPTVXF,7.57852292604177e-05,5.57274524125257e-05,7.57852292604177e-05,5.57274524125257e-05,8.14459508761358e-05,7.90075644594929e-05
ID_GGDIMC,0.0257681508915119,0.0326370034527953,0.0257681508915119,0.0326370034527953,0.0257681508915119,0.0326370034527953
ID_N4NA0B,0.00891067480704957,0.00739327894993998,0.0102441124798569,0.00927259853561059,0.0141963832945974,0.0134519327544522
ID_INOMV4,5.47729481139932e-05,4.02382528246669e-05,0.000137835681801202,0.000122141010476031,0.000164449813156119,0.000154480175813908
ID_W7FAS9,3.70697330706775e-05,2.57135583496799e-05,5.10796443877516e-05,4.52833345881974e-05,7.09720244331097e-05,6.97234801196818e-05
ID_U2YCJS,8.35013568171238e-06,5.68398050656861e-06,5.0083150820066e-05,4.43729087831872e-05,5.0083150820066e-05,4.5729921002987e-05
ID_1ZVAM5,0.000156952767158193,0.000146954308111026,0.000253131964146571,0.000226229331773763,0.00041977462221641,0.000433288574309781
ID_3GOCN3,0.292447677441959,0.306131327166471,0.292447677441959,0.306131327166471,0.292447677441959,0.306131327166471
ID_D31ZVW,0.0950725752811578,0.100667733834379,0.0950725752811578,0.100667733834379,0.0950725752811578,0.100667733834379
ID_B6GW66,0.000219932993945459,0.00023349258184395,0.000253134531024259,0.000260468744578717,0.00026590372244117,0.00028197677698941
ID_UKXKPY,0.015367851131442,0.0140654711829511,0.0160387745081436,0.0152010576927376,0.0168769034733691,0.0166050926605524
ID_ZBT2OF,0.000239112140786868,0.000231143305760325,0.000239112140786868,0.000231143305760325,0.000239112140786868,0.000231143305760325
ID_71YN0L,0.00806861688791315,0.00791596355142623,0.0897791352272142,0.0975978149974284,0.139259757130508,0.159421849385636
ID_PM90HD,9.702184962764e-06,6.62276587599907e-06,4.59220417509216e-05,3.89603102203437e-05,4.59220417509216e-05,3.89603102203437e-05
ID_SE1BFM,5.4621052771651e-05,5.88239857620146e-05,0.00014910203180224,0.000137888696181948,0.000159310510410106,0.00016153258061553
ID_YXYTNR,0.0288797270024219,0.0289378076808897,0.0288797270024219,0.0289378076808897,0.0288797270024219,0.0289378076808897
ID_YVKYBF,1.06829249341234e-05,7.60630688126761e-06,1.06829249341234e-05,8.5238402295305e-06,1.51222578208852e-05,1.39714954136457e-05
ID_SZCEKW,3.58774750067361e-05,3.35640883448728e-05,6.08447815300663e-05,5.43063966125969e-05,8.9263529660588e-05,8.66398689209082e-05
ID_K1P3J8,0.000579916256035136,0.000580083947940056,0.0028414380066489,0.00295063680372915,0.0028414380066489,0.00295063680372915
ID_BWW8DE,6.05863496162311e-05,6.5669480875849e-05,6.05863496162311e-05,6.5669480875849e-05,6.05863496162311e-05,6.5669480875849e-05
ID_APINN8,0.00228352116214917,0.00177990059002544,0.00711804869665379,0.0067934671203221,0.00711804869665379,0.0067934671203221
ID_HOZ3DC,0.000117488674245188,9.65472883082552e-05,0.000122910314131285,0.000110178168643341,0.000149345538733741,0.000139854085465388
ID_PK36UB,0.00944081329640179,0.00862335020741987,0.00944081329640179,0.00892238176859034,0.00944081329640179,0.00892238176859034
ID_P1BZK5,0.00769021310836803,0.00712176190988006,0.0101359574919269,0.0107133864490968,0.0101359574919269,0.0107133864490968
ID_KIDIEK,3.01406658422742e-05,2.0463079041528e-05,0.00484105649000072,0.00447003190076808,0.0209538971675555,0.0235691512509809
ID_Q7EXXO,3.27855637309248e-05,2.89613568983382e-05,0.000285021338531988,0.000285824279016395,0.000285021338531988,0.000285824279016395
ID_HTULB2,0.0197904119226166,0.0169338730920243,0.113778366944821,0.106438834910576,0.113778366944821,0.108086134014885
ID_MHUXYA,5.15369595922568e-05,3.33538554404305e-05,0.000203265827617735,0.0001836950485213,0.000254516988647306,0.000248692611604019
ID_KT51IW,0.00418883673030716,0.00345483453220269,0.00418883673030716,0.00345483453220269,0.00418883673030716,0.00386135554350641
ID_A6YFT4,0.000185383599682536,0.000202877810194596,0.000256340209030186,0.000260442521128249,0.000256340209030186,0.000260442521128249
ID_B522KP,0.403338167180946,0.420214119970299,0.403338167180946,0.420214119970299,0.403338167180946,0.420214119970299
ID_G7CMRV,0.00157563440442064,0.00127878693171788,0.00248770060539047,0.00245819463759356,0.00302877988014984,0.00304335395584046
ID_1IESDO,9.67159790250385e-05,0.000105653632305053,9.67159790250385e-05,0.000105653632305053,9.67159790250385e-05,0.000105653632305053
ID_QRJ1XO,5.54900195465276e-05,5.00084778047963e-05,6.58478408724601e-05,6.075128034678e-05,6.98691421166735e-05,6.67672457618141e-05
ID_PB8UGU,6.7762514993439e-05,5.99629350244074e-05,0.000436636381076163,0.000423110850156762,0.00081364995373434,0.000826892049309823
ID_WE46Z9,0.0141876499637769,0.0140094537665805,0.0248073484362854,0.0253314815432584,0.0248073484362854,0.0253314815432584
ID_LCRAB6,0.00558832402580698,0.00542145739363527,0.00670494696362961,0.00701628011906541,0.00670494696362961,0.00701628011906541
ID_AOUGMR,5.07813056076106e-05,4.87897553717744e-05,0.00010097491868257,9.64646425845861e-05,0.00010097491868257,9.64646425845861e-05
ID_DFZGTP,7.27144011654242e-06,4.37172896789592e-06,7.56004138371915e-05,6.42961693797525e-05,7.56004138371915e-05,6.42961693797525e-05
ID_J8IE72,0.000538855989574621,0.000448636311845174,0.000538855989574621,0.000448636311845174,0.000551127819630686,0.000587416229607374
ID_590HV5,4.21084383521313e-05,3.66566195752308e-05,4.21084383521313e-05,3.66566195752308e-05,4.24595834421224e-05,4.02138159167582e-05
ID_3G5BHU,0.000981154674459166,0.000593984347446886,0.00333000074262865,0.00320883647683238,0.00371623738449931,0.00358428659838182
ID_N6DOKU,2.83396424701897e-05,2.03317541265692e-05,0.000116241756555426,0.000103931821405709,0.000116241756555426,0.000103931821405709
ID_8F3PFC,0.000634073880764332,0.000585191422548821,0.000634073880764332,0.000585191422548821,0.000634073880764332,0.000585191422548821
ID_WSG62Z,6.08892648574979e-05,6.26448194742573e-05,8.86891626139069e-05,8.03005623466686e-05,8.86891626139069e-05,8.03005623466686e-05
ID_KXDGFP,2.60982086438677e-05,2.27085024311994e-05,7.80509915781765e-05,7.14942510502905e-05,7.80509915781765e-05,7.14942510502905e-05
ID_7I8BU9,0.00232430567752562,0.00220663385244918,0.00232430567752562,0.00233183928844365,0.00232430567752562,0.00233183928844365
ID_HJN7VE,0.000126917980857906,0.00014687721363758,0.000200183514755751,0.000189950337351917,0.000200183514755751,0.000189950337351917
ID_YN5JF8,9.4520405352375e-05,0.000103296934307363,9.4520405352375e-05,0.000103296934307363,9.4520405352375e-05,0.000103296934307363
ID_XA4WSH,3.98353271983983e-05,2.50724688442795e-05,0.000441656965495194,0.000388515543369904,0.000441656965495194,0.000388515543369904
ID_24IP3N,0.000173198660754627,0.000199836381837415,0.000173198660754627,0.000199836381837415,0.000173198660754627,0.000199836381837415
ID_0WZ4DT,7.1149481609266e-05,7.3099112332284e-05,7.82691143315872e-05,7.3099112332284e-05,7.82691143315872e-05,7.3099112332284e-05
ID_64W76C,6.3851467862387e-05,6.09729344574577e-05,0.000102254262437296,9.10827572606539e-05,0.000102254262437296,9.10827572606539e-05
ID_M5OV7R,3.61003986047027e-05,2.64820255970934e-05,0.00010882432622516,9.22763093012401e-05,0.000117750140985155,0.000112989250753679
ID_Y5SQ1L,1.55108357976593e-05,1.1497099332864e-05,3.18766136472715e-05,2.77107864476704e-05,3.57746102282913e-05,3.36616541688902e-05
ID_AV3PSZ,0.0118853200521723,0.00810947140239199,0.0235261682963727,0.0209706771665981,0.0270183880519507,0.0280942839544052
ID_NWA63L,2.12521324981674e-05,1.71555161139685e-05,3.25633358993955e-05,2.80956226579252e-05,3.25633358993955e-05,2.84820795477071e-05
ID_KQAT5X,2.69074876264977e-05,2.14614061396608e-05,4.32884296917994e-05,3.85009058286501e-05,4.32884296917994e-05,3.85009058286501e-05
ID_MRNN7B,4.23378081042775e-05,3.41841990706387e-05,0.0001574894955546,0.000147201748433406,0.0001574894955546,0.000147201748433406
ID_3IPYPF,0.000336278162063243,0.000285547126423757,0.00354350043940454,0.00349219729527546,0.00867573259006072,0.00882564982964522
ID_5UY3S5,0.000107664834158549,0.000108845087739559,0.000127789575867289,0.000124204190554781,0.000127789575867289,0.000124204190554781
ID_AH9Q0K,0.0659253906650723,0.0728756904576524,0.286111384466017,0.291763641929019,0.286111384466017,0.292051289359584
ID_KGCLKE,0.00015109182344236,0.000120663023761904,0.000330819267047111,0.000286184711136721,0.000474416617410779,0.00047788034125227
ID_FZ85DE,6.21123720538827e-05,4.67868608199253e-05,6.21123720538827e-05,5.22919146299545e-05,8.4858617196883e-05,8.34189818604237e-05
ID_LEWKQY,2.10177643745021e-05,1.48282933577282e-05,8.33042174432277e-05,7.18384918094066e-05,0.0001213461408787,0.000120726251214569
ID_6IHIP0,0.000221862720097546,0.000161631468967951,0.000434325968097985,0.000418547718185166,0.000434325968097985,0.000418547718185166
ID_3HJF2B,0.150886410775093,0.15817305388785,0.263182576005899,0.267600536458906,0.263182576005899,0.267600536458906
ID_5ESG41,7.4902036377176e-05,8.13333981077419e-05,7.4902036377176e-05,8.13333981077419e-05,7.4902036377176e-05,8.13333981077419e-05
ID_JFSXTY,5.83816477104722e-05,5.12270624243389e-05,0.000275470593028667,0.000248074838733594,0.000275470593028667,0.000248074838733594
ID_8H6FU1,1.01481486222516e-05,7.07100006429242e-06,4.03782074333183e-05,3.43224940092668e-05,4.94116234516161e-05,4.64016694831796e-05
ID_WGDRNV,3.23565670249303e-05,2.58348364004527e-05,4.95119447614877e-05,4.46266336576768e-05,4.95119447614877e-05,4.46266336576768e-05
ID_J0QHSL,0.000807829093320517,0.000914141065374889,0.000951405529313627,0.00106535983451297,0.000951405529313627,0.00106535983451297
ID_8U14T8,7.41959024900698e-05,5.42658115350523e-05,0.000175475470281225,0.000166636949664738,0.000175475470281225,0.000166636949664738
ID_MLL86Y,0.000175558453268476,0.000169378242424436,0.000521027251725367,0.00051666575054666,0.000521027251725367,0.00051666575054666
ID_Y1H3MW,8.09296187085923e-06,4.90405867485984e-06,2.547272734622e-05,2.0770769892761e-05,4.47794853553391e-05,4.18346646510667e-05
ID_4RHCTV,4.54158882602598e-05,3.26964078216649e-05,6.1966591864911e-05,5.2124517372512e-05,6.1966591864911e-05,5.2124517372512e-05
ID_6P6UZG,0.0049653820905221,0.00425148674333601,0.00512229480437724,0.0046178064446976,0.00512229480437724,0.0046178064446976
ID_V1RUP1,3.90584452570023e-05,3.67109310445314e-05,4.39914452251815e-05,3.84278769883053e-05,4.39914452251815e-05,3.84278769883053e-05
ID_XIMM99,2.20904031120478e-05,1.87835188334099e-05,2.20904031120478e-05,1.98480071907961e-05,2.24225436475036e-05,2.1258546642749e-05
ID_C9Z8BM,0.000218103481777312,0.000242449305873354,0.00025487246805614,0.000242908103787295,0.00025487246805614,0.000242908103787295
ID_KO7FBB,1.71398740321372e-05,1.29430120813392e-05,7.84235357400035e-05,7.62907077506718e-05,7.84235357400035e-05,7.62907077506718e-05
ID_YXCK0F,0.00840514467807772,0.00760530025126799,0.00840514467807772,0.00760530025126799,0.00840514467807772,0.00760530025126799
ID_TR8ASA,0.000431890345142973,0.000471523583666813,0.000898844073453427,0.000877396211187224,0.000898844073453427,0.000877396211187224
ID_OUCMMB,0.439340525120274,0.535303424729113,0.439340525120274,0.535303424729113,0.439340525120274,0.535303424729113
ID_K3QT3V,0.00547085619011224,0.00421592459028617,0.0361030388461098,0.0346080469343454,0.0420222708130201,0.0400428428299637
ID_IVOGMZ,0.00629059854345564,0.00659625809242031,0.0279297524747909,0.0293999413910912,0.0561493935659047,0.0606969004079855
ID_083PSL,2.05415115530915e-05,1.89943547464178e-05,5.26547117748054e-05,5.03385808172708e-05,9.48383044262497e-05,9.25073214335055e-05
ID_GLQ3DX,0.000302261846324167,0.000330815198341694,0.0027945481924499,0.00293628606342368,0.0027945481924499,0.00293628606342368
ID_45449H,0.000345349365493298,0.000442969481160819,0.000345349365493298,0.000442969481160819,0.000345349365493298,0.000442969481160819
ID_1Y57MO,6.90816691257748e-05,6.18333532462954e-05,6.90816691257748e-05,6.18333532462954e-05,7.71740812213404e-05,7.43441093954798e-05
ID_U9P7FY,0.000224351166372087,0.000225110915718422,0.000224351166372087,0.000225110915718422,0.000224351166372087,0.000225110915718422
ID_DO3ZD4,4.06376064507521e-05,3.36792011793599e-05,4.34676303752861e-05,3.73345561295417e-05,4.34676303752861e-05,3.73345561295417e-05
ID_W9M82U,6.49748207340688e-05,6.22128702802812e-05,0.000203823939394318,0.000204305488284029,0.000203823939394318,0.000204305488284029
ID_3H1L7F,0.000965342873490282,0.0007421063672029,0.00159259260090998,0.00145869128757739,0.00352694429517606,0.00370759299214221
ID_HXOTEN,0.00850104863645243,0.00812229146985312,0.0110761004786351,0.0115287617568666,0.0110761004786351,0.0115287617568666
ID_9RMHEL,0.000269683808902346,0.000258750607189158,0.000273754922814873,0.000264898348560061,0.000337064184282603,0.000342008505857024
ID_48PTGW,0.000111359300640977,0.000114857746241777,0.000283027208978699,0.000288386274100475,0.000283027208978699,0.000288386274100475
ID_LO3Q82,7.53744751867523e-05,6.35461001024184e-05,7.53744751867523e-05,6.35461001024184e-05,7.53744751867523e-05,6.35461001024184e-05
ID_1PV3T5,8.72288240483066e-06,5.37271379934106e-06,2.68142690066522e-05,2.19575361637577e-05,4.82294942629075e-05,4.50461212250324e-05
ID_W8VZXL,0.0853209818321579,0.0791857840386951,0.168228692314936,0.171540253010144,0.170326847306685,0.183236315186874
ID_PUB0ZI,0.000228484195213695,0.000265093255862503,0.000228484195213695,0.000265093255862503,0.000228484195213695,0.000265093255862503
ID_QJ7ZG7,3.92382810133883e-05,2.90170744066263e-05,0.000103615485099628,9.24232716186356e-05,0.000103615485099628,9.24232716186356e-05
ID_HFZ0HI,5.83816477104722e-05,5.12270624243389e-05,0.000275470593028667,0.000248074838733594,0.000275470593028667,0.000248074838733594
ID_IT07FQ,9.91913842492502e-05,8.55105502601572e-05,9.91913842492502e-05,8.55105502601572e-05,0.000160544206424798,0.00015587437536459
ID_QFB1JA,0.000110157170591532,0.000117503327548914,0.000110157170591532,0.000117503327548914,0.000110157170591532,0.000117503327548914
ID_IU1RUI,3.72068686440308e-05,3.01746363169934e-05,6.31283773618089e-05,5.75394548692697e-05,6.31283773618089e-05,5.75394548692697e-05
ID_QX05AF,0.00520925765367727,0.0056780492160576,0.00520925765367727,0.0056780492160576,0.00520925765367727,0.0056780492160576
ID_4XW3SG,3.29639953456174e-05,2.73227501237646e-05,4.51234394303684e-05,3.94912954042788e-05,7.15760957675638e-05,6.762926370912e-05
ID_A8CUPT,0.000255270667469004,0.000258722298510009,0.000532437420368217,0.000502862590926914,0.000532437420368217,0.000502862590926914
ID_L8Y0QF,3.09848423921576e-05,2.02439560947714e-05,0.000285515256548959,0.000246026713446761,0.000285515256548959,0.000246026713446761
ID_Y7L6RK,4.4521096855315e-06,3.01300885298241e-06,1.93904129287335e-05,1.68265685390839e-05,2.2485609894847e-05,2.16165104848196e-05
ID_WLTHN7,0.000409001128987624,0.000350017462505109,0.000574940687801803,0.000573843639239624,0.000628717534668683,0.000635833208543421
ID_07AJO5,9.00466091375264e-05,0.000104352431529304,9.00466091375264e-05,0.000104352431529304,9.00466091375264e-05,0.000104352431529304
ID_9V3JSL,8.57323571516102e-05,8.42871365406373e-05,0.000272190978016293,0.000275758032635752,0.000272190978016293,0.000275758032635752
ID_39VHVT,0.000152234395512436,0.000140862426858611,0.000153173432257717,0.000144445890196827,0.000153173432257717,0.000144445890196827
ID_OHLMK5,0.000905017706305769,0.000659715505790288,0.000905017706305769,0.000659715505790288,0.00158334962109621,0.00162292839986255
ID_026QJO,1.8133115965528e-05,1.28884572072306e-05,5.43184581106504e-05,5.0036541545505e-05,6.50394271553284e-05,6.20456945651625e-05
ID_HPW237,1.6737155194889e-05,1.21759624234977e-05,0.000105011834906463,9.21948709684101e-05,0.000138083319371007,0.000131250946964302
ID_T6YHHW,7.95050597967875e-05,6.07608511724106e-05,7.95050597967875e-05,6.88627740305679e-05,7.95050597967875e-05,6.88627740305679e-05
ID_K565PV,4.3221523793243e-05,3.75434164402353e-05,0.000161494222293018,0.000148531383807009,0.000161494222293018,0.000148531383807009
ID_P3LDUK,0.731153977107331,0.765118609897728,0.798645667363209,0.819531102626964,0.798645667363209,0.819531102626964
ID_5CJYZP,0.00327358652545879,0.00239902206467182,0.00634254529920701,0.00623862656699305,0.011923012672292,0.0124502480467417
ID_8DRNO4,1.00449664445739e-05,7.22808345237506e-06,3.40825197803818e-05,2.99513526198701e-05,3.40825197803818e-05,2.99513526198701e-05
ID_SMEEWO,7.43408369675246e-05,7.96862927353815e-05,7.43408369675246e-05,7.96862927353815e-05,7.43408369675246e-05,7.96862927353815e-05
ID_N8B9Y0,0.000232502427145278,0.000192765154162584,0.000518710235938229,0.000492593440546405,0.000518710235938229,0.000492593440546405
ID_X1R31L,1.28204785049092e-05,9.11669734386057e-06,4.61112218819938e-05,4.11719882944846e-05,4.61112218819938e-05,4.11719882944846e-05
ID_78O60N,6.11270772582016e-05,5.27934317103891e-05,0.000538955400743324,0.000567375921377791,0.000558690016838559,0.000598027261170499
ID_8Y16EG,5.38839110998587e-05,5.66481267616126e-05,5.38839110998587e-05,5.66481267616126e-05,5.38839110998587e-05,5.66481267616126e-05
ID_JQYQPR,0.000184730069834998,0.000199407748499154,0.000229441103731852,0.000238134257363749,0.000261128934960725,0.000278048996556647
ID_N8FIH8,1.61730932465397e-05,1.22916378577391e-05,4.92298828531317e-05,4.16385957017557e-05,4.92298828531317e-05,4.16385957017557e-05
ID_3JGGNS,5.38521471656336e-05,3.41517290820885e-05,0.000279160612963847,0.000265578156119022,0.000407619330750358,0.000403173713031834
ID_9S11YT,3.26091874249465e-05,2.60606092785413e-05,5.54847609582557e-05,4.79562676764822e-05,6.37273638416747e-05,6.26569270514427e-05
ID_PQEFSA,8.55373491732427e-05,5.53274833248835e-05,9.39653856311167e-05,7.98635868748162e-05,9.39653856311167e-05,7.98635868748162e-05
ID_RU36LB,0.000228926657403028,0.000239187490812746,0.000228926657403028,0.000239187490812746,0.000228926657403028,0.000239187490812746
ID_IADFLZ,2.72266247870085e-05,1.83151340364197e-05,0.000430900948296708,0.000377672626786797,0.000430900948296708,0.000377672626786797
ID_06TUVJ,0.0522075070203425,0.0628434571518109,0.0522075070203425,0.0628434571518109,0.0522075070203425,0.0628434571518109
ID_GRQZ05,2.35740042346117e-05,1.78856355228952e-05,0.000157737056800022,0.000144843560345391,0.000428970351512677,0.00043282205287587
ID_WVHSDA,0.000316031580853577,0.000355078710886919,0.0018838404282823,0.00198573828855909,0.0018838404282823,0.00198573828855909
ID_OWFAPX,0.00110431072206634,0.00113652320568352,0.00110431072206634,0.00113652320568352,0.00110431072206634,0.00113652320568352
ID_W6QZ1Q,9.20634708811096e-05,7.82412367364429e-05,0.00046952528506613,0.000448781800968616,0.00046952528506613,0.000448781800968616
ID_IWMYMJ,3.35872817056138e-05,2.59742616631504e-05,0.000168365556606503,0.000171662244491836,0.000168365556606503,0.000171662244491836
ID_6VX4DA,6.75972155333362e-05,6.99448672275486e-05,6.75972155333362e-05,6.99448672275486e-05,6.75972155333362e-05,6.99448672275486e-05
ID_LT4IZ3,0.000165858582226819,0.000170999528064716,0.000165858582226819,0.000170999528064716,0.000165858582226819,0.000170999528064716
ID_PWAUK1,1.54542160801442e-05,9.80530282533192e-06,8.41549039054731e-05,7.48661355746696e-05,8.41549039054731e-05,7.48661355746696e-05
ID_0ZEYV1,0.000299388915732453,0.000221882565945725,0.00263605604881204,0.00244581469678408,0.00321863186883858,0.00363380113402554
ID_I0TZH8,0.00290831483360148,0.00273427912722087,0.00430702519961527,0.0043663035100623,0.00430702519961527,0.0043663035100623
ID_75GT5C,0.000133221735563305,0.000143958196217861,0.000141835550290813,0.000143958196217861,0.000141835550290813,0.000143958196217861
ID_FECS1U,6.66240214892587e-05,5.42914083612166e-05,0.000443030802695948,0.000442757375266251,0.000853278487820898,0.000876894715254499
ID_P06QON,9.852624634855e-05,0.000104663346043448,9.852624634855e-05,0.000104663346043448,9.852624634855e-05,0.000104663346043448
ID_QH1EXK,0.000843293085613222,0.000929985548019445,0.00589008218120258,0.00690833243986918,0.00589008218120258,0.00690833243986918
ID_27PFIW,0.000366748423818859,0.000416570611055495,0.000366748423818859,0.000416570611055495,0.000366748423818859,0.000416570611055495
ID_V12YNL,0.00485978763914384,0.00499633258588639,0.00485978763914384,0.00499633258588639,0.00485978763914384,0.00499633258588639
ID_U5H2YK,0.0104949786361443,0.0110309494178421,0.0104949786361443,0.0110309494178421,0.0104949786361443,0.0110309494178421
ID_KXDRD1,0.00537972068905467,0.00446160593798267,0.00877997591800459,0.00880489024507538,0.00877997591800459,0.00880489024507538
ID_T05X66,0.00104349737114699,0.000812857942734897,0.00122329625130024,0.00105563673043871,0.00138462547441678,0.00137638939520375
ID_SUKNX3,4.14527509619877e-05,3.49321112198885e-05,7.37215117948313e-05,6.46531488027115e-05,7.37215117948313e-05,6.46531488027115e-05
ID_6SD288,0.0111649133965389,0.0110390813261018,0.0111649133965389,0.0110390813261018,0.0111649133965389,0.0110390813261018
ID_LNUKMI,2.55374265331017e-05,2.03470647006403e-05,6.16839128369643e-05,5.60035454615093e-05,6.16839128369643e-05,5.60035454615093e-05
ID_GVIHSB,0.000346383576291677,0.000296792717639731,0.00184288060847232,0.0018937175540135,0.00184288060847232,0.0018937175540135
ID_SH20YB,0.000149129918017127,0.000140481418359629,0.000214442530230407,0.000207749431472304,0.000422984339900522,0.000442659345517914
ID_KC3CBG,5.66564959603913e-06,3.53085975006745e-06,3.05460806832772e-05,2.62770871603084e-05,3.05460806832772e-05,2.62770871603084e-05
ID_Z2J1B3,7.1719008238245e-05,5.9835029902328e-05,0.000588808933486243,0.000581765687913485,0.000588808933486243,0.000581765687913485
ID_AROTJX,0.000106984854345229,0.00011397557284145,0.000110460750206409,0.00011397557284145,0.000110460750206409,0.00011397557284145
ID_DDUFHC,1.666131986761e-05,1.04900116348383e-05,8.16025762775731e-05,7.22154886837371e-05,8.16025762775731e-05,7.22154886837371e-05
ID_0CCA4F,4.44179900954164e-05,3.79292748445996e-05,4.44179900954164e-05,3.79292748445996e-05,4.44179900954164e-05,3.79292748445996e-05
ID_UF7243,0.00161704889863267,0.00123884040693257,0.00161704889863267,0.00123884040693257,0.00161704889863267,0.00123884040693257
ID_0H3T5P,0.150314066042182,0.184931727896879,0.201294025431741,0.229090301971779,0.287333700629324,0.328256518205231
ID_U2WF21,1.8676614902069e-05,1.27368127678284e-05,8.68429998971393e-05,7.33757285325847e-05,0.000130400059076534,0.000132948971595094
ID_SM5ONB,4.52307343880173e-05,3.22032650723506e-05,5.74278936659977e-05,4.83949441492343e-05,8.20614681058047e-05,7.87557873653163e-05
ID_KH6UO0,8.81429102261785e-05,0.000103115096968993,8.81429102261785e-05,0.000103115096968993,8.81429102261785e-05,0.000103115096968993
ID_OV2TNO,3.05338830822663e-05,2.28827254739344e-05,6.29968733657414e-05,5.70534080202635e-05,6.29968733657414e-05,5.70534080202635e-05
ID_Z3YZCX,4.93618774253957e-05,4.26616734484113e-05,4.93618774253957e-05,4.26616734484113e-05,4.93618774253957e-05,4.56851694260825e-05
ID_UEPV67,7.57314743797022e-05,5.35861278826944e-05,0.000139291641348676,0.000132323632160445,0.000139778734593472,0.000140080763436875
ID_B8VYG3,0.00668863448557053,0.00622994427391207,0.00668863448557053,0.00622994427391207,0.00668863448557053,0.00622994427391207
ID_69KUSA,1.24743862822018e-05,7.73335575829364e-06,3.81451236663081e-05,3.12147849736266e-05,3.95863358408623e-05,3.6745512592328e-05
ID_BOJ8C6,0.00085447055376109,0.000856221670120305,0.00128130251285102,0.00122092666786256,0.00128130251285102,0.00122092666786256
ID_DWK7UW,3.82809527171383e-05,3.01881120559841e-05,3.82809527171383e-05,3.01881120559841e-05,3.82809527171383e-05,3.01881120559841e-05
ID_JV6D5V,0.000205893661006144,0.000172957241866392,0.000276887868295449,0.000258283785238399,0.000276887868295449,0.000258283785238399
ID_0KZUAR,1.18781137157761e-05,8.44752385719498e-06,4.27755250822369e-05,3.66788296073586e-05,5.4378336177735e-05,5.14448454247912e-05
ID_N7CKJM,0.00197541098975639,0.00200268551106133,0.00197541098975639,0.00200268551106133,0.00197541098975639,0.00200268551106133
ID_W6H2GG,5.74826125531023e-05,4.7296879399674e-05,0.000419967522611022,0.000371641597727676,0.000419967522611022,0.000371641597727676
ID_R0MPE2,0.00100957499167706,0.000817657963724656,0.00100957499167706,0.000817657963724656,0.00100957499167706,0.000817657963724656
ID_X03IG4,6.31164740723876e-05,5.39823752887521e-05,7.26043197105554e-05,6.37751581694287e-05,8.33792358935857e-05,7.79627383427757e-05
ID_AOJ7HM,0.144703155711668,0.158338129999218,0.144703155711668,0.158338129999218,0.144703155711668,0.158338129999218
ID_ZOW6TO,9.55667619648902e-05,9.90295665634216e-05,9.55667619648902e-05,9.90295665634216e-05,9.55667619648902e-05,9.90295665634216e-05
ID_WZLIOZ,0.000981154674459166,0.000593984347446886,0.00333000074262865,0.00320883647683238,0.00371623738449931,0.00358428659838182
ID_82ZVWD,6.52683481391446e-05,6.5448313552751e-05,6.52683481391446e-05,6.5448313552751e-05,6.52683481391446e-05,6.5448313552751e-05
ID_9FOGDZ,0.000274316177406638,0.000278682381691945,0.000661554237745518,0.000661429892179117,0.000661554237745518,0.000661429892179117
ID_TSKMGA,0.0310229862695783,0.0343819300024955,0.0310229862695783,0.0343819300024955,0.0310229862695783,0.0343819300024955
ID_QOTY6K,3.96556526816728e-05,3.14757211481131e-05,7.59251569424172e-05,6.92450619433785e-05,7.59251569424172e-05,6.92450619433785e-05
ID_GAJC6C,0.0055464316321787,0.00494252416834051,0.0108011773091352,0.0112273056984283,0.0108011773091352,0.0112273056984283
ID_NX5RVU,0.0697777376256183,0.0740623590103297,0.0697777376256183,0.0740623590103297,0.0697777376256183,0.0740623590103297
ID_4YQUG6,0.000848723884955316,0.000863165725580416,0.00834061858603936,0.00832912777890442,0.00834061858603936,0.00832912777890442
ID_475FQ7,7.4817021796434e-05,5.74998084328872e-05,0.000109846803576844,0.000101957096845393,0.00011223301088238,0.00011903304981981
ID_NNBK1Y,0.0679049753319561,0.0717093763041234,0.133465371724243,0.136987482669161,0.203528226878951,0.218966243606174
ID_D2DLCV,5.15877406376037e-05,5.09709842207671e-05,5.9287535728336e-05,5.51686978559587e-05,5.9287535728336e-05,5.76972673304537e-05
ID_KF1S3W,0.0123265419127655,0.0124630143021222,0.0123265419127655,0.0124630143021222,0.0123265419127655,0.0124630143021222
ID_53HFX3,9.3118160863677e-05,0.000101626307774369,9.3118160863677e-05,0.000101626307774369,9.3118160863677e-05,0.000101626307774369
ID_7X3ANU,7.97031859818836e-05,5.17075040713732e-05,9.56114549899631e-05,8.11331143749765e-05,9.56114549899631e-05,8.11331143749765e-05
ID_90XFU4,3.30800905845077e-05,2.50828579306755e-05,6.46070447667395e-05,5.81219592313613e-05,6.46070447667395e-05,5.81219592313613e-05
ID_6CNKK3,4.25375193854414e-05,3.99765811878403e-05,6.93517337040461e-05,6.25577656216735e-05,6.93517337040461e-05,6.25577656216735e-05
ID_JSD8GD,0.0009291635585254,0.000550537037915457,0.00334788650185431,0.00319988132265638,0.00380172131827961,0.00364498504597981
ID_1T2JQX,6.7455413397682e-05,4.26173968176796e-05,0.000532394731910568,0.000455954366233133,0.000532394731910568,0.000455954366233133
ID_17FHGU,1.93464834677517e-05,1.12607051391898e-05,0.000232164662452806,0.000204508983730684,0.000232164662452806,0.000204508983730684
ID_EL46XL,5.47729481139932e-05,4.02382528246669e-05,0.000137835681801202,0.000122141010476031,0.000164449813156119,0.000154480175813908
ID_T01X1E,0.000143471319472193,0.00015759286102871,0.000296127839087555,0.000274297987180698,0.000296127839087555,0.000274297987180698
ID_BQ8JLJ,1.52576393665303e-05,1.23110989317552e-05,5.33296816955261e-05,5.13916649052819e-05,6.25619503590992e-05,6.14426077219475e-05
ID_2VWEN3,0.00459105576704503,0.00444464248450754,0.00459105576704503,0.00444464248450754,0.00459105576704503,0.00444464248450754
ID_5YP67S,8.28524831728529e-06,5.1847632919826e-06,0.000193490721453073,0.000174203456968079,0.000274950765797697,0.000271491670914224
ID_9S3MDV,0.000151401283167216,0.000143571787930921,0.000304587101909571,0.000292470458558688,0.000304587101909571,0.000304213550233949
ID_KQF7DD,3.06911525975788e-05,2.40692650042977e-05,3.06911525975788e-05,2.50993686236095e-05,3.72055775023564e-05,3.49207648762082e-05
ID_7W8OTR,3.33935326062011e-05,2.56103651142496e-05,7.16094426908543e-05,6.72415501192134e-05,0.000116522229247861,0.000116006960794863
ID_0NEC9T,1.73665222943725e-05,1.4001751737463e-05,2.05360393785499e-05,1.7890640260083e-05,2.68481102992976e-05,2.53200493144575e-05
ID_JKUDBT,0.00335239045275221,0.00379822058223123,0.00335239045275221,0.00379822058223123,0.00335239045275221,0.00379822058223123
ID_PMEGO0,6.74151909963698e-06,4.61978892788614e-06,2.40193555174198e-05,2.074284242273e-05,2.51600929737492e-05,2.41417559125599e-05
ID_9W1DTW,2.63608408723601e-05,2.19521401902019e-05,2.70629836493313e-05,2.42935795283857e-05,3.57301540075471e-05,3.48348050596392e-05
ID_SW35TS,0.00118319938186993,0.00107731901271365,0.00511497398598319,0.00522700792131591,0.00514829232003283,0.00547448474185595
ID_BF9GRX,0.011402507575702,0.00979931750645098,0.011402507575702,0.00979931750645098,0.011402507575702,0.00979931750645098
ID_A0P2EE,7.56086674542745e-06,4.59020378923895e-06,3.64010845009401e-05,3.02734752238747e-05,6.16847203251362e-05,5.77551488885377e-05
ID_U2SJ08,0.0339835986628744,0.0338168788735918,0.0339835986628744,0.0338168788735918,0.0339835986628744,0.0338168788735918
ID_ELVMT3,4.6395679113532e-05,3.83157966110307e-05,4.6395679113532e-05,3.83157966110307e-05,4.6395679113532e-05,3.96050716009116e-05
ID_N80HPR,0.000741724212574683,0.000861547850054595,0.000741724212574683,0.000861547850054595,0.000741724212574683,0.000861547850054595
ID_MVNZ8F,0.000522784520454555,0.000447931695532877,0.000628358396034245,0.000633624898564539,0.000805927951710268,0.000858684493514466
ID_O53XSO,2.62324249079705e-05,2.10897961415515e-05,7.08337728413108e-05,6.72065973651328e-05,7.72096141285344e-05,7.32628314845938e-05
ID_Y8YPKV,0.00132043639888211,0.00114821921001324,0.00585775540266254,0.00584589783674645,0.00585775540266254,0.00584589783674645
ID_LGOAXV,5.54521553287377e-06,3.4925017788804e-06,4.08387683768752e-05,3.4464837144471e-05,4.08387683768752e-05,3.46506595338148e-05
ID_7WZVHY,0.0177612312615353,0.0178408051307272,0.0242140770173988,0.0239758695249128,0.0242140770173988,0.0239758695249128
ID_96L2OE,0.00056077417856006,0.00051034585809151,0.00056077417856006,0.00051034585809151,0.00056077417856006,0.00051034585809151
ID_5MC5NZ,2.91050089888862e-05,2.38235439310026e-05,5.11372062385369e-05,4.7215320119919e-05,5.11372062385369e-05,4.77211044099113e-05
ID_D4YOQ7,0.00219826736092795,0.00179881300671707,0.00559976409213844,0.00573036041009281,0.00647773953547303,0.0070313917842691
ID_ZLH6YZ,0.000157985239375361,0.000163832741428362,0.00022870788336977,0.000225430333145693,0.00022870788336977,0.000225430333145693
ID_1SGSZE,8.18585545828002e-05,8.2617143493646e-05,9.54110007349883e-05,8.98777448329153e-05,9.54110007349883e-05,8.98777448329153e-05
ID_TA9PM5,2.20525804833408e-05,1.51940110391578e-05,4.41011399611077e-05,3.68793707990317e-05,4.41011399611077e-05,3.76252669725471e-05
ID_A43PS9,0.288188069214538,0.357147966382127,0.288188069214538,0.357147966382127,0.288188069214538,0.357147966382127
ID_PJ1GFX,8.69402918730359e-05,7.85426495549459e-05,8.69402918730359e-05,7.85426495549459e-05,8.69402918730359e-05,7.85426495549459e-05
ID_PAQVAY,1.71127688404907e-05,9.83486747801689e-06,7.1022651671678e-05,6.04958722988495e-05,7.1022651671678e-05,6.04958722988495e-05
ID_XVO0XE,4.44909841248359e-05,3.10690555380263e-05,0.000258747904303511,0.000224282420482133,0.000258747904303511,0.000224282420482133
ID_NIFVOQ,7.75517390043597e-05,7.40622489159449e-05,0.000152383012842496,0.000153223797126198,0.000152383012842496,0.000153223797126198
ID_Y3TLDA,0.000505652824129504,0.000562306174828989,0.00730611545332916,0.00865442793296212,0.00730611545332916,0.00865442793296212
ID_U8RC44,0.000481594676996967,0.000319599229180354,0.000481594676996967,0.000348477445587326,0.00200266833448999,0.00222822419914073
ID_6NT1J7,3.25210542117622e-05,2.80601446060264e-05,3.84336650786906e-05,3.19208704933756e-05,5.76500008603862e-05,5.42548396815181e-05
ID_RXFZLF,2.69074876264977e-05,2.14614061396608e-05,4.32884296917994e-05,3.85009058286501e-05,4.32884296917994e-05,3.85009058286501e-05
ID_QD9ZYZ,9.03054258168044e-06,5.62947753398525e-06,6.37972696800569e-05,5.52502892166437e-05,9.56201575917564e-05,9.31923696441901e-05
ID_9GWO0I,7.03260841240963e-05,6.97985370980929e-05,7.20858782127557e-05,6.97985370980929e-05,7.20858782127557e-05,6.97985370980929e-05
ID_RVEFZ9,7.4521629426297e-05,6.10345372474235e-05,0.000284578954998638,0.000251591364042213,0.000284578954998638,0.000251591364042213
ID_53NI04,1.99754341124856e-05,1.67609607551912e-05,7.03502386170827e-05,6.17814082690061e-05,7.03502386170827e-05,6.56673878290505e-05
ID_UFG3WK,0.000128384578231622,0.000141933380556096,0.000128384578231622,0.000141933380556096,0.000128384578231622,0.000141933380556096
ID_CGSEQY,6.46270751379249e-05,5.64327978444248e-05,0.000155823725935646,0.000158364627398773,0.000155823725935646,0.000158364627398773
ID_DJB815,0.000176090232874256,0.000194082074100125,0.000176090232874256,0.000194082074100125,0.000181424144535369,0.000194082074100125
ID_ELFXTH,2.41387398385048e-05,1.68274181005934e-05,0.000321856824250068,0.000281702912556148,0.000321856824250068,0.000281702912556148
ID_K3MAY0,0.0487124801888973,0.0446495281615346,0.0487124801888973,0.0446495281615346,0.0487124801888973,0.0491929329608862
ID_M8HQOP,5.88112681072423e-05,4.819839586059e-05,5.88112681072423e-05,4.819839586059e-05,6.33007471606473e-05,6.18585150216565e-05
ID_8T01EV,6.61711534808083e-05,7.0952260741836e-05,6.61711534808083e-05,7.0952260741836e-05,6.61711534808083e-05,7.0952260741836e-05
ID_YE6913,8.16149150929535e-06,5.59474923549882e-06,4.42291548887958e-05,3.74247655748357e-05,4.42291548887958e-05,3.85861977736559e-05
ID_L77EMA,7.66303396579057e-05,7.63716049358913e-05,0.000173422533277425,0.000170023344531147,0.000173422533277425,0.000170023344531147
ID_T8RWY3,5.30630421774798e-05,4.75525146645485e-05,7.81817187274037e-05,7.18353074532486e-05,7.81817187274037e-05,7.18353074532486e-05
ID_7I6AN6,0.00277792228051025,0.00288956659489642,0.00277792228051025,0.00288956659489642,0.00277792228051025,0.00288956659489642
ID_PFTRFZ,0.00668863448557053,0.00622994427391207,0.00668863448557053,0.00622994427391207,0.00668863448557053,0.00622994427391207
ID_J3EJ0R,0.000347668992202136,0.000284185336243028,0.000932727871262554,0.000968166091939736,0.000932727871262554,0.000968166091939736
ID_AXB1LU,4.17379358605011e-05,3.81740654959922e-05,7.06379552918377e-05,6.36018044928147e-05,9.12879683888077e-05,8.99432252098777e-05
ID_IGYW5G,0.00123934712135421,0.000885040644134563,0.00510412461292423,0.00501654922216861,0.00510412461292423,0.00501654922216861
ID_IJXCEY,3.30379527092144e-05,3.11714306990235e-05,5.79582603560232e-05,5.15171521156974e-05,8.42574157087699e-05,8.11063597257689e-05
ID_1G89F8,1.76559611773828e-05,1.4246485188792e-05,5.94634799335796e-05,5.14888567838801e-05,5.94634799335796e-05,5.14888567838801e-05
ID_D4AGS1,0.00357991568284889,0.00397497212189317,0.00357991568284889,0.00397497212189317,0.00367728832444538,0.00397497212189317
ID_KNHULM,4.46946854965387e-05,4.7197296401622e-05,4.46946854965387e-05,4.7197296401622e-05,4.46946854965387e-05,4.7197296401622e-05
ID_HXFJXO,0.0111228862241887,0.00808065590714309,0.0774464753534287,0.0856495538360154,0.0846105968373162,0.0903916317821988
ID_FC6AVA,0.000258640556604203,0.000225084443782227,0.00034762854448217,0.000319057647887715,0.00115350479805234,0.00125073395572743
ID_WECC7T,0.177935911358337,0.17897263177999,0.177935911358337,0.17897263177999,0.177935911358337,0.17897263177999
ID_QA38KR,7.4902036377176e-05,8.13333981077419e-05,7.4902036377176e-05,8.13333981077419e-05,7.4902036377176e-05,8.13333981077419e-05
ID_K1MSGS,4.51236818133189e-05,3.89183868474152e-05,4.51236818133189e-05,3.90036157050799e-05,4.91207472528404e-05,4.83174037952486e-05
ID_PISRX6,0.000112947492800418,0.000105095567573195,0.000408268243123401,0.000387315616061177,0.000515085084784548,0.000527656963369485
ID_YMZWV2,8.89118796105723e-05,9.43218284246841e-05,0.000175676252106687,0.000172416259871524,0.000175676252106687,0.000172416259871524
ID_RI0O6J,2.6484179566319e-05,1.97323236258705e-05,5.48521454456224e-05,4.87118167988405e-05,5.48521454456224e-05,4.87118167988405e-05
ID_YVW8FX,2.0474465525486e-05,1.28312854732025e-05,7.82043837412961e-05,6.80944593054898e-05,7.82043837412961e-05,7.66377217447929e-05
ID_5LZHSA,5.47729481139932e-05,4.02382528246669e-05,0.000137835681801202,0.000122141010476031,0.000164449813156119,0.000154480175813908
ID_JSWVHL,3.67677435656012e-05,3.0332455920675e-05,0.000323947308472662,0.000303473809245489,0.000323947308472662,0.000303473809245489
ID_MO5XSX,2.27868648979256e-05,1.62964093303718e-05,5.235465266499e-05,4.4021708808113e-05,5.47558639171086e-05,5.20353937451403e-05
ID_0NKOI7,0.011402507575702,0.00979931750645098,0.011402507575702,0.00979931750645098,0.011402507575702,0.00979931750645098
ID_FX76KI,0.00523242518547667,0.00471169053272506,0.00782870820224434,0.00747386436248707,0.00846686576092091,0.00875826263748689
ID_EDRP5J,4.27739938793108e-05,3.85018609335123e-05,0.000244874296870502,0.000245755679246538,0.000244874296870502,0.000245755679246538
ID_495ND2,5.18109652390281e-05,3.36502808576572e-05,0.00175485924404993,0.00170696009307998,0.00175485924404993,0.00170696009307998
ID_AN1U1Q,1.91553660303369e-05,1.33739577373987e-05,4.82962255510068e-05,3.99033506307767e-05,4.82962255510068e-05,3.99033506307767e-05
ID_VAJXTJ,0.000597791868765193,0.000581792471037889,0.00168697803201473,0.00161113412738026,0.00168697803201473,0.00161113412738026
ID_VACRZA,8.10950778020661e-05,9.25729472888604e-05,0.000167430756026745,0.000156089601843726,0.000167430756026745,0.000156089601843726
ID_DYZZ59,5.38839110998587e-05,5.66481267616126e-05,5.38839110998587e-05,5.66481267616126e-05,5.38839110998587e-05,5.66481267616126e-05
ID_K4Q8V0,0.000241796219931066,0.000186392678546661,0.00104625110548699,0.00102590233721277,0.00104625110548699,0.00108371020727651
ID_RIZUYK,0.000188404503630587,0.00014942769003553,0.000399197547983417,0.000396854928275387,0.000399197547983417,0.000396854928275387
ID_8UHEOJ,0.00443085668537879,0.00424479544574579,0.00443085668537879,0.00424479544574579,0.00443085668537879,0.00424479544574579
ID_HCWZN6,5.19856802702492e-05,4.80133303502937e-05,0.000100364333145536,9.82595746333501e-05,0.000122659144694761,0.000124861889092346
ID_CBFIEN,5.61473821477674e-05,3.71336307334841e-05,0.000428565889845093,0.000372544387589205,0.000428565889845093,0.000414291765744721
ID_X1B7HZ,0.00310462829175589,0.00307380442416448,0.00443170755778425,0.00458193133310046,0.00443170755778425,0.00458193133310046
ID_2R7V3V,6.47890332163377e-05,5.85416692276166e-05,0.00032112070722272,0.000289029826307201,0.00032112070722272,0.000289029826307201
ID_K9F2L9,7.17468943936208e-05,5.29332574243485e-05,0.000104178406438246,9.44173202258186e-05,0.000104178406438246,9.52524046519113e-05
ID_BMBE4U,4.28873693446955e-05,3.28868576697852e-05,0.000135668206965273,0.000118455820365704,0.000265797945041651,0.000272862362299667
ID_DEHJ7B,0.000200073914088164,0.000219339556031998,0.000200073914088164,0.000219339556031998,0.000200073914088164,0.000219339556031998
ID_FREVOR,0.000105803094122546,0.000108695199622852,0.000105803094122546,0.000108695199622852,0.000105803094122546,0.000108695199622852
ID_DHHPAZ,3.24457688063786e-05,2.6233154944131e-05,3.24457688063786e-05,2.72037043739074e-05,3.37056323421528e-05,3.12250356112502e-05
ID_EMCF89,2.88212597764944e-05,1.91453967008859e-05,0.00165067273376185,0.00174800675731885,0.00165067273376185,0.00174800675731885
ID_LJ3UDV,0.000545987038656439,0.000456922862868977,0.00812343374497893,0.00860874653588993,0.022166161544236,0.0252767425085604
ID_DTCNOM,1.44305848115062e-05,9.25145404775891e-06,7.18493122657177e-05,6.28024080130271e-05,7.18493122657177e-05,6.28024080130271e-05
ID_6REZPV,6.58508566871024e-05,6.54418859990556e-05,7.06521391064782e-05,6.54418859990556e-05,7.2745427521181e-05,7.15027556785239e-05
ID_DULZGI,9.3297645795692e-06,5.67476101974373e-06,0.000113292111690053,9.91566195056257e-05,0.000113292111690053,9.91566195056257e-05
ID_9T9YY4,0.00020748344844922,0.000228359910984613,0.000238465752465884,0.000248030733991846,0.000238465752465884,0.000248030733991846
ID_K8P06C,5.83816477104722e-05,5.12270624243389e-05,0.000275470593028667,0.000248074838733594,0.000275470593028667,0.000248074838733594
ID_G44S2G,0.000475159540325834,0.000499756315382067,0.000644952821127032,0.000674202126336836,0.000644952821127032,0.000674202126336836
ID_766C2X,0.0276738399386898,0.0287691803632109,0.0703601142504831,0.070833935282648,0.102571143383302,0.111600372474424
ID_LBOZ73,2.13922214591059e-05,1.58008806214962e-05,0.000105055652532758,9.76570353268448e-05,0.000105055652532758,9.76570353268448e-05
ID_CHT575,7.11963484971659e-05,7.31830114179211e-05,7.85854753969988e-05,7.31830114179211e-05,7.85854753969988e-05,7.31830114179211e-05
ID_Q02CHP,2.35184131511561e-05,1.51433146830774e-05,0.000466582865706124,0.000416867496939839,0.000466582865706124,0.000416867496939839
ID_VIB8R6,0.000432711737592524,0.000438579266461183,0.000432711737592524,0.000438579266461183,0.000432711737592524,0.000438579266461183
ID_6E3ARV,2.4647602242598e-05,2.21404131743901e-05,2.4647602242598e-05,2.21404131743901e-05,2.58151299518169e-05,2.48008712534629e-05
ID_S5TAQL,8.29214506222079e-06,4.74637629755897e-06,3.34607623484258e-05,2.7654295599534e-05,3.34607623484258e-05,2.81580394952746e-05
ID_9AIPRL,6.61227298271102e-05,5.06101630318701e-05,6.61227298271102e-05,5.06101630318701e-05,6.61227298271102e-05,5.48672550448748e-05
ID_39Z87X,3.99056046594565e-05,3.45279013794445e-05,0.000250033108417435,0.000264292010953246,0.000250033108417435,0.000264292010953246
ID_UF64U6,0.00369124498782936,0.00365145472812759,0.00369124498782936,0.00365145472812759,0.00369124498782936,0.00365145472812759
ID_LVL634,0.000886475181589993,0.000698191374952702,0.00508988959164288,0.0052206992482381,0.00508988959164288,0.0052206992482381
ID_MRF8HI,0.197848660875934,0.208655241943146,0.233714262908279,0.225078576774558,0.233714262908279,0.230301140518393
ID_LTPY2G,0.000166646250507075,0.000173231173222725,0.000172966516497677,0.000173231173222725,0.000286829103569046,0.000293239559203105
ID_K7VOHK,0.102257796036437,0.110104444492368,0.102257796036437,0.110104444492368,0.10379870487221,0.119884820466041
ID_WY97QW,3.02666512578993e-05,2.08825709492887e-05,4.96250763712356e-05,4.41279281151239e-05,6.85093263692863e-05,6.71462416929975e-05
ID_BTYO7S,9.31639722695607e-05,7.90607257692031e-05,0.00010099423380648,8.88739541920655e-05,0.00016630360482872,0.000159976768828028
ID_D243HP,0.0722905380430547,0.0816257238812219,0.254451263650377,0.260005066377288,0.254451263650377,0.265443593240028
ID_DAAUON,8.99559427063086e-05,0.000106503354336295,8.99559427063086e-05,0.000106503354336295,8.99559427063086e-05,0.000106503354336295
ID_6QJT3U,0.00487208293604843,0.00372003404422934,0.00988163153306634,0.0103595770502161,0.0222826438894991,0.0242664696955337
ID_Y7D9MZ,0.000580829923807321,0.000434557503972646,0.0018856229858567,0.0018489764907976,0.0018856229858567,0.0018489764907976
ID_I5WORJ,0.000407157701008061,0.000447012755312418,0.00279254806355892,0.00326263224654576,0.00279254806355892,0.00326263224654576
ID_11E7A7,2.32105705856886e-05,1.84360404595551e-05,4.72883284899613e-05,4.28177666272523e-05,4.72883284899613e-05,4.28177666272523e-05
ID_UZSIPN,2.43258707870759e-05,1.78519467570985e-05,6.44523382891675e-05,5.80290445665946e-05,6.44523382891675e-05,5.80290445665946e-05
ID_15LAWX,1.57827945895249e-05,1.0163134907826e-05,0.000444196501335573,0.000432714606578685,0.000444196501335573,0.000432714606578685
ID_TGLP6W,1.30857857053073e-05,9.79884109960096e-06,1.30857857053073e-05,9.9120259549409e-06,2.22318801808278e-05,2.07896399574539e-05
ID_OZ54TY,0.0009291635585254,0.000550537037915457,0.00334788650185431,0.00319988132265638,0.00380172131827961,0.00364498504597981
ID_OEUEBT,0.0646353433683607,0.0605689392392077,0.0646353433683607,0.0605689392392077,0.0646353433683607,0.0605689392392077
ID_O3H4R1,5.01515554226535e-05,4.40464208714366e-05,5.01515554226535e-05,4.40464208714366e-05,5.01515554226535e-05,4.40464208714366e-05
ID_9ZLKG2,2.45374243592252e-05,2.01483282295485e-05,4.0295507125146e-05,3.55929531106625e-05,5.77640888797296e-05,5.44307330148066e-05
ID_ZSTDRG,3.10168034886674e-05,2.41689844335084e-05,8.86772432367636e-05,8.58956726282892e-05,8.86772432367636e-05,8.58956726282892e-05
ID_RTUQI0,5.3724258396543e-05,3.67351555648813e-05,0.000158017355570458,0.000139634720048546,0.000158017355570458,0.000139634720048546
ID_DOH3RS,0.280137932888418,0.278759615772184,0.280137932888418,0.278759615772184,0.280137932888418,0.278759615772184
ID_BWQ4QE,9.4997749593056e-05,8.83265521474293e-05,0.000173267719213167,0.000172000259301075,0.000173267719213167,0.000172000259301075
ID_8P12DQ,8.95863961512752e-05,6.76537048234638e-05,8.95863961512752e-05,7.54891378791629e-05,0.000132951846909137,0.00013245417753212
ID_PR6GCS,0.000232214576310415,0.000251365281363569,0.000432406251689189,0.000462393456517918,0.000432406251689189,0.000462393456517918
ID_2X5YMF,2.025620726852e-05,1.93348618427873e-05,2.025620726852e-05,1.93348618427873e-05,2.81865197413668e-05,2.70026072990214e-05
ID_TOVXGP,0.000235166411968717,0.00021046895135625,0.000273100534524709,0.000256049855788704,0.000273100534524709,0.000256049855788704
ID_YC2PUL,8.81429102261785e-05,0.000103115096968993,8.81429102261785e-05,0.000103115096968993,8.81429102261785e-05,0.000103115096968993
ID_TMUJCJ,0.000186934879026424,0.000200747117409626,0.000229191714048335,0.000237687494156801,0.000261478319905982,0.000278132516001284
ID_PHQYL9,0.0115497581817825,0.0127892116953259,0.0115497581817825,0.0127892116953259,0.0115497581817825,0.0127892116953259
ID_78AWWK,0.000244614138756928,0.00026685236329387,0.000244614138756928,0.00026685236329387,0.000244614138756928,0.00026685236329387
ID_N6IRKL,1.20500311205483e-05,7.03317972212951e-06,5.11385844942733e-05,4.31902119079227e-05,5.11385844942733e-05,4.31902119079227e-05
ID_Q2SMTQ,0.137710978995018,0.110697561357582,0.160166304519745,0.151016729926379,0.283198921224606,0.321630958200118
ID_R3EVVT,0.0440185142422418,0.0434531300268433,0.0440185142422418,0.0434531300268433,0.0440185142422418,0.0434531300268433
ID_J1UM6R,0.000753994640725083,0.000816717830233631,0.000753994640725083,0.000816717830233631,0.000753994640725083,0.000816717830233631
ID_SVTUNC,0.0009291635585254,0.000550537037915457,0.00334788650185431,0.00319988132265638,0.00380172131827961,0.00364498504597981
ID_CO0M1V,0.0358012782315441,0.0424129416467724,0.0358012782315441,0.0424129416467724,0.0358012782315441,0.0424129416467724
ID_S94Q2Y,0.000232540274730614,0.000277158827368871,0.000232540274730614,0.000277158827368871,0.000232540274730614,0.000277158827368871
ID_2L8F6L,0.0908602585840167,0.0987658953473707,0.0908602585840167,0.0987658953473707,0.171257963438072,0.177148672741817
ID_FJ9WOU,0.00221956434783308,0.00195212660384943,0.00221956434783308,0.00195212660384943,0.00221956434783308,0.00195212660384943
ID_5CE2HM,0.00796960359706762,0.00727367890093405,0.0100027541026256,0.0100895156662288,0.0100027541026256,0.0100895156662288
ID_4TOC5J,1.98945928665161e-05,1.25538415041278e-05,0.000232104531540405,0.000204011824068602,0.000232104531540405,0.000213238140467529
ID_ZV17K7,5.7179593809602e-05,4.47917514857597e-05,0.000273254282358898,0.000239936265788633,0.000273254282358898,0.000239936265788633
ID_F7RSFR,0.000400219131782401,0.000324432218169509,0.000556297682797327,0.000544527717375778,0.000556297682797327,0.000574223829461425
ID_C9JHEM,3.88647853101304e-05,3.47087945812721e-05,6.78395861725762e-05,6.13077858788712e-05,9.87418167696523e-05,9.50006475265947e-05
ID_VD5NIC,0.000151310462733721,0.000120789355999259,0.000333981135992387,0.000289070182103129,0.000474416617410779,0.00047788034125227
ID_MQ1XM6,0.000301807282267528,0.000313577357243642,0.000389088702451902,0.000391185810800068,0.000514319674381351,0.000547796995356403
ID_INX5GB,0.000149900891904158,0.000175361786581842,0.000149900891904158,0.000175361786581842,0.000149900891904158,0.000175361786581842
ID_B8BL0O,2.74386130769033e-05,1.81495307361269e-05,0.000386046700379456,0.000334550982600819,0.000386046700379456,0.000334550982600819
ID_F4HS1L,0.000578281331335754,0.000699962080394301,0.000578281331335754,0.000699962080394301,0.000578281331335754,0.000699962080394301
ID_BCUUEB,1.25582506130306e-05,7.97536650195758e-06,0.000101493959046498,8.53856696815428e-05,0.000101493959046498,8.53856696815428e-05
ID_C1LESE,9.36413823701039e-06,5.62102818739302e-06,9.8968119298562e-05,8.29963551979211e-05,9.8968119298562e-05,8.29963551979211e-05
ID_9AOX8N,0.000737212622458892,0.000609579300973874,0.0166709265812245,0.0182354600626384,0.0229727932402201,0.0262283617338808
ID_0256XQ,0.00160299060420826,0.00160474655052169,0.00197523084602215,0.0019099671779565,0.00200160281450499,0.00199833636639458
ID_8TH4YE,0.210052248276492,0.251731116949671,0.237637624212451,0.256203586915023,0.376150404412452,0.425032996885326
ID_VHW1SA,0.00547126444506127,0.00482419272122786,0.00547126444506127,0.00482419272122786,0.00547126444506127,0.005443939289581
ID_EHAJ1K,0.787295280427799,0.830456728790639,0.787295280427799,0.830456728790639,0.787295280427799,0.830456728790639
ID_4KV1ZV,9.72959352152697e-06,7.29154613026505e-06,2.29713774603495e-05,1.96165992110698e-05,3.27149105726551e-05,3.09041777455282e-05
ID_N3R2G6,0.00357481191248193,0.00405069671105201,0.00357481191248193,0.00405069671105201,0.00357481191248193,0.00405069671105201
ID_W45VF7,0.0424023551270096,0.0393733873684814,0.0447729027072234,0.0442823614727766,0.0472707556199794,0.0475464048926316
ID_SZLKA0,5.63853001644181e-05,5.59658527008761e-05,8.2999489396424e-05,7.78838487231041e-05,8.2999489396424e-05,7.78838487231041e-05
ID_9WPT8S,0.00326940657752838,0.00248401428104838,0.0123081870778971,0.0118651517517323,0.0172124710178813,0.0177239395774078
ID_IJCE63,0.0463993048128896,0.0486522319140669,0.0463993048128896,0.0486522319140669,0.0463993048128896,0.0486522319140669
ID_Q04AX8,0.000332129129953637,0.000350385223164349,0.000339842600672054,0.000357033035269683,0.000339842600672054,0.000357033035269683
ID_WPT41W,3.13013993175942e-05,2.24751714144641e-05,9.60370859903912e-05,8.30376639712697e-05,0.000153577655066275,0.000150412598629245
ID_5T9X89,4.45825824795801e-05,4.71294137948337e-05,4.45825824795801e-05,4.71294137948337e-05,4.45825824795801e-05,4.71294137948337e-05
ID_X91UOX,4.53207429076214e-05,4.07332827697693e-05,0.000238142731666973,0.000247824902754116,0.000238142731666973,0.000247824902754116
ID_O5C888,1.44489309095856e-05,9.20700386405537e-06,7.10401363401989e-05,6.21632581867664e-05,7.10401363401989e-05,6.21632581867664e-05
ID_1FYJNL,0.000102436221557139,8.92802891551437e-05,0.000606027383226787,0.000531543872218837,0.000606027383226787,0.000531543872218837
ID_0V4XZ0,0.000640031271731792,0.000563405089255074,0.0133742123704106,0.0150128441873721,0.0398540308008314,0.0474480751821895
ID_MISHT0,0.198308896697464,0.234419088517926,0.354728418355695,0.376831785048029,0.431598675951271,0.480131225390022
ID_345SCW,1.010789096244e-05,6.02963298406495e-06,4.62880130101121e-05,3.94219933155987e-05,4.62880130101121e-05,3.94219933155987e-05
ID_BIBW8E,0.000121452737268254,0.000138935964377009,0.000198063127823562,0.000184369389264877,0.000198063127823562,0.000184369389264877
ID_FDZWH6,2.37877890823761e-05,1.6385738479095e-05,5.70132225234778e-05,4.91317170511264e-05,6.66169767437511e-05,6.54548288553552e-05
ID_3RTO71,9.40446026423574e-05,7.20451518550822e-05,9.40446026423574e-05,7.20451518550822e-05,0.000142170576155195,0.000138297802300574
ID_Z3ULTI,0.0077602399972341,0.00546949046215927,0.0333652269172533,0.0337678042396015,0.0634787152232981,0.0628753721895366
ID_OEY4YT,0.000128911550539066,0.000134562505433788,0.000128911550539066,0.000134562505433788,0.000128911550539066,0.000134562505433788
ID_3CH8CL,0.00145928873517928,0.00143542376772142,0.00212046400267597,0.0020566552593339,0.00212046400267597,0.0020566552593339
ID_NQX0O8,2.09804193993585e-05,1.67822871685879e-05,4.28986713160103e-05,3.90242069304571e-05,4.90236809592126e-05,4.61424548543393e-05
ID_T4NKV6,0.000167007940284182,0.000163616902796666,0.000228994794503552,0.000222659383536169,0.000228994794503552,0.000222659383536169
ID_W9XHZ2,0.000200460351809612,0.000194233371074832,0.00212421426344674,0.00243574224967667,0.00212421426344674,0.00243574224967667
ID_WW13YS,1.41894395499165e-05,9.75450485111878e-06,3.42729941658754e-05,2.81296710227417e-05,3.42729941658754e-05,2.81296710227417e-05
ID_RX87BE,0.000197411967514076,0.000229600564531812,0.000202911343296291,0.000229600564531812,0.000202911343296291,0.000229600564531812
ID_U7XEK7,0.00012696335229795,0.000125913955931674,0.000169268100219818,0.000170474523152154,0.000169268100219818,0.000170474523152154
ID_DXPTCG,5.55480105943059e-05,4.96013001928249e-05,5.55480105943059e-05,4.96013001928249e-05,5.55480105943059e-05,4.96013001928249e-05
ID_0PABFC,3.13488979750927e-05,2.26171716203156e-05,5.21556385105574e-05,4.55825614434908e-05,5.76799927741881e-05,5.58217730109496e-05
ID_9KA6N0,0.000155096817050994,0.000145609540672795,0.00018167282114714,0.00017495251869086,0.00018167282114714,0.00017495251869086
ID_0J1LF5,9.7591919908137e-06,7.38823361216152e-06,2.59805453887807e-05,2.26012481294974e-05,2.59805453887807e-05,2.26012481294974e-05
ID_74JAB8,2.35184131511561e-05,1.51433146830774e-05,0.000466582865706124,0.000416867496939839,0.000466582865706124,0.000416867496939839
ID_VAG0Q5,0.0023330214937133,0.00231784314063266,0.0023330214937133,0.00231784314063266,0.00804991067813668,0.00893897192702156
ID_VQ4UCJ,5.83816477104722e-05,5.12270624243389e-05,0.000275470593028667,0.000248074838733594,0.000275470593028667,0.000248074838733594
ID_OECX6J,0.0215872994214348,0.0246410898376145,0.127355749287617,0.148060794374424,0.165361436891913,0.187769725321823
ID_9EHPRT,0.000540014225143797,0.000443828168894949,0.000540014225143797,0.000443828168894949,0.000920107293632718,0.000946247645350976
ID_PFYUD5,0.00129270098243244,0.000998573471563977,0.00444930785921817,0.00417516012202483,0.0058792104003086,0.00584200025563667
ID_671WLE,0.266983892050679,0.27223080973869,0.266983892050679,0.27223080973869,0.266983892050679,0.27223080973869
ID_K5QXSD,0.164126130462783,0.147524053578764,0.217662491004575,0.213103231625847,0.265807382812233,0.289017858479701
ID_DMKQ4R,0.000101961651625735,8.88326014021068e-05,0.000104813924075169,8.90282122715456e-05,0.000197155191568929,0.000196861968125942
ID_VFFFGX,0.00109706353701021,0.00108922293510386,0.00127470407031598,0.00135671378552125,0.00127470407031598,0.00135671378552125
ID_ZEY77T,1.67478717997714e-05,1.30063127058859e-05,4.87236505393661e-05,4.08991220362955e-05,4.87236505393661e-05,4.45131832725606e-05
ID_N8VDI6,4.56439437096244e-05,4.58234365065979e-05,6.51118548807733e-05,5.66365837515235e-05,7.17042262193147e-05,7.00849264791734e-05
ID_BTKIK1,4.13107637078166e-05,3.31696212659971e-05,7.81536332792832e-05,7.28992769203221e-05,7.81536332792832e-05,7.28992769203221e-05
ID_EXAG19,1.66527693589021e-05,1.01213240525832e-05,0.000274744992808016,0.000240183465448574,0.000274744992808016,0.000240183465448574
ID_065SOK,0.164897891825331,0.191834019388087,0.224191729746267,0.22838982202444,0.338206755576777,0.370335081561687
ID_35VBIN,5.55976260523319e-05,4.53928852149809e-05,7.86325944539604e-05,7.17089098390967e-05,8.57615163639681e-05,8.49273034141475e-05
ID_BIKMDL,9.88418605173827e-05,7.1263445513427e-05,0.000753785028565276,0.000640128172408156,0.000753785028565276,0.000640128172408156
ID_0CTOW2,0.0210117199461896,0.0193571196117363,0.0971814220119935,0.0902984125127901,0.111863197809474,0.110743417766985
ID_HX20WC,0.000138058004086775,0.000137382738256093,0.000250771112184115,0.000245000181228039,0.000250771112184115,0.000245000181228039
ID_Q617Y8,8.88252826083324e-05,8.99896703974367e-05,8.88252826083324e-05,8.99896703974367e-05,8.88252826083324e-05,8.99896703974367e-05
ID_NUI7QC,0.024633450598901,0.022136863818344,0.024633450598901,0.022136863818344,0.024633450598901,0.022136863818344
ID_7O1I32,2.10177643745021e-05,1.48282933577282e-05,8.33042174432277e-05,7.18384918094066e-05,0.0001213461408787,0.000120726251214569
ID_FPUZW4,0.000327306243553021,0.000272407117888135,0.000434774280367562,0.000421595320295478,0.000434774280367562,0.000421595320295478
ID_3J4B56,0.00327873225986454,0.00337353929206618,0.00327873225986454,0.00337353929206618,0.00327873225986454,0.00337353929206618
ID_88JV6U,0.000197855466236513,0.000235066959049512,0.000197855466236513,0.000235066959049512,0.000197855466236513,0.000235066959049512
ID_8VXM2R,0.00025601600227303,0.000259848420345526,0.00025601600227303,0.000259848420345526,0.00025601600227303,0.000259848420345526
ID_5WL3Y6,7.27144011654242e-06,4.37172896789592e-06,7.56004138371915e-05,6.42961693797525e-05,7.56004138371915e-05,6.42961693797525e-05
ID_943TOK,2.04502964957444e-05,1.81526312392965e-05,2.04502964957444e-05,1.81526312392965e-05,2.83380839221361e-05,2.69495488545164e-05
ID_G32IUY,8.18795116576414e-06,5.06100184194489e-06,2.89578355203059e-05,2.38210534844408e-05,5.04646564077828e-05,4.72658406869891e-05
ID_ZBZ0JX,0.00039235684186558,0.000382291791488929,0.0009853694135926,0.000883863579845459,0.000987217422295389,0.00103540417990758
ID_0N9HPQ,4.2042521666919e-05,3.33961181089705e-05,0.000166085236770065,0.000165102690133097,0.000166085236770065,0.000165102690133097
ID_CZC128,7.46597554605496e-05,7.06337607174133e-05,0.000116643916422663,0.000105599148142117,0.000116643916422663,0.000105599148142117
ID_S64QFC,2.92366825587423e-05,2.32306542843117e-05,4.40840215142378e-05,3.90398948545564e-05,4.40840215142378e-05,4.02194693085814e-05
ID_KO4YXJ,6.47890332163377e-05,5.85416692276166e-05,0.00032112070722272,0.000289029826307201,0.00032112070722272,0.000289029826307201
ID_C4A9AI,0.000189631253144807,0.000135209921807302,0.0004262036753662,0.000408626073380809,0.0004262036753662,0.000408626073380809
ID_8F32YO,2.35184131511561e-05,1.51433146830774e-05,0.000466582865706124,0.000416867496939839,0.000466582865706124,0.000416867496939839
ID_MI871Y,2.46386888841553e-05,1.67915911732552e-05,2.46386888841553e-05,1.95502014767002e-05,2.46386888841553e-05,2.18476575781713e-05
ID_7ELMZ7,2.24858167354264e-05,1.4142999771822e-05,0.00013906673298033,0.000121875478982073,0.00013906673298033,0.000121875478982073
ID_C774J9,2.75576240421647e-05,2.13413022643762e-05,0.000264474327690391,0.000283749924772868,0.000264474327690391,0.000283749924772868
ID_XC2X41,0.000133449662171548,0.000126672217798378,0.000300212292864645,0.000312358860012288,0.000300212292864645,0.000312358860012288
ID_0JC6LT,6.32942715052952e-05,4.4536976124646e-05,0.000169202073536086,0.00014272839749059,0.000169202073536086,0.00014272839749059
ID_RYVJD1,1.84988028008723e-05,1.31626808785075e-05,0.000300000908353394,0.000279466798503182,0.000300000908353394,0.000279466798503182
ID_T8EQ3F,0.000127577247316321,0.000118975139136169,0.000127577247316321,0.000118975139136169,0.000156290185914204,0.000150718088822948
ID_P6V6NH,0.00045542913679103,0.000444544945102865,0.000528697814429907,0.000492846822488684,0.000528697814429907,0.000492846822488684
ID_Q51LM9,1.86691089378827e-05,1.22181222245669e-05,2.35669286486864e-05,2.04985882013224e-05,5.26282436906533e-05,5.03684763495962e-05
ID_INQA11,0.000479605492926137,0.000574496762736745,0.000552142098811882,0.000600837595038141,0.000552142098811882,0.000600837595038141
ID_YS28JJ,2.36997251392262e-05,1.5484516828506e-05,0.000219874028112031,0.000186541547880183,0.000262278790535401,0.000252276235006637
ID_42HTPO,0.000139131952166886,0.000104585985626335,0.000913676483197289,0.00089720934656279,0.000913676483197289,0.00089720934656279
ID_ZYBEDD,7.91996707496538e-06,4.90773073092938e-06,3.48304241574894e-05,3.00292890322815e-05,3.48304241574894e-05,3.00292890322815e-05
ID_Y8KQBZ,0.025634126268926,0.0238431395437586,0.025634126268926,0.0238431395437586,0.0907181119328253,0.1038575792442
ID_F1SPJM,0.000245644352948115,0.000197835501620885,0.000245644352948115,0.000197835501620885,0.00042486102627098,0.000426965193364212
ID_30POCS,1.5636415052608e-05,1.23283895895047e-05,6.5070239865126e-05,5.99805796828095e-05,6.68606752893574e-05,6.36458077897773e-05
ID_ZF76R9,6.82150735583326e-05,4.89479968577923e-05,0.00018912396519129,0.000163304912709702,0.000244933472928518,0.000241211771580533
ID_ERFJWP,0.000248990378766721,0.000263905538167026,0.000248990378766721,0.000263905538167026,0.000423050083407355,0.000461219329226719
ID_A50E5P,4.77611432514461e-05,3.28857490637713e-05,6.17131369652442e-05,5.14403108543048e-05,8.45275159039901e-05,8.07695207525674e-05
ID_YOFNV6,0.000283704148337854,0.000246828983260094,0.000491980983027265,0.000462799061430161,0.000491980983027265,0.000462799061430161
ID_BWUBOA,0.000119065340575519,0.00011327330299684,0.000125633897859752,0.000118631078932061,0.000125633897859752,0.000118631078932061
ID_2UT2U6,0.000133561637860983,0.000122396511504131,0.00277947880840126,0.00287000042618478,0.00277947880840126,0.00287000042618478
ID_U0SR28,4.61270567429236e-05,3.58422100681043e-05,7.61792039084475e-05,6.91593896224327e-05,7.61792039084475e-05,6.91593896224327e-05
ID_HXW1NS,2.99660483634564e-05,2.35809571625516e-05,3.89496968170942e-05,3.45382341758243e-05,4.31806801452592e-05,4.2278126523758e-05
ID_K1CKSA,5.64698964582181e-05,4.88657876612323e-05,0.000103223087324305,9.16052026690244e-05,0.000103223087324305,9.16052026690244e-05
ID_J5Y7PU,5.0943374271954e-05,4.54729915659807e-05,5.0943374271954e-05,4.54729915659807e-05,5.0943374271954e-05,4.54729915659807e-05
ID_GI6XEF,2.13621762831825e-05,1.61464900220715e-05,6.63233965945047e-05,6.11245168677364e-05,9.81928328938907e-05,9.55506970988107e-05
ID_OYNTET,0.000379573761211135,0.000339425480281281,0.000379573761211135,0.000339425480281281,0.000379573761211135,0.000339425480281281
ID_2KMHBK,1.25803785860866e-05,7.3342366152765e-06,4.53583341761261e-05,3.73307482269071e-05,4.53583341761261e-05,3.73307482269071e-05
ID_RPS26Y,7.24955735406207e-05,6.85808152653464e-05,0.000116374186918841,0.000105190100014972,0.000116374186918841,0.000105190100014972
ID_2BK28V,1.79498066250753e-05,1.09357043937368e-05,0.000253616055581076,0.000219329465929603,0.000272307984119276,0.000254667638040473
ID_2QTOY9,0.000273864391566273,0.000304274747368205,0.000273864391566273,0.000304274747368205,0.000273864391566273,0.000304274747368205
ID_F8I9VJ,0.00234330794462426,0.00246549403589248,0.00280080668438156,0.00294591281468123,0.00280080668438156,0.00294591281468123
ID_7CNHAN,0.00108671079773234,0.000866727833507613,0.00133443474561471,0.0012600743807632,0.00210049054880249,0.00211388337901534
ID_O99TDC,0.000251430755174045,0.00018814597991793,0.000502301919964225,0.000491361106734424,0.000502301919964225,0.000491361106734424
ID_SJLSGJ,0.000111007128268562,0.000113036911005722,0.000111007128268562,0.000113036911005722,0.000111007128268562,0.000113036911005722
ID_JOQSKL,0.000111048696755806,0.000130252997896106,0.000111048696755806,0.000130252997896106,0.000111048696755806,0.000130252997896106
ID_5662X6,0.000222163578652014,0.000212355023991074,0.000662525897755175,0.000625663596022772,0.000662525897755175,0.000625663596022772
ID_JPHAG6,0.000353951616327816,0.000394342520463357,0.000665276599362757,0.000620946757445841,0.000665276599362757,0.000620946757445841
ID_KUH46J,5.02911654070565e-06,3.32575232956202e-06,4.67690928573467e-05,4.0561746703115e-05,4.67690928573467e-05,4.24723085211831e-05
ID_Q1TCRH,3.27942503463983e-05,2.75512796502275e-05,8.61348854601678e-05,8.02369970006226e-05,9.13722051040887e-05,9.11604615812337e-05
ID_4C1Q9A,0.000710086832460472,0.000624151265690029,0.000710086832460472,0.000624151265690029,0.000710086832460472,0.000624151265690029
ID_4UD817,0.00431851969314679,0.00316800058006994,0.0193266976443039,0.019334090426537,0.0532314734658198,0.0597824473369878
ID_OOZOIL,9.00466091375264e-05,0.000104352431529304,9.00466091375264e-05,0.000104352431529304,9.00466091375264e-05,0.000104352431529304
ID_LX7DZQ,9.78120061980532e-06,7.11717379782956e-06,5.34182484939669e-05,4.6449400726241e-05,5.34182484939669e-05,4.6449400726241e-05
ID_EPSM9H,5.99743688716989e-05,6.56931823033493e-05,5.99743688716989e-05,6.56931823033493e-05,5.99743688716989e-05,6.56931823033493e-05
ID_XRKPXN,0.0019895587538338,0.00177367046667333,0.0019895587538338,0.00177367046667333,0.0019895587538338,0.00177367046667333
ID_18QI1A,6.97035313763384e-05,6.23597024656228e-05,6.97035313763384e-05,6.23597024656228e-05,7.18795433273441e-05,7.04629676936906e-05
ID_SO28RE,6.47890332163377e-05,5.85416692276166e-05,0.00032112070722272,0.000289029826307201,0.00032112070722272,0.000289029826307201
ID_E9CUC6,1.50658066605539e-05,1.11961512905591e-05,3.9348010320857e-05,3.43710224373779e-05,4.08327617601114e-05,3.85862595369265e-05
ID_G1V02M,0.000186174219988238,0.000206726887221294,0.000186174219988238,0.000206726887221294,0.000214791432831019,0.000228572793406035
ID_AFAB4R,0.00305743750722341,0.00333467064161638,0.00305743750722341,0.00333467064161638,0.00305743750722341,0.00333467064161638
ID_4Q4645,0.0426051325494448,0.0404098575915801,0.125050281649796,0.125383162965242,0.221401970391697,0.240768462465861
ID_2BSLWL,0.000481594676996967,0.000319599229180354,0.000481594676996967,0.000348477445587326,0.00200266833448999,0.00222822419914073
ID_6KEY2P,0.000117396960324816,0.000114283853154584,0.000117396960324816,0.000114283853154584,0.000123914391579661,0.000118930446706911
ID_KB7EEN,0.000145598987870495,0.000177709620225841,0.000150942515273434,0.000177709620225841,0.000150942515273434,0.000177709620225841
ID_GGZZ9O,0.00208522658723626,0.00182632063059763,0.00208522658723626,0.00182632063059763,0.00316457362139042,0.00352991466904914
ID_H8UYPI,3.58774750067361e-05,3.35640883448728e-05,6.08447815300663e-05,5.43063966125969e-05,8.9263529660588e-05,8.66398689209082e-05
ID_TBP5FU,1.40477722927392e-05,1.10756231475981e-05,2.08565967774641e-05,1.80037576592879e-05,2.94453901036782e-05,2.76715257696622e-05
ID_KPTHEC,0.00921405110075684,0.00888288984032958,0.0127902658654123,0.013592183068556,0.0127902658654123,0.013592183068556
ID_ZM023T,0.000119088457073472,8.62919951633451e-05,0.000234750369401257,0.000211527490329583,0.000234750369401257,0.000211527490329583
ID_H4MCRV,1.4873660250228e-05,9.17796179033995e-06,0.00010023204606377,8.57727726054222e-05,0.00010023204606377,8.57727726054222e-05
ID_ELPHXG,0.00100699652952218,0.000744192983360679,0.00100699652952218,0.000744192983360679,0.00133438058229067,0.00133540833853446
ID_3TL22U,7.75211394429238e-05,6.99324824235121e-05,0.000463048751599467,0.000454531858878702,0.000738739136590486,0.000748345647294452
ID_0CG34U,0.0002022142676222,0.00019864661384906,0.00038356107367146,0.00038148144132179,0.00038356107367146,0.00038148144132179
ID_WQYMPM,0.00286260832789349,0.00203831588778401,0.0080198563981388,0.00725279688673362,0.0080198563981388,0.00725279688673362
ID_X6X0ZN,6.77858588458204e-06,4.26519541453415e-06,2.98238081887558e-05,2.56373609516725e-05,2.98238081887558e-05,2.56373609516725e-05
ID_4E33DR,0.0329009783273011,0.0355149215243054,0.161916591799165,0.167842758712923,0.189352000717043,0.201685097770489
ID_84I8VZ,7.21358083003584e-05,5.92770731036156e-05,0.000135551600273016,0.000125913485381647,0.000187914528338842,0.000193213829321179
ID_IKARHH,8.27610570250556e-06,5.03653892576189e-06,0.000380862795443874,0.000338159660927778,0.000380862795443874,0.000338159660927778
ID_JGBB5Z,5.96600696358005e-06,3.72686158312567e-06,3.95080166946502e-05,3.32578502988503e-05,3.95080166946502e-05,3.32578502988503e-05
ID_FQTAK3,5.87243962299392e-06,3.72757176762403e-06,4.42659601245546e-05,3.78007293265235e-05,4.42659601245546e-05,4.07920399964249e-05
ID_LMJQO0,0.000272926303567179,0.000294255025967636,0.000445212589390623,0.000432324877855397,0.000445212589390623,0.000432324877855397
ID_UX47K8,1.89887291213003e-05,1.36819018924888e-05,5.91591522993691e-05,4.93667544698891e-05,6.50067921915316e-05,6.27321881666742e-05
ID_0HSCEO,0.00019098809822056,0.000203931025532034,0.00022958948332377,0.000228558237270519,0.00022958948332377,0.000228558237270519
ID_WLI35N,4.19996821597183e-05,3.82566074475121e-05,9.15500268618438e-05,8.20094480887497e-05,9.15500268618438e-05,8.20094480887497e-05
ID_D50NYH,4.21084383521313e-05,3.66566195752308e-05,4.21084383521313e-05,3.66566195752308e-05,4.24595834421224e-05,4.02138159167582e-05
ID_MSZ3TQ,8.35013568171238e-06,5.68398050656861e-06,5.0083150820066e-05,4.43729087831872e-05,5.0083150820066e-05,4.5729921002987e-05
ID_NRFDMQ,0.113094043166061,0.124674576637073,0.113094043166061,0.124674576637073,0.118169651001658,0.12738532855189
ID_6AVKC3,1.0418139451038e-05,7.79719811881947e-06,3.92203659872406e-05,3.47307482567746e-05,5.61077250677379e-05,5.42250235080128e-05
ID_OKQE5S,5.47729481139932e-05,4.02382528246669e-05,0.000137835681801202,0.000122141010476031,0.000164449813156119,0.000154480175813908
ID_XQ4CM7,5.28540755469494e-06,3.32465817785172e-06,4.01427095485709e-05,3.38116751120046e-05,4.01427095485709e-05,3.67791053652551e-05
ID_J841FF,4.04678807545993e-05,3.11992271600326e-05,4.04678807545993e-05,3.11992271600326e-05,4.04678807545993e-05,3.11992271600326e-05
ID_5RBX0G,5.32474834863576e-05,4.81690508931593e-05,0.00012830677648576,0.000121164166623451,0.000141152513425005,0.000138621307925396
ID_QONYCM,8.31441616244964e-05,8.18278094558351e-05,0.00019693961464863,0.000183165913925173,0.00019693961464863,0.000183165913925173
ID_T2WXE1,0.000211405033939775,0.000207810925515168,0.000243450165059899,0.000235076935948107,0.000605312277744446,0.000644866716740358
ID_O00R2A,0.192416629664254,0.197655777992763,0.255645153536224,0.257167168424347,0.255645153536224,0.257167168424347
ID_ODQ1LG,2.27656486303498e-05,1.53013063054208e-05,0.000387142196961467,0.000345019843371825,0.000387142196961467,0.000345019843371825
ID_6HDHTS,9.94065567254168e-05,0.000100617934027772,9.94065567254168e-05,0.000100617934027772,9.94065567254168e-05,0.000100617934027772
ID_OU57VU,0.220362438219694,0.221172310425888,0.364577183595739,0.378288768457281,0.498382926334872,0.554478903812802
ID_UEI7E1,0.0590804559278582,0.0450681166910227,0.0590804559278582,0.0450681166910227,0.0867264179076608,0.0936147684828646
ID_PIGI7K,3.78805780621199e-05,3.67888817973749e-05,4.90757271861859e-05,4.35538938205664e-05,7.98063333201627e-05,7.71286463234873e-05
ID_5GVW6U,1.37131538289997e-05,8.31638994794825e-06,6.15753193280511e-05,5.28911455821739e-05,6.15753193280511e-05,5.28911455821739e-05
ID_88SLJ5,0.00428400487216574,0.0042830629108182,0.00428400487216574,0.0042830629108182,0.00569088691865681,0.00622119176403206
ID_V9REXI,0.000200861969632375,0.000224386152065805,0.000200861969632375,0.000224386152065805,0.000219355051031565,0.000224386152065805
ID_9E5OMC,8.20624322542153e-05,9.38528446689735e-05,0.000162215148744399,0.000151289987808643,0.000162215148744399,0.000151289987808643
ID_1PTB19,1.41623684197747e-05,9.86965537112603e-06,4.22151406836039e-05,3.47581315444232e-05,4.36025719883043e-05,4.11181990675326e-05
ID_GD1YS3,0.0330748259844525,0.0396008697929764,0.0330748259844525,0.0396008697929764,0.0330748259844525,0.0396008697929764
ID_E8M783,2.95868586595579e-05,2.46804004301349e-05,7.55335839681439e-05,7.06066740272722e-05,8.95469013512787e-05,8.67549432305153e-05
ID_SC50OJ,2.0360741588911e-05,1.84074636549863e-05,7.28059337792248e-05,7.13772555903862e-05,8.60955394261962e-05,8.3176014049633e-05
ID_QSX3RO,0.00863694604922843,0.00873993130187771,0.0524334474295757,0.0539682651705422,0.0739547895761852,0.0777128176069595
ID_KL7CZ1,3.93554191633194e-05,3.04146319258475e-05,3.93554191633194e-05,3.04146319258475e-05,3.93554191633194e-05,3.04146319258475e-05
ID_A66ERH,5.83816477104722e-05,5.12270624243389e-05,0.000275470593028667,0.000248074838733594,0.000275470593028667,0.000248074838733594
ID_XW5DPZ,3.44641943611844e-05,2.21353215738269e-05,0.0001061770226517,9.53114326414512e-05,0.0001061770226517,9.53114326414512e-05
ID_C5CLUE,0.000501927740511632,0.000626402988103075,0.000501927740511632,0.000626402988103075,0.000501927740511632,0.000626402988103075
ID_1809CE,5.47729481139932e-05,4.02382528246669e-05,0.000137835681801202,0.000122141010476031,0.000164449813156119,0.000154480175813908
ID_BBFEO3,0.000741724212574683,0.000861547850054595,0.000741724212574683,0.000861547850054595,0.000741724212574683,0.000861547850054595
ID_DY6IPH,0.0726620017020743,0.0703534074809266,0.0726620017020743,0.0703534074809266,0.179643891494217,0.203044285320169
ID_SVI077,0.0546039747984835,0.040732295346139,0.0546039747984835,0.0445756320737686,0.115198605621095,0.127471986240517
ID_FUJOIH,9.41752595841123e-05,8.93297307907901e-05,0.000119471980478884,0.00011432300086055,0.000119471980478884,0.00011432300086055
ID_F3SZAG,0.157814840125034,0.123680279826691,0.157814840125034,0.150785049620475,0.464918239117226,0.498476340081656
ID_Q56GYN,4.10800944850708e-05,3.55562196885915e-05,4.10800944850708e-05,3.55562196885915e-05,4.16321421929374e-05,3.94478195260186e-05
ID_L6SYR3,0.000299289995699962,0.000316948080874047,0.00111200765120486,0.00111540300442106,0.00111200765120486,0.00111540300442106
ID_P86HSN,2.52083800473912e-05,1.84474898394308e-05,6.88057081233994e-05,6.2891669672061e-05,6.88057081233994e-05,6.2891669672061e-05
ID_KGBQSU,0.000541264859561384,0.000556669699282466,0.000541264859561384,0.000556669699282466,0.000628402885192433,0.000695383610448075
ID_Y9DABF,0.000197913544780112,0.000235102827781447,0.000197913544780112,0.000235102827781447,0.000197913544780112,0.000235102827781447
ID_GOXV1Z,3.43404208359024e-05,2.26728569741566e-05,0.000459276619796118,0.000431206495581819,0.000459276619796118,0.000431206495581819
ID_RH99WO,0.000545108791574561,0.000446482072621658,0.000545108791574561,0.000446482072621658,0.000604708287025583,0.000579125114437683
ID_BS1PBY,5.71910264686177e-05,5.46174153248298e-05,6.25822052497956e-05,5.82298747752772e-05,6.25822052497956e-05,5.82298747752772e-05
ID_MM2BWN,0.000168045521778594,0.000184078185926591,0.000335604077993719,0.00036234723896788,0.000335604077993719,0.00036234723896788
ID_LZU656,3.14053144663343e-05,2.18159847411108e-05,0.000220175510959999,0.000199620904824798,0.000291078938083083,0.000283635421905908
ID_C1K50D,0.00432748835657125,0.00307128207189536,0.00432748835657125,0.00307128207189536,0.00466149023869987,0.00516537666467227
ID_19G3H2,3.72425638104591e-05,3.00196686011705e-05,3.72425638104591e-05,3.00196686011705e-05,3.72425638104591e-05,3.00196686011705e-05
ID_MO29LK,1.9167635347205e-05,1.3097928827787e-05,7.28986815227603e-05,6.37245461539557e-05,7.28986815227603e-05,6.37245461539557e-05
ID_X2SDKG,0.000127928770735312,0.000117754550615015,0.000426464259192999,0.000428544370414758,0.000540604530987523,0.000550834933674806
ID_UR8QH2,5.60804851998734e-05,4.80028514721256e-05,7.62212696548283e-05,6.8139253275225e-05,7.78573161475736e-05,7.39567703297662e-05
ID_YYXB5J,2.54439311770423e-05,2.15413263048733e-05,6.437704543032e-05,5.85653819062035e-05,7.96349573075865e-05,7.68115741677571e-05
ID_3B5N8K,0.0105643658958229,0.0101506556704034,0.0115101310238731,0.0120979551080138,0.0115101310238731,0.0120979551080138
ID_HGRAVW,0.000140586852875003,0.000138343001009888,0.000140586852875003,0.000138343001009888,0.000140586852875003,0.000138343001009888
ID_OYD76O,0.000119088457073472,8.62919951633451e-05,0.000234750369401257,0.000211527490329583,0.000234750369401257,0.000211527490329583
ID_BADU0T,7.18421705130718e-06,4.34623640448132e-06,8.83804340800369e-05,7.60865859276303e-05,8.83804340800369e-05,7.60865859276303e-05
ID_4OCPML,1.68191692961769e-05,1.26709795787996e-05,3.79485407414521e-05,3.31497940172692e-05,4.46093834543764e-05,4.22776638083099e-05
ID_04A56B,0.168618554288529,0.187101854880071,0.168618554288529,0.187101854880071,0.168618554288529,0.187101854880071
ID_SSTMBL,0.000110253570694372,7.9467567126692e-05,0.000228372326360103,0.000214701741763432,0.000228372326360103,0.000214701741763432
ID_EFML0I,0.0009291635585254,0.000550537037915457,0.00334788650185431,0.00319988132265638,0.00380172131827961,0.00364498504597981
ID_OZURHC,0.00339467389807375,0.00442592880892412,0.0117118210740945,0.0140093197682659,0.0117118210740945,0.0140093197682659
ID_249DRM,7.05957355802337e-05,4.81597112575115e-05,0.00019016381644389,0.000183674118848675,0.000200464305240671,0.000209565007019512
ID_WZ4ZLP,0.000174905737820183,0.000154983629827088,0.0178565810674616,0.0176416091958971,0.021146169900278,0.0216608287838165
ID_F7ZIJZ,1.52385021111668e-05,1.18182649986415e-05,1.67375114671005e-05,1.42728820789242e-05,1.94914519053335e-05,1.824899025777e-05
ID_QHQFQ7,5.54189737387604e-05,3.77146564032449e-05,6.80860249756e-05,5.71461071694472e-05,0.0001009641771319,9.67527131141031e-05
ID_9PQIUL,1.36168104629014e-05,8.60255828680638e-06,8.39036828712679e-05,7.19903135870135e-05,8.39036828712679e-05,7.19903135870135e-05
ID_JENU4O,9.24126910243017e-06,6.53022194807079e-06,3.33575737104623e-05,2.84756779028917e-05,4.20475377629613e-05,3.95663370415415e-05
ID_ELOPWG,0.000228300813409557,0.000192790997244553,0.000502229816036222,0.000494263553423353,0.000502229816036222,0.000494263553423353
ID_HU2O61,3.45915030023084e-05,2.167542131982e-05,0.000180949056157634,0.000168411614723319,0.000180949056157634,0.000168411614723319
ID_F8KMPL,4.32273627606384e-05,3.35182017727372e-05,6.24402032011886e-05,5.66306445263054e-05,7.21338877746994e-05,6.78373425393771e-05
ID_XU2Y8E,2.33824566330486e-05,1.74823147916751e-05,3.66416330954457e-05,3.04858270708074e-05,4.20685978438757e-05,3.92436427640131e-05
ID_D6GTQM,1.35956108974758e-05,8.05743622276783e-06,6.53896323238145e-05,5.57777044593142e-05,6.53896323238145e-05,5.57777044593142e-05
ID_B8H7AK,1.85975756393688e-05,1.12155246187202e-05,6.04285025656587e-05,5.2174258964887e-05,0.000119041779821872,0.000122058774879544
ID_B64QFC,2.06094473984914e-05,1.34947652818907e-05,9.23013831867693e-05,8.04208295778673e-05,9.23013831867693e-05,8.04208295778673e-05
ID_752ORM,9.55542493694025e-05,0.000107994337263607,9.55542493694025e-05,0.000107994337263607,9.55542493694025e-05,0.000107994337263607
ID_7XDH6X,5.09351902583764e-05,3.54255363277108e-05,0.000451416898869783,0.000404255094930602,0.000451416898869783,0.000404255094930602
ID_BIVIM6,0.00305538541099636,0.00287857142903552,0.00305538541099636,0.00287857142903552,0.00305538541099636,0.00287857142903552
ID_B2UV3T,2.11282674031261e-05,1.83923214821592e-05,4.48813743273829e-05,4.1678756689991e-05,0.000102377673325371,9.98518446782968e-05
ID_TFWN07,0.00160299060420826,0.00160474655052169,0.00197523084602215,0.0019099671779565,0.00200160281450499,0.00199833636639458
ID_WR6L6P,1.11528004086514e-05,6.46760052134697e-06,5.05481682980731e-05,4.20762133553467e-05,5.05481682980731e-05,4.44761483281202e-05
ID_N8UK21,7.67990047799227e-05,6.67940228616394e-05,0.000102578485223044,9.78032020053633e-05,0.000102578485223044,9.78032020053633e-05
ID_SB5WMN,3.72139429605158e-05,3.06270506404241e-05,3.75140019127071e-05,3.33161843334705e-05,3.87887318531365e-05,3.69984612701006e-05
ID_IOMDD3,0.00023196678029603,0.000259426359066867,0.00023196678029603,0.000259426359066867,0.00023196678029603,0.000259426359066867
ID_X7D1UM,3.20582481269447e-05,2.17758782307336e-05,9.87379022103922e-05,8.67334904700063e-05,9.87379022103922e-05,8.67334904700063e-05
ID_Y3V3CO,0.268458064689146,0.259134737652135,0.541402566619566,0.583348262370901,0.541402566619566,0.583348262370901
ID_TRRIAY,0.00935896572115942,0.00871418682533409,0.0135679213224321,0.0144422882387258,0.0135679213224321,0.0144422882387258
ID_BW2KFV,3.37488891066566e-05,2.46762894049502e-05,9.60745247201068e-05,8.32861903228267e-05,0.000104184762159187,9.93226944538061e-05
ID_2S8CNZ,9.74837707931701e-05,0.000101047695044145,0.000127137653162818,0.000122241562419784,0.000127137653162818,0.000122241562419784
ID_EJJIM0,6.90034103475649e-05,5.19637886165422e-05,0.000109111905095353,0.000100937930194115,0.000109111905095353,0.000101185792801746
ID_XE2CME,2.35184131511561e-05,1.51433146830774e-05,0.000466582865706124,0.000416867496939839,0.000466582865706124,0.000416867496939839
ID_73YX5O,0.000156854951242599,0.000160944362351593,0.000156854951242599,0.000160944362351593,0.000156854951242599,0.000160944362351593
ID_PHKKLQ,0.00030020872743231,0.000336869909154183,0.00030020872743231,0.000336869909154183,0.00030020872743231,0.000336869909154183
ID_EPPMFG,0.049054285725346,0.0589634792618841,0.049054285725346,0.0589634792618841,0.102528638307468,0.107412122627512
ID_Z40GIH,4.82948872649435e-05,4.0658660596236e-05,4.82948872649435e-05,4.0658660596236e-05,4.82948872649435e-05,4.0658660596236e-05
ID_04ZSOG,7.28753718488317e-05,6.90362328500003e-05,7.4518908017638e-05,6.90362328500003e-05,8.631385669808e-05,8.50046665592309e-05
ID_6J0OA0,0.00136882924664255,0.00100583713471253,0.00539305473698181,0.00523345725029426,0.00539305473698181,0.00523345725029426
ID_BZ0G9W,3.27942503463983e-05,2.75512796502275e-05,8.61348854601678e-05,8.02369970006226e-05,9.13722051040887e-05,9.11604615812337e-05
ID_Y3QY4K,4.23472420979889e-05,3.53582480728055e-05,0.000124337340050499,0.00012385276555288,0.000154184991988941,0.000163047159787565
ID_GKAI11,6.42065756893114e-06,3.87928199805392e-06,7.22218690852303e-05,6.14310521015387e-05,7.22218690852303e-05,6.14310521015387e-05
ID_69NK4X,0.00127776873860088,0.000996092193451691,0.00127776873860088,0.000996092193451691,0.00127776873860088,0.000996092193451691
ID_SRS330,4.38850482597457e-05,3.20321579162666e-05,0.000571794668343287,0.000596249484051022,0.000685112988563873,0.000711964679421591
ID_CW7BS0,0.00289081154466971,0.00308446727526561,0.00289081154466971,0.00308446727526561,0.00359634488369387,0.0037463640238776
ID_0QRDVL,0.000272926303567179,0.000294255025967636,0.000445212589390623,0.000432324877855397,0.000445212589390623,0.000432324877855397
ID_WKW5QW,0.000155199894844143,0.000146437103704182,0.000512688747852625,0.00050069465145869,0.000512688747852625,0.00050069465145869
ID_Z5199X,0.442571188902127,0.478408394020994,0.442571188902127,0.478408394020994,0.442571188902127,0.478408394020994
ID_DZ8R48,0.000562027639875466,0.000507964448951362,0.000562027639875466,0.000507964448951362,0.000562027639875466,0.000507964448951362
ID_LVNFZZ,0.000186174219988238,0.000206726887221294,0.000186174219988238,0.000206726887221294,0.000214791432831019,0.000228572793406035
ID_4SSZJI,4.449217956833e-05,3.52861442751242e-05,9.92388035503362e-05,9.03302670199115e-05,9.92388035503362e-05,9.03302670199115e-05
ID_SX073G,0.000480562950006673,0.000477844813367131,0.000652554096993353,0.000642014714877165,0.00126319183837044,0.00128837868054246
ID_OWEKY6,3.20854206487311e-05,2.81772679815655e-05,0.000307790295127337,0.000289855770308297,0.000307790295127337,0.000289855770308297
ID_NVW38U,0.293763931539621,0.303826099361472,0.293763931539621,0.303826099361472,0.293763931539621,0.303826099361472
ID_68D45A,7.91936732413542e-05,7.15615871043281e-05,0.000279289388823505,0.000273858486049513,0.000279289388823505,0.000273858486049513
ID_B8EFZT,2.46154825918359e-05,1.71367692940903e-05,0.000151576493859616,0.000140889865463317,0.000181111586097977,0.000169645858324423
ID_WPHAGI,0.00011859045592433,0.000125300973443628,0.000224246945440081,0.000215387439895357,0.000224246945440081,0.000215387439895357
ID_3TDLCS,2.95271343951147e-05,1.97119715780302e-05,0.000416057814101064,0.000357336649969999,0.000416057814101064,0.000357336649969999
ID_X0U2Z7,7.59878944950771e-05,5.33639349876851e-05,0.000197721525193324,0.000169978851264392,0.000197721525193324,0.000169978851264392
ID_L1RS7T,0.00202682247751928,0.00210182540973683,0.00202682247751928,0.00210182540973683,0.00202682247751928,0.00210182540973683
ID_31K8SP,1.6919441326025e-05,1.02213123083303e-05,6.27001715912365e-05,5.44013826753718e-05,0.000138815850939098,0.000145391517392052
ID_HP3OJC,0.396476802524832,0.404588441305443,0.396476802524832,0.404588441305443,0.396476802524832,0.404588441305443
ID_HLN7YL,0.0009291635585254,0.000550537037915457,0.00334788650185431,0.00319988132265638,0.00380172131827961,0.00364498504597981
ID_WE6D86,0.000165857340583212,0.000180899104332216,0.000177910046809971,0.000181209703486951,0.000177910046809971,0.000181209703486951
ID_UWASJQ,2.16663133163573e-05,1.76728455533598e-05,3.25406874835922e-05,2.80813465015228e-05,3.25406874835922e-05,2.80813465015228e-05
ID_N90DWX,0.000180417038658583,0.000189546092633991,0.000231921837050999,0.000222453806528862,0.000325903477178962,0.0003272685036068
ID_9EYMB0,1.77284729048214e-05,1.04516496327899e-05,0.000245274131280524,0.000209374905954403,0.000246354380341367,0.00022868606280126
ID_3XSANB,0.00668863448557053,0.00622994427391207,0.00668863448557053,0.00622994427391207,0.00668863448557053,0.00622994427391207
ID_GKT8DV,5.29849595010477e-05,4.6167283518031e-05,5.29849595010477e-05,4.6167283518031e-05,5.29849595010477e-05,4.6167283518031e-05
ID_G7Z3UK,0.00064142079082043,0.000578923069564417,0.000937405564132783,0.000857818490245636,0.00188521466384671,0.00186307771125116
ID_ISHX3X,3.00611755181797e-05,2.52197403319796e-05,4.06605048239563e-05,3.65174039336727e-05,4.06605048239563e-05,3.65174039336727e-05
ID_0M1QAK,2.69589744175708e-05,1.89049307093688e-05,0.000153465119458202,0.000135425926290923,0.000153465119458202,0.000135425926290923
ID_9OMVON,0.00122271214445525,0.00113757573403012,0.00216928777670384,0.00214350326650878,0.00237157165029892,0.00233929853439114
ID_XJJHEX,0.000228742755906027,0.000259670628247275,0.00034751680416905,0.00035748092598912,0.00034751680416905,0.00035748092598912
ID_FQNAWD,3.46203898379159e-05,2.59176815273306e-05,7.41839856708336e-05,6.31322987048684e-05,7.41839856708336e-05,6.31322987048684e-05
ID_TB9U7O,0.000379346288643728,0.00041571372925469,0.000692994723401306,0.000728278978933867,0.000692994723401306,0.000728278978933867
ID_K9FTZZ,4.53569814365442e-05,4.41727198093278e-05,0.000216909204230331,0.000213911893908869,0.000249697307405199,0.000264321353783365
ID_9SXKX7,1.36115986905333e-05,1.02074401741381e-05,2.92654657048983e-05,2.50402749539568e-05,2.92654657048983e-05,2.50402749539568e-05
ID_152UY7,5.40891679261281e-05,4.18477141457734e-05,0.000131098112664879,0.000112687040983053,0.000217281084575732,0.000212880578823055
ID_6IAYCJ,3.92382810133883e-05,2.90170744066263e-05,0.000103615485099628,9.24232716186356e-05,0.000103615485099628,9.24232716186356e-05
ID_BEJ4NZ,0.137517158396747,0.15937515400595,0.137517158396747,0.15937515400595,0.137517158396747,0.15937515400595
ID_P6R9KZ,0.00858642879217631,0.00794044516091539,0.0100231846520654,0.0106555617242815,0.0100231846520654,0.0106555617242815
ID_TL6ULM,2.89578043341847e-05,2.26155796620894e-05,4.2788152063754e-05,3.76620639251886e-05,4.86099183320688e-05,4.70318218069081e-05
ID_3HL2C9,2.77661160617016e-05,2.35782817054536e-05,4.87497242656356e-05,4.14175284880687e-05,4.87497242656356e-05,4.14175284880687e-05
ID_GAOFDO,0.000122296445958369,0.000110461643740309,0.000122296445958369,0.000110461643740309,0.000122296445958369,0.000110461643740309
ID_4H45P3,5.38521471656336e-05,3.41517290820885e-05,0.000279160612963847,0.000265578156119022,0.000407619330750358,0.000403173713031834
ID_89LK5U,0.000145791018560771,0.00014264037534044,0.000165440933712597,0.000168299059778365,0.000165440933712597,0.000168299059778365
ID_GKQ47Z,0.000225442442288995,0.000181144742722356,0.000225442442288995,0.000181144742722356,0.000405419153996479,0.000432507998106763
ID_HXWWIA,0.00193277227477215,0.00151755438446923,0.00802557581800011,0.00732851521128131,0.00802557581800011,0.00732851521128131
ID_WYA35N,0.00397543392928263,0.00379822200890621,0.00404677832674559,0.0040997772882406,0.00759423055445933,0.00803084185515441
ID_7330RT,0.000162710681447628,0.000143762650256078,0.0189352519070476,0.0187889403505794,0.0218802425834128,0.022489686664229
ID_5BHS0I,4.29090847375151e-05,3.81941804217515e-05,6.48435478015688e-05,5.85579385807851e-05,6.48435478015688e-05,5.85579385807851e-05
ID_42P9TZ,3.00156788443883e-05,2.69875218347889e-05,0.000149300925541886,0.000145078082459613,0.000150541538564008,0.000151834088219916
ID_MPEJJ7,0.0029615581314056,0.00349220129553625,0.0029615581314056,0.00349220129553625,0.0029615581314056,0.00349220129553625
ID_Q5KE8B,0.000197505914255956,0.000211318398982022,0.000258087183895902,0.000268530040640317,0.000262529035867196,0.000279142062519419
ID_YEU9F6,4.54719075669705e-05,3.83998570474831e-05,8.85494871305877e-05,7.58634232895109e-05,8.85494871305877e-05,8.16825571771833e-05
ID_6UT7IC,2.7978973490536e-05,1.96925751413518e-05,0.000350406977038804,0.00030704353058912,0.000350406977038804,0.00030704353058912
ID_6OBWMT,0.000674735452707184,0.00060954556478241,0.000674735452707184,0.00060954556478241,0.000674735452707184,0.00060954556478241
ID_12ZAW0,5.14357965824762e-05,4.3681453922939e-05,0.000290691302967863,0.000266797053016189,0.000290691302967863,0.000266797053016189
ID_Z43O7Z,2.897364610434e-05,2.06161365691326e-05,7.14883160691092e-05,6.27470002782891e-05,0.000110923543124807,0.000113632833543181
ID_VXCY4G,0.000182985955648134,0.000134478111294062,0.000377425594046237,0.000366465690431928,0.000377425594046237,0.000366465690431928
ID_8ALEJI,0.403103918441663,0.43826238009362,0.403103918441663,0.43826238009362,0.403103918441663,0.43826238009362
ID_X9HSZT,2.70588384326561e-05,2.47865587723744e-05,0.000119480861414205,0.000115921235727576,0.000160517360884752,0.000157053912556672
ID_0CP43G,0.000111467823835006,0.000117826257509089,0.000111467823835006,0.000117826257509089,0.000111467823835006,0.000117826257509089
ID_2WSSFW,2.44304387253267e-05,2.25406905386431e-05,0.000242651408249282,0.000221262185158227,0.000242651408249282,0.000221262185158227
ID_13DMQK,0.000485507102352413,0.000512232844057335,0.000485507102352413,0.000512232844057335,0.000557727333252178,0.000606453025672946
ID_NC0DIX,3.72425638104591e-05,3.00196686011705e-05,3.72425638104591e-05,3.00196686011705e-05,3.72425638104591e-05,3.00196686011705e-05
ID_W88WIY,8.15008042246921e-05,6.05037280496853e-05,0.000109492245281008,0.000100845915636076,0.000109492245281008,0.000100845915636076
ID_G5JSBH,1.47598601961924e-05,9.56329219210653e-06,6.49306279679787e-05,5.54174777528945e-05,6.49306279679787e-05,5.54174777528945e-05
ID_V5332N,5.55524609012341e-06,4.05479697883825e-06,1.51955483865586e-05,1.31547877268174e-05,1.86593771973045e-05,1.74130125489666e-05
ID_M9K91E,0.00365810284870068,0.00320055366614274,0.00566307852150714,0.00589954572519152,0.00566307852150714,0.00589954572519152
ID_HY29Y2,4.08896452069078e-05,2.59464270971579e-05,5.91103587625249e-05,4.91620976374397e-05,8.56483706965262e-05,8.12893369546042e-05
ID_1TLG7R,3.15469645534697e-05,2.56225393262774e-05,4.94671148435946e-05,4.43542948932066e-05,4.94671148435946e-05,4.43542948932066e-05
ID_UJ3S2W,5.22140893829732e-05,4.35173347753315e-05,0.000292056408251491,0.000262396971450112,0.000292056408251491,0.000262396971450112
ID_YKM2IB,1.8133115965528e-05,1.28884572072306e-05,5.43184581106504e-05,5.0036541545505e-05,6.50394271553284e-05,6.20456945651625e-05
ID_W4PRR2,1.05316825861926e-05,7.27234176469389e-06,3.2740766161368e-05,2.89017074457562e-05,5.05978566585094e-05,4.77357819631041e-05
ID_XXXBX8,0.0297696013926745,0.0317278274282462,0.0297696013926745,0.0317278274282462,0.0297696013926745,0.0317278274282462
ID_RDTW4J,1.29785449071682e-05,7.58971844050643e-06,4.82311608941047e-05,3.99610616043698e-05,4.82311608941047e-05,3.99610616043698e-05
ID_JSA4H2,0.00012819016881598,0.000103474851257155,0.00012819016881598,0.000103474851257155,0.000131100171098224,0.000128991120785951
ID_F4HZIQ,2.1683137931545e-05,1.33213064904937e-05,6.41307789813853e-05,5.49224323543832e-05,8.45192501823184e-05,7.80327937004879e-05
ID_TX3T1U,3.58774750067361e-05,3.35640883448728e-05,6.08447815300663e-05,5.43063966125969e-05,8.9263529660588e-05,8.66398689209082e-05
ID_92CEAO,0.00152853851034768,0.00131788614084996,0.00175945256322797,0.00158633760872942,0.00436968173007912,0.00452352162966849
ID_SZZNPA,2.17006929570065e-05,1.29548135195573e-05,0.00022052232411797,0.000195448444571218,0.00022052232411797,0.000195448444571218
ID_XW1VHF,5.55480105943059e-05,4.96013001928249e-05,5.55480105943059e-05,4.96013001928249e-05,5.55480105943059e-05,4.96013001928249e-05
ID_15F3L2,0.00107541636003913,0.00100859947723809,0.00193165146061012,0.00186555089373339,0.00222409121958827,0.00218862556261163
ID_PMXN5K,1.97973150348464e-05,1.2305070146275e-05,0.0001232007181397,0.000110823036247829,0.0001232007181397,0.000110823036247829
ID_N9WXLE,0.0105643658958229,0.0101506556704034,0.0115101310238731,0.0120979551080138,0.0115101310238731,0.0120979551080138
ID_ND44I5,0.00198072101531874,0.00222163853794532,0.00198072101531874,0.00222163853794532,0.00198072101531874,0.00222163853794532
ID_4C75NZ,1.73981988862883e-05,1.14945655874998e-05,0.000150315054141881,0.000126940140258955,0.000215515997126124,0.00021070405689693
ID_HYYD9X,0.000488539149101483,0.000529010528239217,0.000488539149101483,0.000529010528239217,0.000488539149101483,0.000529010528239217
ID_1QOW1W,0.000112435093140355,0.000118843483106024,0.000112435093140355,0.000118843483106024,0.000112435093140355,0.000118843483106024
ID_LBTY56,0.184510725408502,0.192651561719935,0.184510725408502,0.192651561719935,0.184510725408502,0.192651561719935
ID_QRZK05,0.000145848156366304,0.000124321054061417,0.000251873667410695,0.00024029995865036,0.000251873667410695,0.00024029995865036
ID_MWGUUP,0.00116998149023246,0.000896105887088119,0.00116998149023246,0.000896105887088119,0.00116998149023246,0.000896105887088119
ID_8IPOB2,1.46615090805146e-05,1.01669022895206e-05,3.89123344629628e-05,3.19649626519221e-05,4.49020056944274e-05,4.22133978621459e-05
ID_9N2BZ0,4.00560473745827e-05,3.43768800256396e-05,6.45947804871551e-05,5.47578028654701e-05,6.45947804871551e-05,5.47578028654701e-05
ID_QPL6BJ,2.17006929570065e-05,1.29548135195573e-05,0.00022052232411797,0.000195448444571218,0.00022052232411797,0.000195448444571218
ID_J6FHL2,0.0268661723008273,0.0308711605915729,0.0268661723008273,0.0308711605915729,0.0439716772001136,0.049051090988505
ID_CWUZQ1,0.0126709796121479,0.0117680889397673,0.0126709796121479,0.0117680889397673,0.0126709796121479,0.0117680889397673
ID_LIBKDI,1.17006428591576e-05,9.28063386002971e-06,2.72653650805368e-05,2.33750806369825e-05,3.99051669819974e-05,3.77911684485393e-05
ID_VTZ497,0.0642428106639635,0.071040308271563,0.0642428106639635,0.071040308271563,0.0642428106639635,0.071040308271563
ID_LW7SED,0.000787146671608447,0.000682689378864446,0.000787146671608447,0.000682689378864446,0.000787146671608447,0.000682689378864446
ID_0EDVOO,2.84408988299474e-05,2.62465075263127e-05,2.92811703440323e-05,2.67603512131914e-05,2.96830167260764e-05,2.8328250094128e-05
ID_FS3K1S,1.71431390878923e-05,9.85400619995424e-06,0.000215285752152506,0.000189078519855757,0.000215285752152506,0.000189078519855757
ID_D92BW9,6.90034103475649e-05,5.19637886165422e-05,0.000109111905095353,0.000100937930194115,0.000109111905095353,0.000101185792801746
ID_ANWYJ9,2.87477144972875e-05,2.35922395578021e-05,9.9724953130997e-05,9.14526235586786e-05,9.9724953130997e-05,9.14526235586786e-05
ID_SAL4IQ,0.000152639853338492,0.0001454386102189,0.000851088694123441,0.000900359451510984,0.000851088694123441,0.000900359451510984
ID_8V3O49,3.68225422325104e-05,2.68280581196846e-05,6.32120102999196e-05,5.56619488715112e-05,9.08079851568571e-05,9.16856376348231e-05
ID_TC20Z8,5.47729481139932e-05,4.02382528246669e-05,0.000137835681801202,0.000122141010476031,0.000164449813156119,0.000154480175813908
ID_OV4128,0.000240695916011278,0.000231382638995852,0.000240695916011278,0.000231382638995852,0.000240695916011278,0.000231382638995852
ID_PF9MLB,2.0527327014536e-05,1.52248105353967e-05,6.18822506055971e-05,5.4841221172235e-05,6.69313074856099e-05,6.45367322480853e-05
ID_1W5HMF,4.968940263059e-05,3.94508783334529e-05,9.18786671863285e-05,8.24064811321291e-05,9.18786671863285e-05,8.24064811321291e-05
ID_13U1NY,1.07831201250673e-05,6.50424803631462e-06,3.65168239161875e-05,3.138162546699e-05,3.65168239161875e-05,3.138162546699e-05
ID_9ECTWS,0.194607086650737,0.20526370535406,0.238589332320963,0.234970193868657,0.238589332320963,0.253740175124576
ID_H1MCDH,9.54783203453868e-05,8.90872055281842e-05,0.000173968072215621,0.000173160838911511,0.000173968072215621,0.000173160838911511
ID_85BE9E,5.77876841047498e-05,6.17690490158479e-05,0.000134518263802026,0.000138001349340682,0.000134518263802026,0.000138001349340682
ID_BSVNKG,0.000103256758694264,9.17305577074783e-05,0.000683984658947091,0.000603155971455218,0.000683984658947091,0.000603155971455218
ID_2L800L,1.31191197373282e-05,8.31330278409302e-06,4.9120172757471e-05,4.29759322188267e-05,4.9120172757471e-05,4.29759322188267e-05
ID_HNASKY,6.42813856822377e-05,4.1257551046572e-05,0.000372917407404806,0.000344050167971461,0.000372917407404806,0.000344050167971461
ID_FQA9MM,2.92051246640296e-05,1.95203495750054e-05,6.26333715720676e-05,5.27082399536493e-05,8.78335916672653e-05,8.42297198731736e-05
ID_4VK4NE,3.49707171037954e-05,2.83959475369647e-05,3.49707171037954e-05,2.83959475369647e-05,3.49707171037954e-05,2.83959475369647e-05
ID_XH1LC3,1.00915967025974e-05,5.89714270325602e-06,3.3160814533456e-05,2.75303199608675e-05,3.3160814533456e-05,2.75303199608675e-05
ID_ATS0PR,2.73374450316995e-05,2.02736071080587e-05,4.0046697957582e-05,3.591669130209e-05,5.75235154802612e-05,5.67902340665021e-05
ID_KSCMRK,8.92084708119687e-05,6.51079100479575e-05,0.000106919998732783,9.21589914799377e-05,0.000156303101389189,0.000154322719778447
ID_V2I3KR,4.30772069548054e-05,3.83476035420812e-05,6.7322919955606e-05,6.08992510771932e-05,9.81075891609009e-05,9.34459177049785e-05
ID_4GSCPU,0.00153250919719909,0.00151336634451604,0.00153250919719909,0.00151336634451604,0.00153250919719909,0.00151336634451604
ID_E5C3ZB,0.0735340760984968,0.0726932417324814,0.140383679390752,0.150937889556735,0.189722514910367,0.210355805756147
ID_OTOWTK,0.000105029407864305,7.69723075582105e-05,0.000412999239250006,0.000388081715605752,0.000412999239250006,0.000388081715605752
ID_9U47O4,0.000125988283736451,0.000111025856738993,0.00022228125262109,0.000206646981921466,0.000263839216301257,0.000269977487691546
ID_70653K,2.96444009499684e-05,2.01182319815239e-05,0.000123291904396684,0.000111076056111892,0.000123291904396684,0.000111076056111892
ID_NPCZIL,1.09049116458865e-05,7.67814348479775e-06,3.67517682646626e-05,3.17789171771155e-05,6.22032538477316e-05,5.83409278988084e-05
ID_41T2UA,0.0013173756997145,0.00103800737031468,0.00139294743032388,0.00121703227154081,0.00153303842548788,0.00152709004876438
ID_MEHAVR,4.22039339510929e-05,3.669551110552e-05,0.00027425326294215,0.000291177262397452,0.00027425326294215,0.000291177262397452
ID_J8X1JQ,2.23950430899074e-05,1.63096188104869e-05,5.70948299235391e-05,5.03037941593231e-05,6.73990403859453e-05,6.74875725680897e-05
ID_QYEVPZ,0.0165834174099065,0.018999509495839,0.0334246633415049,0.0341242849275052,0.0334246633415049,0.0341242849275052
ID_TDDKA4,6.04630551754971e-05,5.27439672330757e-05,0.000298929567883571,0.000302569916887966,0.000298929567883571,0.000302569916887966
ID_9J6DPQ,1.36115986905333e-05,1.02074401741381e-05,2.92654657048983e-05,2.50402749539568e-05,2.92654657048983e-05,2.50402749539568e-05
ID_6O5T2L,0.00531280969241323,0.00485281260279037,0.0155591730852202,0.0154201016629831,0.0155591730852202,0.0154201016629831
ID_9RA6UC,0.000108369937332014,0.000108925268593274,0.000108369937332014,0.000108925268593274,0.000108369937332014,0.000108925268593274
ID_FSHJRR,0.000270045045569097,0.000279673549985444,0.00119284621837906,0.00116493561373234,0.00119284621837906,0.00116493561373234
ID_F5NEVH,4.03502899368955e-05,2.84906753079292e-05,0.000653899043434329,0.000688359999083848,0.00077881692242921,0.000818059513297323
ID_CXGCMA,6.82150735583326e-05,4.89479968577923e-05,0.00018912396519129,0.000163304912709702,0.000244933472928518,0.000241211771580533
ID_KGELXP,0.000186055727971626,0.000177090792284497,0.000186055727971626,0.000177090792284497,0.000186055727971626,0.000177090792284497
ID_GE0PML,1.48913713641054e-05,9.92992556159392e-06,3.72835255098322e-05,3.05056332847367e-05,4.04355366102274e-05,3.78796520415647e-05
ID_6VLM19,0.000122482066974475,0.000125415074099815,0.00014734340758291,0.000136565115882055,0.00014734340758291,0.000136565115882055
ID_8ZJKZ8,3.03362219157305e-05,2.51485422809437e-05,5.87551679330728e-05,5.60149374228666e-05,9.73548625527693e-05,9.95498570063891e-05
ID_KA5MGI,9.1975643382193e-05,9.14801323564263e-05,0.000334308691399089,0.000351628821259232,0.000334308691399089,0.000351628821259232
ID_SLUC5Z,0.000241158617357712,0.00025095447163056,0.000241158617357712,0.00025095447163056,0.00043450448737574,0.000480493184162216
ID_6M3VS9,0.000136991394181591,0.00012786768559882,0.000136991394181591,0.00012786768559882,0.000136991394181591,0.00012786768559882
ID_2JI71I,4.90773270642084e-05,3.90610910488474e-05,0.000672270140922759,0.000601123001383156,0.000672270140922759,0.000601123001383156
ID_RXX5K6,1.46510893979792e-05,1.05210790430281e-05,2.79619988094253e-05,2.29777765493597e-05,2.79619988094253e-05,2.29777765493597e-05
ID_PHPRJV,1.40712049962956e-05,1.04611907917911e-05,4.37474172113178e-05,3.81420114564973e-05,4.37474172113178e-05,3.81420114564973e-05
ID_2ELMR8,0.0131840671731276,0.0128142296489597,0.0131840671731276,0.0128142296489597,0.0131840671731276,0.0131257073607335
ID_2IDMK7,0.000115522673231497,0.000111008244640913,0.000387758057312396,0.000375120346783048,0.000387758057312396,0.000399697590971174
ID_OP7PVS,2.97107536315894e-05,2.12422031084968e-05,8.1236754902485e-05,7.31456749553791e-05,0.000114075782470217,0.000114804705667679
ID_TFLD6S,0.000103235351187154,9.05857025036312e-05,0.000103235351187154,9.05857025036312e-05,0.000103235351187154,9.05857025036312e-05
ID_0IB50G,0.000139968601790593,0.000130491572703202,0.000201002182288712,0.000183116525067532,0.000201002182288712,0.000183116525067532
ID_8ZZTUS,0.00312600308012774,0.00306034251409337,0.00312600308012774,0.00310696538165983,0.00312600308012774,0.00310696538165983
ID_G44DHO,0.000894981439782744,0.00108345849855877,0.000894981439782744,0.00108345849855877,0.000894981439782744,0.00108345849855877
ID_BFB0U7,0.00560108842502102,0.00693683283020198,0.00560108842502102,0.00693683283020198,0.00560108842502102,0.00693683283020198
ID_ZCM6MI,0.000194305401489589,0.000191604556675708,0.000194305401489589,0.000191604556675708,0.000194305401489589,0.000191604556675708
ID_VBBWXW,3.93533427199503e-05,2.45084225041293e-05,0.000180640348801155,0.000159354976162457,0.000210281441859794,0.000196642872249083
ID_YWE7MS,7.6849177206861e-05,6.04899708332886e-05,0.000486188174813637,0.000479118675759932,0.000862336668565688,0.000885335128200535
ID_D1D4RK,9.60681503536217e-05,6.94458293785158e-05,0.000270514859404433,0.00023599361141373,0.000270514859404433,0.00023599361141373
ID_9HR4BX,2.53780412982112e-05,2.40759283156576e-05,5.56883989626225e-05,5.2635772990885e-05,0.000118537912419243,0.00011617789782268
ID_RNJTWY,5.3236424744808e-05,4.69408515056431e-05,5.3236424744808e-05,4.69408515056431e-05,5.3236424744808e-05,4.69408515056431e-05
ID_6M47S2,3.92764479001998e-05,3.26794963425832e-05,6.43982117485525e-05,5.6486431340852e-05,6.43982117485525e-05,5.81367893275262e-05
ID_1LR1PB,0.00023196678029603,0.000259426359066867,0.00023196678029603,0.000259426359066867,0.00023196678029603,0.000259426359066867
ID_ONQFWS,5.40489610648236e-05,4.28361060533592e-05,0.00045063850309454,0.000395113362679644,0.00045063850309454,0.000395113362679644
ID_NUS824,5.35391707030941e-05,4.90901644537614e-05,7.90128649791131e-05,7.21677988605514e-05,7.90128649791131e-05,7.78050600641849e-05
ID_UR6FEW,0.000138166267428643,0.000131337753141751,0.00261316928651284,0.00273895079521953,0.00261316928651284,0.00273895079521953
ID_M4NSBL,2.23725748286396e-05,1.82228153065115e-05,4.93977038446809e-05,4.17732157555276e-05,5.48483720628135e-05,5.1471472046138e-05
ID_EEW8DG,0.000141217854915269,0.000113553446140671,0.000162174229905879,0.000142849496042118,0.000186314528059181,0.00019145347547867
ID_TH808E,6.49748207340688e-05,6.22128702802812e-05,0.000203823939394318,0.000204305488284029,0.000203823939394318,0.000204305488284029
ID_DLJ036,2.46447661741168e-05,1.63715887253044e-05,2.54617432422174e-05,2.08529680624792e-05,2.71865375230214e-05,2.48818207375227e-05
ID_FGU02Z,2.1683137931545e-05,1.33213064904937e-05,6.41307789813853e-05,5.49224323543832e-05,8.45192501823184e-05,7.80327937004879e-05
ID_0S0PVH,1.36115986905333e-05,1.02074401741381e-05,2.92654657048983e-05,2.50402749539568e-05,2.92654657048983e-05,2.50402749539568e-05
ID_KBNPFA,0.000106146832948848,8.02614046381395e-05,0.000106146832948848,8.02614046381395e-05,0.000124287983061912,0.000121852425103706
ID_OL060P,0.00014310051138908,0.000140036987977502,0.000196859695258499,0.0001874317585631,0.000196859695258499,0.000188814487573936
ID_CO3YKB,0.00973869776658663,0.00776789584498186,0.0133336998303316,0.0130632145909088,0.0133336998303316,0.0130632145909088
ID_07SK9V,3.00329935172016e-05,1.96515151606008e-05,0.000367352905132157,0.0003131653247055,0.000367352905132157,0.0003131653247055
ID_OCWO27,1.5855636853656e-05,1.08966081789859e-05,2.9935544804553e-05,2.45537150997448e-05,2.9935544804553e-05,2.45537150997448e-05
ID_4RU15B,6.66285965061003e-05,6.07135336365606e-05,0.000295258478999289,0.000309721156996455,0.000295258478999289,0.000309721156996455
ID_GJ6EAI,1.45347613322479e-05,9.99918800896776e-06,6.54559363266171e-05,5.99381811530644e-05,9.49487051035314e-05,9.26141634027365e-05
ID_ZJ8ADL,3.65799603308484e-05,2.83371837864339e-05,0.000246706066304052,0.000251280319725906,0.000246706066304052,0.000251280319725906
ID_0ZWEL6,0.000163973843315861,0.000160987893146362,0.000172289188145563,0.000168077624585386,0.000172289188145563,0.000168077624585386
ID_I5ITGA,1.98298530137214e-05,1.23595101131192e-05,7.13090101774281e-05,6.20293801093142e-05,8.60975300291108e-05,8.5142648354339e-05
ID_T2WVBK,0.000138197583648953,0.000147940822294552,0.000317081190665655,0.00032722870968963,0.000317081190665655,0.00032722870968963
ID_BZWK10,6.86961081798724e-05,7.04582415542968e-05,6.86961081798724e-05,7.04582415542968e-05,6.86961081798724e-05,7.04582415542968e-05
ID_SCXJL3,1.64281150616647e-05,1.24566831565296e-05,4.94668286047808e-05,4.14538595388687e-05,6.79061317909724e-05,6.43471269106973e-05
ID_VT7750,0.000103894079506388,9.59515608249962e-05,0.000199528680892617,0.00019629761909704,0.000199528680892617,0.00019629761909704
ID_8K9BSB,5.40517111035992e-05,4.29049624168678e-05,0.000104158371496688,9.39737090900122e-05,0.000104158371496688,9.39737090900122e-05
ID_74OIAW,4.13119207947278e-05,3.22661588123928e-05,8.3834540859379e-05,7.67590144202111e-05,8.3834540859379e-05,7.67590144202111e-05
ID_QI8JG9,0.000312765763935958,0.000291031947309823,0.000557251354975299,0.000556511309731808,0.000618851514625745,0.000650914107180874
ID_Q3GQZC,5.33212518475944e-05,5.77752918349163e-05,5.33212518475944e-05,5.77752918349163e-05,5.33212518475944e-05,5.77752918349163e-05
ID_0U1FIH,8.54728376792562e-05,8.39823931383164e-05,0.000211192608329766,0.000209047693633333,0.000211192608329766,0.000209047693633333
ID_WNRIP1,6.16089295706746e-05,6.12224940967118e-05,7.34258408680834e-05,6.8187634187431e-05,7.34258408680834e-05,6.8187634187431e-05
ID_O9HFAP,2.5004065102415e-05,1.75000208124025e-05,0.000107527957750307,9.29716854476994e-05,0.000107527957750307,9.99878398910537e-05
ID_POEBAW,2.39940383976196e-05,1.5313493312295e-05,0.000105867340694666,9.52624829886229e-05,0.000105867340694666,9.52624829886229e-05
ID_57ZCHT,0.00686663243313275,0.00716620113912096,0.00740857707793143,0.007838413666383,0.00740857707793143,0.007838413666383
ID_7C3ZMG,0.006807382487135,0.00604841054154671,0.023409774381779,0.0228649737414592,0.023409774381779,0.0228649737414592
ID_YF7UVA,4.86454581562341e-05,4.22072189581634e-05,0.000159195799691883,0.000159119100233713,0.000159195799691883,0.000159119100233713
ID_IMWQJR,4.60736504058939e-05,3.72273326395222e-05,0.000147640111415669,0.000133132247111316,0.000147640111415669,0.000147887476857267
ID_KV3UHT,2.37127800767528e-05,1.86452770081491e-05,5.33133483814699e-05,4.73820632561025e-05,0.000125372364346408,0.000124251399765872
ID_8JXK5Z,4.01382011039283e-05,2.98908921533746e-05,8.40395130276873e-05,7.42625727822591e-05,8.40395130276873e-05,7.42625727822591e-05
ID_LF7K1G,4.22999467211511e-05,3.18072925709155e-05,7.5420776641348e-05,6.76687734955091e-05,7.5420776641348e-05,6.76687734955091e-05
ID_ZLFFSD,1.8626264687709e-05,1.0860207037024e-05,3.79468382463446e-05,3.19475616297591e-05,5.23563147081194e-05,4.91289876850533e-05
ID_Z2FP8D,0.00451653304384297,0.0036672521896644,0.00451653304384297,0.0036672521896644,0.00451653304384297,0.0036672521896644
ID_C08HEJ,8.3418393622733e-05,7.64654337958631e-05,0.000173379870393413,0.000166791994011134,0.00021912343428626,0.000224214067518757
ID_5FC3QJ,0.00315071363341486,0.00347983512259694,0.00315071363341486,0.00347983512259694,0.00315071363341486,0.00347983512259694
ID_WRG2RD,7.12835577746961e-05,5.01888117388036e-05,0.000134346517667979,0.000122163111016503,0.000134346517667979,0.000122163111016503
ID_EIKAR0,2.4647602242598e-05,2.21404131743901e-05,2.4647602242598e-05,2.21404131743901e-05,2.58151299518169e-05,2.48008712534629e-05
ID_KCL7CV,4.10988834756288e-05,3.31249958149138e-05,8.35286860937522e-05,7.68239794681161e-05,8.35286860937522e-05,7.68239794681161e-05
ID_HPZYN9,7.28560703212294e-05,6.52371519509254e-05,7.28560703212294e-05,6.52601254099703e-05,7.28560703212294e-05,6.52601254099703e-05
ID_CFSK8V,9.48105620828384e-05,8.02822176037281e-05,0.000105308091877357,9.88496509645868e-05,0.000105308091877357,9.88496509645868e-05
ID_N9EYVU,3.18186180518098e-05,2.7072039119489e-05,4.42443539110058e-05,3.77223333657188e-05,5.45670625144982e-05,5.17070683312375e-05
ID_XS5IZB,3.46926592691293e-05,3.36133281991248e-05,3.66393670568713e-05,3.36133281991248e-05,5.08687409170137e-05,4.95003769763325e-05
ID_EWJ9VO,0.000153866385998072,0.000161838835647544,0.000153866385998072,0.000161838835647544,0.000153866385998072,0.000161838835647544
ID_RJI8NC,0.148702050796972,0.163454128681106,0.148702050796972,0.163454128681106,0.148702050796972,0.163454128681106
ID_FVZ6BG,1.89887291213003e-05,1.36819018924888e-05,5.91591522993691e-05,4.93667544698891e-05,6.50067921915316e-05,6.27321881666742e-05
ID_OU67AN,1.30244865475012e-05,8.26290371706909e-06,4.35945674956915e-05,3.66388813486072e-05,4.35945674956915e-05,3.97511375063215e-05
ID_GPUXEY,0.000104142164503391,8.05206236206993e-05,0.00029142643851567,0.000260645401526712,0.00029142643851567,0.000260645401526712
ID_TIOYYB,0.00066544710169456,0.000564151506657817,0.00066544710169456,0.000564151506657817,0.00066544710169456,0.000571156546043191
ID_V4PFS3,0.000149021555562865,0.000187382525214901,0.000149021555562865,0.000187382525214901,0.000149021555562865,0.000187382525214901
ID_MOHLRS,0.0009291635585254,0.000550537037915457,0.00334788650185431,0.00319988132265638,0.00380172131827961,0.00364498504597981
ID_P66879,5.88102886181911e-05,5.70732593618384e-05,5.88102886181911e-05,5.70732593618384e-05,5.88102886181911e-05,5.70732593618384e-05
ID_O79B2I,3.63648535797537e-05,2.66864995399287e-05,3.63648535797537e-05,2.66864995399287e-05,3.63648535797537e-05,2.66864995399287e-05
ID_FUI65H,0.000398681886093848,0.000472555043237345,0.000398681886093848,0.000472555043237345,0.000398681886093848,0.000472555043237345
ID_JCTVHU,0.000154255707318595,0.000160804360372956,0.000154255707318595,0.000160804360372956,0.000154255707318595,0.000160804360372956
ID_BTGNHS,1.7135360419919e-05,1.04856338831801e-05,0.000274339193727804,0.00023782171607618,0.000274339193727804,0.00023782171607618
ID_SSS3KA,2.27309112876474e-05,1.36005572013644e-05,0.000110355646851526,9.271418876484e-05,0.000242940016189969,0.000237023399675876
ID_RGZEPZ,0.00316952937712339,0.00364758066362965,0.00316952937712339,0.00364758066362965,0.00316952937712339,0.00364758066362965
ID_J1H455,8.45767411983001e-05,6.16969969993575e-05,8.45767411983001e-05,6.42160910166298e-05,0.00011567261182363,0.000112063699693818
ID_USYVL3,2.10250270224084e-05,1.58153144897364e-05,2.95278461901882e-05,2.57999763163259e-05,3.96983802832057e-05,3.65254161181481e-05
ID_NWINB1,0.00155511444898231,0.00113742936259928,0.00155511444898231,0.00113742936259928,0.00238670734108363,0.00252164924348904
ID_GE4M9Q,2.87477144972875e-05,2.35922395578021e-05,9.9724953130997e-05,9.14526235586786e-05,9.9724953130997e-05,9.14526235586786e-05
ID_S9QE4Q,2.30755861876588e-05,2.11515176215579e-05,0.000137756300371536,0.000130185777452568,0.000137756300371536,0.0001316057231371
ID_XSQ9IH,2.40615117726912e-05,1.39479900960624e-05,3.60419186086864e-05,2.95475488770844e-05,3.98912853168114e-05,3.70935198397793e-05
ID_U6WG86,0.000180583056549614,0.000143675802021893,0.00123197855199717,0.00109831808981803,0.00123197855199717,0.00109831808981803
ID_E7MX6C,0.00164744903572415,0.00141710122130594,0.00164744903572415,0.00141710122130594,0.00164744903572415,0.00141710122130594
ID_LV4Z3X,6.69157897238342e-05,5.86890408006447e-05,0.000537474341396268,0.000558667661949465,0.000537474341396268,0.000558667661949465
ID_FHGVV9,0.000241158617357712,0.00025095447163056,0.000241158617357712,0.00025095447163056,0.00043450448737574,0.000480493184162216
ID_93HGEN,0.467865254597998,0.461712305363601,0.467865254597998,0.473106248707644,0.467865254597998,0.473106248707644
ID_7BECWT,0.000267378303113759,0.000277189037661807,0.000267378303113759,0.000277189037661807,0.000267378303113759,0.000277189037661807
ID_NFHSAZ,3.84184006409963e-05,3.52746197813111e-05,4.86724232208547e-05,4.4025280414795e-05,4.86724232208547e-05,4.47278502036733e-05
ID_T2KMPX,4.15961451631122e-05,3.76911781776556e-05,0.000107058948612118,9.57835287358844e-05,0.000107058948612118,9.57835287358844e-05
ID_YAINJL,4.57697048212848e-05,3.38300737148508e-05,0.000389224059901296,0.000373230818035862,0.000389224059901296,0.000373230818035862
ID_DPT0O6,4.01982587867471e-05,3.91298756155955e-05,4.04554583828451e-05,3.91298756155955e-05,4.04554583828451e-05,3.91298756155955e-05
ID_SV5TAT,0.00346682709209562,0.00371884335703151,0.00346682709209562,0.00371884335703151,0.00416109861433917,0.0045148365301222
ID_H2IQKE,1.04516865128045e-05,6.61265633019348e-06,3.24979121194571e-05,2.81845595544915e-05,3.24979121194571e-05,2.81845595544915e-05
ID_G3G8F2,0.00242092996538627,0.0025291667436107,0.00242092996538627,0.0025291667436107,0.00242092996538627,0.0025291667436107
ID_CAKGEL,1.78333932453881e-05,1.22977958054469e-05,6.71536618270814e-05,6.06389717152667e-05,6.71536618270814e-05,6.23042891065544e-05
ID_7L24AW,6.37260105316326e-05,5.79064765077695e-05,0.000236898344782689,0.000238251259504918,0.000240236252632917,0.000248950600638727
ID_8DBGRU,0.00689148162932352,0.0070864801307241,0.0100071825095023,0.00955951696365262,0.0100071825095023,0.00955951696365262
ID_Y3B64A,0.000553325283140605,0.000476701664412003,0.00149555309920425,0.00166242131480699,0.00149555309920425,0.00166242131480699
ID_92GB4X,0.0029615581314056,0.00349220129553625,0.0029615581314056,0.00349220129553625,0.0029615581314056,0.00349220129553625
ID_89E64C,0.00173205248141989,0.00172112393932901,0.00173205248141989,0.00172112393932901,0.00173205248141989,0.00172112393932901
ID_PZT1O4,2.57397196497827e-05,2.03524751881868e-05,3.71197147388766e-05,3.2884148574983e-05,8.85517651366329e-05,8.40511926126584e-05
ID_QFVKE8,1.39386173397851e-05,1.02497022196663e-05,4.43121062087036e-05,3.7136134797733e-05,4.43121062087036e-05,4.0393573375949e-05
ID_GXIV13,3.60048370863857e-05,2.9022570655438e-05,7.16630152620202e-05,6.57230860938756e-05,7.16630152620202e-05,6.57230860938756e-05
ID_6M5MZL,1.35945456115773e-05,9.42504336329726e-06,7.33973837074802e-05,6.35432842352846e-05,7.33973837074802e-05,6.35432842352846e-05
ID_6JXJ14,0.00287610625536505,0.00284253430286597,0.00287610625536505,0.00284253430286597,0.00287610625536505,0.00284253430286597
ID_GAMP7V,4.09960014860526e-05,2.78438810951225e-05,0.000154047022217427,0.000134450406416097,0.000160957648169481,0.000154244922173324
ID_3FZUIO,0.0105643658958229,0.0101506556704034,0.0115101310238731,0.0120979551080138,0.0115101310238731,0.0120979551080138
ID_44FN7K,9.18242651966686e-05,6.95550727809466e-05,0.000252165824742058,0.000219647403273252,0.000252165824742058,0.000219647403273252
ID_69Z23E,4.09563013161411e-05,2.59818865900873e-05,0.000161522649970742,0.00014333662075007,0.000190055156038217,0.000178172439245697
ID_HW2F25,0.000105923301732329,0.000110699722426783,0.000105923301732329,0.000110699722426783,0.000105923301732329,0.000110699722426783
ID_65FJEN,0.0413470358858268,0.0463394157158575,0.131346051154737,0.131738207445634,0.143629353049098,0.159970932821808
ID_GSHF7X,7.66303396579057e-05,7.63716049358913e-05,0.000173422533277425,0.000170023344531147,0.000173422533277425,0.000170023344531147
ID_CDOW4B,3.54214440670971e-05,2.87947447653051e-05,5.92122308675837e-05,5.38907202221079e-05,5.92122308675837e-05,5.38907202221079e-05
ID_UBNAI1,0.00459105576704503,0.00444464248450754,0.00459105576704503,0.00444464248450754,0.00459105576704503,0.00444464248450754
ID_MZ5E9B,3.84952630620125e-05,2.82812335450977e-05,0.000247372154479403,0.000225522571397439,0.000247372154479403,0.000225522571397439
ID_IB0RDU,0.000741724212574683,0.000861547850054595,0.000741724212574683,0.000861547850054595,0.000741724212574683,0.000861547850054595
ID_5H4T9K,5.47729481139932e-05,4.02382528246669e-05,0.000137835681801202,0.000122141010476031,0.000164449813156119,0.000154480175813908
ID_LA2NIK,0.000283704148337854,0.000246828983260094,0.000491980983027265,0.000462799061430161,0.000491980983027265,0.000462799061430161
ID_32LKHY,0.000203653653774246,0.000201979439328891,0.000967946153109736,0.000945663208476042,0.000967946153109736,0.000945663208476042
ID_PS57CR,7.28723794268447e-05,7.0680573137842e-05,0.000215302258546382,0.000219438761702748,0.000215302258546382,0.000219438761702748
ID_LGQONB,0.000337056551310465,0.00034646815116671,0.000652220264324162,0.000641538768280307,0.000652220264324162,0.000641538768280307
ID_V3YM6S,2.00561243161722e-05,1.39900317812861e-05,4.42263776070709e-05,3.65310940042605e-05,4.42263776070709e-05,3.65310940042605e-05
ID_59TJN8,9.00466091375264e-05,0.000104352431529304,9.00466091375264e-05,0.000104352431529304,9.00466091375264e-05,0.000104352431529304
ID_S9103X,7.47576769967168e-05,7.1002136908416e-05,0.000115691212598259,0.000103845361886473,0.000115691212598259,0.000103845361886473
ID_UV8N77,1.44565597307544e-05,1.0019844736307e-05,3.22100059131044e-05,2.73830006704647e-05,3.22100059131044e-05,2.73830006704647e-05
ID_BEDWST,2.23301289567286e-05,1.63507030060734e-05,4.39210388995606e-05,3.80397671894383e-05,4.39210388995606e-05,3.80397671894383e-05
ID_1YPD87,4.82412639011632e-05,5.47445012858397e-05,5.0510647383207e-05,5.47445012858397e-05,5.0510647383207e-05,5.47445012858397e-05
ID_GPGXMS,2.02960380003812e-05,1.43909280863275e-05,0.000284061992588914,0.000268884863961611,0.000284061992588914,0.000268884863961611
ID_0D8BV7,2.64196190030037e-05,1.76238888165046e-05,8.7671166635171e-05,8.19533422449362e-05,8.7671166635171e-05,8.19533422449362e-05
ID_5PPY2G,0.00115462947503005,0.000902321342931573,0.00115462947503005,0.000902321342931573,0.00115462947503005,0.000902321342931573
ID_R8D4HS,2.64196190030037e-05,1.76238888165046e-05,8.7671166635171e-05,8.19533422449362e-05,8.7671166635171e-05,8.19533422449362e-05
ID_I19UPL,0.00349471134338549,0.00258336557521821,0.033273977798251,0.0324662182080472,0.033273977798251,0.0324662182080472
ID_VLJU6A,5.83816477104722e-05,5.12270624243389e-05,0.000275470593028667,0.000248074838733594,0.000275470593028667,0.000248074838733594
ID_YE5B6S,0.00159284462414993,0.00130432546542814,0.00159284462414993,0.00130432546542814,0.00159284462414993,0.00130432546542814
ID_UOIFEC,4.60106949718314e-05,3.37719770156592e-05,6.23547650932581e-05,5.69107733101247e-05,6.23547650932581e-05,5.69107733101247e-05
ID_8NS4P8,3.00611755181797e-05,2.52197403319796e-05,4.06605048239563e-05,3.65174039336727e-05,4.06605048239563e-05,3.65174039336727e-05
ID_20X7IL,7.26901900252379e-06,4.17726816993437e-06,1.86217324016191e-05,1.54279221874711e-05,2.13521223924141e-05,1.97447449568024e-05
ID_UK2N3N,0.11834223411334,0.138447135840014,0.11834223411334,0.138447135840014,0.125468810882062,0.144920957445306
ID_0KPGAQ,0.000185919022931218,0.000179001216693418,0.000185919022931218,0.000179001216693418,0.000185919022931218,0.000179001216693418
ID_4KT11I,5.83816477104722e-05,5.12270624243389e-05,0.000275470593028667,0.000248074838733594,0.000275470593028667,0.000248074838733594
ID_7XJF6O,4.2413195530795e-05,3.69124479763825e-05,5.47982644764469e-05,4.75434339426302e-05,6.28765743650578e-05,6.18753452766456e-05
ID_88K33G,0.000108205017494761,9.50391464840423e-05,0.000343742685892825,0.000321815621444584,0.000383836922610657,0.000403574822736362
ID_I85AHY,0.000409362976149919,0.000331504336629282,0.000865888309516813,0.000883613346372641,0.000865888309516813,0.000883613346372641
ID_8RP3M8,9.78120061980532e-06,7.11717379782956e-06,5.34182484939669e-05,4.6449400726241e-05,5.34182484939669e-05,4.6449400726241e-05
ID_ELD3MH,0.114512214641463,0.136146632843957,0.114512214641463,0.136146632843957,0.114512214641463,0.136146632843957
ID_MMW7H1,6.95179274775824e-05,6.82420242601647e-05,6.95179274775824e-05,6.82420242601647e-05,6.95179274775824e-05,6.82420242601647e-05
ID_1I1DP1,3.85177419186123e-05,3.38856297655596e-05,7.64528955540546e-05,7.437706710383e-05,0.00010462792061533,0.000106764179512211
ID_02VGAQ,1.17946334665738e-05,8.16192064389997e-06,2.5537745030092e-05,2.14369501438726e-05,3.58726364256866e-05,3.42286374913356e-05
ID_BXRC0F,8.50864980393675e-05,8.03496306906823e-05,0.000158026429965249,0.000150764188787181,0.000158026429965249,0.000150764188787181
ID_ZI5Y1E,0.000143084970596583,0.000131091732117704,0.000924871451305527,0.000868541317481374,0.000924871451305527,0.000868541317481374
ID_MH9N99,0.000894981439782744,0.00108345849855877,0.000894981439782744,0.00108345849855877,0.000894981439782744,0.00108345849855877
ID_EMQNRZ,0.011402507575702,0.00979931750645098,0.011402507575702,0.00979931750645098,0.011402507575702,0.00979931750645098
ID_7R8S23,1.20649350180989e-05,8.09123312105994e-06,4.46035301480531e-05,3.769361464731e-05,4.46035301480531e-05,3.769361464731e-05
ID_YFL07C,1.33740154715303e-05,9.02269636463042e-06,4.26010722936628e-05,3.50400919635101e-05,4.58707687970507e-05,4.32939557276981e-05
ID_QMO2S4,2.739876897644e-05,1.88729447522676e-05,0.000448430582449482,0.000392719263350216,0.000448430582449482,0.000392719263350216
ID_6RK6HI,0.00277792228051025,0.00288956659489642,0.00277792228051025,0.00288956659489642,0.00277792228051025,0.00288956659489642
ID_8DRM77,5.03396571256169e-05,4.65586556764266e-05,5.03396571256169e-05,4.65586556764266e-05,5.03396571256169e-05,4.65586556764266e-05
ID_W6HDV5,7.43408369675246e-05,7.96862927353815e-05,7.43408369675246e-05,7.96862927353815e-05,7.43408369675246e-05,7.96862927353815e-05
ID_K5EEX9,5.10168965460212e-05,5.16345210503576e-05,5.85783638257641e-05,5.49383114625079e-05,7.45330135091711e-05,7.35838061194168e-05
ID_KCZ1QX,0.000133561637860983,0.000122396511504131,0.00277947880840126,0.00287000042618478,0.00277947880840126,0.00287000042618478
ID_9AQYF7,1.17555377280018e-05,7.18129373709359e-06,7.30410012263528e-05,6.04170417790312e-05,9.21520395443661e-05,8.46373055194353e-05
ID_NQVDII,7.49323996916961e-05,8.13518684056447e-05,7.49323996916961e-05,8.13518684056447e-05,7.49323996916961e-05,8.13518684056447e-05
ID_T7IUG7,0.000272926303567179,0.000294255025967636,0.000445212589390623,0.000432324877855397,0.000445212589390623,0.000432324877855397
ID_IYSD3F,6.79040664323266e-05,6.87377152666425e-05,0.000138379156271961,0.000129971962101768,0.000138379156271961,0.000129971962101768
ID_T3NEEY,0.000114089267569404,0.000123178024225753,0.000114089267569404,0.000123178024225753,0.000114089267569404,0.000123178024225753
ID_VWYZDV,1.80870938995062e-05,1.51260060296243e-05,0.000139861606606174,0.000141534469920739,0.000306507029706914,0.000325042425300259
ID_3J6JIM,3.1550047741513e-05,2.47290298991975e-05,6.83506145871611e-05,5.98769147744141e-05,0.000111477485140295,0.000108467738696366
ID_HV0S70,4.14379189423181e-05,3.64355978891444e-05,4.14379189423181e-05,3.64355978891444e-05,4.14379189423181e-05,3.64355978891444e-05
ID_DYWKN3,5.9901052515894e-05,5.94315152255984e-05,5.9901052515894e-05,5.94315152255984e-05,5.9901052515894e-05,5.94315152255984e-05
ID_VE9E3I,1.16630933568699e-05,7.30167298612046e-06,4.42809085795187e-05,3.69953832111227e-05,7.67295659670772e-05,7.23492734643146e-05
ID_1KJ6HF,0.00041603765384575,0.000456179191841862,0.000572983204404406,0.000630449231688503,0.000572983204404406,0.000630449231688503
ID_ENNMFX,0.0221171518552793,0.0204529396354706,0.0763188615036657,0.0713601838658967,0.105752595554642,0.108843051054487
ID_GXWOO5,2.76858345886867e-05,2.57288038033312e-05,0.000218108489011869,0.000202117581604321,0.000218108489011869,0.000202117581604321
ID_IZ6LA1,2.57397196497827e-05,2.03524751881868e-05,3.71197147388766e-05,3.2884148574983e-05,8.85517651366329e-05,8.40511926126584e-05
ID_VI4U4R,1.55108357976593e-05,1.1497099332864e-05,3.18766136472715e-05,2.77107864476704e-05,3.57746102282913e-05,3.36616541688902e-05
ID_NO0C5D,1.91573936858654e-05,1.57805907746564e-05,7.0083518992193e-05,6.19926927340025e-05,7.0083518992193e-05,6.19926927340025e-05
ID_K0TAT7,6.53856483911068e-05,4.81007893300971e-05,0.000149220315509364,0.000126302571537298,0.000149220315509364,0.000126302571537298
ID_A33GZ8,1.51260724879936e-05,1.035583931301e-05,6.02977691210728e-05,5.46277927883682e-05,8.24705907542115e-05,7.9552297616364e-05
ID_RDR60H,0.0405212963163251,0.0520170710170113,0.0405212963163251,0.0520170710170113,0.0405212963163251,0.0520170710170113
ID_E9MYEG,1.20649350180989e-05,8.09123312105994e-06,4.46035301480531e-05,3.769361464731e-05,4.46035301480531e-05,3.769361464731e-05
ID_D3WNMR,0.000111914609230898,8.18697361190083e-05,0.00024290287190423,0.000232340649905164,0.00024290287190423,0.000232340649905164
ID_RIUVLU,5.87680648781076e-05,4.2931975699634e-05,0.000518969909134512,0.000524406817694366,0.000667068208873588,0.000681104876112248
ID_41UVG1,0.000741724212574683,0.000861547850054595,0.000741724212574683,0.000861547850054595,0.000741724212574683,0.000861547850054595
ID_QWHDJ6,0.126351066526547,0.132929275913964,0.173669581001154,0.166508879619296,0.173669581001154,0.166508879619296
ID_IWBR0X,0.105640050494852,0.104096093033826,0.130220941062151,0.126943967467916,0.130220941062151,0.126943967467916
ID_KMW5EI,9.27008713420944e-05,9.19147628414627e-05,0.000332259163106681,0.000349478880972983,0.000332259163106681,0.000349478880972983
ID_5VLR2G,1.11528004086514e-05,6.46760052134697e-06,5.05481682980731e-05,4.20762133553467e-05,5.05481682980731e-05,4.44761483281202e-05
ID_REIL7X,5.22140893829732e-05,4.35173347753315e-05,0.000292056408251491,0.000262396971450112,0.000292056408251491,0.000262396971450112
ID_CFIC5L,5.43606742135872e-05,4.36662489725381e-05,0.000742904967170308,0.000656160485489806,0.000742904967170308,0.000656160485489806
ID_8KE31A,4.81422791633627e-05,3.82478367475782e-05,9.22469805922169e-05,8.25881575407356e-05,9.22469805922169e-05,8.25881575407356e-05
ID_9WB9ER,4.76768531764127e-06,2.9870801968631e-06,3.76007643506576e-05,3.15650793339453e-05,3.76007643506576e-05,3.16858289139219e-05
ID_R372RI,1.85020576465368e-05,1.46484579696866e-05,8.53156638363764e-05,7.92454987274797e-05,8.53156638363764e-05,7.92454987274797e-05
ID_49IRAX,0.000410708746725486,0.000431904222143156,0.00255305144803526,0.00290577247773222,0.00255305144803526,0.00290577247773222
ID_OY9WWL,8.22013300637352e-05,8.62945691820621e-05,8.5037009302565e-05,8.62945691820621e-05,8.5037009302565e-05,8.62945691820621e-05
ID_N038XC,6.12124616736403e-05,5.48725153936992e-05,0.000165451053295489,0.000165349538705529,0.000165451053295489,0.000165349538705529
ID_BRIWDT,0.000914484010175379,0.000890958299706665,0.000914484010175379,0.000890958299706665,0.00177538658701801,0.00184216785577259
ID_JFHIVO,8.4131089353427e-05,7.96811075310871e-05,0.00016911754502064,0.000158196951417768,0.000199406082386507,0.000196174554457097
ID_PP01G2,1.56215960124445e-05,9.42505451071926e-06,9.73308945571246e-05,8.37302865643842e-05,0.000147262470347854,0.000143671718343521
ID_QNIOX3,0.000232597420420792,0.000243014272664821,0.00034125480376898,0.000351829661985777,0.00034125480376898,0.000351829661985777
ID_F4K9RH,0.000106288460760804,0.000114497382153415,0.000106288460760804,0.000114497382153415,0.000106288460760804,0.000114497382153415
ID_XGKFJ2,0.000329306298083764,0.000339711478625635,0.00116419904105029,0.00114224332357607,0.00116419904105029,0.00114224332357607
ID_RGBU2B,3.74569672156063e-05,3.19433807928546e-05,7.05639698779823e-05,6.81353091109601e-05,0.000104875323450878,0.000108101437831051
ID_MIR1LK,7.19887319647462e-05,7.23180554815783e-05,0.000107936148876893,0.000101662028654857,0.000112108076408672,0.000111774994543561
ID_7UEYP5,8.29128456161044e-06,5.57991238056278e-06,3.11446104380268e-05,2.77773053002752e-05,4.84679924660501e-05,4.56781348591907e-05
ID_J34RHZ,2.01542632590483e-05,1.56422710214686e-05,4.4932335301109e-05,3.98652283906912e-05,4.4932335301109e-05,3.98652283906912e-05
ID_TUWRO6,3.74716269054623e-05,2.87049850847952e-05,0.000170530459003112,0.000158658923714068,0.000170530459003112,0.000158658923714068
ID_LOIPDR,2.38672077564336e-05,1.5731241754744e-05,9.19916779160372e-05,8.31027968125214e-05,9.19916779160372e-05,8.31027968125214e-05
ID_ZL5Q59,0.00920030811478826,0.0102271762801283,0.00920030811478826,0.0102271762801283,0.00920030811478826,0.0102271762801283
ID_YC9T6R,7.17393227770848e-05,6.7820354711653e-05,7.17393227770848e-05,6.7820354711653e-05,0.000107462963409594,0.000104957745692743
ID_YW71NA,5.63711617568696e-06,3.53320423700893e-06,3.96581825231126e-05,3.32956822503668e-05,3.96581825231126e-05,3.32956822503668e-05
ID_I88AP8,4.45513530451106e-05,4.16182586471404e-05,6.45797042461323e-05,6.44216708642156e-05,6.45797042461323e-05,6.44216708642156e-05
ID_CO06H0,5.78645730835138e-05,5.58397118377937e-05,6.15341829174631e-05,5.67775565670769e-05,6.15341829174631e-05,5.67775565670769e-05
ID_7DB6U3,0.000286414389948636,0.000338052875627464,0.000286414389948636,0.000338052875627464,0.000286414389948636,0.000338052875627464
ID_XKPJF3,0.000206924076858511,0.000204424363004572,0.000206924076858511,0.000204424363004572,0.000206924076858511,0.000204424363004572
ID_RJR9RN,7.18971043975023e-06,4.56879125825069e-06,1.58216404057481e-05,1.30969639837089e-05,2.62569843900145e-05,2.40563959100549e-05
ID_VQEIBY,0.000143010652682954,0.000153951454707007,0.000208298906597214,0.000215972839306891,0.000208298906597214,0.000215972839306891
ID_WLOGY7,0.000115759596705939,0.000115712723243632,0.00818482821737865,0.00811234357168168,0.0083371469524219,0.00877657247678637
ID_D51DUQ,0.000150947478319765,0.000140046264754538,0.000150947478319765,0.000140046264754538,0.000150947478319765,0.000140046264754538
ID_7EKCJ1,8.74630800166078e-05,8.32045854607576e-05,0.000118097498262597,0.000107839133765483,0.000118097498262597,0.000107839133765483
ID_G2J9TV,0.000858729426359409,0.000831621098612252,0.00192565306080758,0.00189048494161585,0.00207557828262304,0.00206511277819889
ID_7ILKZQ,0.000474745866481025,0.000423984562632129,0.000488885283961194,0.000449538033587703,0.000488885283961194,0.000449538033587703
ID_JI0NUP,0.000147824334165672,0.000154723519762576,0.000393146418517847,0.000375958851860567,0.000393146418517847,0.000375958851860567
ID_8NHTDF,0.00488934612757426,0.00490394532975109,0.00488934612757426,0.00490394532975109,0.00605172957641456,0.00626931886572949
ID_QO8HIH,0.00128957278778942,0.00142666439954339,0.00128957278778942,0.00142666439954339,0.00128957278778942,0.00142666439954339
ID_PALW0Q,0.000387352645680653,0.000348212153552856,0.000583114456021489,0.000576643124972743,0.000831429147653133,0.000901368874098546
ID_BHJIUD,0.00302012584909385,0.00352662087966424,0.00302012584909385,0.00352662087966424,0.00302012584909385,0.00352662087966424
ID_HIBJMU,7.7491510439979e-05,6.55877289223452e-05,7.7491510439979e-05,6.55877289223452e-05,7.7491510439979e-05,6.55877289223452e-05
ID_GTXRS7,3.28035196991355e-05,2.60162749990498e-05,5.15326438692546e-05,4.60471296124514e-05,5.15326438692546e-05,4.60471296124514e-05
ID_JFKDW9,0.00459105576704503,0.00444464248450754,0.00459105576704503,0.00444464248450754,0.00459105576704503,0.00444464248450754
ID_FHFMAM,6.04490578939273e-05,6.06702324046136e-05,6.04490578939273e-05,6.06702324046136e-05,6.04490578939273e-05,6.06702324046136e-05
ID_V586YJ,4.4750858024599e-05,3.79940361705124e-05,6.60097537252848e-05,5.94838090903556e-05,6.60097537252848e-05,5.94838090903556e-05
ID_Q1BM4A,0.107771587126272,0.130691068893273,0.107771587126272,0.130691068893273,0.107771587126272,0.130691068893273
ID_2KKV8S,0.402901672897622,0.467148634015163,0.402901672897622,0.467148634015163,0.435227741561384,0.467148634015163
ID_N6FNIX,6.95442594054366e-05,6.043243002434e-05,6.95442594054366e-05,6.043243002434e-05,6.95442594054366e-05,6.043243002434e-05
ID_XCBXS7,0.236906527109294,0.236022506774587,0.236906527109294,0.236022506774587,0.236906527109294,0.236022506774587
ID_YF2V6H,3.70962861185088e-05,2.33105701478386e-05,6.31462025372619e-05,5.32612289494324e-05,6.31462025372619e-05,5.32612289494324e-05
ID_J5T35I,0.000398466744949667,0.000420537514270258,0.000723972010794803,0.000694029892703334,0.000723972010794803,0.000694029892703334
ID_AZRY44,1.44412220695828e-05,1.00706821535753e-05,4.14162564395901e-05,3.41037952115419e-05,4.48248810427093e-05,4.22434327171707e-05
ID_HN86UX,5.82602615175568e-05,5.24790715205627e-05,0.00016289905758479,0.000148649086010247,0.00016289905758479,0.00014911945663213
ID_54K01O,8.40783685449458e-05,7.71395855139474e-05,0.000441563372932989,0.000436769344440708,0.000776105579802656,0.000784690254723508
ID_ITFJ7K,0.00504377460828956,0.00475218161823361,0.0058416165902781,0.00585690185051311,0.0058416165902781,0.00585690185051311
ID_CXZJ2V,1.46188607999547e-05,9.0419194898849e-06,6.61883714407935e-05,5.61889649568363e-05,6.61883714407935e-05,5.61889649568363e-05
ID_35RX02,3.70701341515345e-05,3.33120960960316e-05,0.000114185301887942,0.000106133121224642,0.000114185301887942,0.000106133121224642
ID_B0QCIA,5.70784552324034e-05,5.25341619837134e-05,5.70784552324034e-05,5.25341619837134e-05,5.70784552324034e-05,5.25341619837134e-05
ID_JNAKG5,3.77537226952362e-05,3.24724926786834e-05,3.77537226952362e-05,3.24724926786834e-05,3.77537226952362e-05,3.29689211162727e-05
ID_2FSC9D,0.026823697899119,0.0316864327089106,0.026823697899119,0.0316864327089106,0.026823697899119,0.0316864327089106
ID_ERHVEE,0.000206694927930714,0.000206923217677651,0.000469515877084471,0.000459299506206726,0.000469515877084471,0.000459299506206726
ID_2OUBT5,0.000181508100675221,0.000166623050186332,0.013690648614797,0.0134824040894333,0.013690648614797,0.0134824040894333
ID_LYVJ1L,5.30140943842676e-06,3.33621805806716e-06,2.64506341857414e-05,2.27343892955238e-05,2.64506341857414e-05,2.38398310618304e-05
ID_FFXJXU,4.26119477698308e-05,3.70288764807708e-05,4.26119477698308e-05,3.70288764807708e-05,4.26119477698308e-05,3.9468830019586e-05
ID_XJKE63,0.000124895755417478,0.000125738654135756,0.000183238328800549,0.000184238085164364,0.000183238328800549,0.000184238085164364
ID_N9GDIY,0.000495484794447559,0.000292145714926726,0.00138294773703638,0.00137868741921323,0.00138294773703638,0.00137868741921323
ID_CG7535,0.000931112411876231,0.000857475801128776,0.000931112411876231,0.000857475801128776,0.000931112411876231,0.000857475801128776
ID_MWBQU9,0.000768743775671942,0.000888696732583302,0.0018069794141381,0.00197449485737752,0.0018069794141381,0.00197449485737752
ID_5XJZ15,9.03054258168044e-06,5.62947753398525e-06,6.37972696800569e-05,5.52502892166437e-05,9.56201575917564e-05,9.31923696441901e-05
ID_3D6P1W,8.90293307171946e-05,8.83100630667562e-05,0.000139915374210245,0.00014237906647197,0.000139915374210245,0.00014237906647197
ID_FZ714I,3.22265163537369e-05,2.02301641312249e-05,5.52507816697777e-05,4.65530349948758e-05,5.52507816697777e-05,4.65530349948758e-05
ID_LU1WVW,5.43575185738955e-05,4.63186866535499e-05,7.88440445531921e-05,7.09403747948949e-05,7.88440445531921e-05,7.69375888079322e-05
ID_D9GW24,6.56699948055642e-05,7.28978072566389e-05,6.56699948055642e-05,7.28978072566389e-05,6.56699948055642e-05,7.28978072566389e-05
ID_7JDECQ,2.8192581364155e-05,2.72454126562646e-05,2.8192581364155e-05,2.72454126562646e-05,3.26808672237854e-05,3.1403537701953e-05
ID_4CWI21,7.03070586194445e-05,6.90362457503121e-05,7.03070586194445e-05,6.90362457503121e-05,7.03070586194445e-05,6.90362457503121e-05
ID_HIYHM9,0.000486429585956259,0.000382508592886872,0.0010117222037516,0.00105535106425174,0.0010117222037516,0.00105535106425174
ID_KHSX16,8.05201426735639e-05,7.7121918440105e-05,8.05201426735639e-05,7.7121918440105e-05,8.05201426735639e-05,7.7121918440105e-05
ID_Y5BIWA,0.000182124726774394,0.000136418606615599,0.000961447024346089,0.000949687170414025,0.00120890070997859,0.00116945228639655
ID_Q08FAJ,0.000884331438837105,0.000717422331570662,0.000884331438837105,0.000717422331570662,0.000884331438837105,0.000717422331570662
ID_JY1YPW,1.6996459471364e-05,1.03040367265899e-05,0.000298600268392127,0.0002623737690853,0.000298600268392127,0.0002623737690853
ID_BVVDWU,5.35983367897667e-05,3.32795717467572e-05,0.000303543436310527,0.000280899927834062,0.000459957345959464,0.000455020386894852
ID_D4HUAW,1.4348188571045e-05,9.72561593483025e-06,9.33693919826178e-05,8.99478110973817e-05,9.33693919826178e-05,8.99478110973817e-05
ID_3BGZSO,9.43294668770968e-05,8.20691516343422e-05,0.000127554684504005,0.000118745532629803,0.000127554684504005,0.000118745532629803
ID_5WR4NG,4.09960014860526e-05,2.78438810951225e-05,0.000154047022217427,0.000134450406416097,0.000160957648169481,0.000154244922173324
ID_9VAPA3,0.000244271662871994,0.000255967170795231,0.000530772943406858,0.000577299661773731,0.000530772943406858,0.000577299661773731
ID_MMEHS3,3.92382810133883e-05,2.90170744066263e-05,0.000103615485099628,9.24232716186356e-05,0.000103615485099628,9.24232716186356e-05
ID_3TOHD0,4.05045224809031e-05,2.68665422546127e-05,0.000333691416848124,0.000311113009879627,0.000333691416848124,0.000311113009879627
ID_Z94PSF,0.00668863448557053,0.00622994427391207,0.00668863448557053,0.00622994427391207,0.00668863448557053,0.00622994427391207
ID_C5D1GT,4.50239427706804e-05,3.84678744880847e-05,0.000174327181874105,0.000177197263836471,0.000174327181874105,0.000177197263836471
ID_JUWVD9,0.0107565241771199,0.0114780162641794,0.01592168084027,0.0162735589991151,0.01592168084027,0.0170632370650169
ID_CVNZQF,2.81673315251862e-05,1.83891034919345e-05,0.00189218036445303,0.00200257192361362,0.00189218036445303,0.00200257192361362
ID_KI0M9B,6.17979350008678e-05,4.87403657880293e-05,6.17979350008678e-05,4.87403657880293e-05,6.17979350008678e-05,5.20387698364821e-05
ID_WOQ9RN,9.80682580946753e-05,8.61622343913069e-05,0.00011189169633004,0.000104025227289326,0.00011189169633004,0.000104025227289326
ID_74WU7X,4.04570949529221e-05,3.56035083412605e-05,6.47477000636593e-05,5.73734323889857e-05,9.02011354464567e-05,8.69977905958009e-05
ID_0F7RHU,0.0419765738924729,0.0304688260982979,0.057616768833606,0.0559312133260106,0.0901928589955835,0.0955695751213863
ID_KR985R,6.43252647956058e-05,5.16545660093703e-05,0.00015001310400756,0.000144717398556843,0.00015001310400756,0.000144717398556843
ID_EXXRVW,0.000981154674459166,0.000593984347446886,0.00333000074262865,0.00320883647683238,0.00371623738449931,0.00358428659838182
ID_9A3RGH,1.73981988862883e-05,1.14945655874998e-05,0.000150315054141881,0.000126940140258955,0.000215515997126124,0.00021070405689693
ID_KA4XEL,4.82758626326e-05,3.36983944357802e-05,0.000142352111443462,0.000128391575961575,0.000142352111443462,0.000128391575961575
ID_3C2BK1,1.63090794500626e-05,1.21810080694141e-05,6.38358267724635e-05,5.89456167574257e-05,9.40178810120695e-05,9.1633200154249e-05
ID_OLEUCI,3.28183221137531e-05,2.55136332541739e-05,0.000165742207395476,0.000168783303613073,0.000165742207395476,0.000168783303613073
ID_4TNBZF,8.17704117369703e-05,8.17866431991755e-05,8.79058158410051e-05,8.17866431991755e-05,8.79058158410051e-05,8.17866431991755e-05
ID_L5M3EC,0.0157338362302306,0.0147777685697942,0.0421969197290754,0.0398301687864122,0.0625108068581042,0.0619438373574628
ID_FMLX4W,0.00026676274234607,0.000281448970387362,0.00026676274234607,0.000281448970387362,0.00026676274234607,0.000281448970387362
ID_U004UL,0.000119872182778822,0.000115513950083812,0.000232346925128017,0.000221798960804649,0.000316048291604886,0.00031435200150916
ID_665YVK,3.01545171931874e-05,2.07006739369656e-05,9.79642745412967e-05,8.63068665164368e-05,9.79642745412967e-05,8.63068665164368e-05
ID_UH1KTJ,0.00335239045275221,0.00379822058223123,0.00335239045275221,0.00379822058223123,0.00335239045275221,0.00379822058223123
ID_X96S3I,4.52307343880173e-05,3.22032650723506e-05,5.74278936659977e-05,4.83949441492343e-05,8.20614681058047e-05,7.87557873653163e-05
ID_EMRG7L,0.00142653416230266,0.0011435904096986,0.00408663917138627,0.00418089559153131,0.00560774340422287,0.00604581444722916
ID_22PEEN,0.0015407287405943,0.00103686213056149,0.00302511990984992,0.00284410716822055,0.00390713784296696,0.00376290266115554
ID_EL2RHW,0.000159598836784041,0.000148166380657198,0.000167025799116769,0.000158344970214166,0.000167025799116769,0.000158344970214166
ID_2EUTBC,5.33743841514272e-05,4.13071723311841e-05,7.04049616331654e-05,5.95781685757934e-05,0.000107733233296285,0.000100238943565842
ID_OF19CG,0.00485978763914384,0.00499633258588639,0.00485978763914384,0.00499633258588639,0.00485978763914384,0.00499633258588639
ID_JX2N58,3.06476745760392e-05,2.6495292379688e-05,6.73160988389837e-05,5.97071985312276e-05,7.67347455777647e-05,7.3209530071294e-05
ID_OE1QUG,2.21005738536751e-05,1.39729354046557e-05,0.00039200706481417,0.000342545405432387,0.00039200706481417,0.000342545405432387
ID_U0HW2H,6.3111113692187e-05,6.41519168348174e-05,6.3111113692187e-05,6.41519168348174e-05,6.3111113692187e-05,6.41519168348174e-05
ID_RL7E2I,1.36115986905333e-05,1.02074401741381e-05,2.92654657048983e-05,2.50402749539568e-05,2.92654657048983e-05,2.50402749539568e-05
ID_SC21VU,0.00461010652601782,0.00400197597874383,0.00819484427215376,0.00792093214394722,0.00819484427215376,0.00792093214394722
ID_2EYUSI,4.45402144980947e-05,3.77090770341632e-05,0.000211571992960819,0.000189328547005716,0.000211571992960819,0.000189328547005716
ID_71R9X9,5.63711617568696e-06,3.53320423700893e-06,3.96581825231126e-05,3.32956822503668e-05,3.96581825231126e-05,3.32956822503668e-05
ID_ESCEIY,5.05508196997499e-05,4.32823225134261e-05,5.05508196997499e-05,4.32823225134261e-05,5.05508196997499e-05,4.58265265745856e-05
ID_KLG612,3.7118403187176e-05,2.42926435700211e-05,6.32680732010058e-05,5.53265800806534e-05,6.32680732010058e-05,5.53265800806534e-05
ID_ZXQRP1,3.42641435411058e-05,3.22746853794045e-05,5.92870248456917e-05,5.27487676594678e-05,8.91619735939659e-05,8.64321792576915e-05
ID_V2UWES,2.37135449999236e-05,1.85160821024836e-05,0.000196626423314193,0.000186355444905395,0.000196626423314193,0.000186355444905395
ID_57W8R1,1.79874461849062e-05,1.12708842190501e-05,0.000123552896624469,0.000115333210889787,0.000123552896624469,0.000115333210889787
ID_IFIIGQ,7.10640830522845e-05,6.41235620866513e-05,0.000160115289028822,0.000152159452996582,0.000199975095026353,0.000205469894416763
ID_KR841V,0.000578281331335754,0.000699962080394301,0.000578281331335754,0.000699962080394301,0.000578281331335754,0.000699962080394301
ID_8AQJGL,3.87666249250092e-05,2.8359584759307e-05,0.000164548887484919,0.000155992084245746,0.000167457407344468,0.000169428669626196
ID_9KDNRL,4.08598478000123e-05,3.02680399619083e-05,0.000173388267803305,0.000160169454600503,0.000173388267803305,0.000160169454600503
ID_N694IA,8.4456181578613e-06,5.78260384755095e-06,4.66072702547081e-05,4.00267096385466e-05,4.66072702547081e-05,4.08334198566428e-05
ID_BHZQ1G,2.90353916322308e-05,1.74268540033354e-05,7.52174372643372e-05,6.40679208435157e-05,9.80174569222167e-05,9.00631186572838e-05
ID_2YYGLW,0.0588463237347074,0.0607879338599735,0.0588463237347074,0.0607879338599735,0.0588463237347074,0.0607879338599735
ID_J2ZRX7,0.00133720740533566,0.001197546275172,0.00133720740533566,0.001197546275172,0.00133720740533566,0.001197546275172
ID_H1QAOB,0.000169162118408445,0.000184593849790629,0.000185181861657104,0.0001921386209044,0.000220102253431515,0.000235807420944838
ID_SP2RUN,3.11604137854847e-05,2.41858898182595e-05,3.6411540490753e-05,3.01682854088243e-05,5.89995694235906e-05,5.54912907418397e-05
ID_DYDUC0,0.02100924800663,0.0214571420459378,0.02100924800663,0.0214571420459378,0.02100924800663,0.0214571420459378
ID_DDEZZ4,0.000984970076710185,0.00106184484017376,0.000984970076710185,0.00106184484017376,0.000984970076710185,0.00106184484017376
ID_UMT74G,0.000972017696684064,0.000995731750671805,0.000972017696684064,0.000995731750671805,0.0015680660597822,0.00159954387141539
ID_FXV3ZJ,1.84551849528711e-05,1.10997149807359e-05,7.63361797708971e-05,6.60446487767427e-05,9.64673842243997e-05,9.5136351550431e-05
ID_CTIYZN,1.87350660724842e-05,1.25079165684858e-05,3.19982120426226e-05,2.67913838960421e-05,6.54840682841249e-05,6.31262348191197e-05
ID_0QIEVZ,0.000894981439782744,0.00108345849855877,0.000894981439782744,0.00108345849855877,0.000894981439782744,0.00108345849855877
ID_JR89XU,3.43567882043015e-05,3.07044928839714e-05,0.000239097660626961,0.000219569670140684,0.000239097660626961,0.000219569670140684
ID_RUJKIR,2.66974496200259e-05,2.10034535179452e-05,3.79703654702927e-05,3.30131317845968e-05,6.24950296518712e-05,6.00707590391043e-05
ID_IVC3Q9,3.28848378503104e-05,2.47325393994691e-05,4.99489632479766e-05,4.31103989835512e-05,5.7339816826446e-05,5.68661195553083e-05
ID_3LJO3C,0.000105479139850896,8.16670496000467e-05,0.000202173517962017,0.000190338158533632,0.000202173517962017,0.000190338158533632
ID_CWTFLH,1.7699359037057e-05,1.10606203046816e-05,5.83239458879055e-05,5.08574891858306e-05,0.000127866111865589,0.000134262812530857
ID_URYB4G,0.0200484683611397,0.0181814882550117,0.0200484683611397,0.0181814882550117,0.0230037088635139,0.0232025171497631
ID_BJV0W6,0.000736772896224994,0.000808346518809228,0.000736772896224994,0.000808346518809228,0.000736772896224994,0.000808346518809228
ID_3S3Q6C,2.39649285073389e-05,2.11579261895815e-05,2.54115920442485e-05,2.24619535210733e-05,2.54115920442485e-05,2.24619535210733e-05
ID_8KA0CX,5.50901858968952e-05,5.19649250530963e-05,8.39237399181289e-05,7.35266032042059e-05,8.39237399181289e-05,7.35266032042059e-05
ID_M0AGW7,1.09187089568093e-05,6.42926693484612e-06,2.79334955957626e-05,2.31630790782076e-05,3.49557596083918e-05,3.21876429100243e-05
ID_86WW5J,0.000124603928764976,0.000104551316698997,0.000742433614186478,0.000646187210811908,0.000742433614186478,0.000646187210811908
ID_VEAIU7,3.22827944925067e-05,1.97622419161485e-05,5.13177285433407e-05,4.28241211721239e-05,6.47906819176535e-05,6.05218496504197e-05
ID_5C4970,0.00320631535264551,0.00346877364582259,0.00320631535264551,0.00346877364582259,0.00374698478770202,0.00388269255388995
ID_F702MM,0.000356712298213953,0.000423009471087472,0.000413044748518165,0.000425418399212597,0.000413044748518165,0.000425418399212597
ID_6PA6IV,0.00057641176969103,0.000640757334361556,0.00057641176969103,0.000640757334361556,0.00057641176969103,0.000640757334361556
ID_6REL2T,6.37012326641198e-05,4.71600170996518e-05,6.37012326641198e-05,4.71600170996518e-05,6.37012326641198e-05,6.06996146881609e-05
ID_3CW0MI,0.000102977729907388,0.000120529980607308,0.000102977729907388,0.000120529980607308,0.000102977729907388,0.000120529980607308
ID_PRTLQO,2.50220662322121e-05,1.80729688683698e-05,0.000104135474683673,9.36165754092318e-05,0.000104135474683673,9.36165754092318e-05
ID_KVE8Y5,4.1572900605928e-05,2.49755267617483e-05,0.000249392726644027,0.000211790072033374,0.000290256044075093,0.000268707233530453
ID_RTGELG,3.67599830565463e-05,2.79151397921174e-05,8.33681582635321e-05,7.74242096089566e-05,8.33681582635321e-05,8.15787087212393e-05
ID_NP3XTP,0.00051460741552467,0.000427936244573071,0.00109635491956162,0.00117040072364687,0.00109635491956162,0.00117040072364687
ID_9F8TC3,8.22391152583782e-05,6.19228530146321e-05,8.22391152583782e-05,6.19228530146321e-05,9.03838775900523e-05,8.89990993542339e-05
ID_5Q8NWL,0.0371393429067388,0.0352939995684728,0.0371393429067388,0.0352939995684728,0.0402846797713257,0.0430449896037136
ID_2AFQRA,5.74826125531023e-05,4.7296879399674e-05,0.000419967522611022,0.000371641597727676,0.000419967522611022,0.000371641597727676
ID_8BASDE,0.000262945929896685,0.000260139341324838,0.000262945929896685,0.000260139341324838,0.000262945929896685,0.000260139341324838
ID_MBHYWK,5.2147376536153e-05,4.36485666902555e-05,0.000362616619858792,0.000360962360575619,0.000753480719244374,0.000771869690421042
ID_0JG3TM,7.33606630497856e-05,7.26081172259156e-05,7.33606630497856e-05,7.26081172259156e-05,7.33606630497856e-05,7.26081172259156e-05
ID_B97PWM,0.000378189149036685,0.000306228834021669,0.000715932847219753,0.000738817710730165,0.000715932847219753,0.000738817710730165
ID_81ZCO6,1.55108357976593e-05,1.1497099332864e-05,3.18766136472715e-05,2.77107864476704e-05,3.57746102282913e-05,3.36616541688902e-05
ID_14AZQV,0.0741554258679826,0.0756927550451265,0.0741554258679826,0.0756927550451265,0.0741554258679826,0.0756927550451265
ID_KI0ZBU,2.85431037945167e-05,2.34100484684305e-05,5.48261016326997e-05,4.86584430076409e-05,5.48261016326997e-05,5.21478417539916e-05
ID_FTQ35Z,0.000104142164503391,8.05206236206993e-05,0.00029142643851567,0.000260645401526712,0.00029142643851567,0.000260645401526712
ID_STJEV5,0.000142657222541106,0.000155561992371204,0.000153357161337134,0.000155561992371204,0.000153357161337134,0.000155561992371204
ID_OOZHOC,7.43784941624718e-05,7.04569634372192e-05,0.000147250592539935,0.000142404290343924,0.000147250592539935,0.000142404290343924
ID_Z7PXEJ,0.00023141045922292,0.000249113876226764,0.000269258102181277,0.000266296669667145,0.000269258102181277,0.000266296669667145
ID_HMDPWN,0.00357991568284889,0.00397497212189317,0.00357991568284889,0.00397497212189317,0.00367728832444538,0.00397497212189317
ID_3YHYSL,0.000235813620033254,0.00019455646822057,0.000538168288174826,0.000528054257587471,0.000538168288174826,0.000528054257587471
ID_HOITR8,0.000855353232223363,0.00068708378551244,0.000855353232223363,0.00068708378551244,0.000855353232223363,0.000725169955658591
ID_9J6CK5,4.98046404503399e-05,4.03617681591083e-05,9.138273154811e-05,8.21909878875858e-05,9.138273154811e-05,8.21909878875858e-05
ID_904OMU,3.27855637309248e-05,2.89613568983382e-05,0.000285021338531988,0.000285824279016395,0.000285021338531988,0.000285824279016395
ID_GZ4MXV,3.89680747724394e-05,3.2583422834083e-05,0.000246959264799133,0.00025917277795717,0.000246959264799133,0.00025917277795717
ID_RIZO46,1.24662812645237e-05,8.29313779042388e-06,0.000107732913356071,9.60974861703937e-05,0.000107732913356071,0.000103600604927865
ID_U810NE,0.00047754518897138,0.000520187261582843,0.000992138222343613,0.000974163206477967,0.000992138222343613,0.000974163206477967
ID_W5VGS0,0.000151677121036373,0.000123832441837049,0.00034103138209884,0.000292016506681349,0.000448698188629239,0.000429026180287249
ID_9T5MZ6,0.000156531859346333,0.000129559606259976,0.00326854601545216,0.00344319484228253,0.00326854601545216,0.00344319484228253
ID_0YHV2D,0.00246248661440537,0.00191826622060192,0.0188469608767946,0.0180430012355244,0.0188469608767946,0.0180430012355244
ID_AOFGSF,0.000136084441221852,0.000123227110993137,0.002344944746853,0.00240953325089081,0.002344944746853,0.00240953325089081
ID_TCB67J,0.000245449762015838,0.000273941244251404,0.000245449762015838,0.000273941244251404,0.000245449762015838,0.000273941244251404
ID_F1CKKX,4.36889649121082e-05,2.80553159309844e-05,9.74908725940097e-05,8.52933770961925e-05,9.74908725940097e-05,8.52933770961925e-05
ID_KPUZSL,3.75477027558688e-05,2.88163191110884e-05,8.58099800626246e-05,8.02188375341332e-05,8.58099800626246e-05,8.02188375341332e-05
ID_9ZBFLX,9.38423973253959e-06,6.1536004332827e-06,3.7724098568496e-05,3.18129647126599e-05,5.4746233509311e-05,5.09312147581772e-05
ID_H7MJ3S,0.000119783321001957,0.000109049662363946,0.000661200577662965,0.000640337304368888,0.000661200577662965,0.000640337304368888
ID_EYK26U,5.69941865377716e-05,4.89993824769544e-05,0.000349684859160264,0.00031340860611349,0.000349684859160264,0.00031340860611349
ID_526E6B,4.21084383521313e-05,3.66566195752308e-05,4.21084383521313e-05,3.66566195752308e-05,4.24595834421224e-05,4.02138159167582e-05
ID_IUNS0S,2.4645871535014e-05,1.86201147373564e-05,6.94376940943673e-05,6.35399702111267e-05,0.000110248410501984,0.000108448598474633
ID_BPEU3X,0.000138166267428643,0.000131337753141751,0.00261316928651284,0.00273895079521953,0.00261316928651284,0.00273895079521953
ID_16IYHJ,0.00022737444708882,0.000211820280838853,0.00182656466941446,0.00172997132108484,0.00182656466941446,0.00172997132108484
ID_2WYS02,1.21240941572775e-05,8.49466759656499e-06,2.93345202356243e-05,2.41845684089971e-05,2.93345202356243e-05,2.41845684089971e-05
ID_NCVJVG,1.49535252844557e-05,9.87316788717785e-06,5.90980995685805e-05,4.96954031504791e-05,5.90980995685805e-05,5.15779458862843e-05
ID_XSG0T2,2.74386130769033e-05,1.81495307361269e-05,0.000386046700379456,0.000334550982600819,0.000386046700379456,0.000334550982600819
ID_7S0G4C,1.38953310839719e-05,9.17135005238822e-06,0.00010339754712582,9.30677249463612e-05,0.00010339754712582,9.30677249463612e-05
ID_A1ECJZ,0.00018818355250666,0.000225322530561833,0.00018818355250666,0.000225322530561833,0.00018818355250666,0.000225322530561833
ID_JJB0N9,0.0103325299315998,0.0106994666712164,0.0103325299315998,0.0106994666712164,0.0116478649131862,0.0124822826763623
ID_YHP6IW,8.62506023784636e-05,8.21102638022167e-05,0.000102759320774361,9.65550897972476e-05,0.000102759320774361,9.65550897972476e-05
ID_6PMH8O,4.28700677991693e-05,3.59621719527951e-05,4.28700677991693e-05,3.73003383736259e-05,4.28700677991693e-05,3.99462964586194e-05
ID_T0VXOC,6.35135958062889e-05,5.58226199160423e-05,7.32070252205799e-05,6.36050516134935e-05,0.000121569139838563,0.000116486863551691
ID_U0K12F,6.83550593726146e-05,5.53047671371188e-05,0.000291911468941381,0.000258622663914599,0.000291911468941381,0.000258622663914599
ID_P2HPA7,0.00047754518897138,0.000520187261582843,0.000992138222343613,0.000974163206477967,0.000992138222343613,0.000974163206477967
ID_SXNWJQ,6.69757329385107e-05,7.05354868572401e-05,6.69757329385107e-05,7.05354868572401e-05,6.69757329385107e-05,7.05354868572401e-05
ID_J7N1FB,4.77666537919973e-05,4.61028542708716e-05,4.77666537919973e-05,4.61028542708716e-05,4.77666537919973e-05,4.61028542708716e-05
ID_VLCS86,0.000134135839350297,0.000121057778652028,0.000134135839350297,0.000121057778652028,0.000134135839350297,0.000121057778652028
ID_T3ZPB4,4.76324397502251e-05,3.90589979212867e-05,4.76324397502251e-05,3.90589979212867e-05,5.43843955972288e-05,5.34403097415271e-05
ID_6Q0PHL,0.00977679547879685,0.00883128371412036,0.00977679547879685,0.00883128371412036,0.00977679547879685,0.0106275151934757
ID_VXVK0E,6.82150735583326e-05,4.89479968577923e-05,0.00018912396519129,0.000163304912709702,0.000244933472928518,0.000241211771580533
ID_RC9RKR,0.000383747341540272,0.000411509731003411,0.000560088231587479,0.00053731280650151,0.000560088231587479,0.00053731280650151
ID_WQGKWB,4.61551423211407e-05,2.78310574369849e-05,0.000153855778045694,0.000131166475444468,0.000188140645347657,0.000173278267380754
ID_4VVCQH,0.0477766659656746,0.0436683053151621,0.0477766659656746,0.0436683053151621,0.048758190538324,0.0498781652510265
ID_JLNANL,4.49046365359051e-05,3.95163907551019e-05,0.000158589348031995,0.000152386762148164,0.000158589348031995,0.000152386762148164
ID_JHWMUP,0.0339716503166125,0.0274018932170674,0.0533420983757708,0.0518541698102826,0.0573347346981915,0.0603554171145501
ID_JWVELH,5.01758736399694e-05,4.0621313129215e-05,5.01758736399694e-05,4.0621313129215e-05,6.05005883159305e-05,5.91647888308663e-05
ID_V3FU4W,0.000239112140786868,0.000231143305760325,0.000239112140786868,0.000231143305760325,0.000239112140786868,0.000231143305760325
ID_QT459C,3.86055831389713e-05,2.55075983990287e-05,0.000170517222746911,0.000148538422595466,0.000175260328114622,0.000167697180061176
ID_QEM6RQ,0.00121275802760678,0.00095512460386941,0.00121275802760678,0.00095512460386941,0.00121275802760678,0.00107237416604051
ID_KEVQ52,0.00034663387739532,0.000309392377305165,0.000904097452509068,0.000918802209946629,0.00111970119553453,0.00107692012079616
ID_50ELBR,0.0358136948484642,0.0272683596698135,0.10952328144524,0.105607575666009,0.10952328144524,0.105607575666009
ID_28Y3QD,9.60997751460846e-05,7.02692658964211e-05,0.000204084783036822,0.000189171092964021,0.000204084783036822,0.000189171092964021
ID_9D1349,0.00638967825233068,0.00623596504517664,0.0074413823053441,0.00782386189075874,0.0074413823053441,0.00782386189075874
ID_IOLDZU,0.000680946885230018,0.000653154340282266,0.00392343392542795,0.00421568101730306,0.00392343392542795,0.00421568101730306
ID_EI276D,0.338859495738685,0.344218958695749,0.338859495738685,0.344218958695749,0.338859495738685,0.344218958695749
ID_PQW5VH,3.64295710792169e-05,2.14840385015619e-05,8.0875892424212e-05,6.74753845864464e-05,0.000109453579550259,0.000100147038903784
ID_FJN24X,5.92849892363183e-05,5.07917869109421e-05,0.00137915679768208,0.00130096803521636,0.00137915679768208,0.00130096803521636
ID_ML47TN,1.84551849528711e-05,1.10997149807359e-05,7.63361797708971e-05,6.60446487767427e-05,9.64673842243997e-05,9.5136351550431e-05
ID_1C94ID,0.000173381541360224,0.000163343308438181,0.00339062188439645,0.00353369636978099,0.00339062188439645,0.00353369636978099
ID_S3J1DY,5.71175439348712e-05,4.84011793102844e-05,0.000110728791685975,0.000100655048708429,0.00011739558209505,0.00011542158028229
ID_MBP2SR,2.87477144972875e-05,2.35922395578021e-05,9.9724953130997e-05,9.14526235586786e-05,9.9724953130997e-05,9.14526235586786e-05
ID_I3WYPK,5.7634541657021e-05,4.56438316849465e-05,0.000245124928271648,0.000243031835902226,0.000245124928271648,0.000243031835902226
ID_A9SOTW,0.000257019466791607,0.000268207195587335,0.000257019466791607,0.000268207195587335,0.000257019466791607,0.000268207195587335
ID_P64AZ0,3.03418472094332e-05,2.27215384336931e-05,6.76779340824017e-05,6.05126956271936e-05,6.76779340824017e-05,6.05126956271936e-05
ID_MHJ12U,0.000241788335956948,0.000247932330936413,0.000241788335956948,0.000247932330936413,0.000241788335956948,0.000247932330936413
ID_60YB9F,0.002555104195413,0.00271076883407874,0.00261992749936778,0.00277574425286767,0.00261992749936778,0.00277574425286767
ID_73ULWE,0.000123945657546103,0.000154432753255183,0.000183679939490043,0.000174734633916111,0.00020197798411644,0.000209139771934147
ID_HO8R7K,0.00272994790693868,0.00257914257361822,0.00749300593772841,0.00754666236622271,0.0117369038496766,0.0121730588572493
ID_EA0FL1,2.41387398385048e-05,1.68274181005934e-05,0.000321856824250068,0.000281702912556148,0.000321856824250068,0.000281702912556148
ID_M3FL8L,1.43456146927912e-05,9.91851189566748e-06,4.22879495053042e-05,3.47990514541295e-05,4.49478093791227e-05,4.2415640349786e-05
ID_48633C,2.95271343951147e-05,1.97119715780302e-05,0.000416057814101064,0.000357336649969999,0.000416057814101064,0.000357336649969999
ID_NC40LD,0.00080806891740885,0.000832916430943522,0.00824268366060701,0.00824750031611971,0.00824268366060701,0.00824750031611971
ID_HXWPHV,5.33212518475944e-05,5.77752918349163e-05,5.33212518475944e-05,5.77752918349163e-05,5.33212518475944e-05,5.77752918349163e-05
ID_RD8R38,3.63720364356069e-05,3.37109904542095e-05,3.63720364356069e-05,3.37109904542095e-05,3.63720364356069e-05,3.37109904542095e-05
ID_OQLIHX,5.00892730028651e-05,4.19085200843632e-05,6.69295744525909e-05,5.75022950951001e-05,8.08996902727337e-05,7.62592404536613e-05
ID_BMEQA2,2.72266247870085e-05,1.83151340364197e-05,0.000430900948296708,0.000377672626786797,0.000430900948296708,0.000377672626786797
ID_OVJNUH,2.36327069159504e-05,1.67215102777512e-05,4.57017262668839e-05,3.83138635354024e-05,4.61441134440829e-05,4.33843802544532e-05
ID_5R7WSC,9.97473122248207e-06,7.37014166067403e-06,2.49944983343668e-05,2.14569331714229e-05,3.53813828149249e-05,3.37299838002259e-05
ID_TB4QUV,0.000218103481777312,0.000242449305873354,0.00025487246805614,0.000242908103787295,0.00025487246805614,0.000242908103787295
ID_XS9OXI,1.68214526080552e-05,1.01951982564195e-05,5.78941010722394e-05,5.00028461967176e-05,0.000115328651716301,0.000118829869051155
ID_8WP8VX,0.000337793623448872,0.000320148399076364,0.000464895708867365,0.000464827573270918,0.00054988542916608,0.0005825585087971
ID_917FV8,4.01982587867471e-05,3.91298756155955e-05,4.04554583828451e-05,3.91298756155955e-05,4.04554583828451e-05,3.91298756155955e-05
ID_NJ6LSY,1.02601569226759e-05,5.80158177578039e-06,6.25735021576506e-05,5.09064928221133e-05,6.25735021576506e-05,5.09064928221133e-05
ID_O5CMPP,3.45312632496396e-05,3.18957273368643e-05,6.79542699259313e-05,6.49170171519924e-05,0.000109475043909558,0.000106666209434491
ID_1J3E42,8.84952411432612e-05,8.26894262598474e-05,8.84952411432612e-05,8.26894262598474e-05,0.000104795918837279,0.000103205871938107
ID_0U0CZ6,3.37456506265637e-05,3.35575473007255e-05,4.93878578509635e-05,4.56897259919287e-05,4.93878578509635e-05,4.56897259919287e-05
ID_VRYVS7,4.38850482597457e-05,3.20321579162666e-05,0.000571794668343287,0.000596249484051022,0.000685112988563873,0.000711964679421591
ID_BGDOB3,3.81132693903207e-05,2.7153805637198e-05,5.40060209428649e-05,4.65017411089693e-05,6.61619338375751e-05,6.25783882752902e-05
ID_KXVGAS,3.40425016587564e-05,2.78054755589197e-05,6.5258625988447e-05,5.75164664281078e-05,6.5258625988447e-05,5.75164664281078e-05
ID_6G615X,5.92158457480394e-05,5.78664339109273e-05,7.57548551954045e-05,6.82256229432738e-05,0.000111569712172334,0.000107957588972928
ID_LRD6RE,4.09234709827884e-05,3.76469725790112e-05,8.17945125388231e-05,7.15823305286867e-05,8.17945125388231e-05,7.18667464727855e-05
ID_MTFXPX,2.88066533779817e-05,1.85573629406438e-05,0.000995291291475458,0.00100981729785019,0.000995291291475458,0.00100981729785019
ID_838T04,0.000215030673844209,0.000190036914832524,0.000817038035754146,0.000773415424313343,0.000817038035754146,0.000773415424313343
ID_IP98ON,1.51799066287642e-05,9.10745983057911e-06,0.000292809819628705,0.000256594311430023,0.000292809819628705,0.000256594311430023
ID_DN79ZG,1.54631694258522e-05,1.17157728981122e-05,1.54631694258522e-05,1.25353524909551e-05,2.1357282121889e-05,2.03543528835882e-05
ID_W5OFQ8,0.000415981950840985,0.00034907811006207,0.0010587908248786,0.00113736702924095,0.0010587908248786,0.00113736702924095
ID_7NF6CG,0.00272431103988263,0.00271387656567567,0.00408383700069534,0.004278871796555,0.00408383700069534,0.004278871796555
ID_BZOPQK,1.3191260996301e-05,7.81978610430217e-06,3.42204452609805e-05,2.86184851856179e-05,3.53581602274138e-05,3.24956449779836e-05
ID_2DZRF6,5.30630421774798e-05,4.75525146645485e-05,7.81817187274037e-05,7.18353074532486e-05,7.81817187274037e-05,7.18353074532486e-05
ID_6XBTY9,0.000223996974720399,0.000236429042378946,0.000223996974720399,0.000236429042378946,0.000244146369385107,0.000244053598669622
ID_VKFW41,0.000121756824739122,0.000100245261511961,0.00402258349314675,0.00394366608328059,0.00402258349314675,0.00394366608328059
ID_LYOJCT,2.06659801432985e-05,1.21580951415487e-05,0.000274669357408728,0.000237332875082312,0.000274669357408728,0.000237332875082312
ID_90Z3KA,0.012440182371344,0.0109963460181582,0.0149763926007558,0.0139121950829799,0.0153485047391209,0.0163212143230284
ID_77AITY,3.20332732092567e-05,2.01751604709081e-05,5.83480183306209e-05,4.80831972763595e-05,8.92368641638157e-05,8.39341949858788e-05
ID_KMFM96,3.22265163537369e-05,2.02301641312249e-05,5.52507816697777e-05,4.65530349948758e-05,5.52507816697777e-05,4.65530349948758e-05
ID_77P9GP,2.62688211657181e-05,2.01223304916184e-05,5.7200317230346e-05,4.93798879595595e-05,6.3409065694084e-05,6.2195537729162e-05
ID_R8NWKZ,0.000151810321438849,0.000120497280200372,0.000242248438372342,0.000228924975761528,0.00027440308841064,0.000290168957517257
ID_2FIUCN,0.120541432396474,0.129000036590972,0.120541432396474,0.129000036590972,0.160229396873218,0.18357285254684
ID_4OPMF7,3.01545171931874e-05,2.07006739369656e-05,9.79642745412967e-05,8.63068665164368e-05,9.79642745412967e-05,8.63068665164368e-05
ID_6B1SIE,0.000507314659689325,0.000639233267597483,0.000507314659689325,0.000639233267597483,0.000507314659689325,0.000639233267597483
ID_V6CFFQ,0.00572140944780235,0.00526768751421965,0.0548175222939284,0.0508540578481612,0.0829077720531023,0.0839625979978622
ID_NAL8DL,9.34839269250216e-05,7.95888230891569e-05,0.000294873558506761,0.000274598088192782,0.000294873558506761,0.000274598088192782
ID_YOLT7L,1.9167635347205e-05,1.3097928827787e-05,7.28986815227603e-05,6.37245461539557e-05,7.28986815227603e-05,6.37245461539557e-05
ID_167YYH,0.00455992813383847,0.00397617103810831,0.010830437692852,0.0100763590441737,0.010830437692852,0.0100956154074859
ID_JL9J80,0.000163973843315861,0.000160987893146362,0.000172289188145563,0.000168077624585386,0.000172289188145563,0.000168077624585386
ID_TAJUDM,4.25755428578758e-05,2.92337662205217e-05,0.000255458485700569,0.000231162245801062,0.000255458485700569,0.000231162245801062
ID_10D3G1,0.00558361390163725,0.00401768475476197,0.0368177610823343,0.0411540546658803,0.0700906700746122,0.0800167009578377
ID_6WFJ2Y,5.38521471656336e-05,3.41517290820885e-05,0.000279160612963847,0.000265578156119022,0.000407619330750358,0.000403173713031834
ID_PMIYX1,0.00115246230500109,0.0010053951035239,0.00260301309658919,0.00248735818905821,0.00260301309658919,0.00248735818905821
ID_KEGBSM,0.000300484112557266,0.000327152504460965,0.00064861638598232,0.000674285100474959,0.00064861638598232,0.000674285100474959
ID_U9DXQ2,0.000109488722964752,0.000112967447839839,0.000109488722964752,0.000112967447839839,0.000118205116295442,0.000118243230815141
ID_79UIX6,0.000133561637860983,0.000122396511504131,0.00277947880840126,0.00287000042618478,0.00277947880840126,0.00287000042618478
ID_A9BGIR,1.98298530137214e-05,1.23595101131192e-05,7.13090101774281e-05,6.20293801093142e-05,8.60975300291108e-05,8.5142648354339e-05
ID_ICLT74,4.53718716837285e-05,3.23958963914889e-05,0.000463157106389843,0.000402528228772066,0.000463157106389843,0.000402528228772066
ID_7PNRDI,2.62519940490911e-05,1.88281414738584e-05,4.75630251237752e-05,4.12939882358385e-05,4.75630251237752e-05,4.12939882358385e-05
ID_4TGOWM,9.6866512524204e-05,9.30695995392687e-05,0.000110612674395294,0.000105303559727014,0.000110612674395294,0.000105303559727014
ID_KYD4DW,0.000184730069834998,0.000199407748499154,0.000229441103731852,0.000238134257363749,0.000261128934960725,0.000278048996556647
ID_WLB3OY,4.45825824795801e-05,4.71294137948337e-05,4.45825824795801e-05,4.71294137948337e-05,4.45825824795801e-05,4.71294137948337e-05
ID_PEM0MC,0.000113700937554065,0.000131273069075072,0.000113700937554065,0.000131273069075072,0.000113700937554065,0.000131273069075072
ID_MLPWMW,6.93205887987028e-05,6.29958206777377e-05,0.000257767955167951,0.000264924687160282,0.000257767955167951,0.000264924687160282
ID_LTA2T4,4.44909841248359e-05,3.10690555380263e-05,0.000258747904303511,0.000224282420482133,0.000258747904303511,0.000224282420482133
ID_PBD5R8,0.000390477824541221,0.000439586267227166,0.000823613470403221,0.000870827526816789,0.000823613470403221,0.000870827526816789
ID_BW4GGG,6.79901271286529e-05,5.91913077924223e-05,0.000397282002493051,0.00037431746540871,0.000397282002493051,0.00037431746540871
ID_BF8224,2.04502964957444e-05,1.81526312392965e-05,2.04502964957444e-05,1.81526312392965e-05,2.83380839221361e-05,2.69495488545164e-05
ID_AFFUFE,4.53650773591897e-05,3.03568707278353e-05,0.000177784259549519,0.000166103007812167,0.000177784259549519,0.000166103007812167
ID_VM4SKC,2.32105705856886e-05,1.84360404595551e-05,4.72883284899613e-05,4.28177666272523e-05,4.72883284899613e-05,4.28177666272523e-05
ID_VU6X9A,0.000137649134945613,0.000147607929660569,0.00031989095298934,0.00032997711091728,0.00031989095298934,0.00032997711091728
ID_GNQBPW,0.00228352116214917,0.00177990059002544,0.00711804869665379,0.0067934671203221,0.00711804869665379,0.0067934671203221
ID_AJ2J12,2.9971480836539e-05,2.66380427207372e-05,5.04921029250776e-05,4.40597406822162e-05,7.74476646693227e-05,7.29941179459325e-05
ID_12IR7V,2.86667518811176e-05,2.31142263906463e-05,0.000101428293482298,9.21709207291354e-05,0.000101428293482298,9.21709207291354e-05
ID_FBFZMG,2.60394757946922e-05,1.51349824588458e-05,3.02011423813687e-05,2.4673959496776e-05,3.91590148576077e-05,3.6247021059675e-05
ID_84K1H5,1.54334135901954e-05,9.54199247028316e-06,4.19584311371221e-05,3.48286187677254e-05,4.19584311371221e-05,3.78359071564943e-05
ID_08BIU5,0.00014599354359038,0.000135946617204126,0.00228255477395703,0.0023585961743288,0.00228255477395703,0.0023585961743288
ID_75ZEAY,0.000122423591073403,0.000119535986144739,0.000215057736393738,0.000220170504499909,0.000215057736393738,0.000220170504499909
ID_QFQB36,3.69430178159579e-05,2.90234436080394e-05,6.58994306712633e-05,5.96993451946866e-05,6.83398881836636e-05,6.76354838703623e-05
ID_VW2JS1,0.0015294702072477,0.0015359896747463,0.007965636318617,0.00837298139732533,0.0152148524030285,0.0162474772272325
ID_76QVHP,6.68926142234552e-05,5.51903827536274e-05,0.000446158892508125,0.000445404616859651,0.0010005684229913,0.00102140607855674
ID_H10W0Q,2.76858345886867e-05,2.57288038033312e-05,0.000218108489011869,0.000202117581604321,0.000218108489011869,0.000202117581604321
ID_Z6LO2B,4.05045224809031e-05,2.68665422546127e-05,0.000333691416848124,0.000311113009879627,0.000333691416848124,0.000311113009879627
ID_REKYSY,0.000114541791130146,9.00113076977359e-05,0.000225897404938178,0.000197295941608012,0.000225897404938178,0.000197295941608012
ID_36YJHO,0.00492893260125739,0.00456772429042957,0.00565920724167963,0.00548706503617448,0.00621849452281531,0.006494530551128
ID_LFP94I,6.84957209182933e-05,5.2783828315108e-05,0.000608405961769179,0.000568967319006129,0.000608405961769179,0.000568967319006129
ID_RNAW7W,5.23834088331502e-05,5.18177909107458e-05,8.89397295008862e-05,8.29818172037369e-05,8.89397295008862e-05,8.29818172037369e-05
ID_SP7WBC,6.73110271184626e-05,6.67632894289984e-05,6.97507613248308e-05,6.67632894289984e-05,6.97507613248308e-05,6.67632894289984e-05
ID_DJT4KL,8.1169435463565e-06,5.01309509945359e-06,3.15691712511689e-05,2.59960980748179e-05,5.0154536463804e-05,4.6975854916838e-05
ID_N9NVTY,0.000406188967545247,0.000431358331854219,0.000595084845496648,0.000599947727390709,0.000595084845496648,0.000599947727390709
ID_4LDI6N,3.65609794854049e-05,2.74517299705641e-05,5.01787902465748e-05,4.56749656246891e-05,5.01787902465748e-05,4.56749656246891e-05
ID_UED8B7,0.001587892977352,0.00111600301212012,0.00543957709007525,0.00514959717160718,0.00543957709007525,0.00514959717160718
ID_PV8C8G,0.00302012584909385,0.00352662087966424,0.00302012584909385,0.00352662087966424,0.00302012584909385,0.00352662087966424
ID_FE89WN,2.69589744175708e-05,1.89049307093688e-05,0.000153465119458202,0.000135425926290923,0.000153465119458202,0.000135425926290923
ID_2E4Z0T,0.00216662080748412,0.00133293898809456,0.00775784710788888,0.00751979569659641,0.00894831418659392,0.00900765051473145
ID_FH1O04,0.000493892038689809,0.000467289022175701,0.00191938983939986,0.00191397918109865,0.00191938983939986,0.00191397918109865
ID_B1UDBV,1.66583333824855e-05,1.06377609058717e-05,0.000182610613274961,0.000158422062275245,0.000208647421523976,0.000193163744571693
ID_WKRV0S,4.54723470606795e-05,4.00766520542735e-05,4.54723470606795e-05,4.00766520542735e-05,4.54723470606795e-05,4.00766520542735e-05
ID_CV1BRR,0.0488762624086355,0.051476964282078,0.0521493162397821,0.051476964282078,0.065917863816041,0.0691149106846586
ID_GQWO42,0.000206924076858511,0.000204424363004572,0.000206924076858511,0.000204424363004572,0.000206924076858511,0.000204424363004572
ID_F8AO95,1.7029613069538e-05,1.09081448198608e-05,8.20395324785659e-05,7.26305819554053e-05,8.20395324785659e-05,7.26305819554053e-05
ID_TDIL0H,5.17313099143426e-05,3.54776313433647e-05,0.00013016059234556,0.000125610035597571,0.000144336659010819,0.000148016489898971
ID_11U5X3,0.000272926303567179,0.000294255025967636,0.000445212589390623,0.000432324877855397,0.000445212589390623,0.000432324877855397
ID_G4SI0V,5.82035048875718e-05,5.57292606522746e-05,5.82035048875718e-05,5.57292606522746e-05,5.82035048875718e-05,5.57292606522746e-05
ID_L33I7Q,0.012618005311121,0.0122011468917819,0.012618005311121,0.0122011468917819,0.012618005311121,0.0122011468917819
ID_ENZCKW,5.34497899675938e-05,4.75117029086713e-05,0.000157538473584819,0.000143834189496248,0.000157538473584819,0.000148269124807319
ID_Z5H3GL,0.722388129632398,0.768620662694868,0.722388129632398,0.768620662694868,0.722388129632398,0.768620662694868
ID_CF2J5G,0.000948787577631816,0.000691102906129492,0.00140959863803761,0.00135478005199199,0.00140959863803761,0.00135478005199199
ID_FFJR5D,0.00108542353461395,0.00130188429128177,0.0132141539640735,0.0160561613966981,0.0132141539640735,0.0160561613966981
ID_L4WIOX,7.46597554605496e-05,7.06337607174133e-05,0.000116643916422663,0.000105599148142117,0.000116643916422663,0.000105599148142117
ID_HWS14O,3.72425638104591e-05,3.00196686011705e-05,3.72425638104591e-05,3.00196686011705e-05,3.72425638104591e-05,3.00196686011705e-05
ID_NRG7OT,2.76173888880666e-05,2.15527775028503e-05,7.24817963777033e-05,6.62158827920548e-05,7.24817963777033e-05,6.62158827920548e-05
ID_8EUWNU,3.60760766031714e-05,2.33877428014337e-05,9.47091010128675e-05,8.42818111413916e-05,9.47091010128675e-05,8.42818111413916e-05
ID_ZPW7TK,2.80776843125152e-05,2.22744928904562e-05,8.79776443130866e-05,8.54345767640041e-05,9.66967815399125e-05,9.84839436942222e-05
ID_YJYMCF,1.54643030416365e-05,1.16169743528307e-05,3.15901215366216e-05,2.84451998616327e-05,3.6985076954772e-05,3.43199527327586e-05
ID_3QF1JY,4.87510692727946e-05,4.5626825543874e-05,4.87510692727946e-05,4.5626825543874e-05,4.87510692727946e-05,4.5626825543874e-05
ID_9T98SO,0.000362582071397429,0.000360422333781865,0.000730879090752369,0.000743446961855248,0.000730879090752369,0.000743446961855248
ID_GJJRW7,0.000272833751076839,0.000272518073603939,0.000272833751076839,0.000272518073603939,0.000392782768229365,0.000414888649921198
ID_K6VD1U,3.27347383788012e-05,2.71023266859442e-05,7.03151241172979e-05,6.59466468736742e-05,7.03151241172979e-05,6.59466468736742e-05
ID_8HARO9,1.98543054233178e-05,1.22202702814888e-05,0.000288797551016446,0.000250296351140967,0.000288797551016446,0.000250296351140967
ID_NEWEUH,8.09216330813875e-05,7.76311851736175e-05,0.000137708246265812,0.000127637146154268,0.000137708246265812,0.000127637146154268
ID_HY51VX,0.0178000681485977,0.0217196242478387,0.0178000681485977,0.0217196242478387,0.0178000681485977,0.0217196242478387
ID_4I4AGU,0.000538489141579244,0.000602894197868288,0.00621661607616099,0.00743255138044524,0.00621661607616099,0.00743255138044524
ID_I94FEK,1.20009840934853e-05,7.78803363099974e-06,8.5581911668133e-05,7.23374698166969e-05,8.5581911668133e-05,7.23374698166969e-05
ID_TM22AO,6.68770869037415e-05,5.8801533138932e-05,0.000200941870711487,0.000203403984402098,0.000200941870711487,0.000203403984402098
ID_BKO8EP,0.00056194400647114,0.00062925435757007,0.000633596224583483,0.000632976449491962,0.000633596224583483,0.000632976449491962
ID_LPR3IG,0.000224446120190843,0.00023551152546025,0.00041198834151825,0.000427491263635694,0.00041198834151825,0.000427491263635694
ID_60PIJY,3.98776112618524e-05,3.55644391394054e-05,6.57636406479055e-05,5.87188092652e-05,8.37219628623074e-05,8.17082306990175e-05
ID_CJRB1K,0.000128874652668138,0.000152506951173257,0.000128874652668138,0.000152506951173257,0.000128874652668138,0.000152506951173257
ID_06KAJU,0.0659226373365051,0.0775347605684094,0.0718738267955946,0.0775347605684094,0.194158414827693,0.224323535719378
ID_U3INRH,2.1593330129819e-05,1.89561789870031e-05,0.000146645858989997,0.000137611727409798,0.000150757285382183,0.000149161476515619
ID_DM8ZXW,3.47552941720182e-05,2.68977474924335e-05,7.49525812739137e-05,6.90525421712814e-05,7.49525812739137e-05,6.90525421712814e-05
ID_1UKOKW,8.29774239715598e-05,6.2095848774524e-05,0.00013111512054708,0.000125464321297048,0.00013111512054708,0.000125464321297048
ID_Z0NFOR,3.28583956281671e-05,2.59269051770766e-05,5.89365090754464e-05,5.32151109319398e-05,5.89365090754464e-05,5.36110485963521e-05
ID_DBOXYC,9.50328969661613e-05,9.76148363225073e-05,0.000276584374064332,0.000288623716828601,0.000276584374064332,0.000288623716828601
ID_4POEBX,0.00388722938639283,0.00407906438215147,0.0061434764423501,0.00669836908074219,0.0061434764423501,0.00669836908074219
ID_IEX2UL,0.011402507575702,0.00979931750645098,0.011402507575702,0.00979931750645098,0.011402507575702,0.00979931750645098
ID_BKG1JJ,0.000119014704707621,8.53462082883362e-05,0.00052507429171143,0.000510574184781962,0.00052507429171143,0.000510574184781962
ID_Z8A224,0.0013063051973476,0.00109153123830196,0.0013063051973476,0.00109153123830196,0.0013063051973476,0.00109153123830196
ID_UZLDLE,0.000195361988636198,0.000140421893950839,0.000277321061337064,0.000257847145802419,0.000277321061337064,0.000257847145802419
ID_3PVLGV,0.000197505914255956,0.000211318398982022,0.000258087183895902,0.000268530040640317,0.000262529035867196,0.000279142062519419
ID_NIBT23,0.000434123666321014,0.00048063334711306,0.0029855924955372,0.0034867987328193,0.0029855924955372,0.0034867987328193
ID_0A3D61,1.8133115965528e-05,1.28884572072306e-05,5.43184581106504e-05,5.0036541545505e-05,6.50394271553284e-05,6.20456945651625e-05
ID_FPAEGW,0.0173198144083462,0.0154909575261247,0.097054815409563,0.0893591870134419,0.105824068542628,0.103610398131613
ID_UGYJJ1,8.67883976208441e-05,9.17325753705247e-05,8.67883976208441e-05,9.17325753705247e-05,8.67883976208441e-05,9.17325753705247e-05
ID_3U9J6G,0.000145598987870495,0.000177709620225841,0.000150942515273434,0.000177709620225841,0.000150942515273434,0.000177709620225841
ID_SYTJK4,1.39841532492327e-05,8.20205366813327e-06,6.37254735073978e-05,5.4335560859734e-05,6.37254735073978e-05,5.4335560859734e-05
ID_G84HTM,0.000508232909633177,0.000601713139203387,0.000966753922899635,0.00104788025161226,0.000966753922899635,0.00104788025161226
ID_3R6KBU,0.000102685174277633,8.89058765540486e-05,0.000281333414134004,0.000279245741975746,0.000281333414134004,0.000279245741975746
ID_2LQ63Z,0.00323392167212096,0.00358359486023298,0.00323392167212096,0.00358359486023298,0.00323392167212096,0.00358359486023298
ID_J3WB2P,5.41818817003153e-05,4.52491200756178e-05,8.14857400258407e-05,7.11117662070146e-05,8.14857400258407e-05,7.11117662070146e-05
ID_GV31Z2,0.00119743287295972,0.000889810328581709,0.00119743287295972,0.000889810328581709,0.00228808333446955,0.00237630002024545
ID_COSLW0,4.51236818133189e-05,3.89183868474152e-05,4.51236818133189e-05,3.90036157050799e-05,4.91207472528404e-05,4.83174037952486e-05
ID_CZJREO,0.00200174269116059,0.0018343448437062,0.00200174269116059,0.0018343448437062,0.00200174269116059,0.0018343448437062
ID_EPIA8E,2.50888608849362e-05,2.00665332623644e-05,6.24171107664318e-05,5.92541105565487e-05,6.29220775684446e-05,6.03633372114306e-05
ID_HACR8W,4.26119477698308e-05,3.70288764807708e-05,4.26119477698308e-05,3.70288764807708e-05,4.26119477698308e-05,3.9468830019586e-05
ID_Z1D6V7,0.000507376917136734,0.000439083600003132,0.0012335786719303,0.00120013149468099,0.00240998955085231,0.00239225398211395
ID_MD9VVM,0.127666202136432,0.143993525248577,0.127666202136432,0.143993525248577,0.127666202136432,0.143993525248577
ID_ALY7ZZ,0.00668863448557053,0.00622994427391207,0.00668863448557053,0.00622994427391207,0.00668863448557053,0.00622994427391207
ID_AFJISS,4.04071645716547e-06,2.587726610868e-06,1.97238808626062e-05,1.69507796287099e-05,2.39836983954705e-05,2.31533404571911e-05
ID_38Z3AF,3.8189814268697e-05,2.40905763520501e-05,3.8189814268697e-05,3.09789060854001e-05,3.8189814268697e-05,3.09789060854001e-05
ID_DMS7D1,2.53729600896407e-05,1.76888122131806e-05,4.52741100685688e-05,3.84155051717962e-05,4.52741100685688e-05,3.98772392511277e-05
ID_POCUA6,3.54680301468104e-05,2.38688821960834e-05,0.000153441733098329,0.00013983604690694,0.000153441733098329,0.00013983604690694
ID_8NF6B2,0.000198532024733013,0.000212877841212647,0.000198532024733013,0.000212877841212647,0.000198532024733013,0.000212877841212647
ID_8YFFOF,3.73342468701817e-05,2.47827150059139e-05,0.000158766284909791,0.000144161298381245,0.000158766284909791,0.000144161298381245
ID_VNBIPS,2.77661160617016e-05,2.35782817054536e-05,4.87497242656356e-05,4.14175284880687e-05,4.87497242656356e-05,4.14175284880687e-05
ID_939CFS,0.00145289347509371,0.00100380971243499,0.00280768978605744,0.00249205158605242,0.00772384093217164,0.00771565045841672
ID_7YIFAF,0.000138166267428643,0.000131337753141751,0.00261316928651284,0.00273895079521953,0.00261316928651284,0.00273895079521953
ID_NO738V,4.56439437096244e-05,4.58234365065979e-05,6.51118548807733e-05,5.66365837515235e-05,7.17042262193147e-05,7.00849264791734e-05
ID_UCO85D,1.03258665486091e-05,7.83088813874607e-06,3.28526896217965e-05,2.83694524743192e-05,3.28526896217965e-05,2.87120062710221e-05
ID_5CERRE,0.000137174866214583,0.00014918680879376,0.000137174866214583,0.00014918680879376,0.000137174866214583,0.00014918680879376
ID_EZOD1A,5.52088385871406e-05,3.89601133331461e-05,0.000577805981634442,0.000543412044316684,0.000577805981634442,0.000543412044316684
ID_SL826W,2.04298184059811e-05,1.32658964016044e-05,7.64383824240469e-05,6.6261317521785e-05,8.60839469752363e-05,8.18893352094105e-05
ID_CIHIWL,2.6647907444376e-05,2.23175938534301e-05,0.000320230615231755,0.000288743213726436,0.000320230615231755,0.000288743213726436
ID_PAH8E7,0.000673043659132734,0.000616278226495997,0.000911978286857955,0.000908935513081178,0.000911978286857955,0.00094804968798318
ID_Q0JIB7,8.40783685449458e-05,7.71395855139474e-05,0.000441563372932989,0.000436769344440708,0.000776105579802656,0.000784690254723508
ID_8JO374,0.00582138787926525,0.00454055430570765,0.0130174096661506,0.0119151678391787,0.0130174096661506,0.0123659303532785
ID_JYWA52,0.000786969814340469,0.000846198831701394,0.000786969814340469,0.000846198831701394,0.000786969814340469,0.000846198831701394
ID_9NQ4B6,2.78134146518264e-05,1.99318344512411e-05,9.80817886178077e-05,8.3911330999419e-05,0.000169598782834234,0.000164191975830126
ID_FS84JN,0.000742026536558259,0.000658854625785092,0.000742026536558259,0.000658854625785092,0.000742026536558259,0.000658854625785092
ID_IKW38H,1.00628982934746e-05,6.39290231635066e-06,8.11200771334455e-05,7.03307075720757e-05,8.91867408111521e-05,8.56452724093186e-05
ID_6J7QV5,0.00451653304384297,0.0036672521896644,0.00451653304384297,0.0036672521896644,0.00451653304384297,0.0036672521896644
ID_I3EOVL,0.00646621691080748,0.00575754935870717,0.00977157740995554,0.00964653691840398,0.00977157740995554,0.00964653691840398
ID_XXU6IK,8.660071011404e-05,8.66018935846191e-05,0.000400948180097366,0.000432062751586074,0.000400948180097366,0.000432062751586074
ID_TJAXJ8,0.0151002686895486,0.0181112296716371,0.0151002686895486,0.0181112296716371,0.0151002686895486,0.0181112296716371
ID_048GQG,3.22265163537369e-05,2.02301641312249e-05,5.52507816697777e-05,4.65530349948758e-05,5.52507816697777e-05,4.65530349948758e-05
ID_ZHA6W2,2.23246828551608e-05,1.70592065326547e-05,4.57784878244653e-05,3.85959656714086e-05,0.000106536848422356,0.000101861777751626
ID_BPO1ZS,0.000346383576291677,0.000296792717639731,0.00184288060847232,0.0018937175540135,0.00184288060847232,0.0018937175540135
ID_N1KQ0P,0.00140425528669616,0.00134621259220355,0.00220664546441025,0.00218354207733168,0.00261225645169739,0.00257945247163709
ID_ZB10X6,3.29639953456174e-05,2.73227501237646e-05,4.51234394303684e-05,3.94912954042788e-05,7.15760957675638e-05,6.762926370912e-05
ID_WEM7E6,0.0221124180478123,0.0211364283349913,0.0221124180478123,0.0211364283349913,0.0221124180478123,0.0211364283349913
ID_PC7E7E,0.0212163068841433,0.0204908545214441,0.0329135830740191,0.0335378386242207,0.0329135830740191,0.0335378386242207
ID_EK7ZWC,3.06359860604729e-05,2.11790323795341e-05,0.00026315199813552,0.000222599579301635,0.00026315199813552,0.000222599579301635
ID_ZEHDY0,0.000305624270906543,0.000317070215079301,0.000755879560160986,0.000737606285190502,0.000755879560160986,0.000737606285190502
ID_RXQO8E,0.000170571856518089,0.000183253569307084,0.000251720402305726,0.000235512950811809,0.000251720402305726,0.000235512950811809
ID_9BJ65V,0.000108133427934146,7.47060254573785e-05,0.000350978631636691,0.000327145349827556,0.000350978631636691,0.000327145349827556
ID_58TJGH,0.000334265656136226,0.000354203951415663,0.00550610198795763,0.00653738192142673,0.00550610198795763,0.00653738192142673
ID_R8M8SS,0.549649089385973,0.600561173582751,0.566984039929118,0.600561173582751,0.566984039929118,0.600561173582751
ID_W4LB98,1.8691645059654e-05,1.10410585106295e-05,2.71165993034484e-05,2.22694414997076e-05,3.25404335446265e-05,3.02813951816029e-05
ID_HHOTC8,0.00018648833263186,0.000213775269509024,0.00018648833263186,0.000213775269509024,0.00018648833263186,0.000213775269509024
ID_I62XI1,0.000144277752151243,0.000135361664653422,0.000144277752151243,0.000135361664653422,0.000144277752151243,0.000135361664653422
ID_797ML8,4.29401262643112e-05,3.34424676819564e-05,0.000187528468408205,0.000172212412021179,0.000187528468408205,0.000172212412021179
ID_P91IX6,0.000197411967514076,0.000229600564531812,0.000202911343296291,0.000229600564531812,0.000202911343296291,0.000229600564531812
ID_Q85Q17,0.000833787235669731,0.000666126505948039,0.00505786601021741,0.00516474073665538,0.00505786601021741,0.00516474073665538
ID_7048GU,4.09960014860526e-05,2.78438810951225e-05,0.000154047022217427,0.000134450406416097,0.000160957648169481,0.000154244922173324
ID_NSSWZI,0.000233005569085712,0.000243991371487241,0.000233005569085712,0.000243991371487241,0.000419033664787204,0.000462830454738086
ID_574DIZ,0.0009291635585254,0.000550537037915457,0.00334788650185431,0.00319988132265638,0.00380172131827961,0.00364498504597981
ID_QV8YW3,4.61256447328601e-05,3.26102863844444e-05,0.000100186689480454,9.0195077527522e-05,0.000100186689480454,9.06250116090813e-05
ID_IRZOS2,0.000351447680412601,0.000298120552554402,0.000351447680412601,0.000298120552554402,0.000398121342587901,0.000427678986705069
ID_OJSWXZ,8.84302346486765e-05,8.37476146062117e-05,0.000317319836056518,0.000275599406449799,0.000317319836056518,0.00029704367212776
ID_C6D32M,0.00173315739366148,0.00156547011365148,0.00272481677104552,0.00262188531747892,0.00299907038809679,0.00294260180587097
ID_XUPA46,4.9044994319998e-05,4.51565370118538e-05,5.79136105958641e-05,5.58822091274077e-05,5.79136105958641e-05,5.58822091274077e-05
ID_7DOBZ7,2.64196190030037e-05,1.76238888165046e-05,8.7671166635171e-05,8.19533422449362e-05,8.7671166635171e-05,8.19533422449362e-05
ID_G60X6Z,3.80581760229959e-05,3.48812307879722e-05,8.82608583511135e-05,8.51778641522009e-05,8.82608583511135e-05,8.51778641522009e-05
ID_P91KWI,0.00693705788781479,0.00777467249328489,0.00693705788781479,0.00777467249328489,0.00693705788781479,0.00777467249328489
ID_K1OC1B,7.7669357882452e-05,8.04992670101106e-05,0.000115203609843114,0.000110719783789445,0.000115203609843114,0.000110719783789445
ID_SEZMK4,3.30606384510411e-05,2.45408592578366e-05,3.30606384510411e-05,2.45408592578366e-05,3.30606384510411e-05,2.86306619608407e-05
ID_2Z66EB,5.04951746494514e-05,3.74473933522667e-05,0.000155025738130673,0.000140960673452306,0.000155025738130673,0.000140960673452306
ID_SMOQZM,4.90517652020949e-05,3.01657633642292e-05,0.000310647626560485,0.000298144852257702,0.000446376032836152,0.000443655767263252
ID_U2WUA3,0.00228352116214917,0.00177990059002544,0.00711804869665379,0.0067934671203221,0.00711804869665379,0.0067934671203221
ID_KNF9P6,0.0127978372332418,0.0128464611043831,0.0127978372332418,0.0128464611043831,0.0127978372332418,0.0133842111898728
ID_B8FR1Y,0.00300649096356716,0.00299110145650973,0.0043887560780932,0.00461899916239004,0.0043887560780932,0.00461899916239004
ID_UVJVQX,0.00294980032179345,0.00286810366754385,0.00407085083733697,0.00390160254757864,0.00416142771806366,0.0040952417629235
ID_AIAL8Y,0.0306076972625149,0.0351944021113103,0.0306076972625149,0.0351944021113103,0.0306076972625149,0.0351944021113103
ID_4NNDXH,3.44166309429884e-05,2.30487488452028e-05,0.00147391912746891,0.00154483469022773,0.00147391912746891,0.00154483469022773
ID_VBT4T1,3.6278227028312e-05,2.9779861349086e-05,7.66942774048861e-05,7.14774803315008e-05,7.66942774048861e-05,7.14774803315008e-05
ID_6UN1T6,9.63372847116211e-06,7.34574657242711e-06,2.47461885784147e-05,2.16455037030128e-05,2.47461885784147e-05,2.19390444519509e-05
ID_9EL678,4.06266259644631e-05,2.82265371837005e-05,6.25445570818777e-05,5.25606064100966e-05,8.40296554133882e-05,8.04014010120619e-05
ID_TQ2SKG,2.06798005978224e-05,1.21903084993473e-05,6.89622973796605e-05,5.81851570215809e-05,7.44572472398245e-05,7.03524973524333e-05
ID_CZ1QYM,0.000899863748694606,0.000808258078484787,0.00345467977758913,0.00368635734967135,0.0045855463793437,0.00501546341170967
ID_QQK6J6,0.000212530782056042,0.000197687592433667,0.000246379539745327,0.000227980466123483,0.000377177561410256,0.000380381071017716
ID_EWE6FR,3.34700219820034e-05,2.57228327030864e-05,0.000174992429446312,0.000178642838090004,0.000174992429446312,0.000178642838090004
ID_D5RQPV,0.00040953906497303,0.000406370226153663,0.00108712922990209,0.0010357908242935,0.00108712922990209,0.0010357908242935
ID_SRMPF6,0.0178378332060224,0.0125690379390754,0.0254842734852241,0.0228246377287168,0.0365786416914732,0.0375064852749967
ID_1CMCRH,0.000112899224527499,0.000121963219243683,0.000112899224527499,0.000121963219243683,0.000112899224527499,0.000121963219243683
ID_N7QCYG,8.98056896108557e-06,5.47196705149519e-06,8.26203588449631e-05,6.9451130989259e-05,8.26203588449631e-05,6.9451130989259e-05
ID_HIMNTK,0.000188527404547419,0.000198022508113204,0.000341435499066251,0.000355035840746201,0.000341435499066251,0.000355035840746201
ID_0Q5QSV,8.53028483836827e-05,8.81788673308117e-05,8.53028483836827e-05,8.81788673308117e-05,8.53028483836827e-05,8.81788673308117e-05
ID_7AWBEY,0.00115382160096114,0.00083874564948224,0.00115382160096114,0.00083874564948224,0.00148278244191469,0.00153341197345281
ID_VIP5UD,8.37140816278498e-05,8.08701306321405e-05,0.000152883850157426,0.000143603009402229,0.000192606949017032,0.000187774106676049
ID_KOOJEU,0.000448013427856243,0.000427267421259255,0.000663063007300005,0.000655037026657294,0.00132895989510289,0.00133953876777831
ID_0SDUWB,0.000149330459593533,0.000127848643885251,0.00207573932769233,0.00194925527323389,0.00207573932769233,0.00194925527323389
ID_XQBSGS,9.16290249578391e-05,8.79479929424805e-05,0.000110300406305776,0.000103956076812367,0.000110300406305776,0.000103956076812367
ID_ZNN0U3,6.6242089310899e-05,4.80825650394105e-05,0.000574727503280429,0.000488117463974373,0.000574727503280429,0.000488117463974373
ID_LTDZIO,2.43135760945882e-05,2.04834687038486e-05,3.48877502622394e-05,3.10225026530249e-05,3.48877502622394e-05,3.10225026530249e-05
ID_EWRTK0,0.000181742593551168,0.000168685751389761,0.000315371824737803,0.000312117506864699,0.000315371824737803,0.000312117506864699
ID_UIEG1P,1.68403680710073e-05,1.40596724550885e-05,1.68403680710073e-05,1.40596724550885e-05,2.09610852080218e-05,1.98272994166457e-05
ID_6CG8VP,8.0043748704354e-05,7.5090209783346e-05,0.000146295554817301,0.000134141173207602,0.000146295554817301,0.000134141173207602
ID_3ZRYR8,0.00662729719402227,0.00606713647992201,0.00685776843141937,0.00677488085472638,0.00685776843141937,0.00677488085472638
ID_1FXKVY,2.73374450316995e-05,2.02736071080587e-05,4.0046697957582e-05,3.591669130209e-05,5.75235154802612e-05,5.67902340665021e-05
ID_EQJPUR,0.0182177246554922,0.0162606918515576,0.1011670761024,0.0926892946032289,0.117726049492778,0.115500078865394
ID_VUB2RU,2.5522842834255e-05,1.69803438517666e-05,0.000369231098268456,0.00031738057779356,0.000369231098268456,0.00031738057779356
ID_VI1CDO,0.000189037791496811,0.000157298332890031,0.000496277405441934,0.000488720289906428,0.000600085854549448,0.000643585715379332
ID_R76V65,4.78636946287596e-05,4.50512693811996e-05,4.78636946287596e-05,4.50512693811996e-05,5.60569017202943e-05,5.34047865719174e-05
ID_ZKTVQN,0.000200177608090534,0.00023195860362635,0.000200177608090534,0.00023195860362635,0.000200177608090534,0.00023195860362635
ID_6MHG7Q,0.292906826227839,0.289932889115429,0.42007497375856,0.436472409859841,0.42007497375856,0.436472409859841
ID_ZUVHL8,7.41991517227977e-05,7.26898744865424e-05,0.000225082620014017,0.000224604107938922,0.000225082620014017,0.000224604107938922
ID_9UK4KJ,3.29365246086426e-05,2.41342753671881e-05,0.000114247759986705,0.00010108928911832,0.000142318844764596,0.000144854352591994
ID_IVO26V,0.000622477704157653,0.000724175005868957,0.000622477704157653,0.000724175005868957,0.000622477704157653,0.000724175005868957
ID_IVLEST,7.96263697030088e-06,5.36088523878336e-06,2.88917853217949e-05,2.49608726728593e-05,2.89705198630893e-05,2.78320834663024e-05
ID_NO00XI,0.00459105576704503,0.00444464248450754,0.00459105576704503,0.00444464248450754,0.00459105576704503,0.00444464248450754
ID_WNRKKF,2.35184131511561e-05,1.51433146830774e-05,0.000466582865706124,0.000416867496939839,0.000466582865706124,0.000416867496939839
ID_PVWOIW,0.00181186357355392,0.0019497760884523,0.00188956805375892,0.0020183163472616,0.00188956805375892,0.0020183163472616
ID_7SSXA0,0.000117122369409353,0.000141989001920864,0.000205651154559983,0.000188248967816274,0.000205651154559983,0.000188248967816274
ID_LK2JX0,2.2535628791115e-05,1.50570642697509e-05,5.04252196974824e-05,4.16170627743883e-05,5.04252196974824e-05,4.59973293925151e-05
ID_JLIJV2,2.1683137931545e-05,1.33213064904937e-05,6.41307789813853e-05,5.49224323543832e-05,8.45192501823184e-05,7.80327937004879e-05
ID_GI8IYT,0.000302261846324167,0.000330815198341694,0.0027945481924499,0.00293628606342368,0.0027945481924499,0.00293628606342368
ID_3JRM7J,6.43252647956058e-05,5.16545660093703e-05,0.00015001310400756,0.000144717398556843,0.00015001310400756,0.000144717398556843
ID_HWSETN,1.12941602917352e-05,7.87755777200665e-06,3.79402641317258e-05,3.280511304259e-05,5.89775656411312e-05,5.52535615731869e-05
ID_VJH0U8,0.0016233336356607,0.00152674156530794,0.00242477759240279,0.00235474505749994,0.00242477759240279,0.00246110336004376
ID_ZJYYTF,2.58303658201177e-05,2.09089957198275e-05,6.85117406885424e-05,5.93153621493741e-05,7.33014547871656e-05,6.93353316741329e-05
ID_CVY7G5,0.00779986384808246,0.00773770479731684,0.00828785249600995,0.00862405554654819,0.00828785249600995,0.00862405554654819
ID_9HL60U,0.00316952937712339,0.00364758066362965,0.00316952937712339,0.00364758066362965,0.00316952937712339,0.00364758066362965
ID_4XQIY8,6.20842346733321e-05,5.13985979481164e-05,0.000426695612490036,0.000428188769747408,0.000820243634068959,0.000845003938169232
ID_GW57CP,3.62044259820803e-05,2.40216215508823e-05,0.000500698208382846,0.000432347953944897,0.000500698208382846,0.000432347953944897
ID_6T0VAE,1.53493383806641e-05,1.08133994781404e-05,6.39195887850204e-05,5.86893761136447e-05,9.34604794236793e-05,8.9693655690732e-05
ID_1KWZ54,1.46329280837219e-05,1.00259548339124e-05,3.22206294290113e-05,2.77911067188738e-05,3.22206294290113e-05,2.77911067188738e-05
ID_TBE38Z,3.5370077790995e-05,2.53654691829257e-05,7.03126421692792e-05,6.20326753282851e-05,7.83648572446667e-05,7.76643356460595e-05
ID_MMVYLE,7.16033662976267e-05,6.29893961620554e-05,9.77981987650679e-05,8.74611708615027e-05,9.77981987650679e-05,9.3198819056322e-05
ID_0221N3,2.31622756300845e-05,1.7385139363891e-05,7.12779922384179e-05,6.58151016257108e-05,0.000106024747674226,0.000103756757107118
ID_3MQ2M6,0.00543805463601594,0.00497688341872903,0.00543805463601594,0.00497688341872903,0.00543805463601594,0.00497688341872903
ID_MU255K,0.016923626336226,0.0157761110911936,0.016923626336226,0.0157761110911936,0.016923626336226,0.0157761110911936
ID_55N807,0.000100095410115985,0.000110867446559943,0.000132678101158486,0.000133328420010784,0.000132678101158486,0.000133328420010784
ID_ADPV8R,5.31538202584493e-05,4.1720688888101e-05,5.31538202584493e-05,4.37062487595975e-05,6.7362518113777e-05,6.67295813651445e-05
ID_HADVCG,7.82624840631084e-05,8.07671106201059e-05,7.82624840631084e-05,8.07671106201059e-05,9.19291438288676e-05,8.8026910152561e-05
ID_PN64SH,0.000165551461256053,0.000173787841144454,0.000509956492132027,0.000498257864593766,0.000509956492132027,0.000498257864593766
ID_SU3V8X,9.852624634855e-05,0.000104663346043448,9.852624634855e-05,0.000104663346043448,9.852624634855e-05,0.000104663346043448
ID_SJVVC9,7.7669357882452e-05,8.04992670101106e-05,0.000115203609843114,0.000110719783789445,0.000115203609843114,0.000110719783789445
ID_V8VLC8,4.38648956376538e-05,4.19980464459724e-05,4.38648956376538e-05,4.19980464459724e-05,4.38648956376538e-05,4.19980464459724e-05
ID_PHQQ0F,0.000470457912591317,0.000414434117087227,0.000552829381074517,0.00054678404323575,0.000761631932880732,0.000817342355933945
ID_34VCUO,7.24944198841856e-06,5.3464080297149e-06,3.00666295735294e-05,2.64473514281063e-05,3.00666295735294e-05,2.8432430424715e-05
ID_GYZ4QD,3.80542786938921e-05,3.86504551119911e-05,3.80542786938921e-05,3.86504551119911e-05,3.80542786938921e-05,3.86504551119911e-05
ID_J055PC,0.0989395813897817,0.103284540714625,0.19187235171513,0.191023162527342,0.205609933089346,0.232551580393571
ID_KEZP3H,2.93942526329484e-05,2.32492285535348e-05,9.35085879648464e-05,9.11444479672236e-05,0.000101160620192344,0.000103997210141797
ID_9DMQEB,0.000209669533473126,0.000209942237386246,0.000624543441762879,0.000636050102335815,0.000624543441762879,0.000636050102335815
ID_79HBLQ,5.03143315496201e-05,4.60759339777115e-05,7.7974889473999e-05,7.24690780709583e-05,9.01937772423202e-05,8.71266633659022e-05
ID_T9BUYJ,0.00050636695205805,0.000457849651272174,0.0195463412123956,0.0192749553704144,0.0195463412123956,0.0192749553704144
ID_NY1UNI,3.63720364356069e-05,3.37109904542095e-05,3.63720364356069e-05,3.37109904542095e-05,3.63720364356069e-05,3.37109904542095e-05
ID_G2AFM5,0.000210004552982473,0.000171497081094046,0.000447719566791579,0.000457251284965105,0.000447719566791579,0.000457251284965105
ID_E1CQQL,1.04625413133993e-05,7.78570129743905e-06,2.02698948484298e-05,1.73239462702174e-05,3.14742441640026e-05,3.008536346214e-05
ID_TEKWLH,0.000114415760065174,8.74542987455321e-05,0.000240444396623705,0.000231000581315909,0.000240444396623705,0.000231000581315909
ID_HAVFMX,8.46100949621572e-06,5.40143813893882e-06,4.87240472254844e-05,4.05493573814435e-05,7.43444500062215e-05,7.06638883451246e-05
ID_B33LO0,0.000106458999323171,0.000103592010910947,0.000120799010664941,0.000116224995457794,0.000125676571021539,0.000126137241103139
ID_6H5F9H,0.000698142456802691,0.000710594837160038,0.00115555851786124,0.00116952497095181,0.00118555534824614,0.00121071848670322
ID_TZBCSR,7.3378444357341e-05,6.10254518740656e-05,0.000467266584934707,0.000459990212093827,0.000526160989016456,0.000542876453185337
ID_1U9QOZ,0.000181930326169898,0.00020167205248192,0.000448241798624298,0.000473697710665474,0.000448241798624298,0.000473697710665474
ID_1F53HQ,4.78921149453063e-06,3.13774768542151e-06,2.1740649337811e-05,1.89401025623287e-05,2.36352192018751e-05,2.29154308334197e-05
ID_LP9JYH,5.08684127413089e-05,5.58822372066397e-05,5.08684127413089e-05,5.58822372066397e-05,5.08684127413089e-05,5.58822372066397e-05
ID_J2FJRW,9.30798472282419e-05,9.10277324299265e-05,9.70177642022087e-05,9.10277324299265e-05,0.000109386057681467,0.000109412338251397
ID_USIVUY,0.000239112140786868,0.000231143305760325,0.000239112140786868,0.000231143305760325,0.000239112140786868,0.000231143305760325
ID_HM6F95,0.000115654644526734,0.000127899845868693,0.000121546781440062,0.000127899845868693,0.000121546781440062,0.000127899845868693
ID_63SFM4,4.24212317908667e-05,3.42471186884132e-05,0.000581344381102118,0.000604440873127406,0.000581344381102118,0.000604440873127406
ID_UQ2ERA,0.000153866385998072,0.000161838835647544,0.000153866385998072,0.000161838835647544,0.000153866385998072,0.000161838835647544
ID_EGXW68,0.000358886656220348,0.000386493849015119,0.00272285167095833,0.0031917936174371,0.00272285167095833,0.0031917936174371
ID_Q3035H,0.000412958554029922,0.000355321312676751,0.000412958554029922,0.000355321312676751,0.000412958554029922,0.000355321312676751
ID_FNREC1,0.0192623934548752,0.018490957939268,0.229748647445698,0.227716451504927,0.253934652680798,0.279138263617327
ID_CNKSHK,0.532426640037213,0.572306826250828,0.532426640037213,0.572306826250828,0.551476658612168,0.593876454099821
ID_PZ4KLY,0.0199306477278734,0.0177151541362175,0.088554714991338,0.0836567970738296,0.088554714991338,0.0836567970738296
ID_PNZ4JF,0.000370661141341215,0.000426677806187069,0.000370661141341215,0.000426677806187069,0.00118203128809429,0.00118069477614669
ID_4EA27V,1.12628425404153e-05,7.28411391152753e-06,3.98178736381719e-05,3.26232417970587e-05,3.98178736381719e-05,3.41184887034198e-05
ID_AESDDG,1.03155100934094e-05,6.12150725492772e-06,5.14640197437119e-05,4.33803039019644e-05,5.14640197437119e-05,4.33803039019644e-05
ID_ZOEHP1,0.00798608594270814,0.00741253927610901,0.00798608594270814,0.00741253927610901,0.00798608594270814,0.00741253927610901
ID_JIDZNT,0.000178564431980116,0.000192531159055205,0.000199188642502858,0.000203985538414291,0.000199188642502858,0.000203985538414291
ID_8Y6GYA,1.20918435427073e-05,8.08754432653288e-06,4.53364058856263e-05,3.72542778514719e-05,4.77807588028656e-05,4.5211871295963e-05
ID_W4WHIW,1.53006696484068e-05,9.15557054268121e-06,2.08357547821896e-05,1.70145394064102e-05,2.30888207630308e-05,2.13504538913034e-05
ID_2U0TW8,1.8691645059654e-05,1.10410585106295e-05,2.71165993034484e-05,2.22694414997076e-05,3.25404335446265e-05,3.02813951816029e-05
ID_D16TQ3,2.64196190030037e-05,1.76238888165046e-05,8.7671166635171e-05,8.19533422449362e-05,8.7671166635171e-05,8.19533422449362e-05
ID_J10FQO,7.05180994141923e-05,6.25620601126466e-05,0.000401814520787532,0.000387580980043019,0.000740500041839736,0.000739530575730362
ID_QWOKAX,2.0527327014536e-05,1.52248105353967e-05,6.18822506055971e-05,5.4841221172235e-05,6.69313074856099e-05,6.45367322480853e-05
ID_B8SSFI,8.28524831728529e-06,5.1847632919826e-06,0.000193490721453073,0.000174203456968079,0.000274950765797697,0.000271491670914224
ID_Q0SPQ2,9.43514604960434e-05,9.22725823814726e-05,0.000289396337663527,0.000253334374390948,0.000289396337663527,0.000270539393858446
ID_5PJ9XO,0.00813758915394554,0.00733641947615695,0.00813758915394554,0.00733641947615695,0.0172631835128963,0.0175750816617362
ID_KGJM6D,0.000414056908007008,0.000494267889813042,0.000423090999721645,0.000494267889813042,0.000423090999721645,0.000494267889813042
ID_LHUDOH,3.26460736676139e-05,2.51937979040745e-05,9.63671049750277e-05,8.71808813317435e-05,9.63671049750277e-05,8.71808813317435e-05
ID_AKO2D7,0.00016754047076496,0.000163643421287834,0.000458162524944718,0.000446104586046401,0.000458162524944718,0.000446104586046401
ID_OOOX4T,0.0009291635585254,0.000550537037915457,0.00334788650185431,0.00319988132265638,0.00380172131827961,0.00364498504597981
ID_C8R4WH,3.27855637309248e-05,2.89613568983382e-05,0.000285021338531988,0.000285824279016395,0.000285021338531988,0.000285824279016395
ID_PD8ZQY,7.93582567142918e-06,4.88450099839727e-06,3.36312080811339e-05,2.801126593451e-05,5.28264715050544e-05,4.89064694584888e-05
ID_E78DPX,7.16204044635992e-05,7.04061110585836e-05,0.000128836815633746,0.000126308660982298,0.000137095982068643,0.000136559919965073
ID_8B0B3T,0.000981154674459166,0.000593984347446886,0.00333000074262865,0.00320883647683238,0.00371623738449931,0.00358428659838182
ID_PCP2DX,0.0165662129447895,0.0168184319926429,0.0165662129447895,0.0168184319926429,0.0165662129447895,0.0168184319926429
ID_04V1AG,0.230012117994143,0.282982070154547,0.230012117994143,0.282982070154547,0.230012117994143,0.282982070154547
ID_54RAVH,1.17553958331611e-05,6.96737608139057e-06,5.59730796213922e-05,4.67212016738912e-05,9.07472951095755e-05,8.36148469084183e-05
ID_VQRYU1,0.000146247729324601,0.000111147140538086,0.000287544358168321,0.000274615803536076,0.000287544358168321,0.000274615803536076
ID_H8TZYV,5.87671571207023e-05,5.82545806370273e-05,8.273581879081e-05,7.11858366094577e-05,0.000109661753344595,0.000105282825953898
ID_HTMQPW,0.000796481743791058,0.00072390545324278,0.000796481743791058,0.00072390545324278,0.000796481743791058,0.00072390545324278
ID_D88GUO,5.39176810529851e-05,4.75678698599741e-05,5.39176810529851e-05,4.8303680515839e-05,5.39176810529851e-05,4.87217559707564e-05
ID_4UJ6I0,3.43234676114871e-05,2.78502081325823e-05,6.94389824311867e-05,6.21771111525115e-05,6.94389824311867e-05,6.21771111525115e-05
ID_ANQ3L6,0.0319198392641798,0.0405741968329081,0.0319198392641798,0.0405741968329081,0.0319198392641798,0.0405741968329081
ID_IDZWVW,2.35184131511561e-05,1.51433146830774e-05,0.000466582865706124,0.000416867496939839,0.000466582865706124,0.000416867496939839
ID_1QI418,8.27878624229799e-05,7.45187705179538e-05,0.000228862314534655,0.000200060019702009,0.000228862314534655,0.000200060019702009
ID_WC0D1P,0.00107392984600741,0.000666008077573781,0.0025081846975782,0.00252434008868103,0.0025081846975782,0.00252434008868103
ID_15PDE4,0.000176240177349836,0.000187638615618834,0.000176240177349836,0.000187638615618834,0.000176240177349836,0.000187638615618834
ID_KQ2RJU,0.000152440991999712,0.000134717423432402,0.00045637785601133,0.000493321701155639,0.00045637785601133,0.000493321701155639
ID_LLP2C0,1.96103608726714e-05,1.72159092090967e-05,0.000153425721074927,0.000144371101769469,0.000161015949563792,0.00016006871643202
ID_ECEAEJ,7.90126662179546e-05,7.63047853140314e-05,0.000258809524542172,0.000229317959900404,0.000258809524542172,0.000229317959900404
ID_KEK3CV,3.1877980536203e-05,2.38780303112412e-05,9.9694202818836e-05,9.5038669743934e-05,9.9694202818836e-05,9.5038669743934e-05
ID_YDQNRI,0.398983061880568,0.424163115295683,0.398983061880568,0.424163115295683,0.398983061880568,0.424163115295683
ID_JKMK9T,5.89970888986548e-05,4.83208456856813e-05,5.89970888986548e-05,4.83208456856813e-05,5.89970888986548e-05,5.07319585853588e-05
ID_0C8KZH,0.152364379362074,0.164629924756969,0.152364379362074,0.164629924756969,0.153689437543162,0.16990807083006
ID_Z0WTDF,0.00219765196624431,0.00225958590082144,0.00470113686099756,0.00491185813922235,0.00470113686099756,0.00491185813922235
ID_N94SDP,0.00096837457442222,0.000794365381502667,0.00096837457442222,0.000794365381502667,0.00096837457442222,0.000794365381502667
ID_14Q6RD,2.55364627692739e-05,1.93969933825448e-05,7.74789847635596e-05,7.09834551402372e-05,0.000118835671918773,0.000116963235649612
ID_W9UTJU,3.94588108786126e-05,3.69986574307712e-05,0.000125594710853124,0.000120890003884187,0.000125594710853124,0.000120890003884187
ID_HAAT76,1.25456396495891e-05,8.54189442639571e-06,6.35933206966738e-05,5.58480054698684e-05,7.60725975490923e-05,7.34573145114147e-05
ID_HQCYED,0.348140817558092,0.39807689957063,0.502601411386402,0.518848265543591,0.502601411386402,0.518848265543591
ID_AG8V7R,1.36115986905333e-05,1.02074401741381e-05,2.92654657048983e-05,2.50402749539568e-05,2.92654657048983e-05,2.50402749539568e-05
ID_E0O1TE,3.98776112618524e-05,3.55644391394054e-05,6.57636406479055e-05,5.87188092652e-05,8.37219628623074e-05,8.17082306990175e-05
ID_5LE4HE,3.09848423921576e-05,2.02439560947714e-05,0.000285515256548959,0.000246026713446761,0.000285515256548959,0.000246026713446761
ID_S0YLSK,2.43008242331669e-05,1.95205296079848e-05,2.61076197584438e-05,2.31808407010651e-05,2.61076197584438e-05,2.35293438862095e-05
ID_JBXMIO,4.82947562299994e-05,3.83781774392423e-05,9.38960624410525e-05,8.1239061048721e-05,9.38960624410525e-05,8.1239061048721e-05
ID_UA86Y8,9.1325285963523e-06,6.03628048622229e-06,0.000119974597509535,0.000105085241006319,0.000119974597509535,0.000105085241006319
ID_KD638L,0.000299289995699962,0.000316948080874047,0.00111200765120486,0.00111540300442106,0.00111200765120486,0.00111540300442106
ID_X70RUE,0.000545892367803494,0.000560601828410725,0.000871565910262649,0.000875055471202901,0.00110755180356357,0.00107537943311486
ID_C2SL3S,0.000122514837258607,0.000116559411550869,0.000455756123705084,0.000460276750928986,0.000455756123705084,0.000460276750928986
ID_0KVUYB,0.00459105576704503,0.00444464248450754,0.00459105576704503,0.00444464248450754,0.00459105576704503,0.00444464248450754
ID_X6E89R,1.94245053688864e-05,1.45698542597569e-05,4.37935429695576e-05,3.90989290338693e-05,4.37935429695576e-05,3.90989290338693e-05
ID_BAJPY0,0.00111052810259346,0.00102410940848479,0.0016405863782894,0.0015439102545811,0.00194225170990395,0.00200427240414747
ID_FVWFLK,1.20430316306208e-05,7.23794657216001e-06,5.21241375857746e-05,4.45897297901455e-05,5.21241375857746e-05,4.45897297901455e-05
ID_7A81Z0,0.00441220001015799,0.0041122342606837,0.00441220001015799,0.0041122342606837,0.00441220001015799,0.0041122342606837
ID_01A97D,0.000188171970045769,0.000225315367952172,0.000188171970045769,0.000225315367952172,0.000188171970045769,0.000225315367952172
ID_EZDTQB,9.43681392991711e-05,6.57319718024072e-05,0.000205944977732387,0.000180336933871419,0.000205944977732387,0.000180336933871419
ID_GY67O6,0.00369136600539712,0.00319903632221922,0.00686691450569452,0.00665579415880962,0.00686691450569452,0.00665579415880962
ID_IC3T9Y,0.000112845962279172,0.000116414426771216,0.000112845962279172,0.000116414426771216,0.000112845962279172,0.000116414426771216
ID_Q12WSA,4.12952274596596e-05,3.77681628972454e-05,6.45670908175247e-05,5.90812797862961e-05,6.99395015599489e-05,6.69816906035431e-05
ID_604ZNT,0.0014787591481842,0.00123166436216494,0.00194666325881701,0.00189839646266803,0.00194666325881701,0.00189839646266803
ID_QE0PJR,0.00692228146245947,0.00767974396391674,0.00692228146245947,0.00767974396391674,0.00692228146245947,0.00767974396391674
ID_YBOUBP,8.61076138356746e-05,8.860410469899e-05,8.61076138356746e-05,8.860410469899e-05,8.61076138356746e-05,8.860410469899e-05
ID_V9V15D,0.00595946854731839,0.00582741701466209,0.00798834187743139,0.00841594809112058,0.0161968896681853,0.0178417998517301
ID_V1IGD1,0.000234104095612033,0.00019385489802485,0.000518464922091703,0.000505880997045555,0.000518464922091703,0.000505880997045555
ID_RJA1CY,0.000103256758694264,9.17305577074783e-05,0.000683984658947091,0.000603155971455218,0.000683984658947091,0.000603155971455218
ID_K29ICA,0.000177622455999753,0.000187125251619676,0.000252596722941434,0.00026103367927169,0.000268068516909087,0.000286879821710827
ID_AW91U7,9.0167921637975e-05,0.000104222847623303,0.000166043536354914,0.000154524263701449,0.000166043536354914,0.000154524263701449
ID_2IQTJO,0.00959436139520978,0.0084878531769451,0.0166121411220181,0.0170609768474017,0.0166121411220181,0.0170609768474017
ID_HNW1SP,6.90917793005139e-05,7.74762760730466e-05,6.90917793005139e-05,7.74762760730466e-05,6.90917793005139e-05,7.74762760730466e-05
ID_NTR8YK,2.46386888841553e-05,1.67915911732552e-05,2.46386888841553e-05,1.95502014767002e-05,2.46386888841553e-05,2.18476575781713e-05
ID_K0L9RN,0.000925030479907528,0.000994296281863861,0.00454263693459653,0.00490575717967205,0.00454263693459653,0.00490575717967205
ID_X41NOX,3.24457688063786e-05,2.6233154944131e-05,3.24457688063786e-05,2.72037043739074e-05,3.37056323421528e-05,3.12250356112502e-05
ID_LI9Y1T,0.00472857975265749,0.00518027858518984,0.00570781512656882,0.00572096561278244,0.0118882561116441,0.0124591113657592
ID_KS8ESR,0.0002242165580632,0.000258487646907226,0.0002242165580632,0.000258487646907226,0.0002242165580632,0.000258487646907226
ID_WYTA25,9.82522818758814e-05,8.87947264410917e-05,0.000280028556419291,0.000307620532658494,0.00036337172890218,0.000412717279281187
ID_E57G26,1.09121379544422e-05,6.40379131536783e-06,3.06186059726383e-05,2.53555504761389e-05,3.20433209903037e-05,2.94251745355394e-05
ID_CE1FVC,2.95620850407414e-05,2.07194078374102e-05,6.52905134372996e-05,5.78297924288121e-05,6.52905134372996e-05,5.78297924288121e-05
ID_KBW7CU,0.00211445332726214,0.00165181345284726,0.00211445332726214,0.00179908865417539,0.00211445332726214,0.00179908865417539
ID_WO830L,0.00668863448557053,0.00622994427391207,0.00668863448557053,0.00622994427391207,0.00668863448557053,0.00622994427391207
ID_BSMYYX,4.82393695064142e-05,2.88013963470267e-05,0.000188934738297657,0.000160170530624004,0.000193723118944641,0.000179270896650759
ID_TLY302,0.000232540274730614,0.000277158827368871,0.000232540274730614,0.000277158827368871,0.000232540274730614,0.000277158827368871
ID_R4LUTD,1.15038405401322e-05,7.10401911111053e-06,7.4575767901136e-05,6.41862117736105e-05,0.000111215829702493,0.000108869216460656
ID_AA0TBB,0.0200443867627802,0.016858475024977,0.0200443867627802,0.0174712376657468,0.0200443867627802,0.0192837770644478
ID_CTIZD5,0.00104076638127071,0.0012209006444621,0.00170201517334434,0.00177905035753085,0.00170201517334434,0.00177905035753085
ID_NWDA17,0.000101807042457306,9.05312501581533e-05,0.000216261156494932,0.000199237013894967,0.000216261156494932,0.000199237013894967
ID_34N7CE,0.000148261327099877,0.000158925139367863,0.000691977487257993,0.00078608499379142,0.000691977487257993,0.00078608499379142
ID_3ZIHQR,2.39085054010812e-05,1.90171346238427e-05,4.45231327353251e-05,3.91061718688579e-05,6.54434008627236e-05,6.15032869721413e-05
ID_VKADHX,0.000948755159300027,0.000982838962858772,0.00117803815061037,0.00123169997464847,0.00117803815061037,0.00123169997464847
ID_RZXWDX,0.000183763571713631,0.000180963826046527,0.000183763571713631,0.000180963826046527,0.000183763571713631,0.000180963826046527
ID_8J8ZIO,0.0878224316840944,0.105831386545264,0.0878224316840944,0.105831386545264,0.0878224316840944,0.105831386545264
ID_FBOIDY,1.549151677642e-05,1.15490794606799e-05,3.7061403287328e-05,3.23919956570295e-05,3.92179100619564e-05,3.69622647029456e-05
ID_QN361E,0.0107708270196262,0.0112873199541507,0.0113727099295552,0.0112873199541507,0.013594635954993,0.0141742401007922
ID_BEPICH,0.000291240830989528,0.000336214489518996,0.000291240830989528,0.000336214489518996,0.000291240830989528,0.000336214489518996
ID_F6IK16,4.61551423211407e-05,2.78310574369849e-05,0.000153855778045694,0.000131166475444468,0.000188140645347657,0.000173278267380754
ID_J4IIGE,6.6242089310899e-05,4.80825650394105e-05,0.000574727503280429,0.000488117463974373,0.000574727503280429,0.000488117463974373
ID_UJI7EY,1.49397298376214e-05,1.06108536440075e-05,9.76258936262757e-05,8.74912284704167e-05,0.000142861894109059,0.000142950356209253
ID_3F60LX,1.85100843110584e-05,1.26431767691143e-05,6.32180606230809e-05,5.21945377924023e-05,6.32180606230809e-05,5.94622028725985e-05
ID_YFBVK9,5.44130994732272e-05,4.93083140920824e-05,5.44130994732272e-05,4.93083140920824e-05,5.44130994732272e-05,4.93083140920824e-05
ID_QSKCAZ,2.70651634103759e-05,2.14402432516492e-05,8.5831198078682e-05,8.20970106349168e-05,0.000123103390988796,0.000120782343485669
ID_LBAOGX,3.0922303913544e-05,2.29342026269103e-05,0.000161649800895777,0.000147534958369417,0.000187224142605805,0.000181449321499148
ID_5VF785,0.00142853828951812,0.00116574804376181,0.00186065131021797,0.0016320871876348,0.00487210495289311,0.00502779853243092
ID_YYEH5O,0.416163528050322,0.45616860175099,0.465639316495789,0.463976514289779,0.503799087993752,0.546568812274017
ID_4FWY0M,0.000833787235669731,0.000666126505948039,0.00505786601021741,0.00516474073665538,0.00505786601021741,0.00516474073665538
ID_AR4HAO,5.12582000749446e-05,4.82236389614035e-05,5.12582000749446e-05,4.82236389614035e-05,7.43283338362533e-05,7.13178636329386e-05
ID_ZWRUMN,6.13017636463275e-05,5.66504334090428e-05,0.000202582805372468,0.000206140221029941,0.000202582805372468,0.000206140221029941
ID_B44OOF,2.05980493140175e-05,1.74769324119625e-05,2.66266134641272e-05,2.37955223857704e-05,2.66266134641272e-05,2.45243836301326e-05
ID_L9AYVK,8.28524831728529e-06,5.1847632919826e-06,0.000193490721453073,0.000174203456968079,0.000274950765797697,0.000271491670914224
ID_NB1NLU,0.000823811946244186,0.00090701119327488,0.00141961713435789,0.00145288523700527,0.00141961713435789,0.00145288523700527
ID_WDF4T1,9.4997749593056e-05,8.83265521474293e-05,0.000173267719213167,0.000172000259301075,0.000173267719213167,0.000172000259301075
ID_6GEWIC,0.281615521810074,0.30461116453284,0.281615521810074,0.30461116453284,0.303220917690121,0.32570873048812
ID_O3XAMU,0.000211118366157218,0.00015867457004817,0.000475334727557869,0.000467343329767233,0.000475334727557869,0.000467343329767233
ID_T2LQRI,0.000751204782685302,0.000529687679773052,0.000839500438115465,0.000782358726308532,0.00106103624947125,0.00103372085583846
ID_YT67RP,0.000248766284005457,0.000254195769652028,0.000248766284005457,0.000254195769652028,0.000248766284005457,0.000254195769652028
ID_KVZHRX,9.55667619648902e-05,9.90295665634216e-05,9.55667619648902e-05,9.90295665634216e-05,9.55667619648902e-05,9.90295665634216e-05
ID_DB3FQ6,3.4158499515938e-05,2.27806253485214e-05,0.000427287795180524,0.000407246022457244,0.00049527231918252,0.000489567204890551
ID_1HUSLA,1.72780509169871e-05,1.02175174226192e-05,2.5917204020873e-05,2.10716338800414e-05,2.5917204020873e-05,2.27763553288499e-05
ID_7L4RV1,3.78440569071943e-05,2.31685248521572e-05,0.000243966240715955,0.000225784418330902,0.000437848878590268,0.000422730476250531
ID_7DOD5R,3.52911480683599e-05,2.9253799816862e-05,6.20144864767504e-05,5.21400752134133e-05,6.20144864767504e-05,5.21400752134133e-05
ID_W6WUS8,1.51614725286561e-05,1.05081202288458e-05,4.97292617903357e-05,4.12894422594284e-05,4.97292617903357e-05,4.50364991906588e-05
ID_C85QWY,0.0109752174010612,0.0114588689921081,0.0109752174010612,0.0114588689921081,0.0112142895285631,0.0119500604024899
ID_L8T6ZB,3.84573633870525e-05,2.34321209305568e-05,0.000282980413290597,0.000249903003640049,0.000535875021192345,0.000527203945426997
ID_V6J8WF,6.33030880042687e-05,6.13772577974381e-05,0.000145034703721698,0.00014176184406995,0.000145034703721698,0.00014176184406995
ID_ITEO5N,9.98787848107886e-05,7.07616651041584e-05,9.98787848107886e-05,7.07616651041584e-05,0.000115259955371478,0.000109497728537424
ID_KWN3LW,3.92216394553246e-05,3.19423530714736e-05,0.000206342825119276,0.000210844958300382,0.000206342825119276,0.000210844958300382
ID_BTIN8A,9.69525705964431e-05,9.99867875545118e-05,9.73930099639689e-05,9.99867875545118e-05,9.73930099639689e-05,9.99867875545118e-05
ID_J98CG9,7.98822789489445e-05,7.70622891916254e-05,7.98822789489445e-05,7.70622891916254e-05,7.98822789489445e-05,7.84613664025146e-05
ID_CQFY1Y,0.000833787235669731,0.000666126505948039,0.00505786601021741,0.00516474073665538,0.00505786601021741,0.00516474073665538
ID_VR31M9,4.51641825760063e-05,3.72496264554928e-05,4.51641825760063e-05,3.72496264554928e-05,4.51641825760063e-05,3.72496264554928e-05
ID_CVIVFP,3.81039676327601e-05,2.50570079647055e-05,0.000572222081513714,0.000516906077146862,0.000648409935145597,0.000708968876464976
ID_0XYW8F,1.61745012852949e-05,1.17213503169861e-05,6.44051199553909e-05,5.91629249135742e-05,8.99945373205877e-05,8.78018098199997e-05
ID_0EH8TX,0.00534905220213293,0.00647599329198628,0.00534905220213293,0.00647599329198628,0.00562018424578703,0.00647599329198628
ID_7RD23T,0.000190798346968046,0.000188347646172895,0.00028219920411655,0.000277956228072461,0.00028219920411655,0.000277956228072461
ID_ZM6SCU,9.43514604960434e-05,9.22725823814726e-05,0.000289396337663527,0.000253334374390948,0.000289396337663527,0.000270539393858446
ID_TZHJRP,3.77698136583319e-05,3.34164937137563e-05,6.29776360562268e-05,5.84990688788534e-05,7.30407257822484e-05,6.9535027189954e-05
ID_HE3Y73,0.00471427873660631,0.00346219009594947,0.0306133327255611,0.0303769995044114,0.0387580863454568,0.0426565077030702
ID_93YWC8,3.34395899409758e-05,2.56211239019507e-05,7.4434436929037e-05,6.63415561712858e-05,7.4434436929037e-05,6.63415561712858e-05
ID_SMAV0S,0.0215969107267674,0.0189208352745554,0.0237496217304109,0.0207439700240907,0.0237496217304109,0.0212047965378963
ID_W551QM,0.0400330316640992,0.0354495485767344,0.164541167235371,0.150490051824819,0.178677147622443,0.179054642186211
ID_ICQGA8,1.87422400723327e-05,1.55835209617568e-05,3.76716399801221e-05,3.50701797383052e-05,4.50435752059734e-05,4.23011023364242e-05
ID_CCCZIE,6.22321903238398e-05,5.72920494581469e-05,6.22321903238398e-05,5.72920494581469e-05,6.22321903238398e-05,5.72920494581469e-05
ID_QMWF8O,0.0411386303214066,0.0436360787866441,0.0411386303214066,0.0436360787866441,0.0411386303214066,0.0436360787866441
ID_47WWSO,3.80228553229136e-05,2.63684815383155e-05,0.000143735526257616,0.000122492027218548,0.000143735526257616,0.000133724856485381
ID_OPWJP4,2.55800969163386e-05,2.20052140619259e-05,2.55800969163386e-05,2.20052140619259e-05,3.34619798208253e-05,3.1528588574992e-05
ID_46O9EK,2.91048702104392e-05,2.24373406010362e-05,0.000158919926518638,0.000145266144655192,0.000158919926518638,0.000145266144655192
ID_EVADQD,5.92788729335083e-05,6.06455522907234e-05,5.92788729335083e-05,6.06455522907234e-05,5.92788729335083e-05,6.06455522907234e-05
ID_C0J4MJ,3.65581493094546e-05,3.25493481567962e-05,7.740131617671e-05,7.51535600962299e-05,0.000102154028227325,0.000104315630848611
ID_UND8Q0,0.000247077107294687,0.000256315072287436,0.000247077107294687,0.000256315072287436,0.000434674312534922,0.000480996962330881
ID_N914ML,0.000114639106836791,0.000120102445188699,0.000114639106836791,0.000120102445188699,0.000114639106836791,0.000120102445188699
ID_83M5MJ,3.4158499515938e-05,2.27806253485214e-05,0.000427287795180524,0.000407246022457244,0.00049527231918252,0.000489567204890551
ID_XVUXT6,0.000237092543798769,0.000193337965198612,0.000384260258404987,0.000332452158560325,0.000579507764062032,0.000596331344618796
ID_L11QW6,1.53006696484068e-05,9.15557054268121e-06,2.08357547821896e-05,1.70145394064102e-05,2.30888207630308e-05,2.13504538913034e-05
ID_D2BHF7,8.54303789550599e-05,8.12851563571561e-05,8.54303789550599e-05,8.12851563571561e-05,8.54303789550599e-05,8.12851563571561e-05
ID_YEBE3L,6.94478803048649e-05,5.29375420616796e-05,0.000180703587825887,0.000156218560695842,0.000180703587825887,0.000156218560695842
ID_SLG2I5,8.04994767345282e-05,7.49620797737711e-05,0.000130230589133693,0.000119804047311249,0.000130230589133693,0.000119804047311249
ID_OM9I7H,0.020860377324224,0.0203533109477004,0.020860377324224,0.0203533109477004,0.037842564405008,0.0429752679053414
ID_XARP7Q,2.72266247870085e-05,1.83151340364197e-05,0.000430900948296708,0.000377672626786797,0.000430900948296708,0.000377672626786797
ID_VBCV33,0.000114574214416989,0.000103038413443353,0.000507976023127588,0.000493045947298759,0.000507976023127588,0.000493045947298759
ID_QXDAZX,2.35184131511561e-05,1.51433146830774e-05,0.000466582865706124,0.000416867496939839,0.000466582865706124,0.000416867496939839
ID_D9F7JY,6.49717196302742e-06,4.2693947328811e-06,2.75937097898807e-05,2.36585719014662e-05,4.46896317084881e-05,4.23037812944046e-05
ID_PB7GWB,0.00094102206970351,0.00109035521640257,0.00094102206970351,0.00109035521640257,0.00094102206970351,0.00109035521640257
ID_5GCMEA,0.00018089382561982,0.000204104469545002,0.00018089382561982,0.000204104469545002,0.00018089382561982,0.000204104469545002
ID_2W993C,7.9571790539021e-06,5.01088043488546e-06,5.44187870348894e-05,4.71596490509801e-05,5.73903995152683e-05,5.45605584845263e-05
ID_MJ1FKS,6.2261468614316e-05,5.7744959402435e-05,6.2261468614316e-05,5.7744959402435e-05,6.2261468614316e-05,5.7744959402435e-05
ID_CZ0VWL,0.000158268509351467,0.000110455373098966,0.000347254492130587,0.000298258311313123,0.000347254492130587,0.000298258311313123
ID_0KT3LA,7.88378163528797e-05,6.83061422611679e-05,0.00023672431597644,0.000212081566265869,0.00023672431597644,0.000212081566265869
ID_49V07R,0.000725038832784329,0.000629052196339613,0.000725038832784329,0.000629052196339613,0.000725038832784329,0.000629052196339613
ID_4W0S35,0.00122217069089787,0.00103167174624764,0.00122217069089787,0.00103167174624764,0.00122217069089787,0.00103167174624764
ID_TP1FM0,5.0943374271954e-05,4.54729915659807e-05,5.0943374271954e-05,4.54729915659807e-05,5.0943374271954e-05,4.54729915659807e-05
ID_WWKLVE,6.4887670295753e-05,5.45161502496919e-05,0.000405323262938278,0.000365104031832798,0.000405323262938278,0.000365104031832798
ID_PHWF17,5.57487637058625e-06,3.44949103406292e-06,2.83870352385241e-05,2.37304055660481e-05,2.83870352385241e-05,2.37304055660481e-05
ID_PE2XKW,0.00320631535264551,0.00346877364582259,0.00320631535264551,0.00346877364582259,0.00374698478770202,0.00388269255388995
ID_0M8ZAR,2.35184131511561e-05,1.51433146830774e-05,0.000466582865706124,0.000416867496939839,0.000466582865706124,0.000416867496939839
ID_EZJR6X,0.00014021888409015,0.000148463799656358,0.000421244514591241,0.000450913972544544,0.000421244514591241,0.000450913972544544
ID_GEF4SU,0.000126291117214999,0.000125852277958784,0.000232069788745707,0.000237031774850042,0.000241409320422429,0.000254383318800666
ID_ZM9CVR,0.000812744040113907,0.000765509212155285,0.000812744040113907,0.000765509212155285,0.000812744040113907,0.000765509212155285
ID_CKOUOI,0.0050941690746446,0.00544403292896978,0.0050941690746446,0.00544403292896978,0.0050941690746446,0.00544403292896978
ID_PBP9ZY,0.000875375917054517,0.000785385447818704,0.00386325286992148,0.00417463357305661,0.0047555019449779,0.00523815000719169
ID_Z9ECXM,5.38839110998587e-05,5.66481267616126e-05,5.38839110998587e-05,5.66481267616126e-05,5.38839110998587e-05,5.66481267616126e-05
ID_7EDQMR,0.00073034975647599,0.000866977712539402,0.00073034975647599,0.000866977712539402,0.00073034975647599,0.000866977712539402
ID_K810PX,1.62307021221624e-05,1.21362117402856e-05,6.14666650289322e-05,5.69400722878408e-05,9.18005392454839e-05,8.93497675661769e-05
ID_LXTW02,2.91277803211551e-05,1.8335507441816e-05,9.94911713221595e-05,8.50983366115191e-05,9.94911713221595e-05,8.50983366115191e-05
ID_YDH96X,2.82163833393958e-05,2.49134720895864e-05,0.000107211129564607,0.000101201037821739,0.000107211129564607,0.000101201037821739
ID_92ZY5Y,6.04490578939273e-05,6.06702324046136e-05,6.04490578939273e-05,6.06702324046136e-05,6.04490578939273e-05,6.06702324046136e-05
ID_LL7LKM,0.00310462829175589,0.00307380442416448,0.00443170755778425,0.00458193133310046,0.00443170755778425,0.00458193133310046
ID_HX6A7Q,0.0129604580391176,0.0133685762459974,0.0129604580391176,0.0133685762459974,0.0129604580391176,0.0133685762459974
ID_YI1DVD,0.000114599670460065,0.000108382633349029,0.000201021702756785,0.000194663994492161,0.000201021702756785,0.000194663994492161
ID_YLZXGO,2.48481197922508e-05,1.81437800558159e-05,6.8358138508241e-05,6.16030373523986e-05,6.8358138508241e-05,6.16030373523986e-05
ID_17EH3F,1.36115986905333e-05,1.02074401741381e-05,2.92654657048983e-05,2.50402749539568e-05,2.92654657048983e-05,2.50402749539568e-05
ID_CON7O4,2.69848674221575e-05,2.02364103399617e-05,4.4129674232401e-05,3.96006307763613e-05,4.4129674232401e-05,3.96006307763613e-05
ID_GMYJFP,4.16015741091108e-05,2.92766390043747e-05,0.000206587837618672,0.000196123609147317,0.000206587837618672,0.000196123609147317
ID_9QKC85,0.000101069049260969,0.000107982993191471,0.000101069049260969,0.000107982993191471,0.000101069049260969,0.000107982993191471
ID_A8HYQ6,2.76930579169028e-05,2.410420600501e-05,2.77000820180381e-05,2.410420600501e-05,4.77333452705755e-05,4.5197131458313e-05
ID_2IMX6W,0.000291208608187032,0.000325541268530901,0.000291208608187032,0.000325541268530901,0.000291208608187032,0.000325541268530901
ID_5KRNZJ,3.34049885023451e-05,2.52614717871052e-05,6.84768124132311e-05,6.28590908104893e-05,6.84768124132311e-05,6.28590908104893e-05
ID_SZV3JP,4.53017460212535e-05,3.53935127469462e-05,4.53017460212535e-05,3.53935127469462e-05,4.53017460212535e-05,3.53935127469462e-05
ID_IG2VDI,0.000981154674459166,0.000593984347446886,0.00333000074262865,0.00320883647683238,0.00371623738449931,0.00358428659838182
ID_V3C88O,1.10931486677304e-05,8.39293771026811e-06,4.91414055510296e-05,4.42901793024312e-05,8.00257012105799e-05,7.87035774975173e-05
ID_2T7D9G,3.34175661091626e-05,2.65202156469229e-05,0.0003346059533547,0.000310012024950559,0.0003346059533547,0.000310012024950559
ID_1QMC23,1.01009776660259e-05,5.87368736424582e-06,4.14360181589338e-05,3.49825695627551e-05,4.14360181589338e-05,3.49825695627551e-05
ID_SU4Q41,1.3091082611252e-05,8.85488181247148e-06,6.80104574690653e-05,6.10467907039551e-05,6.80104574690653e-05,6.10467907039551e-05
ID_N57ZY0,0.0252257932930069,0.0237882978373491,0.0252257932930069,0.0237882978373491,0.0252257932930069,0.0237882978373491
ID_WZY98V,0.000125025687832172,9.00579921292029e-05,0.000249480117438787,0.000224676948579479,0.000249480117438787,0.000224676948579479
ID_987N4I,7.1984852359521e-05,7.29548653589401e-05,7.38542125633069e-05,7.29548653589401e-05,7.38542125633069e-05,7.29548653589401e-05
ID_32QUF2,3.74942901392639e-05,2.9669893042733e-05,8.82777591554912e-05,7.56830294132875e-05,8.82777591554912e-05,7.9410050184147e-05
ID_C4SULL,5.0943374271954e-05,4.54729915659807e-05,5.0943374271954e-05,4.54729915659807e-05,5.0943374271954e-05,4.54729915659807e-05
ID_T8UE85,6.49748207340688e-05,6.22128702802812e-05,0.000203823939394318,0.000204305488284029,0.000203823939394318,0.000204305488284029
ID_22EOFV,2.19561851638574e-05,1.82679630453197e-05,7.71357532186644e-05,6.99034453646746e-05,7.71357532186644e-05,6.99034453646746e-05
ID_75RX5W,1.3091082611252e-05,8.85488181247148e-06,6.80104574690653e-05,6.10467907039551e-05,6.80104574690653e-05,6.10467907039551e-05
ID_KOCUZH,0.000180417038658583,0.000189546092633991,0.000231921837050999,0.000222453806528862,0.000325903477178962,0.0003272685036068
ID_O7XCVA,0.000619513763310084,0.000534690465268148,0.0011214204192103,0.00107863708473184,0.00267070716174093,0.0029515179692863
ID_90GUIW,4.45569741088736e-05,4.39073844310069e-05,5.31561468704946e-05,5.00482761562787e-05,5.31561468704946e-05,5.00482761562787e-05
ID_EUSUFK,2.93518021895863e-05,2.28419806512214e-05,0.000372673063025288,0.000363112725849408,0.000372673063025288,0.000363112725849408
ID_Z5Q2AH,0.000350272042633591,0.000326515344209928,0.000369283335498094,0.000368257996034017,0.000473592371085572,0.000510390021100863
ID_WH760F,3.72425638104591e-05,3.00196686011705e-05,3.72425638104591e-05,3.00196686011705e-05,3.72425638104591e-05,3.00196686011705e-05
ID_6OROO2,3.93026368036175e-05,3.441952326869e-05,7.43918435282576e-05,7.22111016064879e-05,0.000102714830169487,0.000106433315104525
ID_GOZQWK,1.60983472511163e-05,1.01543583329571e-05,7.36365953778723e-05,6.47340979540334e-05,7.36365953778723e-05,6.47340979540334e-05
ID_1ANEBT,0.000378394535439576,0.000325642555758272,0.00054663268699561,0.000540046612738235,0.00054663268699561,0.000540046612738235
ID_MRZSZ3,0.000241572501829571,0.000256516155705062,0.000241572501829571,0.000256516155705062,0.000241572501829571,0.000256516155705062
ID_ZARKQN,3.54767557874488e-05,3.3599473685519e-05,9.25450747141342e-05,8.51060122119511e-05,9.25450747141342e-05,8.51060122119511e-05
ID_BV33ZV,0.000109802092188339,9.91715983133194e-05,0.000617945279117005,0.000549832407796562,0.000617945279117005,0.000549832407796562
ID_5B3NF6,0.00485978763914384,0.00499633258588639,0.00485978763914384,0.00499633258588639,0.00485978763914384,0.00499633258588639
ID_NNZAIC,2.83801575788445e-05,2.24054777519414e-05,4.78814602633839e-05,4.25127032543344e-05,4.78814602633839e-05,4.43338889522842e-05
ID_574Q8E,1.19734384325657e-05,6.99116912980802e-06,5.09867431072695e-05,4.30671957466933e-05,5.09867431072695e-05,4.30671957466933e-05
ID_D2SQ2F,0.000833787235669731,0.000666126505948039,0.00505786601021741,0.00516474073665538,0.00505786601021741,0.00516474073665538
ID_UE2F8Y,8.55373491732427e-05,5.53274833248835e-05,9.39653856311167e-05,7.98635868748162e-05,9.39653856311167e-05,7.98635868748162e-05
ID_BRWHI8,0.000310870263219026,0.000345774559092703,0.000417603132298341,0.000447331012210716,0.000417603132298341,0.000447331012210716
ID_WJH6IB,0.00773290822770761,0.00662773650905027,0.0138018750696537,0.0131248812070566,0.0154284898313363,0.0165940815610263
ID_SIQFI1,0.206768044629712,0.220841366154583,0.631708209454343,0.652150688939924,0.631708209454343,0.652150688939924
ID_RW3Q5J,3.10168034886674e-05,2.41689844335084e-05,8.86772432367636e-05,8.58956726282892e-05,8.86772432367636e-05,8.58956726282892e-05
ID_E72G1X,0.00234330794462426,0.00246549403589248,0.00280080668438156,0.00294591281468123,0.00280080668438156,0.00294591281468123
ID_OTNE3W,1.35708206656577e-05,9.36696856164628e-06,0.000103210725379488,9.37037381955003e-05,0.000198057631115746,0.000189557532546025
ID_L4EYKT,0.000164070937220151,0.000163013501686443,0.000215196512901258,0.000205803172792544,0.000215196512901258,0.000211335229004986
ID_WAQDGO,0.0016671227596402,0.00164600679399259,0.0016671227596402,0.00164600679399259,0.0016671227596402,0.00164600679399259
ID_G9WW3Y,0.0138819979241719,0.00962596286490403,0.0190294686277587,0.0167646937782634,0.0242917631517829,0.0244463365177391
ID_URIDBD,0.0159562292393394,0.0121845007009688,0.0184662714568692,0.0166735108810904,0.0184662714568692,0.0166735108810904
ID_IRIQ9N,0.00684379669093629,0.00674515051079951,0.0361453112739141,0.0369127130742674,0.0693753691553023,0.0746927279142394
ID_KNDB9Y,8.51647504000118e-05,6.22680053331466e-05,8.51647504000118e-05,6.22680053331466e-05,8.51647504000118e-05,7.13432795975271e-05
ID_QGCAPM,2.43135760945882e-05,2.04834687038486e-05,3.48877502622394e-05,3.10225026530249e-05,3.48877502622394e-05,3.10225026530249e-05
ID_7N507C,8.17921809888434e-06,5.63966039933225e-06,2.98832534972215e-05,2.57691077381649e-05,2.98832534972215e-05,2.57691077381649e-05
ID_7KU1OB,0.00878829658208544,0.00753833805781625,0.0112823486640086,0.0108181678375877,0.0190854766430193,0.018864866076615
ID_PADGJY,2.37728171569565e-05,1.82133617001697e-05,0.000129956184221685,0.000120036253469263,0.000304241432537729,0.000302033401102531
ID_K0MGYR,1.66835482475071e-05,1.1661821173268e-05,0.000112191117617663,9.78594813725989e-05,0.000112191117617663,9.78594813725989e-05
ID_DS7LOZ,0.000189991788527167,0.000187092958961456,0.000266520467499741,0.000265063161448781,0.000568148110795329,0.000604457244071378
ID_NO41LI,8.74615194767699e-05,8.43552992218995e-05,8.74615194767699e-05,8.43552992218995e-05,0.000124475589418037,0.000130023053144807
ID_OQ1KFW,3.27401806964731e-05,1.86804262907382e-05,6.96800100367411e-05,5.85660055320025e-05,7.81852730576532e-05,7.17169747854412e-05
ID_RWKSD3,5.57620309749304e-05,4.89225442945403e-05,5.57620309749304e-05,4.89225442945403e-05,5.57620309749304e-05,4.89225442945403e-05
ID_5O4DK2,3.99547329544915e-05,2.77035416525794e-05,0.000390781500565457,0.000337150451581896,0.000390781500565457,0.000339309003635258
ID_QMXHOW,0.000287813538659319,0.000332600889786536,0.000287813538659319,0.000332600889786536,0.000287813538659319,0.000332600889786536
ID_69O2FI,0.000348528709825361,0.000326689911733003,0.000529375265244806,0.000519087214459917,0.00112465617283543,0.00113526171583208
ID_NZ0L9S,0.000730110756295769,0.00067383899922607,0.000730110756295769,0.00067383899922607,0.000730110756295769,0.000690876815350923
ID_748PIZ,0.000194540627424423,0.00022319875180494,0.000194540627424423,0.00022319875180494,0.000194540627424423,0.00022319875180494
ID_E2DO2Y,1.48277746767573e-05,9.57695331103916e-06,3.80356077122642e-05,3.19717847593014e-05,4.07233395270023e-05,3.80869130646849e-05
ID_C7RAXJ,1.18400311285432e-05,8.78379439097223e-06,4.45507987814253e-05,3.89025206656609e-05,6.94725074527226e-05,6.7354472115192e-05
ID_EN93YN,7.32415907114596e-05,5.79477044857125e-05,0.000115325018776258,0.000112606856513455,0.000115325018776258,0.000112606856513455
ID_GAOAHL,1.67546122798055e-05,1.33020018462534e-05,6.5307185617287e-05,5.90286522733352e-05,7.26439861825507e-05,7.00987288774841e-05
ID_S17LP1,6.3786997977721e-05,5.28511664828097e-05,0.000446440852839843,0.000436809566767797,0.000884206529652598,0.000898749978045293
ID_RZH309,4.49317833439721e-05,4.44093309504036e-05,5.31111875749829e-05,4.97301698801927e-05,5.31111875749829e-05,4.97301698801927e-05
ID_SO0DHO,0.000225442442288995,0.000181144742722356,0.000225442442288995,0.000181144742722356,0.000405419153996479,0.000432507998106763
ID_CFDN0Q,0.00938156657271582,0.0100542634910066,0.00938156657271582,0.0100542634910066,0.00938156657271582,0.0100542634910066
ID_U2O9AQ,5.47729481139932e-05,4.02382528246669e-05,0.000137835681801202,0.000122141010476031,0.000164449813156119,0.000154480175813908
ID_XROC09,6.48646127675315e-05,5.96967714413574e-05,0.000208811826555361,0.00020943985286981,0.000208811826555361,0.00020943985286981
ID_OJ2LYR,0.0452634233911524,0.0417676002435817,0.0521821464593621,0.0500721767136387,0.0883507787523535,0.0930836329738398
ID_0KWKO6,6.32942715052952e-05,4.4536976124646e-05,0.000169202073536086,0.00014272839749059,0.000169202073536086,0.00014272839749059
ID_UVXMIM,0.0657193203215297,0.0670652925000551,0.177461280444184,0.182193359772502,0.315273416984962,0.359161253054853
ID_A7GI40,4.56373456834851e-05,3.39908273584251e-05,0.000189356613001713,0.000175166278583745,0.000199008330904894,0.000191671867399762
ID_11L375,1.40333566429294e-05,9.65805069901781e-06,5.3512192532736e-05,4.83895203721877e-05,7.5126701186711e-05,7.30853324486172e-05
ID_15CTIR,0.01524678318637,0.0155602699792496,0.01524678318637,0.0155602699792496,0.01524678318637,0.0155602699792496
ID_Q032KX,0.00316952937712339,0.00364758066362965,0.00316952937712339,0.00364758066362965,0.00316952937712339,0.00364758066362965
ID_UXA3BF,3.70486512330668e-05,3.03888365511227e-05,0.000140124653941333,0.000134142265064838,0.000140124653941333,0.000134142265064838
ID_ASGRG0,0.000186934879026424,0.000200747117409626,0.000229191714048335,0.000237687494156801,0.000261478319905982,0.000278132516001284
ID_2Q0H2I,6.19508168400426e-05,6.44246862611308e-05,6.19508168400426e-05,6.44246862611308e-05,7.66659357702353e-05,7.44162223540407e-05
ID_5FJ5OA,3.77298684832307e-05,2.66883399777491e-05,5.37581589252828e-05,4.88169270955071e-05,6.65187241901616e-05,6.57383887435989e-05
ID_0PDI5J,5.28428336416752e-05,4.21331961526277e-05,6.76607349384899e-05,5.70994000516924e-05,0.000111624281730903,0.000104082339975269
ID_869AS8,2.94111279023747e-05,2.1636621926252e-05,0.000350213941437142,0.000312689563382063,0.000350213941437142,0.000312689563382063
ID_KQNHNN,0.357009644877876,0.370231731800363,0.357009644877876,0.370231731800363,0.357009644877876,0.370231731800363
ID_O9X6J6,2.90793546197804e-05,2.17745698345319e-05,7.06478955007335e-05,6.26784317187208e-05,7.06478955007335e-05,6.26784317187208e-05
ID_BKVJQA,0.000200177608090534,0.00023195860362635,0.000200177608090534,0.00023195860362635,0.000200177608090534,0.00023195860362635
ID_I5VRO5,5.1082783455855e-05,3.48043761176331e-05,0.000331271919779874,0.000302491388659557,0.000331271919779874,0.000302491388659557
ID_SJ6E5C,0.000111640533000775,0.000111954848585104,0.000183979568935622,0.000181026371869268,0.000183979568935622,0.000181026371869268
ID_NZ3V3Z,6.50650069614971e-05,6.76676736776741e-05,0.000169914677612013,0.000161584803009347,0.000169914677612013,0.000161584803009347
ID_DH8BE3,2.18993065367116e-05,1.3265189569591e-05,7.03079254224244e-05,5.9975703253957e-05,9.57253628785495e-05,8.81501260973081e-05
ID_L41OWZ,7.01049060403025e-05,6.30783951233091e-05,7.01049060403025e-05,6.30783951233091e-05,7.01049060403025e-05,6.30783951233091e-05
ID_TA7IDX,0.000823430728648197,0.00100331813603179,0.000823430728648197,0.00100331813603179,0.000823430728648197,0.00100331813603179
ID_2P41YW,0.000168694589413345,0.000174813080345762,0.000168694589413345,0.000174813080345762,0.000168694589413345,0.000174813080345762
ID_IW2314,0.000504315461164745,0.000450755969835407,0.00053574447906731,0.000541981396641427,0.000706634596851422,0.000762130600663001
ID_CWIW49,1.19469006219704e-05,7.97407205342063e-06,9.120548568365e-05,8.0378830799323e-05,9.120548568365e-05,8.0378830799323e-05
ID_OF5R7M,0.00737371296284589,0.00613499840052858,0.0114431066246237,0.0121669670681926,0.0125067027918244,0.0130193745879478
ID_ANAD68,2.29401503262581e-05,1.52447659121637e-05,8.47842069249797e-05,7.59942357300522e-05,8.47842069249797e-05,7.59942357300522e-05
ID_PS36LP,0.000109802092188339,9.91715983133194e-05,0.000617945279117005,0.000549832407796562,0.000617945279117005,0.000549832407796562
ID_8659PM,0.00643723202571883,0.00652168340496299,0.00714600429140304,0.0070414797219673,0.00714600429140304,0.0070414797219673
ID_9MXZMG,2.77661160617016e-05,2.35782817054536e-05,4.87497242656356e-05,4.14175284880687e-05,4.87497242656356e-05,4.14175284880687e-05
ID_UPMG2P,0.00459105576704503,0.00444464248450754,0.00459105576704503,0.00444464248450754,0.00459105576704503,0.00444464248450754
ID_QPQC3A,1.13785127027776e-05,7.67684676997773e-06,3.81222554949179e-05,3.17805384282948e-05,3.81222554949179e-05,3.26322988979775e-05
ID_P30MQ0,0.000499500985893497,0.000554433989738674,0.000624073601227937,0.000602624184030405,0.00234045277589059,0.00231935706267032
ID_TLRRWX,1.73981988862883e-05,1.14945655874998e-05,0.000150315054141881,0.000126940140258955,0.000215515997126124,0.00021070405689693
ID_7J1S3Y,4.54809435578568e-05,3.54196126289924e-05,8.46239292262648e-05,7.37903864841592e-05,0.00010230386430057,9.55282846343269e-05
ID_N4P9RV,0.00302012584909385,0.00352662087966424,0.00302012584909385,0.00352662087966424,0.00302012584909385,0.00352662087966424
ID_QFE2RJ,0.000646314957565921,0.000633030993702962,0.000862235694934677,0.00087442020541252,0.000953400873492976,0.00101327931498871
ID_XF725L,6.01713980889773e-05,4.45508115511041e-05,0.000172935615886204,0.000160694242653692,0.000172935615886204,0.000160694242653692
ID_A2QCM8,0.00197174473953059,0.00202182528546958,0.00197174473953059,0.00202182528546958,0.00233315865206389,0.00239706836225796
ID_3HTURM,1.80263546657211e-05,1.44636715124939e-05,5.4509140627453e-05,4.77635102660301e-05,5.4509140627453e-05,4.77635102660301e-05
ID_WMO3QN,2.82163833393958e-05,2.49134720895864e-05,0.000107211129564607,0.000101201037821739,0.000107211129564607,0.000101201037821739
ID_EJW3LT,9.06362887217754e-05,8.62877145570306e-05,0.000112678562928663,0.000105955645702964,0.000112678562928663,0.000105955645702964
ID_L4DEEY,0.0178659813809314,0.0185772832938217,0.0178659813809314,0.0185772832938217,0.0178659813809314,0.0185772832938217
ID_Y3XGHG,3.29992505004954e-05,2.79470752862426e-05,4.20936436970473e-05,3.70662936981503e-05,6.5043314919098e-05,6.16200100933353e-05
ID_X3NJBT,7.53744751867523e-05,6.35461001024184e-05,7.53744751867523e-05,6.35461001024184e-05,7.53744751867523e-05,6.35461001024184e-05
ID_UHXSJT,5.88414163124759e-06,3.70481850132808e-06,8.7991309855816e-05,7.72700156182559e-05,8.7991309855816e-05,7.72700156182559e-05
ID_4I22LB,0.000189276752143398,0.000199756435793069,0.000189276752143398,0.000199756435793069,0.000320339831032529,0.000326650026263895
ID_GU9R9I,0.000172128300223096,0.000143184598136994,0.000328113131728084,0.000290998430289141,0.000328113131728084,0.000290998430289141
ID_PW51BS,0.000141259378258132,0.000154374127743701,0.00030774760496645,0.000313601451797648,0.00030774760496645,0.000313601451797648
ID_NL68DQ,0.00359310647811769,0.00270066704463758,0.0157743639139331,0.0149708364313568,0.0157743639139331,0.0149708364313568
ID_3SR2CY,0.00626229587458812,0.00627746998543077,0.00695954610484889,0.00713119878355673,0.0101910055215342,0.0112083032708492
ID_GJ2GXZ,8.78655037576803e-05,8.47151896276042e-05,0.000146013673071719,0.000145765417946938,0.000146013673071719,0.000145765417946938
ID_XCVVZQ,0.00704966329846773,0.00646552932031115,0.00914279981555927,0.00923337232432869,0.00914279981555927,0.00923337232432869
ID_Y0SXCJ,5.32705561005836e-05,4.17879508279789e-05,5.32705561005836e-05,4.35244645839473e-05,6.70631253845414e-05,6.645556285022e-05
ID_8NFKCL,8.35013568171238e-06,5.68398050656861e-06,5.0083150820066e-05,4.43729087831872e-05,5.0083150820066e-05,4.5729921002987e-05
ID_FLBXIB,0.0430826780183981,0.0312453806926711,0.152952243580249,0.139388423401424,0.278294230815798,0.275457702794701
ID_9BDORD,0.000150794852797945,0.000110587849510129,0.000516238863769878,0.000437772311092167,0.00058892742664448,0.000589745846662427
ID_UYDE8D,0.0011962214950558,0.00111413700643936,0.00189242695844737,0.00178504773280841,0.00189242695844737,0.00178504773280841
ID_XLV5BF,3.79153738608493e-05,2.71833068238406e-05,0.000111225853483472,9.88042085488555e-05,0.000111225853483472,9.88042085488555e-05
ID_DFLOY8,4.91628556866326e-05,3.73817226500055e-05,0.000147116706465993,0.00012980126547054,0.000147116706465993,0.00012980126547054
ID_WIPE3M,2.98389295641383e-05,2.54482235783671e-05,0.000334120043583036,0.000311024290538146,0.000334120043583036,0.000311024290538146
ID_NNXHZJ,7.05393308036228e-05,6.16544203241721e-05,0.00017006559620346,0.000157290978918194,0.00017006559620346,0.000157290978918194
ID_AT9XW0,6.25332555686817e-05,4.78072452131998e-05,6.25332555686817e-05,5.20323460464115e-05,8.31164644350338e-05,8.32043781204517e-05
ID_Y0V0Q8,0.00926879073999496,0.00618053297237308,0.0149277331537855,0.0130059371997854,0.0161926922694747,0.0165494433091545
ID_UPPKDE,2.50297597303229e-05,1.79144865585331e-05,4.62831328680376e-05,4.08015350122964e-05,4.90628250559716e-05,4.71647061030869e-05
ID_USIVPK,0.0158277354477603,0.0140190011769432,0.0951403454084953,0.0869265881533227,0.109823862499106,0.107499563378798
ID_S6BK0F,0.000134715001707305,0.000135151972211464,0.000245080173291674,0.000237618934218116,0.000332338752748111,0.000331830637439995
ID_QJVZET,0.00021440655009256,0.000234344544853145,0.000227714673450041,0.000237314155442312,0.000227714673450041,0.000237314155442312
ID_CDDM41,0.000100848511162399,7.27513008542145e-05,0.000100848511162399,7.52111744685674e-05,0.000183702427093256,0.000181403025918858
ID_X4RW56,0.02642887957907,0.0264047117778848,0.02642887957907,0.0264047117778848,0.02642887957907,0.0264047117778848
ID_MENRNK,3.98776112618524e-05,3.55644391394054e-05,6.57636406479055e-05,5.87188092652e-05,8.37219628623074e-05,8.17082306990175e-05
ID_TP6IPK,7.62244123243527e-05,5.49012395995585e-05,0.00226909239739142,0.00247761661045747,0.00226909239739142,0.00247761661045747
ID_5RO8MY,1.0618726575445e-05,7.28135628101639e-06,3.76379252829198e-05,3.28860931932143e-05,5.14488818197447e-05,4.80843879839024e-05
ID_MN7JHJ,5.0461882774031e-05,4.29601587016984e-05,5.10334901956647e-05,4.74864926067988e-05,5.10334901956647e-05,4.74864926067988e-05
ID_G90D2D,0.00140705834648908,0.0014812153402392,0.00272045125365315,0.00277040700767795,0.00397622846766708,0.00428200954312395
ID_REHHGY,7.22418170370232e-06,5.00424506942048e-06,2.5022366201486e-05,2.16226847382729e-05,2.51393578328261e-05,2.41111660882272e-05
ID_6DDVP2,6.50479158443078e-05,6.31976438618123e-05,9.4264686628584e-05,8.4037901614107e-05,9.4264686628584e-05,8.4037901614107e-05
ID_GPQQOT,0.00026072835003715,0.000214069256876246,0.00105699422835438,0.00107285774809265,0.00105699422835438,0.00107285774809265
ID_LADXTU,0.393648225394454,0.421707533515082,0.461226663385036,0.462058549508406,0.461226663385036,0.485479866377507
ID_R44Y09,2.18993065367116e-05,1.3265189569591e-05,7.03079254224244e-05,5.9975703253957e-05,9.57253628785495e-05,8.81501260973081e-05
ID_SJWY6D,2.7978973490536e-05,1.96925751413518e-05,0.000350406977038804,0.00030704353058912,0.000350406977038804,0.00030704353058912
ID_MC4KWW,0.558318782125701,0.581480235863543,0.558318782125701,0.581480235863543,0.591610754327416,0.651995370154741
ID_OQ0NNL,0.000409228392974928,0.000325463520592494,0.000409228392974928,0.000325463520592494,0.000443689612345747,0.000462923375547352
ID_EGA5JQ,6.96729913100309e-05,7.0789736364659e-05,6.96729913100309e-05,7.0789736364659e-05,6.96729913100309e-05,7.0789736364659e-05
ID_SQ5JRG,0.000185294914715509,0.000155483610270162,0.000631559506726017,0.00064041654877337,0.0015910678221,0.00162593820544598
ID_GIQVVF,4.01982587867471e-05,3.91298756155955e-05,4.04554583828451e-05,3.91298756155955e-05,4.04554583828451e-05,3.91298756155955e-05
ID_D4HDFD,1.7794065612689e-05,1.37707825936916e-05,1.7794065612689e-05,1.37707825936916e-05,2.55796940246998e-05,2.45198075025327e-05
ID_V32HHY,2.53729600896407e-05,1.76888122131806e-05,4.52741100685688e-05,3.84155051717962e-05,4.52741100685688e-05,3.98772392511277e-05
ID_3B2BGV,9.77797203890211e-05,9.28508994947429e-05,0.000125841167985419,0.000123905649364371,0.000125841167985419,0.000123905649364371
ID_CY8HQK,0.0173923968988177,0.0178135853610105,0.0173923968988177,0.0178135853610105,0.0173923968988177,0.0178135853610105
ID_XZY8MP,0.000278222475450628,0.000257493398428982,0.0171169472206444,0.0166951824497739,0.0198399655544331,0.0200949056259332
ID_EZT9L4,3.18096327083814e-05,2.25042892214665e-05,0.000682702078132485,0.000636987004725056,0.000682702078132485,0.000636987004725056
ID_LKHDH9,0.00425474557103254,0.00352224344288915,0.00583539072075874,0.00517082901089942,0.00914163403795591,0.00855736429403081
ID_56RYGV,0.0163183794314225,0.019439843794455,0.0163183794314225,0.019439843794455,0.0163183794314225,0.019439843794455
ID_IXDD5C,3.16241776920202e-05,2.67906189340702e-05,3.16241776920202e-05,2.67906189340702e-05,3.96262149015699e-05,3.74587547789625e-05
ID_UUULV5,1.61216249727569e-05,1.21614014107495e-05,1.61216249727569e-05,1.31643540260603e-05,1.83568220851659e-05,1.71025987672591e-05
ID_9EAVDN,0.000188171970045769,0.000225315367952172,0.000188171970045769,0.000225315367952172,0.000188171970045769,0.000225315367952172
ID_MV3Y4E,0.0172787576171704,0.0163278923116689,0.0172787576171704,0.0163278923116689,0.0172787576171704,0.0163278923116689
ID_DA24DX,0.0270364743138005,0.0225760453069864,0.107428587734362,0.105311007316837,0.137205660494713,0.138236884933655
ID_ANC2EL,0.000445337955752243,0.000452133391270015,0.000445337955752243,0.000452133391270015,0.000654279933191801,0.000723474271205602
ID_RZE5NT,3.29992505004954e-05,2.79470752862426e-05,4.20936436970473e-05,3.70662936981503e-05,6.5043314919098e-05,6.16200100933353e-05
ID_XBNGOR,5.39502845412276e-05,5.52577834795645e-05,5.39502845412276e-05,5.52577834795645e-05,5.39502845412276e-05,5.52577834795645e-05
ID_7ED0FF,0.000117334458319193,0.000107425818118819,0.000447823384580596,0.000442955721886554,0.000447823384580596,0.000442955721886554
ID_E01AVW,6.02583303577471e-05,5.32395597777389e-05,0.00013144541837061,0.000132727958649348,0.000172351337417157,0.000184049780963063
ID_MWPK2X,2.55935158630319e-05,2.07750161392168e-05,0.000133358393935147,0.000123082920626195,0.000133358393935147,0.000123082920626195
ID_2ILIQY,1.73981988862883e-05,1.14945655874998e-05,0.000150315054141881,0.000126940140258955,0.000215515997126124,0.00021070405689693
ID_X9A4JH,4.3221523793243e-05,3.75434164402353e-05,0.000161494222293018,0.000148531383807009,0.000161494222293018,0.000148531383807009
ID_RQW2NY,3.80581760229959e-05,3.48812307879722e-05,8.82608583511135e-05,8.51778641522009e-05,8.82608583511135e-05,8.51778641522009e-05
ID_KFTO2Q,2.86327464689791e-05,2.16310985579306e-05,8.72566686776397e-05,8.47757017073859e-05,0.000129939939103283,0.000129494550166956
ID_K8ESYM,4.82412639011632e-05,5.47445012858397e-05,5.0510647383207e-05,5.47445012858397e-05,5.0510647383207e-05,5.47445012858397e-05
ID_ZW0DVE,2.31783645835542e-05,2.03413199559027e-05,3.52617722026631e-05,3.13647217412984e-05,5.31995794624766e-05,5.16843313771646e-05
ID_2TMUS6,7.05868505494588e-05,5.39797933425912e-05,7.47558329818944e-05,6.50109496465085e-05,0.00013498944041973,0.000132993359364841
ID_KOAZT1,3.48822549094915e-05,2.81285511117619e-05,7.41201912472318e-05,6.83880607020485e-05,7.41201912472318e-05,6.83880607020485e-05
ID_R4SVZT,0.031246587572078,0.0376744628326298,0.031246587572078,0.0376744628326298,0.031246587572078,0.0376744628326298
ID_I0OGOO,1.6919441326025e-05,1.02213123083303e-05,6.27001715912365e-05,5.44013826753718e-05,0.000138815850939098,0.000145391517392052
ID_H173PI,0.000737356955247442,0.000862033976430457,0.000737356955247442,0.000862033976430457,0.000737356955247442,0.000862033976430457
ID_2I2J7A,0.0652450543439295,0.0761811133188049,0.0652450543439295,0.0761811133188049,0.0652450543439295,0.0761811133188049
ID_GQZQS4,5.92529044802664e-05,5.78473938817266e-05,7.1085254145286e-05,6.4993096681574e-05,7.1085254145286e-05,6.4993096681574e-05
ID_V8G394,2.41387398385048e-05,1.68274181005934e-05,0.000321856824250068,0.000281702912556148,0.000321856824250068,0.000281702912556148
ID_CIW99P,4.4761147631861e-05,2.80951829443688e-05,6.09283824370287e-05,5.3209459692804e-05,6.09283824370287e-05,5.4724320389778e-05
ID_YP006O,0.00228352116214917,0.00177990059002544,0.00711804869665379,0.0067934671203221,0.00711804869665379,0.0067934671203221
ID_NX8EEE,0.00022674056176713,0.000230486629316844,0.00022674056176713,0.000230486629316844,0.000335852574669649,0.000364041221101673
ID_BDJQVU,2.27145570227939e-05,1.59111098252311e-05,4.75484282929502e-05,4.05413816943702e-05,4.75484282929502e-05,4.35399243046469e-05
ID_IEX25G,0.000105479139850896,8.16670496000467e-05,0.000202173517962017,0.000190338158533632,0.000202173517962017,0.000190338158533632
ID_Q083IM,0.00524512402637169,0.00504411400573408,0.00659211806225337,0.00671360141374268,0.00659211806225337,0.00671360141374268
ID_YOT7XI,1.50723936390378e-05,9.59604061297393e-06,8.45585632251208e-05,7.51141765504061e-05,8.45585632251208e-05,7.51141765504061e-05
ID_P452M6,9.38423973253959e-06,6.1536004332827e-06,3.7724098568496e-05,3.18129647126599e-05,5.4746233509311e-05,5.09312147581772e-05
ID_1DU4K9,2.93142883197065e-05,2.87374112252483e-05,0.000125920058352878,0.000126197673501372,0.000125920058352878,0.000126197673501372
ID_VZNNHT,2.0674811734194e-05,1.51918578625609e-05,3.97089678375598e-05,3.37676107329528e-05,3.97089678375598e-05,3.37676107329528e-05
ID_T0CW21,3.85063084662738e-05,2.94728981885246e-05,0.000108279061519428,9.1944405140517e-05,0.000172275330059796,0.000166729080417084
ID_TIZ8GI,0.00013407199668346,9.49417246601818e-05,0.000175189604981823,0.000149174357464346,0.000298534690394295,0.000296376640190186
ID_P2MHXW,0.000657192669770847,0.000565509093067285,0.000657192669770847,0.000565509093067285,0.000657192669770847,0.000565509093067285
ID_2RX566,5.44212768153807e-05,4.43984807668165e-05,7.05123119726817e-05,6.30113847133448e-05,8.68990223859912e-05,8.34049196409371e-05
ID_H2V2M0,5.63711617568696e-06,3.53320423700893e-06,3.96581825231126e-05,3.32956822503668e-05,3.96581825231126e-05,3.32956822503668e-05
ID_LRT2RR,1.68191692961769e-05,1.26709795787996e-05,3.79485407414521e-05,3.31497940172692e-05,4.46093834543764e-05,4.22776638083099e-05
ID_R6M083,7.02905455706822e-05,6.94955275431754e-05,7.02905455706822e-05,6.94955275431754e-05,7.02905455706822e-05,6.94955275431754e-05
ID_XEHOXQ,0.000114928269295629,9.25770341727696e-05,0.000608853615831358,0.000569460782979071,0.000608853615831358,0.000569460782979071
ID_EE4T4P,0.00019098809822056,0.000203931025532034,0.00022958948332377,0.000228558237270519,0.00022958948332377,0.000228558237270519
ID_28T7NF,6.62366929267365e-05,5.77288486480486e-05,9.25735154268436e-05,8.54560914449591e-05,9.25735154268436e-05,8.54560914449591e-05
ID_RNO3VS,1.44166909317168e-05,1.00654806437974e-05,3.10804703984677e-05,2.5910860755432e-05,3.38315935514034e-05,3.21111701566515e-05
ID_MVQMU6,0.000113470226815746,8.60178899142625e-05,0.000113470226815746,8.60178899142625e-05,0.000153529811108217,0.000151227554408653
ID_NAKHWW,3.72964243023711e-05,2.89193583605815e-05,0.000129845629860622,0.000121196010518326,0.000129845629860622,0.000121196010518326
ID_56TEHN,4.33440886944652e-05,3.94636190102265e-05,7.42853049475354e-05,6.77539792861955e-05,8.93363901758244e-05,8.72824174277465e-05
ID_7IE517,1.92954219142544e-05,1.39256693791833e-05,1.92954219142544e-05,1.39256693791833e-05,2.46135002778943e-05,2.29587493722643e-05
ID_IQGKMC,8.85038198757153e-05,7.56705892559197e-05,0.000184296096190603,0.000167115583591615,0.000214185776906574,0.00021526210107211
ID_T3LYCI,2.35184131511561e-05,1.51433146830774e-05,0.000466582865706124,0.000416867496939839,0.000466582865706124,0.000416867496939839
ID_LPH3DB,1.89614737476628e-05,1.45980347329593e-05,1.89614737476628e-05,1.51738690647933e-05,1.99869564123967e-05,1.86577913207585e-05
ID_CCE14R,4.05045224809031e-05,2.68665422546127e-05,0.000333691416848124,0.000311113009879627,0.000333691416848124,0.000311113009879627
ID_F3ZEOL,2.77661160617016e-05,2.35782817054536e-05,4.87497242656356e-05,4.14175284880687e-05,4.87497242656356e-05,4.14175284880687e-05
ID_BLJT0F,8.45841729312439e-05,6.19200971468899e-05,8.45841729312439e-05,6.19200971468899e-05,8.45841729312439e-05,6.73256045611119e-05
ID_ALWNWF,5.13143543541343e-05,4.94718279058527e-05,0.000110851090893287,0.00010338785324882,0.000110851090893287,0.00010338785324882
ID_X0BMWM,1.6501773654148e-05,1.20095436789383e-05,9.37249900717239e-05,8.28880674843746e-05,0.000144822795030449,0.000137122534061893
ID_8EPQZD,3.63559175351718e-05,2.65670955033038e-05,6.76623714874547e-05,5.86862592810712e-05,6.76623714874547e-05,5.86862592810712e-05
ID_X1JF4P,0.000155987074508544,0.000149118525459201,0.000284429120431635,0.000277931854857276,0.000284429120431635,0.000277931854857276
ID_ETCHDH,2.91059704858452e-05,2.63016917835088e-05,4.23241629340129e-05,3.6830893218871e-05,4.23241629340129e-05,3.94804013830986e-05
ID_9M41ZB,0.00432528000960757,0.00330688662756861,0.0171416549887761,0.015540565536642,0.0171416549887761,0.015540565536642
ID_B478DU,2.12099151916497e-05,1.36317371375015e-05,5.48695842920023e-05,4.51329447160583e-05,7.90344212648971e-05,7.45489859062752e-05
ID_XRH4M1,0.000218653506595834,0.000226791389208294,0.000349640893769554,0.000366579341296405,0.000349640893769554,0.000366579341296405
ID_HWML2X,3.4331503247013e-05,2.2657019885011e-05,0.000311087581616459,0.000276967663844208,0.000311087581616459,0.000276967663844208
ID_B3QCGW,5.77922465128566e-06,3.62153828593279e-06,2.87053304103025e-05,2.45123015743995e-05,2.87053304103025e-05,2.45123015743995e-05
ID_FJIOSZ,0.000390477824541221,0.000439586267227166,0.000823613470403221,0.000870827526816789,0.000823613470403221,0.000870827526816789
ID_I4N3U4,0.00870905174307891,0.00829564885117879,0.00870905174307891,0.00829564885117879,0.00870905174307891,0.00829564885117879
ID_84O0XR,0.000731426875054503,0.000653631256594422,0.000731426875054503,0.000703746814607569,0.000878727754462292,0.000944347660241172
ID_Q18N3W,0.0119809609118972,0.00987072488404731,0.0119809609118972,0.00987072488404731,0.0152725735721009,0.0145637746200416
ID_PQ0W7T,5.83816477104722e-05,5.12270624243389e-05,0.000275470593028667,0.000248074838733594,0.000275470593028667,0.000248074838733594
ID_8WSWMT,3.12698053592727e-05,2.31176175843143e-05,6.69255012915261e-05,6.00940692746667e-05,6.69255012915261e-05,6.00940692746667e-05
ID_P5OY4C,0.923705816630322,0.940717457892412,0.923705816630322,0.940717457892412,0.923705816630322,0.940717457892412
ID_QM0CUB,6.94332762864389e-05,6.33929771984759e-05,6.94332762864389e-05,6.33929771984759e-05,6.94332762864389e-05,6.33929771984759e-05
ID_33BHML,0.000104142164503391,8.05206236206993e-05,0.00029142643851567,0.000260645401526712,0.00029142643851567,0.000260645401526712
ID_02VC5B,0.00047754518897138,0.000520187261582843,0.000992138222343613,0.000974163206477967,0.000992138222343613,0.000974163206477967
ID_YOQAQP,4.46946854965387e-05,4.7197296401622e-05,4.46946854965387e-05,4.7197296401622e-05,4.46946854965387e-05,4.7197296401622e-05
ID_BSI555,1.1572398779127e-05,8.78797853631889e-06,4.12333389670119e-05,3.57775300530918e-05,4.12333389670119e-05,3.81027734105271e-05
ID_MG05UN,2.78058728893139e-05,2.34576957912638e-05,8.2993139979329e-05,8.23219858649127e-05,9.51555616042215e-05,9.69524070515495e-05
ID_AIQRMM,0.000247077107294687,0.000256315072287436,0.000247077107294687,0.000256315072287436,0.000434674312534922,0.000480996962330881
ID_UNWPJB,0.000145598987870495,0.000177709620225841,0.000150942515273434,0.000177709620225841,0.000150942515273434,0.000177709620225841
ID_NTGPZG,0.0915084855757603,0.0992592151284607,0.0915084855757603,0.0992592151284607,0.0915084855757603,0.0992592151284607
ID_5WL00B,0.00539402229924071,0.00557165165113736,0.00539402229924071,0.00557165165113736,0.00670586059541061,0.00747440498753515
ID_3BE6BK,2.50391908582531e-05,2.01885443997822e-05,4.54307877516796e-05,4.20256988632177e-05,4.7037058347331e-05,4.49314043212107e-05
ID_VKKIH3,1.3236851084106e-05,8.31106183205615e-06,4.63819273678017e-05,3.87746751143368e-05,4.63819273678017e-05,3.87746751143368e-05
ID_UHQ8W8,0.000135762484594442,0.000141058382033991,0.000558423159813457,0.000574699424931186,0.000558423159813457,0.000574699424931186
ID_VSR4RJ,9.74242400617011e-06,6.89643060591683e-06,3.17730904889364e-05,2.73072186138875e-05,5.18558729445446e-05,4.80784073781812e-05
ID_QXI7WO,9.6252831034242e-06,7.29808112884255e-06,3.1589415802705e-05,2.73984678152884e-05,3.1589415802705e-05,2.73984678152884e-05
ID_HXU4D4,0.000106386230455482,8.03984770873341e-05,0.000106386230455482,8.03984770873341e-05,0.000124488845104673,0.000122035938113543
ID_ZX88UJ,1.93805014186409e-05,1.30511084040475e-05,6.61823743183323e-05,5.75520318413326e-05,6.61823743183323e-05,5.75520318413326e-05
ID_H1PP14,5.10168965460212e-05,5.16345210503576e-05,5.85783638257641e-05,5.49383114625079e-05,7.45330135091711e-05,7.35838061194168e-05
ID_ET6KNZ,0.64368557192674,0.676751304358542,0.72104039091579,0.748879001667378,0.72104039091579,0.748879001667378
ID_TRDBZE,1.1477703282333e-05,8.80237070101309e-06,1.29256548588578e-05,1.10265767346043e-05,2.13035764128898e-05,2.01789187820828e-05
ID_6R8K2I,4.84921195812595e-05,4.25545253732965e-05,4.84921195812595e-05,4.29970139058558e-05,4.84921195812595e-05,4.29970139058558e-05
ID_XBI5K6,0.0458282848217937,0.0382339901031505,0.0458282848217937,0.0382339901031505,0.0458282848217937,0.0462873760158231
ID_FSYPFJ,1.28633443981631e-05,7.72903267239702e-06,3.68825313194521e-05,3.10835121276335e-05,3.71334019101486e-05,3.41806157247031e-05
ID_K2KN9C,5.38521471656336e-05,3.41517290820885e-05,0.000279160612963847,0.000265578156119022,0.000407619330750358,0.000403173713031834
ID_CKGVN9,6.02740956157227e-05,4.81312143704081e-05,6.02740956157227e-05,4.81312143704081e-05,6.02740956157227e-05,5.046443322542e-05
ID_OXNKLU,1.57903835598879e-05,1.17380513850189e-05,6.75012459439424e-05,6.44687737071502e-05,6.75012459439424e-05,6.44687737071502e-05
ID_GQHEYV,0.0682630608121524,0.0723463357347589,0.0682630608121524,0.0723463357347589,0.0927868229497293,0.0996204523113205
ID_BG41I8,3.00611755181797e-05,2.52197403319796e-05,4.06605048239563e-05,3.65174039336727e-05,4.06605048239563e-05,3.65174039336727e-05
ID_ZEPE89,5.92083110774002e-05,5.92962246941146e-05,9.45519881732244e-05,8.80917042126785e-05,9.45519881732244e-05,8.80917042126785e-05
ID_QQILOV,5.30762075168741e-05,4.71333975416942e-05,0.000151519372122658,0.000136701885311073,0.000151519372122658,0.00014020725859708
ID_7M8G3A,9.40135063318552e-05,0.000109212141195175,9.40135063318552e-05,0.000109212141195175,9.40135063318552e-05,0.000109212141195175
ID_S4TMZF,0.0100425928511626,0.00845674989036742,0.0868486637633501,0.0843228872512802,0.0868486637633501,0.0843228872512802
ID_J2U4P6,4.37840346353508e-05,3.35615481639215e-05,8.62261092930353e-05,7.8402626386454e-05,8.62261092930353e-05,7.8402626386454e-05
ID_R1CD9F,6.77858588458204e-06,4.26519541453415e-06,2.98238081887558e-05,2.56373609516725e-05,2.98238081887558e-05,2.56373609516725e-05
ID_XZPS7Z,0.015846100798369,0.0155861251775946,0.015846100798369,0.0155861251775946,0.015846100798369,0.0155861251775946
ID_PTA13J,7.26901900252379e-06,4.17726816993437e-06,1.86217324016191e-05,1.54279221874711e-05,2.13521223924141e-05,1.97447449568024e-05
ID_GSJHB8,2.37135449999236e-05,1.85160821024836e-05,0.000196626423314193,0.000186355444905395,0.000196626423314193,0.000186355444905395
ID_UONM6Q,7.28723794268447e-05,7.0680573137842e-05,0.000215302258546382,0.000219438761702748,0.000215302258546382,0.000219438761702748
ID_8L8UWY,3.72582665677588e-05,3.61063030625526e-05,3.72582665677588e-05,3.61063030625526e-05,3.79581802323071e-05,3.64866611362435e-05
ID_27AIBY,0.819731750873581,0.871988328513295,0.819731750873581,0.871988328513295,0.819731750873581,0.871988328513295
ID_QU3QNZ,5.41170918899491e-05,4.91931413796628e-05,5.41170918899491e-05,4.91931413796628e-05,5.41170918899491e-05,4.91931413796628e-05
ID_71UMTJ,0.171987507750034,0.178570987765436,0.446729019705446,0.463475148694244,0.554291843005544,0.617109704046336
ID_LE7AJZ,8.01659877100184e-05,5.20491922995197e-05,0.00057033828920671,0.000541740791081451,0.000809388998067403,0.000802348382480546
ID_8H40BW,3.36960837264731e-05,2.69164082368396e-05,6.52219240490982e-05,5.84159776624383e-05,6.52219240490982e-05,5.91250540013141e-05
ID_7898T5,0.00010578866441155,8.39051076880266e-05,0.00010578866441155,8.39051076880266e-05,0.000114076453071633,0.000111186011464479
ID_AZ8323,2.37373765855118e-05,1.55588905421957e-05,9.57498577628616e-05,8.6518525067386e-05,9.57498577628616e-05,8.6518525067386e-05
ID_EW9NJ2,0.00118319938186993,0.00107731901271365,0.00511497398598319,0.00522700792131591,0.00514829232003283,0.00547448474185595
ID_7RLPJ7,0.000193706769560144,0.000199209612552007,0.00101664599708127,0.000971897757598407,0.00101664599708127,0.000971897757598407
ID_352OA7,0.000298218491848248,0.000263685937261939,0.000483102157973173,0.000465980799296303,0.000483102157973173,0.000465980799296303
ID_PQC182,0.0059734789345348,0.00439990819516162,0.0151851475337804,0.0141537898242938,0.0210171964640094,0.0224154503403718
ID_UGRWIB,6.64091271054192e-05,6.43447577494676e-05,9.49949405394785e-05,8.26189289862084e-05,0.000122088966396227,0.000117454447397718
ID_7JV87P,4.17379358605011e-05,3.81740654959922e-05,7.06379552918377e-05,6.36018044928147e-05,9.12879683888077e-05,8.99432252098777e-05
ID_7GNPFS,0.038258786749376,0.0413789138071531,0.038258786749376,0.0413789138071531,0.0543980455776067,0.0597957283648944
ID_MTIIWZ,2.4647602242598e-05,2.21404131743901e-05,2.4647602242598e-05,2.21404131743901e-05,2.58151299518169e-05,2.48008712534629e-05
ID_WW98MI,3.26343925273127e-05,3.06378886934183e-05,8.65614634706351e-05,7.86834758171524e-05,8.65614634706351e-05,7.86834758171524e-05
ID_BTUU06,0.0177089572612217,0.0199142292390243,0.0397749657900666,0.0412466125605082,0.0557462125282165,0.0592867724061063
ID_0EMHPX,9.70632063489503e-06,6.22817643518427e-06,0.000140857725415408,0.000122779197659721,0.000140857725415408,0.000122779197659721
ID_4VKQYU,0.000139852275847295,0.000153123004694726,0.000271106423406533,0.000291668597331886,0.000271106423406533,0.000291668597331886
ID_IVW5DG,5.47729481139932e-05,4.02382528246669e-05,0.000137835681801202,0.000122141010476031,0.000164449813156119,0.000154480175813908
ID_LCBLI1,0.000154062227771624,0.000144637754389798,0.000455751965336154,0.000458810189816936,0.000455751965336154,0.000458810189816936
ID_4LQISD,0.105709351123974,0.112145126596473,0.105709351123974,0.112145126596473,0.105709351123974,0.112145126596473
ID_XQNM9U,2.77661160617016e-05,2.35782817054536e-05,4.87497242656356e-05,4.14175284880687e-05,4.87497242656356e-05,4.14175284880687e-05
ID_J8UC33,8.28524831728529e-06,5.1847632919826e-06,0.000193490721453073,0.000174203456968079,0.000274950765797697,0.000271491670914224
ID_5J1CC3,6.95758174747103e-05,4.55585180779837e-05,0.000663468103341272,0.000626296336102584,0.000899482106119139,0.000870210077341129
ID_KHKU4Q,5.41417727275996e-05,4.75104306409458e-05,5.41417727275996e-05,4.75104306409458e-05,5.41417727275996e-05,4.75104306409458e-05
ID_2XT9TI,0.00165225193399841,0.00129849430521055,0.00692494737485116,0.00618207125253286,0.00692494737485116,0.00618207125253286
ID_FWYKU6,5.47729481139932e-05,4.02382528246669e-05,0.000137835681801202,0.000122141010476031,0.000164449813156119,0.000154480175813908
ID_UTUSKA,7.57643669173582e-06,5.14800882021528e-06,2.64198183538814e-05,2.28432542303324e-05,2.64198183538814e-05,2.46234300929751e-05
ID_B1P8NI,0.64390047984115,0.635656064562853,0.64390047984115,0.635656064562853,0.64390047984115,0.635656064562853
ID_U30UU9,0.000550270991108303,0.000495096027924557,0.000689662505368116,0.000679212963300267,0.00077999364073232,0.00079883374152961
ID_RCOAWN,0.000196494107439389,0.000158746472197857,0.000196494107439389,0.000158746472197857,0.000283915798007987,0.000299954464280861
ID_QMT9FM,0.296239507238436,0.295266045596634,0.296239507238436,0.295266045596634,0.301464437565309,0.325535883511747
ID_IYB7UH,2.69422402081019e-05,1.78901306479909e-05,0.000475492675423715,0.000420845841671909,0.000475492675423715,0.000420845841671909
ID_9C6FDZ,1.4202048743185e-05,9.74233901205659e-06,3.25519195180622e-05,2.81014398421643e-05,3.25519195180622e-05,2.81014398421643e-05
ID_FP7DXV,0.000153866385998072,0.000161838835647544,0.000153866385998072,0.000161838835647544,0.000153866385998072,0.000161838835647544
ID_663PZ9,1.20649350180989e-05,8.09123312105994e-06,4.46035301480531e-05,3.769361464731e-05,4.46035301480531e-05,3.769361464731e-05
ID_I76YXQ,0.000136084441221852,0.000123227110993137,0.002344944746853,0.00240953325089081,0.002344944746853,0.00240953325089081
ID_ACLR4X,4.21084383521313e-05,3.66566195752308e-05,4.21084383521313e-05,3.66566195752308e-05,4.24595834421224e-05,4.02138159167582e-05
ID_RD2HT8,0.0059345724697799,0.00465065970915404,0.0159200487371697,0.0152551981120239,0.0166525077050475,0.016336661640165
ID_FUAXKT,2.4647602242598e-05,2.21404131743901e-05,2.4647602242598e-05,2.21404131743901e-05,2.58151299518169e-05,2.48008712534629e-05
ID_NA80NQ,4.5251781087201e-05,3.52752019540305e-05,6.29913299976727e-05,5.25351107222666e-05,0.00010630539042419,9.86540233362126e-05
ID_2CIKWQ,2.71906849703313e-05,2.51907362022491e-05,7.75626287692738e-05,7.23546975369639e-05,0.000101400441747224,9.69093171328155e-05
ID_Y8LOYK,0.00917150364324444,0.00939359170663757,0.00917150364324444,0.00939359170663757,0.00917150364324444,0.00939359170663757
ID_TN8FUY,2.99660483634564e-05,2.35809571625516e-05,3.89496968170942e-05,3.45382341758243e-05,4.31806801452592e-05,4.2278126523758e-05
ID_ZVCB1F,0.000197505914255956,0.000211318398982022,0.000258087183895902,0.000268530040640317,0.000262529035867196,0.000279142062519419
ID_7LNIHE,4.55232251783211e-05,3.69552161974428e-05,7.10965670707147e-05,6.5764460256214e-05,7.10965670707147e-05,6.5764460256214e-05
ID_Z84N1L,0.272039772326242,0.303275820425255,0.315245288249062,0.313650929002116,0.499504970290473,0.550390573427247
ID_V0ITZI,6.27183333439071e-05,5.96396207476382e-05,0.000134081013716748,0.000135063315609012,0.000134081013716748,0.000135063315609012
ID_2M59FO,0.00867563878416422,0.00997817118473295,0.013427379120543,0.0132963305596751,0.0252834780744544,0.028033707951249
ID_H3K94A,0.000144228281453232,0.000150918779619216,0.000144228281453232,0.000150918779619216,0.000144228281453232,0.000150918779619216
ID_Y5B1VB,2.42854531468972e-05,1.89944478385633e-05,4.94374419628822e-05,4.21456417162915e-05,7.29062759288e-05,6.89775127098986e-05
ID_YM45P0,0.000128874652668138,0.000152506951173257,0.000128874652668138,0.000152506951173257,0.000128874652668138,0.000152506951173257
ID_HRAQSM,0.000470428305984189,0.000370497128030702,0.00103713311874476,0.00107155957446406,0.00103713311874476,0.00107155957446406
ID_V1QRWL,8.6183996983841e-06,5.66949496450352e-06,3.41707340484374e-05,2.9153904872136e-05,5.75078252329133e-05,5.32396289203341e-05
ID_6P0J6L,7.47760294283266e-05,7.44703929765029e-05,7.47760294283266e-05,7.44703929765029e-05,7.47760294283266e-05,7.44703929765029e-05
ID_BR0ZVK,9.70351427578526e-05,8.65489428515893e-05,0.000664315940236984,0.00058908446525868,0.000664315940236984,0.00058908446525868
ID_GIFIE7,1.35310985783502e-05,9.61754005873314e-06,6.04809920846686e-05,5.24440531304405e-05,6.29990338810257e-05,5.99321996123995e-05
ID_3SOK7O,3.96556526816728e-05,3.14757211481131e-05,7.59251569424172e-05,6.92450619433785e-05,7.59251569424172e-05,6.92450619433785e-05
ID_LC7WV1,0.00098999373643406,0.000808840999163015,0.00303598341221441,0.00285940501569169,0.00303598341221441,0.00285940501569169
ID_GS2DIL,0.153936110070849,0.194050221328325,0.153936110070849,0.194050221328325,0.153936110070849,0.194050221328325
ID_FZVHYY,5.74625569420615e-05,5.622354003047e-05,5.74625569420615e-05,5.622354003047e-05,5.74625569420615e-05,5.622354003047e-05
ID_RPZ22Z,7.58996446187794e-06,5.2097360983726e-06,2.70482538308108e-05,2.33777192638828e-05,2.79394631209292e-05,2.68694779224074e-05
ID_GFQSV3,0.000101069049260969,0.000107982993191471,0.000101069049260969,0.000107982993191471,0.000101069049260969,0.000107982993191471
ID_Z695T3,2.34181477594319e-05,1.74963990493737e-05,3.66776097350665e-05,3.05223788006588e-05,4.22808141952737e-05,3.94256666952019e-05
ID_Z5AMC6,7.02905455706822e-05,6.94955275431754e-05,7.02905455706822e-05,6.94955275431754e-05,7.02905455706822e-05,6.94955275431754e-05
ID_EJ4SY0,0.000114928269295629,9.25770341727696e-05,0.000608853615831358,0.000569460782979071,0.000608853615831358,0.000569460782979071
ID_ROX1RX,0.000144810152246365,0.0001693374547317,0.000155699228117708,0.0001693374547317,0.000155699228117708,0.0001693374547317
ID_SPT5AC,5.38521471656336e-05,3.41517290820885e-05,0.000279160612963847,0.000265578156119022,0.000407619330750358,0.000403173713031834
ID_3DF023,2.39279012652105e-05,1.5650180730934e-05,0.000109316784873809,9.62923916798037e-05,0.000109316784873809,9.62923916798037e-05
ID_52ZE81,0.80755187969628,0.829693789855271,0.80755187969628,0.829693789855271,0.80755187969628,0.829693789855271
ID_CQOYXN,5.38521471656336e-05,3.41517290820885e-05,0.000279160612963847,0.000265578156119022,0.000407619330750358,0.000403173713031834
ID_NB021D,3.35670596810734e-05,2.52763768261995e-05,9.8933081718041e-05,8.42055341937724e-05,9.8933081718041e-05,8.42055341937724e-05
ID_3AFMQB,4.58606796853946e-05,3.55766941624135e-05,9.7756710359472e-05,9.12355485140501e-05,9.7756710359472e-05,9.12355485140501e-05
ID_DCQ2HB,0.000121326551849648,8.8095709385448e-05,0.000233785144547046,0.000219263968481694,0.000233785144547046,0.000219263968481694
ID_EIJSRA,5.44467182866496e-05,4.4525365719442e-05,0.000109491724238758,0.000103679555186759,0.000109491724238758,0.000103679555186759
ID_58OZCP,0.00529447245154105,0.00490122456653861,0.00529447245154105,0.00490122456653861,0.00529447245154105,0.00519607711774592
ID_P4VAZC,1.07125355149016e-05,6.38221560166294e-06,4.6107096533584e-05,3.8444747275507e-05,4.6107096533584e-05,3.8444747275507e-05
ID_XNFNA4,4.03023633169343e-05,2.72148776706896e-05,6.35684759817417e-05,5.43055799377604e-05,7.09636641251873e-05,6.70343986847809e-05
ID_F2QJQL,0.000144499153721301,0.000150184176286703,0.000144499153721301,0.000150184176286703,0.000144499153721301,0.000150184176286703
ID_X49G2U,2.11282674031261e-05,1.83923214821592e-05,4.48813743273829e-05,4.1678756689991e-05,0.000102377673325371,9.98518446782968e-05
ID_Y5TWK4,0.000178223833629833,0.000194592138923656,0.000178223833629833,0.000194592138923656,0.000178223833629833,0.000194592138923656
ID_KXXYIZ,1.13380961817924e-05,6.7462064956886e-06,2.82027534742045e-05,2.36874682624839e-05,3.7771061948995e-05,3.56237796042181e-05
ID_R062SB,1.19346161793145e-05,7.2074011922647e-06,3.9869224079887e-05,3.36631302795447e-05,3.9869224079887e-05,3.6833041755157e-05
ID_ONDIOU,5.2147376536153e-05,4.36485666902555e-05,0.000362616619858792,0.000360962360575619,0.000753480719244374,0.000771869690421042
ID_1PO93P,2.51079109495682e-05,1.64925977495523e-05,9.56722171031242e-05,8.87092190282576e-05,9.56722171031242e-05,8.87092190282576e-05
ID_0OJ74K,5.21304223374293e-05,3.46993703299746e-05,7.61001062828174e-05,6.41220661332161e-05,0.000101074038929331,9.74422484376969e-05
ID_HDPRVI,0.000132476618072511,0.00013894161313188,0.000132476618072511,0.00013894161313188,0.000132476618072511,0.00013894161313188
ID_LDL582,7.58213614130084e-05,7.17434691104377e-05,0.000168145007244646,0.000162332492657055,0.000168145007244646,0.000162332492657055
ID_3XYEKG,0.00156435718662088,0.00128621952721653,0.00156435718662088,0.00128621952721653,0.00156435718662088,0.00128962792091378
ID_1D3R5U,2.224407918701e-05,1.85308957905784e-05,2.224407918701e-05,1.88902716448117e-05,2.224407918701e-05,2.00967736287689e-05
ID_GHJU0P,3.10726872247154e-05,2.66951342968679e-05,3.10726872247154e-05,2.66951342968679e-05,3.54474450986286e-05,3.46619102897332e-05
ID_EVURSU,4.96947557953375e-05,4.17387009597732e-05,0.000361367360165435,0.000360230301870681,0.00073680239386344,0.000756126926536089
ID_EALA41,0.00510774201719982,0.00463345591804889,0.00854646456658622,0.00851494824977676,0.014075989177472,0.0148417702590334
ID_G5ERJR,7.2754651485063e-05,6.89950858579708e-05,0.000119388826692649,0.000113524804942825,0.000119388826692649,0.000114858539904733
ID_MHS7P6,3.15469645534697e-05,2.56225393262774e-05,4.94671148435946e-05,4.43542948932066e-05,4.94671148435946e-05,4.43542948932066e-05
ID_F6SO3R,0.00218224366191049,0.00186111779196491,0.00533854880045477,0.00547894768934016,0.00668087820130133,0.00715425571206533
ID_LIDJSX,1.44888341692992e-05,9.97329695673316e-06,6.30764087599502e-05,5.79310664986276e-05,9.21956449792986e-05,8.98231574618335e-05
ID_YNKD7B,0.000522784520454555,0.000447931695532877,0.000628358396034245,0.000633624898564539,0.000805927951710268,0.000858684493514466
ID_PNK92C,0.000182846978369446,0.000172933255784221,0.000777512077745104,0.000830070180736279,0.000777512077745104,0.000830070180736279
ID_GGCNVE,0.000163376426836277,0.000114544700253762,0.000754581529828337,0.000763623458327019,0.000791743499547876,0.00076404377801229
ID_VFP3AX,0.00108604698471654,0.000861352841802836,0.00274153347001377,0.00254816921907656,0.00274153347001377,0.00254816921907656
ID_DST3IB,4.44909841248359e-05,3.10690555380263e-05,0.000258747904303511,0.000224282420482133,0.000258747904303511,0.000224282420482133
ID_3WIPGV,0.000239112140786868,0.000231143305760325,0.000239112140786868,0.000231143305760325,0.000239112140786868,0.000231143305760325
ID_V9KJ8F,4.78994640633651e-05,3.12326332432125e-05,0.000248191473804549,0.000220784305644314,0.000254698908369637,0.000239551340070427
ID_2FD8VB,8.19776267582597e-05,6.19010727394145e-05,8.19776267582597e-05,6.19010727394145e-05,9.19117699532941e-05,9.05797374545331e-05
ID_IT9MAB,0.0652450543439295,0.0761811133188049,0.0652450543439295,0.0761811133188049,0.0652450543439295,0.0761811133188049
ID_YZ9922,0.000203653653774246,0.000201979439328891,0.000967946153109736,0.000945663208476042,0.000967946153109736,0.000945663208476042
ID_XCZR6Z,0.00459105576704503,0.00444464248450754,0.00459105576704503,0.00444464248450754,0.00459105576704503,0.00444464248450754
ID_POVU4C,4.54986426974895e-05,3.48217041911428e-05,0.000103466410669557,9.40890868420171e-05,0.000103466410669557,9.40890868420171e-05
ID_VCTTSG,8.43728915528267e-05,7.88050173206882e-05,0.000103851054752188,9.58283024188801e-05,0.000103851054752188,9.58283024188801e-05
ID_ZO2QTR,0.00022756668069431,0.000246377828559125,0.00022756668069431,0.000246377828559125,0.000364027691508295,0.000394295253505096
ID_UQLI5V,4.17379358605011e-05,3.81740654959922e-05,7.06379552918377e-05,6.36018044928147e-05,9.12879683888077e-05,8.99432252098777e-05
ID_DHVX41,0.00043035680544298,0.000519632240338343,0.00043035680544298,0.000519632240338343,0.00043035680544298,0.000519632240338343
ID_SZ244L,0.0053950397560015,0.00485280682027609,0.00894605659032979,0.00917419830375204,0.00894605659032979,0.00917419830375204
ID_T75BT1,3.86820509992868e-05,2.83474241318809e-05,9.36249709583671e-05,8.59755059656066e-05,9.36249709583671e-05,9.19121356621412e-05
ID_JCS18T,2.21925385254131e-05,1.68537474968155e-05,0.00014597439618315,0.00013349856386247,0.000366598353270071,0.000364817182576968
ID_910L6Y,0.000162430401581318,0.000118458695504386,0.000570387812330477,0.000501453893713678,0.000570387812330477,0.000558293777654427
ID_XAUH6E,0.000468564310825377,0.000529065797160733,0.000508860157701644,0.000529065797160733,0.000540980275816621,0.000604265937516611
ID_BK85LX,6.19508168400426e-05,6.44246862611308e-05,6.19508168400426e-05,6.44246862611308e-05,7.66659357702353e-05,7.44162223540407e-05
ID_JA5369,0.000185473154299156,0.000200324374288756,0.000185473154299156,0.000200324374288756,0.000185473154299156,0.000200324374288756
ID_0EPYYW,3.37852225701115e-05,2.65538231211105e-05,6.83008074576026e-05,6.24295953603026e-05,6.83008074576026e-05,6.24295953603026e-05
ID_GPFY9L,0.00019439246922127,0.000214059116384137,0.000223916804506765,0.000235174197510408,0.000223916804506765,0.000235174197510408
ID_53B01Q,1.97131528166429e-05,1.31642255620414e-05,3.0494090121489e-05,2.61428954725512e-05,3.76100810635961e-05,3.6242670156609e-05
ID_BAHEHY,3.54767557874488e-05,3.3599473685519e-05,9.25450747141342e-05,8.51060122119511e-05,9.25450747141342e-05,8.51060122119511e-05
ID_C1X1NC,0.000332957960795006,0.000321665922840785,0.000342769320188056,0.000347966171584563,0.000447341037438204,0.000486981237256296
ID_IZPAAG,3.80581760229959e-05,3.48812307879722e-05,8.82608583511135e-05,8.51778641522009e-05,8.82608583511135e-05,8.51778641522009e-05
ID_ZWFCLM,0.0446333314559042,0.0508915815089611,0.0446333314559042,0.0508915815089611,0.0446333314559042,0.0508915815089611
ID_A7UKVZ,0.00118869487558043,0.0010907498610956,0.00223513638596251,0.00216915543257017,0.00244000080879849,0.00241871424126602
ID_GN401Z,4.19856404705346e-05,3.67371961776271e-05,7.54414469647167e-05,6.64189277801455e-05,7.85181568149938e-05,7.41686169483084e-05
ID_N1WC7L,3.35984316108171e-05,2.34456877996634e-05,4.73248405208653e-05,4.19051788338173e-05,6.65113664234981e-05,6.49651277357446e-05
ID_60ZK2I,1.07222298339317e-05,6.35271231563677e-06,2.97280607335671e-05,2.46620669887818e-05,3.28167675280494e-05,3.00882036913526e-05
ID_GCE89L,0.00278719714054048,0.00342516822965531,0.00278719714054048,0.00342516822965531,0.00278719714054048,0.00342516822965531
ID_8GVR4A,4.33446833250615e-05,4.01683258698173e-05,5.5639489679437e-05,5.08284935843192e-05,5.5639489679437e-05,5.29732798063319e-05
ID_HTMPB2,0.00121564048851251,0.000744136250729681,0.0053673630453265,0.00483459459043583,0.0060131491623583,0.00587084569380944
ID_M0Z56V,5.68595517171746e-05,5.79648143235272e-05,9.93107014483598e-05,9.39755950669449e-05,9.93107014483598e-05,9.39755950669449e-05
ID_H0RGUD,0.000101656817877943,6.68774408582447e-05,0.000328889140596078,0.000325848012115167,0.000328889140596078,0.000326954911078713
ID_EZ948R,0.0159602132999552,0.0163389350713324,0.0159602132999552,0.0163389350713324,0.0159602132999552,0.0163389350713324
ID_733Z0L,0.000133651026827977,0.000160716006231212,0.000166613785766677,0.000160716006231212,0.000166613785766677,0.000160716006231212
ID_XZC1XA,2.23694159609555e-05,2.15913346234551e-05,2.23694159609555e-05,2.15913346234551e-05,2.79347794001721e-05,2.67370997257182e-05
ID_1UWDL1,0.000190635264456747,0.000183294159632232,0.000204339634567577,0.000187859656238017,0.000266316892188443,0.000271560827606997
ID_MIGRJM,0.000228484195213695,0.000265093255862503,0.000228484195213695,0.000265093255862503,0.000228484195213695,0.000265093255862503
ID_7HH53L,9.77242234607531e-06,5.66645679150335e-06,4.01643597569444e-05,3.35006319159599e-05,4.01643597569444e-05,3.35006319159599e-05
ID_8AKZAI,0.00790810076820557,0.00601206513027236,0.0165726139581558,0.0162505692229829,0.0233512640229917,0.0255751325408521
ID_Q80MZT,4.38240269856614e-05,3.44571781925817e-05,8.69870592878448e-05,7.39563164849787e-05,9.06030867353176e-05,8.40209155057468e-05
ID_ADNSWV,2.41387398385048e-05,1.68274181005934e-05,0.000321856824250068,0.000281702912556148,0.000321856824250068,0.000281702912556148
ID_6UCW4P,1.03314690502882e-05,6.12577016725949e-06,4.55000897630827e-05,3.82444030398537e-05,4.55000897630827e-05,4.06708754641938e-05
ID_VLC084,0.000109054161296216,0.000107802971200518,0.000274592946499978,0.000284298629210082,0.000274592946499978,0.000284298629210082
ID_G7TIWW,4.93875454683829e-05,4.434969423665e-05,0.000153929205859329,0.000146643963198742,0.000153929205859329,0.000146643963198742
ID_QY3MHP,4.03502899368955e-05,2.84906753079292e-05,0.000653899043434329,0.000688359999083848,0.00077881692242921,0.000818059513297323
ID_J74M23,0.00583376654785955,0.00590860915860071,0.0158970760978712,0.0163776762813791,0.0158970760978712,0.0167123866559014
ID_SRKWYT,0.00116687208682714,0.000896718487719186,0.00116687208682714,0.000896718487719186,0.00116687208682714,0.000896718487719186
ID_3H40OX,0.000529643060988803,0.000447724576564477,0.000529643060988803,0.000447724576564477,0.000541668919222237,0.00057706532567575
ID_8MRLEX,1.15562432361276e-05,8.38181400357266e-06,4.66844550320819e-05,4.19835817644368e-05,7.50167660721777e-05,7.26921023262349e-05
ID_7UZ55C,1.19289906180464e-05,6.7991594060457e-06,3.63299448770108e-05,3.02729881506639e-05,4.4081936738822e-05,4.10913350357945e-05
ID_GN7SOH,1.94849902365797e-05,1.16449264945823e-05,0.000299902927189421,0.000259200363927809,0.000299902927189421,0.000259200363927809
ID_0V5W7R,0.00578437567927963,0.00605102320041357,0.00661061409000463,0.00686761194635156,0.00661061409000463,0.00686761194635156
ID_UAFWJ8,0.0030682128224259,0.00320752412399647,0.0030682128224259,0.00320752412399647,0.00339236908431738,0.00379385373960122
ID_5GKAF9,0.000268887069634032,0.000221143678380354,0.000483855395188387,0.00048372593007142,0.000483855395188387,0.00048372593007142
ID_ML1SA5,1.70195202445214e-05,1.01085636385557e-05,3.52879512233482e-05,2.98311276378831e-05,5.86697634792736e-05,5.52159457128166e-05
ID_ZBDVJD,1.75085702120868e-05,1.12262136653489e-05,4.74715646619347e-05,3.96726405022906e-05,4.74715646619347e-05,4.30789455868507e-05
ID_54A9SS,0.00355097918009034,0.0028122443648542,0.0073144000661406,0.00729631094403401,0.0208242237857444,0.0235380773814989
ID_WHC7HZ,2.1683137931545e-05,1.33213064904937e-05,6.41307789813853e-05,5.49224323543832e-05,8.45192501823184e-05,7.80327937004879e-05
ID_MA8GLI,9.63902558702173e-05,8.87708710196826e-05,0.000119685908813709,0.000112947019634885,0.000119685908813709,0.000112947019634885
ID_MGLJCN,4.25959871432332e-05,4.19896796835528e-05,4.25959871432332e-05,4.19896796835528e-05,4.25959871432332e-05,4.19896796835528e-05
ID_II16H0,0.000142046638120423,0.000152695577057245,0.000149699466471452,0.000152695577057245,0.000149699466471452,0.000152695577057245
ID_TD09UQ,3.41882234589241e-05,2.62298176296751e-05,8.55166177552236e-05,7.84136469955585e-05,8.55166177552236e-05,7.84136469955585e-05
ID_EWJGNL,1.92921736333877e-05,1.57623618528641e-05,1.93827527166705e-05,1.66380526873135e-05,3.77216121942411e-05,3.71503112099835e-05
ID_UZW285,0.000118443215422176,9.31638529993955e-05,0.000486281031930207,0.000455800616383722,0.000486281031930207,0.000455800616383722
ID_EVBKW0,0.00921614059133284,0.0086729518315651,0.00921614059133284,0.0086729518315651,0.00921614059133284,0.0086729518315651
ID_YJ4QD4,6.90917793005139e-05,7.74762760730466e-05,6.90917793005139e-05,7.74762760730466e-05,6.90917793005139e-05,7.74762760730466e-05
ID_OREIPY,6.47743817392025e-06,3.91482351193963e-06,7.60833898405429e-05,6.49246005646272e-05,7.60833898405429e-05,6.49246005646272e-05
ID_YR9NYE,1.35769491949378e-05,9.45552723952631e-06,4.32289282658817e-05,3.79046051645975e-05,4.32289282658817e-05,3.79046051645975e-05
ID_O4F4HX,6.37311522664945e-05,5.0177472687902e-05,6.37311522664945e-05,5.0177472687902e-05,6.37311522664945e-05,5.0177472687902e-05
ID_1H0I48,0.000544407007600407,0.000660424664160255,0.000544407007600407,0.000660424664160255,0.000544407007600407,0.000660424664160255
ID_B3CDOU,0.000171916836248703,0.000183436188629193,0.000171916836248703,0.000183436188629193,0.000183666235003298,0.000187620517469385
ID_MVEV3V,3.04442019662713e-05,2.30126644597875e-05,6.56111388147011e-05,5.79412443378181e-05,6.56111388147011e-05,5.79412443378181e-05
ID_54OCQC,0.0148552385450833,0.0109523783230828,0.0610540794729276,0.0533011217887178,0.137046996456669,0.132082467077297
ID_H6CCOD,0.000114254741745156,0.000102639166883417,0.000137865903955774,0.000121288717398233,0.000155621109320562,0.000150060554045792
ID_0S1SU1,0.00228352116214917,0.00177990059002544,0.00711804869665379,0.0067934671203221,0.00711804869665379,0.0067934671203221
ID_P33RH4,5.00597811921522e-05,3.73039441488278e-05,0.000158529894708258,0.00013550708982605,0.000158529894708258,0.00013550708982605
ID_9FI442,0.0010145962370709,0.000793242850277569,0.0010145962370709,0.000793585781053559,0.0010145962370709,0.000851748166467593
ID_G6NIUE,0.000159969303255009,0.000162318766873831,0.000232180357876814,0.000227099781326775,0.000244431566728094,0.000245932777236718
ID_WRL982,9.82552591570141e-06,7.38664721299571e-06,2.56054234717775e-05,2.18962879471072e-05,3.89294652386201e-05,3.69050922400079e-05
ID_MDIKUJ,0.000254415090044013,0.000206584923232405,0.000459911159232396,0.000442192147659657,0.000535358009812944,0.000584059714145665
ID_NM6OXC,9.25531488657382e-05,8.62626709319846e-05,0.00015304556344371,0.000142824341810549,0.000186050615193694,0.000182712227904336
ID_2ZBL24,2.45264771104762e-05,2.0971670544556e-05,6.73454058541983e-05,6.29036154766869e-05,7.94920306606194e-05,7.5449375758889e-05
ID_P1B4GG,0.000275806825505017,0.000205846586955103,0.00289759017887277,0.00274140760328202,0.0036364579786804,0.0041412331103917
ID_51HR8B,1.68191692961769e-05,1.26709795787996e-05,3.79485407414521e-05,3.31497940172692e-05,4.46093834543764e-05,4.22776638083099e-05
ID_KUJ9FC,1.69863363404114e-05,1.31193744621933e-05,7.57754626947287e-05,6.74731808625007e-05,8.23731172534719e-05,7.94943954059945e-05
ID_CYJMO0,0.00011084754914045,9.68867023438462e-05,0.000223507638416598,0.000197440739882371,0.000223507638416598,0.000197440739882371
ID_2UAKPX,0.00218224366191049,0.00186111779196491,0.00533854880045477,0.00547894768934016,0.00668087820130133,0.00715425571206533
ID_GW81H7,4.65912823153235e-06,2.91238976096662e-06,3.7373508512743e-05,3.13368804648787e-05,3.7373508512743e-05,3.3966308133606e-05
ID_P5VG1W,6.24220512294474e-05,5.48531647806508e-05,6.24220512294474e-05,5.48531647806508e-05,9.2857123406601e-05,8.93765377075339e-05
ID_9DXFRR,3.22579276979145e-05,2.45943164319493e-05,6.62786427671751e-05,5.56664840040903e-05,0.000125245866501921,0.00012495428912001
ID_IYKBYV,0.132196316979853,0.121405159048588,0.475798362731878,0.503351283523375,0.475798362731878,0.503351283523375
ID_2R99F6,0.00294968189238872,0.00280766679907908,0.0039672481260407,0.00367307764499112,0.00694617906129733,0.00670231792990243
ID_HR5HVM,5.22140893829732e-05,4.35173347753315e-05,0.000292056408251491,0.000262396971450112,0.000292056408251491,0.000262396971450112
ID_JHKAO1,3.90171598541703e-05,3.42851172876391e-05,8.37918588791049e-05,7.35824466938828e-05,8.37918588791049e-05,7.35824466938828e-05
ID_TIBN4U,2.72266247870085e-05,1.83151340364197e-05,0.000430900948296708,0.000377672626786797,0.000430900948296708,0.000377672626786797
ID_28EYPT,0.0059345724697799,0.00465065970915404,0.0159200487371697,0.0152551981120239,0.0166525077050475,0.016336661640165
ID_4OFTW1,0.00128687902617373,0.00123159457001765,0.00131831411787723,0.00127712492000288,0.0014288927816234,0.00141604848294548
ID_B2X1DI,8.32773354292092e-05,6.07409245364282e-05,0.000254473703956066,0.00022169643980033,0.000254473703956066,0.00022169643980033
ID_IKDMI9,2.30064483903016e-05,1.74106405615418e-05,3.63280554568677e-05,3.02919820179313e-05,4.12275156855782e-05,3.85284979552849e-05
ID_9TQ75E,3.22265163537369e-05,2.02301641312249e-05,5.52507816697777e-05,4.65530349948758e-05,5.52507816697777e-05,4.65530349948758e-05
ID_DE895W,0.00977679547879685,0.00883128371412036,0.00977679547879685,0.00883128371412036,0.00977679547879685,0.0106275151934757
ID_ZX0HBQ,2.85105477782212e-05,2.62379916395588e-05,2.91033205049607e-05,2.65641383846616e-05,2.93419515266636e-05,2.80041311062402e-05
ID_EA1206,1.85975756393688e-05,1.12155246187202e-05,6.04285025656587e-05,5.2174258964887e-05,0.000119041779821872,0.000122058774879544
ID_SVZ7XA,8.28524831728529e-06,5.1847632919826e-06,0.000193490721453073,0.000174203456968079,0.000274950765797697,0.000271491670914224
ID_94MXFN,3.27942503463983e-05,2.75512796502275e-05,8.61348854601678e-05,8.02369970006226e-05,9.13722051040887e-05,9.11604615812337e-05
ID_0A1W1B,0.000102145580270145,8.12585663247489e-05,0.000102145580270145,8.12585663247489e-05,0.00012159611286123,0.000118242256264744
ID_8XLXKL,0.00019098809822056,0.000203931025532034,0.00022958948332377,0.000228558237270519,0.00022958948332377,0.000228558237270519
ID_SUPIL0,4.01129608969118e-05,2.24931512621148e-05,6.94340667157439e-05,5.68295589125304e-05,0.000112086567437569,0.000102584127232468
ID_H9HY14,2.50484773801769e-05,2.26096719692419e-05,0.000232149228579505,0.000212898565847703,0.000232149228579505,0.000212898565847703
ID_9V9BNJ,2.69837961620552e-05,1.91863020211521e-05,3.14390560085147e-05,2.70691331661593e-05,3.16573734441306e-05,2.93656276743764e-05
ID_8XAE26,0.00312015410077381,0.00272373917337105,0.00407487014608884,0.00396835122167181,0.00407487014608884,0.00400297779668067
ID_GARNGB,0.0185873365677699,0.0195881019273419,0.0185873365677699,0.0195881019273419,0.0185873365677699,0.0195881019273419
ID_UJT70Q,4.58606796853946e-05,3.55766941624135e-05,9.7756710359472e-05,9.12355485140501e-05,9.7756710359472e-05,9.12355485140501e-05
ID_9RTFXI,5.82879851446583e-05,3.40009269921413e-05,0.000153434633883179,0.000127447377167021,0.000175217455420687,0.000160524891229245
ID_Z1LRYM,0.00111357832471548,0.000925260359339034,0.00111357832471548,0.000925260359339034,0.00111357832471548,0.000925260359339034
ID_CKRXHI,7.37876428934803e-05,5.07054902385482e-05,0.000198764122183629,0.000175148355726961,0.000342886803371328,0.000338430748840611
ID_8QIBCL,3.8524284367228e-05,3.42954277599478e-05,7.99448086935846e-05,7.39098520008429e-05,7.99448086935846e-05,7.39098520008429e-05
ID_BRNJFB,2.1683137931545e-05,1.33213064904937e-05,6.41307789813853e-05,5.49224323543832e-05,8.45192501823184e-05,7.80327937004879e-05
ID_CV5P86,5.6979512425162e-05,5.20037999586722e-05,0.000125118300564674,0.000119748558495737,0.000125118300564674,0.000119748558495737
ID_ECWV3B,1.98298530137214e-05,1.23595101131192e-05,7.13090101774281e-05,6.20293801093142e-05,8.60975300291108e-05,8.5142648354339e-05
ID_BKPXHW,6.54572450886913e-05,7.51414156955299e-05,6.54572450886913e-05,7.51414156955299e-05,6.54572450886913e-05,7.51414156955299e-05
ID_GU8TDA,5.21937898458766e-05,4.52124528128953e-05,0.000171072474643147,0.000155968525983919,0.000178732581689408,0.000183452194752842
ID_A7GQU5,3.70157318883102e-05,3.63321220813269e-05,3.70157318883102e-05,3.63321220813269e-05,3.70157318883102e-05,3.63321220813269e-05
ID_E94KOM,0.14314835170916,0.150801879776806,0.215976358049816,0.212806230461337,0.215976358049816,0.212806230461337
ID_8UX59T,2.75403570138297e-05,2.01427857693046e-05,2.83389583693422e-05,2.39572990386576e-05,3.36790770182722e-05,3.16775738999262e-05
ID_N9NW32,0.00485978763914384,0.00499633258588639,0.00485978763914384,0.00499633258588639,0.00485978763914384,0.00499633258588639
ID_7M6M1B,0.00302012584909385,0.00352662087966424,0.00302012584909385,0.00352662087966424,0.00302012584909385,0.00352662087966424
ID_SG931P,0.000220567051236537,0.000232064557055143,0.000220567051236537,0.000232064557055143,0.000220567051236537,0.000232064557055143
ID_SB3Z4O,7.84079757599745e-05,7.01659898244116e-05,0.000240104597170373,0.000231053061045625,0.00027460431092391,0.000277590940913769
ID_B5C6RJ,5.74826125531023e-05,4.7296879399674e-05,0.000419967522611022,0.000371641597727676,0.000419967522611022,0.000371641597727676
ID_C8ZEBX,7.50927717894534e-05,5.9539020488114e-05,0.000231870671243284,0.000194983252195225,0.000231870671243284,0.000194983252195225
ID_6WQFJU,0.000833787235669731,0.000666126505948039,0.00505786601021741,0.00516474073665538,0.00505786601021741,0.00516474073665538
ID_T9Y63Y,0.000180417038658583,0.000189546092633991,0.000231921837050999,0.000222453806528862,0.000325903477178962,0.0003272685036068
ID_IWBKMP,0.000165917504843763,0.000186946564730043,0.000165917504843763,0.000186946564730043,0.000165917504843763,0.000186946564730043
ID_EAJN9C,4.87620226529622e-05,3.88106265367366e-05,0.000601240508258362,0.000594350982743588,0.000601240508258362,0.000594350982743588
ID_U2F392,5.06204881134268e-05,3.80924045414305e-05,0.000130951018146396,0.000116797245735268,0.000130951018146396,0.000116797245735268
ID_JU8JNI,8.24211298888977e-05,8.01216759062367e-05,8.24211298888977e-05,8.01216759062367e-05,0.000112742803162065,0.000109403656676544
ID_QKDUFH,3.370023934036e-05,2.64917363392823e-05,6.37140122286666e-05,5.82903561231665e-05,6.37140122286666e-05,5.82903561231665e-05
ID_ESYJ2B,9.97701666709641e-05,7.60887041695533e-05,9.97701666709641e-05,7.60887041695533e-05,0.000130714750467433,0.000127442965834293
ID_9972R1,9.67619404516913e-05,9.30298555608639e-05,0.00012105108317136,0.000112390509327477,0.000121651907798133,0.000121867670040441
ID_MG1GRK,4.89643243102937e-05,4.01348422124056e-05,0.000142181881089466,0.000126631330425549,0.000142181881089466,0.000136381360624556
ID_Q7ZF74,0.085591155584653,0.100711272092732,0.085591155584653,0.100711272092732,0.085591155584653,0.100711272092732
ID_B7O2ZN,3.39204468164246e-05,2.07715530483736e-05,6.03123472580849e-05,4.96085261340019e-05,9.66095756586965e-05,9.03160600776126e-05
ID_T74SPZ,0.00364777797097873,0.0035339461688918,0.00364777797097873,0.0035339461688918,0.00364777797097873,0.0035339461688918
ID_II3KSP,2.22778587600581e-05,1.71996831536177e-05,5.31316867255548e-05,4.85255556056063e-05,5.91770133556548e-05,5.60219938542946e-05
ID_DYA9YK,0.000124291498519296,0.000133935646512935,0.00031841081604597,0.000335475501623372,0.00031841081604597,0.000335475501623372
ID_B2EQV1,0.000405545041599017,0.000365774983428797,0.000405545041599017,0.000365774983428797,0.000405545041599017,0.000365774983428797
ID_SLZDS2,8.77291575412842e-06,5.45518965820972e-06,2.84001206404123e-05,2.33560604074012e-05,5.0503453452994e-05,4.7318942104929e-05
ID_GJUTJ6,0.000138166267428643,0.000131337753141751,0.00261316928651284,0.00273895079521953,0.00261316928651284,0.00273895079521953
ID_TOELN0,0.0114181302752559,0.00985967207045287,0.0139753230704065,0.0134706960427312,0.0139753230704065,0.0135845502823986
ID_NSVW0U,6.02190670899519e-05,5.67759808255098e-05,0.000135165652811785,0.000122359979180949,0.000135165652811785,0.000122359979180949
ID_KM14WW,6.5071803634316e-05,5.60358609811438e-05,9.56478678785136e-05,9.0487550462831e-05,9.56478678785136e-05,9.0487550462831e-05
ID_KU8IY3,0.469579803635704,0.485688052611344,0.599539248138682,0.618573397413378,0.642448978794504,0.689519680486304
ID_LVSOMI,0.000261415343557753,0.000252812481842646,0.000293736071955594,0.000283190451035626,0.00038453492202685,0.000393677688099625
ID_KDHH6J,1.44687883757594e-05,1.006740423158e-05,3.96627478601249e-05,3.25956060139904e-05,4.27441997979183e-05,4.01686176513564e-05
ID_IVGM81,3.52911480683599e-05,2.9253799816862e-05,6.20144864767504e-05,5.21400752134133e-05,6.20144864767504e-05,5.21400752134133e-05
ID_N8X2DM,2.26660206005207e-05,1.42667667727205e-05,0.000463532127797639,0.000408578506122024,0.000463532127797639,0.000408578506122024
ID_XNJ95S,3.29639953456174e-05,2.73227501237646e-05,4.51234394303684e-05,3.94912954042788e-05,7.15760957675638e-05,6.762926370912e-05
ID_HRFMYC,0.000107452266007453,8.36705895501299e-05,0.000602570014517549,0.000576192701595146,0.000602570014517549,0.000576192701595146
ID_K440VM,9.59914894103858e-05,9.54106836474311e-05,0.000136357510509491,0.000128700691668804,0.000136357510509491,0.000128700691668804
ID_775Y66,0.0297195140539847,0.0353932464780778,0.0297195140539847,0.0353932464780778,0.0693889644872496,0.0800865434202439
ID_R18GZ6,5.48172011232886e-05,4.58274557720368e-05,0.000213459131451465,0.000185642796674971,0.000213459131451465,0.000185642796674971
ID_B7QGQV,0.000757428824355974,0.000797510960656391,0.000757428824355974,0.000797510960656391,0.0012934620466922,0.00131942608505918
ID_4JJJZB,0.00017015809652341,0.000158720163768299,0.00017015809652341,0.000158720163768299,0.00017015809652341,0.000158720163768299
ID_41NA8W,2.37135449999236e-05,1.85160821024836e-05,0.000196626423314193,0.000186355444905395,0.000196626423314193,0.000186355444905395
ID_YU423E,4.22259072276579e-05,3.7731815309146e-05,6.95847996103469e-05,6.23429023560505e-05,9.00294503565064e-05,8.80878510431637e-05
ID_QCP4DY,8.96706459774009e-05,7.69756918125971e-05,0.00039339558261297,0.00036829832940805,0.00039339558261297,0.00036829832940805
ID_ZJP4KO,5.42880872674988e-05,4.94401142265226e-05,0.000116972901902515,0.000117267550629618,0.000141133285122587,0.000149127724167543
ID_3PM5TY,0.00094102206970351,0.00109035521640257,0.00094102206970351,0.00109035521640257,0.00094102206970351,0.00109035521640257
ID_TJMU1U,7.1984852359521e-05,7.29548653589401e-05,7.38542125633069e-05,7.29548653589401e-05,7.38542125633069e-05,7.29548653589401e-05
ID_O6E93Q,0.00073091139547727,0.000712229179563233,0.00221900982683827,0.00236900747738617,0.00221900982683827,0.00236900747738617
ID_CYGOO8,2.11192185071488e-05,2.00789548640772e-05,2.11192185071488e-05,2.00789548640772e-05,3.29916188234173e-05,3.19685409443453e-05
ID_5I780C,1.84133625930048e-05,1.32037690703474e-05,7.36622988060243e-05,6.49497721367187e-05,7.36622988060243e-05,6.74488906786719e-05
ID_IJCL0H,0.000125399387642017,0.000131920844456041,0.000125399387642017,0.000131920844456041,0.000125399387642017,0.000131920844456041
ID_6UV94Z,0.000110126151602916,0.000119837304914828,0.000110126151602916,0.000119837304914828,0.000110126151602916,0.000119837304914828
ID_90FA7U,0.000665112135438582,0.000397737135307752,0.00331861780182603,0.00313933844181215,0.00331861780182603,0.00327781000786765
ID_5I0I2K,3.20854206487311e-05,2.81772679815655e-05,0.000307790295127337,0.000289855770308297,0.000307790295127337,0.000289855770308297
ID_I3TWPN,0.000214899737468047,0.000172186582930926,0.000214899737468047,0.000172186582930926,0.00032900895761946,0.000347403941335894
ID_S6GDVH,7.07048085117254e-05,7.20709865650435e-05,7.07048085117254e-05,7.20709865650435e-05,7.07048085117254e-05,7.20709865650435e-05
ID_U7DE1J,0.000113594979688986,0.00012302925690648,0.000113594979688986,0.00012302925690648,0.000113594979688986,0.00012302925690648
ID_RRHEAY,2.46995491933206e-05,1.90078600427345e-05,0.000140599702796309,0.000130503518736519,0.000354780345692201,0.000356342138281883
ID_2SWR73,5.92788729335083e-05,6.06455522907234e-05,5.92788729335083e-05,6.06455522907234e-05,5.92788729335083e-05,6.06455522907234e-05
ID_S12YPO,0.11402575429477,0.124340003165226,0.117732108436808,0.124340003165226,0.117732108436808,0.124340003165226
ID_4OHSTT,5.51635522389181e-05,3.49439111360957e-05,0.000184418461248491,0.000160902617830297,0.000207014320462654,0.000197010867659507
ID_HPQ2YK,2.97408775322909e-05,2.03141582926202e-05,0.000102003019544199,9.30007398993041e-05,0.000102003019544199,9.30007398993041e-05
ID_94CW70,9.25712394169487e-05,9.15692814514325e-05,0.000292420923530235,0.000281313906845023,0.000354588879320451,0.000388955016978272
ID_I06XZJ,5.43594973055371e-05,4.7065572836505e-05,0.000102949668982044,9.94569423534581e-05,0.000131800828583302,0.000136042601587075
ID_QWOZQ4,2.92611695329364e-05,2.07896260401801e-05,2.92611695329364e-05,2.18890188413796e-05,3.1026785664455e-05,2.86449946263865e-05
ID_NX6J76,1.18408123497163e-05,7.812803937288e-06,3.75942302162661e-05,3.09172645948356e-05,3.75942302162661e-05,3.57347204280983e-05
ID_XI9QKS,0.000138166267428643,0.000131337753141751,0.00261316928651284,0.00273895079521953,0.00261316928651284,0.00273895079521953
ID_ENM2XK,3.16924925265793e-05,2.84882253334246e-05,0.000270516771904189,0.000244607997115811,0.000270516771904189,0.000244607997115811
ID_XWNBF6,0.000205893661006144,0.000172957241866392,0.000276887868295449,0.000258283785238399,0.000276887868295449,0.000258283785238399
ID_NBOI6E,5.15877406376037e-05,5.09709842207671e-05,5.9287535728336e-05,5.51686978559587e-05,5.9287535728336e-05,5.76972673304537e-05
ID_GMAXQ3,6.47890332163377e-05,5.85416692276166e-05,0.00032112070722272,0.000289029826307201,0.00032112070722272,0.000289029826307201
ID_2IW233,8.55330819547492e-05,8.84494778921735e-05,8.55330819547492e-05,8.84494778921735e-05,8.55330819547492e-05,8.84494778921735e-05
ID_75H233,2.54436004176493e-05,1.92709870636664e-05,5.26853029106187e-05,4.65643372825012e-05,5.26853029106187e-05,4.69718034587525e-05
ID_NMESH4,3.1604476332268e-05,3.05173300437768e-05,3.29093177300456e-05,3.05173300437768e-05,3.33512560320289e-05,3.20159781920413e-05
ID_BF07MI,9.59439455995032e-05,7.16012593823245e-05,0.000289747306507616,0.00025960237831849,0.000289747306507616,0.00025960237831849
ID_Z5G2VW,0.000878263544389805,0.00090143735771049,0.000878263544389805,0.00090143735771049,0.00189092464698834,0.00196958312669151
ID_47HOMT,2.1683137931545e-05,1.33213064904937e-05,6.41307789813853e-05,5.49224323543832e-05,8.45192501823184e-05,7.80327937004879e-05
ID_VGN8QR,0.000109474444774319,8.76683848767719e-05,0.000397868230403819,0.000387377935656691,0.000397868230403819,0.000387377935656691
ID_YHO3I2,0.000197913544780112,0.000235102827781447,0.000197913544780112,0.000235102827781447,0.000197913544780112,0.000235102827781447
ID_0CQMTS,3.47756423266158e-05,2.47186162150633e-05,0.000130217658695497,0.000116665061929818,0.000130217658695497,0.000116665061929818
ID_16FUTF,4.38850482597457e-05,3.20321579162666e-05,0.000571794668343287,0.000596249484051022,0.000685112988563873,0.000711964679421591
ID_HJ5KUJ,0.00124003822059516,0.000989278016789178,0.00167906847384644,0.00146822192476598,0.00167906847384644,0.00152347551176249
ID_EG3WG1,1.09335308457098e-05,7.08006389588867e-06,9.61528833594148e-05,8.58893263066227e-05,0.000108243648756265,0.000104889220450294
ID_WJ9PEO,0.00120195647858613,0.00095041793230312,0.00120195647858613,0.00095041793230312,0.00120195647858613,0.00095041793230312
ID_HCCTFN,6.07629098063294e-05,4.25426953003381e-05,0.000161006389469942,0.000136813944872508,0.000161006389469942,0.000136813944872508
ID_QUV2SL,0.00467158516579823,0.00423509515428457,0.00467158516579823,0.00423509515428457,0.00467158516579823,0.00423509515428457
ID_CJ57AV,4.31691425507823e-05,3.9677535139347e-05,0.000161234572722745,0.000173645554377589,0.000161234572722745,0.000173645554377589
ID_348H1F,0.000169322042989957,0.000175349307683595,0.000353620164260249,0.000336885974850882,0.000353620164260249,0.000336885974850882
ID_88HS7P,9.36904788299402e-05,8.04721702983033e-05,9.36904788299402e-05,8.04721702983033e-05,9.36904788299402e-05,8.04721702983033e-05
ID_84GSJO,0.000219337555263638,0.000232909846498379,0.000324803613426648,0.000355560697691997,0.000324803613426648,0.000355560697691997
ID_1UYN03,0.000325047233900609,0.00029433172170361,0.000671473906940623,0.000639963926548403,0.000671473906940623,0.000639963926548403
ID_NZIYML,5.10168965460212e-05,5.16345210503576e-05,5.85783638257641e-05,5.49383114625079e-05,7.45330135091711e-05,7.35838061194168e-05
ID_IGHXNY,0.00015670089305672,0.000153238736448435,0.000558876438161958,0.000543218812977984,0.000558876438161958,0.000543218812977984
ID_PPMQQ3,2.6161757979705e-05,2.36402929566355e-05,2.62911565011453e-05,2.36402929566355e-05,2.96440008716469e-05,2.81694638008475e-05
ID_VCFVPX,1.52576393665303e-05,1.23110989317552e-05,5.33296816955261e-05,5.13916649052819e-05,6.25619503590992e-05,6.14426077219475e-05
ID_CLJ4A6,3.00611755181797e-05,2.52197403319796e-05,4.06605048239563e-05,3.65174039336727e-05,4.06605048239563e-05,3.65174039336727e-05
ID_PVEL7W,3.9347188248267e-05,2.70410626475272e-05,5.26270250764019e-05,4.3879960710619e-05,7.08119271909788e-05,6.7500566276109e-05
ID_85BO18,9.94065567254168e-05,0.000100617934027772,9.94065567254168e-05,0.000100617934027772,9.94065567254168e-05,0.000100617934027772
ID_B3KWIH,0.000178574103298629,0.000197592750281721,0.00019792441286483,0.000205002220888956,0.00019792441286483,0.000205002220888956
ID_X56U7A,2.29759179403044e-05,2.01544897631495e-05,0.000155757928381324,0.000147346120790288,0.000155757928381324,0.000154921425208132
ID_GQKCKG,0.001289727569275,0.00106871091346353,0.001289727569275,0.00106871091346353,0.001289727569275,0.00127359588519652
ID_80I3YJ,4.22415256607947e-05,3.68910371556243e-05,5.63450816458179e-05,4.90671611324902e-05,5.78982961667037e-05,5.72525397263321e-05
ID_9QR9WA,0.000257247751707877,0.000317651401085199,0.000257247751707877,0.000317651401085199,0.000257247751707877,0.000317651401085199
ID_4IB9N7,1.55089823198861e-05,1.07274370201485e-05,3.9718101043496e-05,3.26254198984594e-05,4.46205936406408e-05,4.19644588448089e-05
ID_5B2N7E,0.00458744084789903,0.00442402154944344,0.00483521429544617,0.00442402154944344,0.00483521429544617,0.00450042536014424
ID_YHLHJU,1.2371403545536e-05,7.37733165242069e-06,3.90313932838278e-05,3.2695494233604e-05,3.90313932838278e-05,3.54220649689097e-05
ID_ACNM6Y,0.024633450598901,0.022136863818344,0.024633450598901,0.022136863818344,0.024633450598901,0.022136863818344
ID_ACVINX,0.0111649133965389,0.0110390813261018,0.0111649133965389,0.0110390813261018,0.0111649133965389,0.0110390813261018
ID_DTD1QY,4.5419806144182e-05,3.72993292685121e-05,0.000151470938309737,0.000141352152665307,0.000151470938309737,0.000141352152665307
ID_8D2UXI,5.14659233418413e-05,4.09579778567027e-05,0.000217645758548204,0.000220133042470993,0.000217645758548204,0.000220133042470993
ID_0RNKFD,5.38168458624109e-05,3.37915320327082e-05,0.000576267146851203,0.000579900312312196,0.000717575380377996,0.000832567625986921
ID_O76VHW,2.51056382700016e-05,2.10362417911434e-05,3.04189062793718e-05,2.68019126077782e-05,3.04189062793718e-05,2.71814114632298e-05
ID_XVPUUZ,0.02100924800663,0.0214571420459378,0.02100924800663,0.0214571420459378,0.02100924800663,0.0214571420459378
ID_T5TMGO,0.623664451773892,0.699580183194431,0.623664451773892,0.699580183194431,0.623664451773892,0.699580183194431
ID_7841GQ,0.000124630297820832,9.60150278422152e-05,0.00027181712023801,0.00026089775087834,0.00027181712023801,0.00026089775087834
ID_BOVCXK,8.88582613838899e-05,0.000101918055737531,8.88582613838899e-05,0.000101918055737531,8.88582613838899e-05,0.000101918055737531
ID_BKMKQW,1.23714018660918e-05,8.43119827505815e-06,2.42382543032403e-05,2.01860096071117e-05,3.17593113261285e-05,2.99336047942998e-05
ID_5QBTV9,4.26686198692142e-06,2.72212737139229e-06,2.33571663966785e-05,2.01004375673135e-05,2.9691802143955e-05,2.87010804857975e-05
ID_9BLHQS,8.89118796105723e-05,9.43218284246841e-05,0.000175676252106687,0.000172416259871524,0.000175676252106687,0.000172416259871524
ID_GAHF28,0.000133561637860983,0.000122396511504131,0.00277947880840126,0.00287000042618478,0.00277947880840126,0.00287000042618478
ID_8QIBGT,0.0316918779835736,0.0328318872260226,0.0707963853809219,0.0707669611467509,0.0787533630212643,0.0836396284279866
ID_Y99CP1,9.6866512524204e-05,9.30695995392687e-05,0.000110612674395294,0.000105303559727014,0.000110612674395294,0.000105303559727014
ID_3M1E7H,3.34175661091626e-05,2.65202156469229e-05,0.0003346059533547,0.000310012024950559,0.0003346059533547,0.000310012024950559
ID_6U3FDV,0.00015277888350621,0.000159575041748837,0.00015277888350621,0.000159575041748837,0.00015277888350621,0.000159575041748837
ID_0L0GWJ,6.18309128172058e-05,4.29309279324693e-05,0.000341088286947871,0.000335209844501242,0.000386061747701116,0.000379090518834611
ID_IR8LH0,0.000116464805858831,8.50044403264342e-05,0.000116464805858831,8.50044403264342e-05,0.000116464805858831,0.000106324766369976
ID_0LJATN,0.00459105576704503,0.00444464248450754,0.00459105576704503,0.00444464248450754,0.00459105576704503,0.00444464248450754
ID_2TM2XS,2.39807262731373e-05,1.86169273340151e-05,2.5679650046489e-05,2.10646729576681e-05,4.46270984444002e-05,4.17523843456128e-05
ID_HD9ID6,9.17561158278389e-05,9.38742203053899e-05,0.000180894620109838,0.000177298285179292,0.000180894620109838,0.000177298285179292
ID_FK332O,0.00616592472407176,0.00675766958357911,0.00616592472407176,0.00675766958357911,0.00630308631024575,0.00675766958357911
ID_VTBHST,1.55108357976593e-05,1.1497099332864e-05,3.18766136472715e-05,2.77107864476704e-05,3.57746102282913e-05,3.36616541688902e-05
ID_YGG57K,1.96103608726714e-05,1.72159092090967e-05,0.000153425721074927,0.000144371101769469,0.000161015949563792,0.00016006871643202
ID_W3HZK9,5.69941865377716e-05,4.89993824769544e-05,0.000349684859160264,0.00031340860611349,0.000349684859160264,0.00031340860611349
ID_3X96G5,1.85712481882769e-05,1.24481566111407e-05,6.64048265186719e-05,5.77683312624588e-05,6.64048265186719e-05,5.77683312624588e-05
ID_BIVD7V,1.43264777827183e-05,9.2379541618621e-06,5.10736508020154e-05,4.18738534964352e-05,5.10736508020154e-05,4.27407814382665e-05
ID_D7R1NQ,0.00892713098142196,0.00714584081331084,0.00892713098142196,0.00714584081331084,0.0125243613601302,0.0118055340650003
ID_O3271L,0.00166226061736045,0.00139957469106595,0.00221080924124792,0.00221351242767268,0.00221080924124792,0.00221351242767268
ID_QDACDO,0.000894981439782744,0.00108345849855877,0.000894981439782744,0.00108345849855877,0.000894981439782744,0.00108345849855877
ID_KQBP25,0.000208341973221977,0.000205676283791826,0.000265009413930528,0.000263734219218906,0.000572717018664809,0.000605671530485074
ID_3410TA,0.000200124318892827,0.000218335663171285,0.00023003818822977,0.00024089584725759,0.00023003818822977,0.00024089584725759
ID_CVP7U0,0.000153147129087962,0.000160255567535589,0.000153147129087962,0.000160255567535589,0.000153147129087962,0.000160255567535589
ID_AR0M29,3.00611755181797e-05,2.52197403319796e-05,4.06605048239563e-05,3.65174039336727e-05,4.06605048239563e-05,3.65174039336727e-05
ID_JQMJO8,5.09817247398435e-05,3.31254982058818e-05,0.000188069891704179,0.000167416427478062,0.000188069891704179,0.000167416427478062
ID_GOXE3K,5.05800710273357e-05,4.78219093127775e-05,5.67620662100809e-05,5.14178583372289e-05,6.4753654523357e-05,6.32068519150994e-05
ID_IF01BZ,0.200717725832246,0.245682064635872,0.200717725832246,0.245682064635872,0.200717725832246,0.245682064635872
ID_L6J9SJ,3.68834631361883e-05,2.47176341207351e-05,7.34609352771214e-05,6.14018583987141e-05,8.37424497285211e-05,8.20904379731387e-05
ID_GFGBJP,3.80542786938921e-05,3.86504551119911e-05,3.80542786938921e-05,3.86504551119911e-05,3.80542786938921e-05,3.86504551119911e-05
ID_Y8QP8D,7.22418170370232e-06,5.00424506942048e-06,2.5022366201486e-05,2.16226847382729e-05,2.51393578328261e-05,2.41111660882272e-05
ID_04DJLK,0.000221862720097546,0.000161631468967951,0.000434325968097985,0.000418547718185166,0.000434325968097985,0.000418547718185166
ID_63DZQ1,5.78872575061338e-05,5.64773734493117e-05,5.78872575061338e-05,5.64773734493117e-05,5.78872575061338e-05,5.64773734493117e-05
ID_D785R6,2.32105705856886e-05,1.84360404595551e-05,4.72883284899613e-05,4.28177666272523e-05,4.72883284899613e-05,4.28177666272523e-05
ID_CRMQQO,1.83166881198077e-05,1.16904776343254e-05,7.16839611315281e-05,6.59802003726281e-05,7.54311378489657e-05,7.28957006611201e-05
ID_V44WY3,2.84884317411977e-05,2.00303830263768e-05,0.000118012820202899,0.000106433982502541,0.000118012820202899,0.000106433982502541
ID_49D2AR,5.55524609012341e-06,4.05479697883825e-06,1.51955483865586e-05,1.31547877268174e-05,1.86593771973045e-05,1.74130125489666e-05
ID_EXZ3UM,6.01049135790158e-05,5.13331144532554e-05,0.000370656185043066,0.000330366592255086,0.000370656185043066,0.000330366592255086
ID_0HGHQZ,9.67452724495413e-06,7.06533739748965e-06,3.51816908625505e-05,3.03236998845993e-05,3.51816908625505e-05,3.18426375507899e-05
ID_OKPFDW,6.41081591407774e-05,5.32336531241813e-05,0.000143110850861817,0.000130872616988936,0.000143110850861817,0.000130872616988936
ID_GJR246,5.30140943842676e-06,3.33621805806716e-06,2.64506341857414e-05,2.27343892955238e-05,2.64506341857414e-05,2.38398310618304e-05
ID_U13QTT,0.000126193974496114,0.000132806746397526,0.000126193974496114,0.000132806746397526,0.000126193974496114,0.000132806746397526
ID_D11XF1,2.24085428244517e-05,1.75373311526464e-05,0.000151307827902543,0.000140478430290248,0.000416297828058436,0.000418688131974493
ID_9PKSWB,0.00639572772607638,0.00651094372983646,0.00647287092112523,0.00653841670434738,0.00647287092112523,0.00653841670434738
ID_JBLH5N,0.000127499928577006,0.000122858693940766,0.000378782287245543,0.000397092045773205,0.000378782287245543,0.000397092045773205
ID_STBPWO,4.90946239784211e-05,5.35208094197746e-05,4.90946239784211e-05,5.35208094197746e-05,4.90946239784211e-05,5.35208094197746e-05
ID_FJI00V,0.00341002297580304,0.00336225943615198,0.00390255280101415,0.00384733478283124,0.00390255280101415,0.00384733478283124
ID_I8ZJUM,2.14651797510503e-05,2.06544193610086e-05,2.14651797510503e-05,2.06544193610086e-05,2.73529789231376e-05,2.62049313544377e-05
ID_OSSELX,0.000833787235669731,0.000666126505948039,0.00505786601021741,0.00516474073665538,0.00505786601021741,0.00516474073665538
ID_ZAKPQT,0.000247077107294687,0.000256315072287436,0.000247077107294687,0.000256315072287436,0.000434674312534922,0.000480996962330881
ID_S2R9OO,3.32148028276839e-05,2.77016276794831e-05,6.98808229856839e-05,6.55606835063499e-05,6.98808229856839e-05,6.55606835063499e-05
ID_QY83BU,4.34594771990942e-05,4.11896812821011e-05,0.000227529252122844,0.000224867517105884,0.000262879990951458,0.000269475479033589
ID_BH8KBA,0.000674735452707184,0.00060954556478241,0.000674735452707184,0.00060954556478241,0.000674735452707184,0.00060954556478241
ID_NDABA2,0.000151810321438849,0.000120497280200372,0.000242248438372342,0.000228924975761528,0.00027440308841064,0.000290168957517257
ID_A1QQRA,0.00469852523582441,0.00476636662743633,0.00469852523582441,0.00476636662743633,0.00646561896170005,0.00729222609749166
ID_T9CUR2,2.11282674031261e-05,1.83923214821592e-05,4.48813743273829e-05,4.1678756689991e-05,0.000102377673325371,9.98518446782968e-05
ID_GH8L5Y,6.26410580996156e-05,6.09886987743584e-05,7.29098235320331e-05,6.66087899555481e-05,9.32662167974631e-05,9.0167010691475e-05
ID_452A1U,1.32552209715069e-05,8.88338373537245e-06,3.074429105562e-05,2.52835132965419e-05,3.074429105562e-05,2.82547017630786e-05
ID_Q07G0X,2.36176764570971e-05,1.92606314047507e-05,2.60575684692652e-05,2.30850240817229e-05,2.60575684692652e-05,2.40733586651184e-05
ID_UMRHMM,6.76830594026508e-05,5.48613723955956e-05,0.000481943259212284,0.000469244465473559,0.000620977527087836,0.000640514862529649
ID_QCEB9N,0.000163484575680552,0.000192481180662363,0.000163484575680552,0.000192481180662363,0.000163484575680552,0.000192481180662363
ID_MDUH2H,3.98186662919951e-05,3.44769807243265e-05,0.000249262752922066,0.000263223464201359,0.000249262752922066,0.000263223464201359
ID_JDHBFC,0.00485978763914384,0.00499633258588639,0.00485978763914384,0.00499633258588639,0.00485978763914384,0.00499633258588639
ID_GJSBDX,2.55025750501465e-05,1.85036788758272e-05,5.21157101606862e-05,4.33807060125915e-05,5.21157101606862e-05,4.88868637617691e-05
ID_ZULTCR,2.37728171569565e-05,1.82133617001697e-05,0.000129956184221685,0.000120036253469263,0.000304241432537729,0.000302033401102531
ID_5RJHPE,0.000108931006468644,0.000126628367974332,0.000108931006468644,0.000126628367974332,0.000108931006468644,0.000126628367974332
ID_LNZ9ED,7.77173072216932e-05,7.56367358628784e-05,7.77173072216932e-05,7.56367358628784e-05,7.77173072216932e-05,7.56367358628784e-05
ID_5ETGVM,0.000405872451106708,0.000416558834300757,0.000405872451106708,0.000416558834300757,0.00046626652250237,0.00049990972428315
ID_FTIP85,1.54834421944468e-05,1.11487428833816e-05,9.16652573496325e-05,8.29009996679292e-05,0.000122002112558107,0.000122865707022866
ID_JGR6AQ,0.00593198811793011,0.00531313374085649,0.00671747437256269,0.00663496293542532,0.00671747437256269,0.00663496293542532
ID_Z1JH8O,8.13843542337884e-06,5.58596924412708e-06,4.29995996433093e-05,3.74510108469912e-05,4.29995996433093e-05,3.74510108469912e-05
ID_Z5ZLR0,5.2619721875353e-05,3.6038387176854e-05,0.000145507724106559,0.000120317657358082,0.000235362654459934,0.000215146141295934
ID_FOX8D1,6.95234235050611e-05,6.2191656072667e-05,6.9556428363845e-05,6.2191656072667e-05,7.42678828041839e-05,7.18941732750098e-05
ID_YYDX2H,4.11949381134862e-05,3.34099767534696e-05,4.97152406403122e-05,4.44540700724601e-05,5.0494682917883e-05,4.94008554044122e-05
ID_4YRJRP,0.0015294702072477,0.0015359896747463,0.007965636318617,0.00837298139732533,0.0152148524030285,0.0162474772272325
ID_PMM0MA,2.32105705856886e-05,1.84360404595551e-05,4.72883284899613e-05,4.28177666272523e-05,4.72883284899613e-05,4.28177666272523e-05
ID_9TPR5H,3.43567882043015e-05,3.07044928839714e-05,0.000239097660626961,0.000219569670140684,0.000239097660626961,0.000219569670140684
ID_5BWCPJ,0.000157988015748187,0.000118887009139412,0.000919356991599219,0.000895069223109084,0.00127522835462038,0.00148504527806316
ID_60GIV7,7.05393308036228e-05,6.16544203241721e-05,0.00017006559620346,0.000157290978918194,0.00017006559620346,0.000157290978918194
ID_MTJFU7,2.7518179264984e-05,2.16629579847041e-05,5.26132281141195e-05,4.64123491240443e-05,5.26132281141195e-05,4.64123491240443e-05
ID_K2JIN9,2.47378342551945e-05,1.83315551168424e-05,8.82020456257542e-05,7.72238969478323e-05,8.82020456257542e-05,8.30928475697178e-05
ID_QXYRCY,0.000283601755497359,0.000312357854431098,0.000498088571876563,0.000511074659701566,0.000498088571876563,0.000511074659701566
ID_OQ6420,0.000292681889853526,0.000302241791500237,0.00163936168677378,0.00184282042572556,0.00163936168677378,0.00184282042572556
ID_307KZ4,0.000346383576291677,0.000296792717639731,0.00184288060847232,0.0018937175540135,0.00184288060847232,0.0018937175540135
ID_YFDC0M,0.00019222652519532,0.000217882419777401,0.00019222652519532,0.000217882419777401,0.00019222652519532,0.000217882419777401
ID_WBEYQ0,7.05868505494588e-05,5.39797933425912e-05,7.47558329818944e-05,6.50109496465085e-05,0.00013498944041973,0.000132993359364841
ID_I3EHXO,3.43131316824236e-05,3.43651489777055e-05,4.29623541289935e-05,3.85276966054853e-05,5.67642680103466e-05,5.49649296278914e-05
ID_V5A80P,0.000257647498744955,0.000275055707270228,0.000257647498744955,0.000275055707270228,0.000257647498744955,0.000275055707270228
ID_V44OGQ,0.000241158617357712,0.00025095447163056,0.000241158617357712,0.00025095447163056,0.00043450448737574,0.000480493184162216
ID_568IE8,2.82163833393958e-05,2.49134720895864e-05,0.000107211129564607,0.000101201037821739,0.000107211129564607,0.000101201037821739
ID_XYRK3M,0.0200897220463821,0.0205153630106982,0.0284435545489741,0.0276927016544358,0.0392072603692468,0.0417909124219753
ID_63LRW5,0.00234527457900506,0.00245088984633442,0.00367326092553701,0.00376535813992796,0.00486525014881011,0.0051892910008655
ID_MUUQ2D,7.1719008238245e-05,5.9835029902328e-05,0.000588808933486243,0.000581765687913485,0.000588808933486243,0.000581765687913485
ID_22B3GC,0.000282594058228571,0.000276296454896845,0.000300745251609155,0.000289796242581869,0.000367271021113612,0.000372966205717553
ID_02IJBN,0.000105923301732329,0.000110699722426783,0.000105923301732329,0.000110699722426783,0.000105923301732329,0.000110699722426783
ID_T1ZFPC,0.000981154674459166,0.000593984347446886,0.00333000074262865,0.00320883647683238,0.00371623738449931,0.00358428659838182
ID_XXUVDP,7.91996707496538e-06,4.90773073092938e-06,3.48304241574894e-05,3.00292890322815e-05,3.48304241574894e-05,3.00292890322815e-05
ID_E8TVW6,0.000258403945921757,0.000209637687404514,0.00050022145503412,0.000462155897019579,0.00050022145503412,0.000462155897019579
ID_XLZ4P7,1.45057330641009e-05,8.70444928928099e-06,0.000209178555734801,0.000179489137620949,0.00026977651100782,0.000251873189646924
ID_V7DMUX,0.000547854529089839,0.000483341836424741,0.000547854529089839,0.000495692014337988,0.000547854529089839,0.000495692014337988
ID_087YXO,1.45347613322479e-05,9.99918800896776e-06,6.54559363266171e-05,5.99381811530644e-05,9.49487051035314e-05,9.26141634027365e-05
ID_TM0IMP,0.00734114615518266,0.00736702613949671,0.00734114615518266,0.00736702613949671,0.00734114615518266,0.00736702613949671
ID_XF0297,6.05550277143574e-05,5.55614897736611e-05,6.51444015485144e-05,5.60015207068693e-05,9.86124070833551e-05,9.46031779844716e-05
ID_XJB20Q,3.0066646369788e-05,2.37344402086237e-05,6.55816421347002e-05,6.06712176403883e-05,6.55816421347002e-05,6.06712176403883e-05
ID_MQGR7P,3.10967675294073e-05,2.4426961278089e-05,7.51461145981374e-05,6.91413397535045e-05,7.51461145981374e-05,6.91413397535045e-05
ID_RODTO0,0.000205234156605806,0.000218155941315099,0.000205234156605806,0.000218155941315099,0.000205234156605806,0.000218155941315099
ID_L1C8T4,4.17379358605011e-05,3.81740654959922e-05,7.06379552918377e-05,6.36018044928147e-05,9.12879683888077e-05,8.99432252098777e-05
ID_AUEQB1,0.000421511490907004,0.000461595105775984,0.000437648933079036,0.000474056492373648,0.000437648933079036,0.000474056492373648
ID_CG4YWK,5.47729481139932e-05,4.02382528246669e-05,0.000137835681801202,0.000122141010476031,0.000164449813156119,0.000154480175813908
ID_UZPUB2,0.00493788107163336,0.0037694184013617,0.022508719205732,0.0211986657685325,0.022508719205732,0.0211986657685325
ID_4TGSZ9,6.03826412171867e-05,5.66407724670757e-05,0.000216218520466305,0.000214480143947246,0.000216218520466305,0.000214480143947246
ID_KPIEP6,6.58320332597397e-05,6.04162840274551e-05,0.000102246253841256,9.37262078308244e-05,0.000102246253841256,9.37262078308244e-05
ID_U2N5AM,0.0380304448608214,0.0360070007594842,0.119637463511416,0.120850487607838,0.184171624698094,0.199121203090657
ID_ZM7Y7C,0.00302012584909385,0.00352662087966424,0.00302012584909385,0.00352662087966424,0.00302012584909385,0.00352662087966424
ID_IK4PH0,4.46620265578274e-05,3.46626288857596e-05,8.60158145250177e-05,7.80258348934147e-05,8.60158145250177e-05,7.80258348934147e-05
ID_NB35EZ,6.5987172491586e-05,7.48039844978738e-05,6.5987172491586e-05,7.48039844978738e-05,6.5987172491586e-05,7.48039844978738e-05
ID_NZU26W,0.000182511643204469,0.000135112548877087,0.000487808335449691,0.000483521134336565,0.000487808335449691,0.000483521134336565
ID_JLHKHD,3.96876002372881e-05,2.74382636613011e-05,5.33164754201901e-05,4.44467339409429e-05,7.3332024652384e-05,6.97250951412757e-05
ID_ZVKA4U,5.30140943842676e-06,3.33621805806716e-06,2.64506341857414e-05,2.27343892955238e-05,2.64506341857414e-05,2.38398310618304e-05
ID_GEIU3Q,0.00494546284427931,0.00408277804319313,0.00494546284427931,0.00408277804319313,0.00494546284427931,0.00408277804319313
ID_SWPYGT,0.0199966115971717,0.0159133173157232,0.0199966115971717,0.0159133173157232,0.0199966115971717,0.0159133173157232
ID_ZUZ5IB,8.53082892086186e-05,8.18885342761332e-05,0.000288870603836805,0.000257488912592814,0.000288870603836805,0.000257488912592814
ID_067XPD,0.00197583470208981,0.00197990711988557,0.00899682236062752,0.00940957241700974,0.0152061685793289,0.0160357282941771
ID_TXM3UJ,0.020791488933465,0.0194654024689458,0.0245068405382815,0.0219774144464469,0.0245068405382815,0.0247331660754264
ID_T5W7V2,0.0151002686895486,0.0181112296716371,0.0151002686895486,0.0181112296716371,0.0151002686895486,0.0181112296716371
ID_KV5X78,3.74719541667548e-05,3.17827422990646e-05,6.80857737363506e-05,6.70302375460076e-05,6.80857737363506e-05,6.70302375460076e-05
ID_KZ62H4,4.3071785926272e-05,2.96259522874581e-05,0.000951398307080331,0.000846638911493361,0.000951398307080331,0.000846638911493361
ID_WUM26R,0.00184163349905804,0.00158359956695481,0.0026547736177087,0.00264729089173074,0.0026547736177087,0.00264729089173074
ID_RSKO1F,0.00197541098975639,0.00200268551106133,0.00197541098975639,0.00200268551106133,0.00197541098975639,0.00200268551106133
ID_IZ777T,2.89482510777572e-05,1.88453268547208e-05,0.00158309911469578,0.00163751208250387,0.00158309911469578,0.00163751208250387
ID_FKK9MW,5.22140893829732e-05,4.35173347753315e-05,0.000292056408251491,0.000262396971450112,0.000292056408251491,0.000262396971450112
ID_I1RLPK,3.45796952825291e-05,2.1783094673156e-05,6.44152656125135e-05,5.40953019097269e-05,6.44152656125135e-05,5.40953019097269e-05
ID_5YECKD,3.22265163537369e-05,2.02301641312249e-05,5.52507816697777e-05,4.65530349948758e-05,5.52507816697777e-05,4.65530349948758e-05
ID_JMND8O,4.57966066714098e-05,4.35526857680825e-05,4.57966066714098e-05,4.35526857680825e-05,5.60502896487189e-05,5.53360533386176e-05
ID_VUL81Z,0.000267652948713008,0.00032287247162758,0.000267652948713008,0.00032287247162758,0.000267652948713008,0.00032287247162758
ID_OQBR7N,1.37131538289997e-05,8.31638994794825e-06,6.15753193280511e-05,5.28911455821739e-05,6.15753193280511e-05,5.28911455821739e-05
ID_332Y6S,3.40296512019116e-05,2.50654282728049e-05,0.000266131955064789,0.000251456832675328,0.000266131955064789,0.000251456832675328
ID_O1IR2M,0.0009291635585254,0.000550537037915457,0.00334788650185431,0.00319988132265638,0.00380172131827961,0.00364498504597981
ID_1QQANC,2.88119510450929e-05,2.04869064889578e-05,2.88119510450929e-05,2.17179721760536e-05,3.10476412056504e-05,2.86430363506795e-05
ID_J23PY3,0.0015713658967715,0.00151293607257039,0.0027029665807979,0.00278088514573081,0.0027029665807979,0.00278088514573081
ID_SRC95U,0.000981154674459166,0.000593984347446886,0.00333000074262865,0.00320883647683238,0.00371623738449931,0.00358428659838182
ID_EGZ2JX,9.01796518282904e-05,6.31672137094677e-05,0.000867676828705964,0.000746686975183436,0.000867676828705964,0.000746686975183436
ID_FB09FY,8.89118796105723e-05,9.43218284246841e-05,0.000175676252106687,0.000172416259871524,0.000175676252106687,0.000172416259871524
ID_3542I1,0.227036208366244,0.271381156517551,0.227036208366244,0.271381156517551,0.227036208366244,0.271381156517551
ID_9PMVYR,3.27855637309248e-05,2.89613568983382e-05,0.000285021338531988,0.000285824279016395,0.000285021338531988,0.000285824279016395
ID_ZXY6XK,9.47444940555464e-05,8.88038427535701e-05,0.000110464429268656,0.000103600038798526,0.000110464429268656,0.00010804508827543
ID_GN5HJG,0.00641829256347054,0.00725776424955013,0.00641829256347054,0.00725776424955013,0.00641829256347054,0.00725776424955013
ID_42K0G3,0.000144228281453232,0.000150918779619216,0.000144228281453232,0.000150918779619216,0.000144228281453232,0.000150918779619216
ID_F16709,0.000171543088014076,0.000187652793461034,0.000171543088014076,0.000187652793461034,0.000171543088014076,0.000187652793461034
ID_0WRPJW,4.42839713167727e-05,3.58821011737487e-05,8.54343896480718e-05,7.98621496725681e-05,8.54343896480718e-05,7.98621496725681e-05
ID_X6FV99,2.45334565064379e-05,1.85357836464003e-05,3.65693754584711e-05,3.05153815185652e-05,4.3543977469704e-05,4.0666446010891e-05
ID_ETXKKL,2.92853916595547e-05,2.07665125121267e-05,0.000107316737701969,9.1084873512781e-05,0.000187279387044103,0.00018273553038999
ID_3MUZN6,0.107074888750984,0.108437002473569,0.107074888750984,0.108437002473569,0.107074888750984,0.108437002473569
ID_6AMJI3,3.00716930653466e-05,2.3584973985202e-05,7.99660426582055e-05,7.28234204965375e-05,7.99660426582055e-05,7.28234204965375e-05
ID_70AEKG,6.80497298239586e-05,4.93010315618439e-05,6.80497298239586e-05,5.83550379627892e-05,0.00010642177141164,0.000104132694929069
ID_GMWQ34,5.75257273687369e-05,3.70280456694174e-05,0.00035209697487185,0.000319081729146909,0.00035209697487185,0.000319081729146909
ID_J6VA25,4.52627209453424e-05,3.61612504365825e-05,0.0004033712112755,0.000392095419810162,0.0004033712112755,0.000392095419810162
ID_X6MHWN,0.000157998030082423,0.000164911241606469,0.000502636609941851,0.000487116746990167,0.000502636609941851,0.000487116746990167
ID_X8FLQA,0.000920963039463555,0.000547490445380439,0.00335516009497658,0.00321050324787028,0.00391000263542257,0.00374401326000822
ID_1U5ABT,2.92248521446824e-05,2.15826889057854e-05,7.20759824126717e-05,6.54426450243126e-05,0.000101780718570346,0.000103407969209545
ID_D1J9QX,0.000972084012608139,0.000588985367368859,0.00332712697190354,0.00320704734670385,0.00382762861088924,0.00368627816902416
ID_BBB09D,1.69881915573517e-05,1.20595099456885e-05,0.000277918023512411,0.000259434168937755,0.000277918023512411,0.000259434168937755
ID_DEFSVV,1.69863363404114e-05,1.31193744621933e-05,7.57754626947287e-05,6.74731808625007e-05,8.23731172534719e-05,7.94943954059945e-05
ID_1E6RRT,0.00439262380560014,0.00408119739708955,0.00439262380560014,0.00408119739708955,0.00439262380560014,0.00408119739708955
ID_5EH9MJ,5.56624916833106e-05,3.76422948397958e-05,0.000191070971486508,0.000169107830598312,0.000191070971486508,0.000169107830598312
ID_AJZY4W,2.08805614308656e-05,1.67500747886319e-05,5.69044373064811e-05,4.87195094062848e-05,8.44592335612764e-05,8.2092731731994e-05
ID_ND0JUF,0.000176578451862044,0.000153773210881668,0.000470579268603979,0.000484467573420275,0.00101057874081133,0.00101151988272108
ID_JWJ6LD,5.63711617568696e-06,3.53320423700893e-06,3.96581825231126e-05,3.32956822503668e-05,3.96581825231126e-05,3.32956822503668e-05
ID_T27921,0.692445505806953,0.721106368232177,0.747019370676603,0.761287005468057,0.747019370676603,0.761287005468057
ID_60NL3S,8.71382468713096e-05,6.94898206066508e-05,8.71382468713096e-05,6.94898206066508e-05,0.000119791428749208,0.00011318529344851
ID_TQNBDG,2.72266247870085e-05,1.83151340364197e-05,0.000430900948296708,0.000377672626786797,0.000430900948296708,0.000377672626786797
ID_CL4OVC,4.46620265578274e-05,3.46626288857596e-05,8.60158145250177e-05,7.80258348934147e-05,8.60158145250177e-05,7.80258348934147e-05
ID_D4H6PR,0.0112519697518842,0.00988164901174052,0.0112519697518842,0.00988164901174052,0.0112519697518842,0.00988164901174052
ID_3PPVTQ,1.17006428591576e-05,9.28063386002971e-06,2.72653650805368e-05,2.33750806369825e-05,3.99051669819974e-05,3.77911684485393e-05
ID_QZA91L,0.00883003934361572,0.00912139177627797,0.00883003934361572,0.00912139177627797,0.00883003934361572,0.00912139177627797
ID_WLJAHR,0.000114787208889241,0.000102742849395757,0.000209106095522615,0.000198561642405321,0.000209106095522615,0.000198561642405321
ID_N0KRIO,2.81672305801213e-05,2.3765270679969e-05,7.47438207139866e-05,7.12951870059529e-05,7.47438207139866e-05,7.12951870059529e-05
ID_VGMTRR,2.50297597303229e-05,1.79144865585331e-05,4.62831328680376e-05,4.08015350122964e-05,4.90628250559716e-05,4.71647061030869e-05
ID_05TMIM,0.0196017627347876,0.0170143672174139,0.111900083472185,0.104582638705655,0.112523809538367,0.110390191693514
ID_WYY6XC,0.0124037831457164,0.010145340621121,0.0124037831457164,0.010145340621121,0.0124037831457164,0.010145340621121
ID_W83YWB,5.44411852428112e-05,5.34908048045761e-05,6.51331689156764e-05,5.80345296954883e-05,6.51331689156764e-05,5.80345296954883e-05
ID_KIINWT,2.17698932358897e-05,1.68868821436141e-05,3.46772898511163e-05,3.01923021831067e-05,3.46772898511163e-05,3.02665327171241e-05
ID_PBDHXZ,0.0105643658958229,0.0101506556704034,0.0115101310238731,0.0120979551080138,0.0115101310238731,0.0120979551080138
ID_V2VKWX,2.92248521446824e-05,2.15826889057854e-05,7.20759824126717e-05,6.54426450243126e-05,0.000101780718570346,0.000103407969209545
ID_YIM0GX,0.000156490049896579,0.000162132742567946,0.000259358423635263,0.000245764579870431,0.000259358423635263,0.000245764579870431
ID_FL0OCB,0.000214015670938422,0.000215096559172723,0.000967145336441859,0.000970487212629015,0.000967145336441859,0.000970487212629015
ID_UNAGCI,5.38521471656336e-05,3.41517290820885e-05,0.000279160612963847,0.000265578156119022,0.000407619330750358,0.000403173713031834
ID_2T39AV,0.000965342873490282,0.0007421063672029,0.00159259260090998,0.00145869128757739,0.00352694429517606,0.00370759299214221
ID_9AT8CS,5.22140893829732e-05,4.35173347753315e-05,0.000292056408251491,0.000262396971450112,0.000292056408251491,0.000262396971450112
ID_ELDV2E,0.0398384807365561,0.0302502702472084,0.0458323889130209,0.0451550996524196,0.0458323889130209,0.0451550996524196
ID_23NRCI,3.3486234276651e-05,2.35344054434355e-05,0.00039764374766009,0.000345350863923223,0.00039764374766009,0.000345350863923223
ID_PUNH2D,4.33336121390578e-05,4.16219613880882e-05,4.33336121390578e-05,4.16219613880882e-05,4.33336121390578e-05,4.16219613880882e-05
ID_O60MXV,2.57447583112826e-05,1.76796510659387e-05,0.000109975189229884,0.000105297761369532,0.000109975189229884,0.000105297761369532
ID_1TKH7D,9.59439455995032e-05,7.16012593823245e-05,0.000289747306507616,0.00025960237831849,0.000289747306507616,0.00025960237831849
ID_QO4II7,3.48566734788632e-05,3.16905723713338e-05,0.000255689674666021,0.000260057394463344,0.000255689674666021,0.000260057394463344
ID_SBU7DK,3.15790323041874e-05,2.5209492364834e-05,5.26049113127415e-05,4.74011002974649e-05,5.26049113127415e-05,4.74011002974649e-05
ID_MDD7FZ,1.28175116802231e-05,7.6488346707702e-06,5.38582404910757e-05,4.72483293972429e-05,5.38582404910757e-05,4.72483293972429e-05
ID_4HQTGA,0.00507354952357777,0.00433097656513591,0.0189301554505133,0.0190779038517455,0.0189301554505133,0.0190779038517455
ID_OZV41J,3.60135347113706e-05,2.84977708518817e-05,3.60135347113706e-05,2.84977708518817e-05,3.60135347113706e-05,2.84977708518817e-05
ID_KHCER6,1.09335308457098e-05,7.08006389588867e-06,9.61528833594148e-05,8.58893263066227e-05,0.000108243648756265,0.000104889220450294
ID_1KUZ5C,0.000184503500050805,0.000179236395227515,0.000251746027982213,0.000209403892315347,0.000258013805900211,0.00024960662397884
ID_O4VQ7G,1.05316825861926e-05,7.27234176469389e-06,3.2740766161368e-05,2.89017074457562e-05,5.05978566585094e-05,4.77357819631041e-05
ID_UPPGOC,4.03502899368955e-05,2.84906753079292e-05,0.000653899043434329,0.000688359999083848,0.00077881692242921,0.000818059513297323
ID_Y65O7E,0.00185873221763058,0.00231014902599563,0.00372784428190827,0.00413768894531296,0.00372784428190827,0.00413768894531296
ID_9EEUE8,7.41934236234679e-05,5.49597135826199e-05,0.000127145513360845,0.000119153880284938,0.000127145513360845,0.000119153880284938
ID_PZHU8F,0.00107049797760126,0.0010730746489762,0.00107049797760126,0.0010730746489762,0.00107049797760126,0.0010730746489762
ID_KJZGN2,1.6919441326025e-05,1.02213123083303e-05,6.27001715912365e-05,5.44013826753718e-05,0.000138815850939098,0.000145391517392052
ID_13W4SF,8.50861207314901e-05,6.2542317170913e-05,0.000194951582943722,0.000176582304796667,0.0002086943363795,0.000200513836546972
ID_6FXFJ0,0.00271874737419797,0.00251400308613675,0.00369442256568709,0.00327157599151177,0.00369442256568709,0.00327157599151177
ID_912IN5,4.45825824795801e-05,4.71294137948337e-05,4.45825824795801e-05,4.71294137948337e-05,4.45825824795801e-05,4.71294137948337e-05
ID_4PIPGN,0.0408063726173791,0.0319835253345529,0.0408063726173791,0.0319835253345529,0.083907017687806,0.0945831883166039
ID_4ORCRP,5.74826125531023e-05,4.7296879399674e-05,0.000419967522611022,0.000371641597727676,0.000419967522611022,0.000371641597727676
ID_SXC6H6,0.160282421852748,0.165991031089544,0.160282421852748,0.165991031089544,0.160282421852748,0.165991031089544
ID_YK437J,5.0943374271954e-05,4.54729915659807e-05,5.0943374271954e-05,4.54729915659807e-05,5.0943374271954e-05,4.54729915659807e-05
ID_RVRZMX,1.81009172974847e-05,1.29170569477711e-05,3.17667531519985e-05,2.73765623580151e-05,3.17667531519985e-05,2.94262147875148e-05
ID_JLWJBX,0.00464463036466149,0.00470199583481233,0.00464463036466149,0.00470199583481233,0.00464463036466149,0.00470199583481233
ID_I8EM0Z,0.000187869021948759,0.000132329868198383,0.000542439844110638,0.000512424189653742,0.000695845961323186,0.000663178725555401
ID_N7X5SU,0.00073034975647599,0.000866977712539402,0.00073034975647599,0.000866977712539402,0.00073034975647599,0.000866977712539402
ID_32HYGC,0.000918850628782273,0.000842201661011285,0.000918850628782273,0.000842201661011285,0.000918850628782273,0.000842201661011285
ID_QLQOL2,6.25849310321521e-05,5.74983679545846e-05,6.25849310321521e-05,5.74983679545846e-05,6.25849310321521e-05,5.74983679545846e-05
ID_7IAGGB,3.83526766887635e-05,3.2567249583612e-05,4.06074318844453e-05,3.62976582414679e-05,4.410245590355e-05,4.16812887338971e-05
ID_VYAECN,0.00316226198568751,0.00284683875201984,0.00424800427388735,0.00415330422624624,0.00424800427388735,0.00415330422624624
ID_HKCU5C,0.00294980032179345,0.00286810366754385,0.00407085083733697,0.00390160254757864,0.00416142771806366,0.0040952417629235
ID_OYG8BU,2.41387398385048e-05,1.68274181005934e-05,0.000321856824250068,0.000281702912556148,0.000321856824250068,0.000281702912556148
ID_MIJTEW,2.7978973490536e-05,1.96925751413518e-05,0.000350406977038804,0.00030704353058912,0.000350406977038804,0.00030704353058912
ID_PCOVC8,0.198021183484974,0.215379295988004,0.198021183484974,0.215379295988004,0.238142023628666,0.260668833148144
ID_ARK4JP,0.00360429626452431,0.00405025135191428,0.00360429626452431,0.00405025135191428,0.00360429626452431,0.00405025135191428
ID_GZEIYE,0.000132801189203926,0.000123086258402325,0.000195209191067305,0.000188262583944392,0.000195209191067305,0.000188262583944392
ID_IEMM1P,4.51801976162083e-05,4.08050076506722e-05,0.000165060400688855,0.00016252188801766,0.00110168251086274,0.00114293937861866
ID_EDHCWN,5.47729481139932e-05,4.02382528246669e-05,0.000137835681801202,0.000122141010476031,0.000164449813156119,0.000154480175813908
ID_7A9IEF,0.00127776873860088,0.000996092193451691,0.00127776873860088,0.000996092193451691,0.00127776873860088,0.000996092193451691
ID_8FWX6I,0.0389176855002125,0.0460495132658068,0.0389176855002125,0.0460495132658068,0.0389176855002125,0.0460495132658068
ID_3ARXWX,2.97319343376154e-05,2.30555005793976e-05,7.75806986306508e-05,7.04142594734611e-05,7.75806986306508e-05,7.04142594734611e-05
ID_S27JQO,0.0133610670942719,0.0133670768017331,0.0133610670942719,0.0133670768017331,0.0133610670942719,0.0133670768017331
ID_XXD9VX,8.75232291616768e-05,7.44453115549354e-05,8.75232291616768e-05,7.44453115549354e-05,8.75232291616768e-05,7.44453115549354e-05
ID_C19QG9,0.000197411967514076,0.000229600564531812,0.000202911343296291,0.000229600564531812,0.000202911343296291,0.000229600564531812
ID_7OSIUD,1.57236097613832e-05,1.07327280994622e-05,5.08750167046724e-05,4.22529538769931e-05,5.08750167046724e-05,4.5418378057635e-05
ID_00893S,8.17719273706034e-05,7.25089048476345e-05,0.000168542152957517,0.00015656902699024,0.000198055545955397,0.00019436513523899
ID_OMU4UR,0.000529643060988803,0.000447724576564477,0.000529643060988803,0.000447724576564477,0.000541668919222237,0.00057706532567575
ID_X9K3UC,4.73276129342889e-05,3.85886674203343e-05,8.9516491975643e-05,8.06703234397705e-05,8.9516491975643e-05,8.06703234397705e-05
ID_4KNGLU,3.64961284476617e-05,2.46438834705885e-05,0.000479514184637368,0.000416739520672728,0.000479514184637368,0.000416739520672728
ID_9ZL287,1.84551849528711e-05,1.10997149807359e-05,7.63361797708971e-05,6.60446487767427e-05,9.64673842243997e-05,9.5136351550431e-05
ID_O1ZMUJ,7.16326527241173e-05,5.50968267621044e-05,0.00033049550563178,0.000291296251007289,0.00033049550563178,0.000291296251007289
ID_B33J1S,5.30140943842676e-06,3.33621805806716e-06,2.64506341857414e-05,2.27343892955238e-05,2.64506341857414e-05,2.38398310618304e-05
ID_S9GOKQ,0.070934630688761,0.0729486201514699,0.134837018736308,0.148536655246711,0.179581340794848,0.19386698971907
ID_5CM4SB,2.12099151916497e-05,1.36317371375015e-05,5.48695842920023e-05,4.51329447160583e-05,7.90344212648971e-05,7.45489859062752e-05
ID_TJIJM7,5.01405318429505e-05,4.14952255807627e-05,8.90132077997105e-05,8.35417469365015e-05,8.90132077997105e-05,8.35417469365015e-05
ID_I8FAWN,4.17379358605011e-05,3.81740654959922e-05,7.06379552918377e-05,6.36018044928147e-05,9.12879683888077e-05,8.99432252098777e-05
ID_8DEOE6,4.43772376102754e-05,3.95212460348371e-05,4.43772376102754e-05,3.95212460348371e-05,4.43772376102754e-05,3.95212460348371e-05
ID_TENL85,1.41894395499165e-05,9.75450485111878e-06,3.42729941658754e-05,2.81296710227417e-05,3.42729941658754e-05,2.81296710227417e-05
ID_U5VLSB,2.77676314778575e-05,2.37946625965182e-05,2.77676314778575e-05,2.37946625965182e-05,3.17672147848639e-05,3.08816429045489e-05
ID_C2EX4C,0.000108595716056914,8.15027815235142e-05,0.000246247514039342,0.000236068150058519,0.000246247514039342,0.000236068150058519
ID_WR0XZG,0.0102077750342918,0.0126612303126285,0.0102077750342918,0.0126612303126285,0.0102077750342918,0.0126612303126285
ID_DZTIC5,0.00812008384137104,0.00671195838422771,0.00812008384137104,0.00671195838422771,0.00812008384137104,0.00671195838422771
ID_5KMQFT,8.90293307171946e-05,8.83100630667562e-05,0.000139915374210245,0.00014237906647197,0.000139915374210245,0.00014237906647197
ID_7HCA07,0.0011014528375037,0.00127824547145632,0.00199085173965387,0.00208776215591633,0.00199085173965387,0.00208776215591633
ID_F0JB3Y,0.00392573686982728,0.00413132069124331,0.00567936197460101,0.00614735456150839,0.00567936197460101,0.00614735456150839
ID_R4G4CS,0.000235374083447118,0.000249466765068323,0.000396889809387714,0.000403511137666645,0.000432267816442725,0.000451243263427793
ID_0SN05S,2.11901145642639e-05,1.35406968209459e-05,0.000158313359139641,0.000141023617277757,0.000242567530257721,0.000242334443902109
ID_HFVMM8,1.16886415749364e-05,9.22852410793977e-06,3.92082098491741e-05,3.53773405225626e-05,6.13037691297623e-05,5.88603356244431e-05
ID_WSFCW5,0.00449175137813869,0.00393237327542268,0.00880565964372769,0.00898949465838625,0.00880565964372769,0.00898949465838625
ID_9XMKQP,8.09438894440626e-05,7.39740873032103e-05,0.000163180536286837,0.000151338861973407,0.000163180536286837,0.000151338861973407
ID_WACT7O,0.00013156878879148,0.000102849596047845,0.00329633662748637,0.0033246661113224,0.00329633662748637,0.0033246661113224
ID_2149G2,0.000194988531227497,0.000173667967303623,0.012898281495728,0.0127378232079641,0.0170093567874537,0.017131730600484
ID_I8VO8O,4.41394015995512e-05,3.29941366911747e-05,0.000109305057465235,9.27980638869994e-05,0.000109305057465235,9.27980638869994e-05
ID_13GQDW,3.54767557874488e-05,3.3599473685519e-05,9.25450747141342e-05,8.51060122119511e-05,9.25450747141342e-05,8.51060122119511e-05
ID_B3I0HN,8.34276312800308e-05,8.27714138082255e-05,0.000138580085974522,0.000133089812838259,0.000138580085974522,0.000133089812838259
ID_IY6NOF,9.46648564841633e-05,8.20342492941892e-05,0.000309240732869037,0.000288247319699177,0.000309240732869037,0.000288247319699177
ID_GOSZ8L,3.02013054812461e-05,2.57035441270511e-05,4.52047058452691e-05,3.9788290379812e-05,7.03893411847717e-05,6.64187053291207e-05
ID_HDUN96,0.00068946230199762,0.000622945906438281,0.00111742508383597,0.00108855030084201,0.00335941814495512,0.00378064122548678
ID_0P1U7I,2.13593651873067e-05,1.37495833168792e-05,5.84009753753872e-05,5.07603849017898e-05,0.000117122239961167,0.000121038829158083
ID_HAG65N,1.37237102669701e-05,9.13256671382354e-06,3.0749527030821e-05,2.53010647618436e-05,3.0749527030821e-05,2.88633030828221e-05
ID_ROBCVV,0.000618205274877806,0.000457841417555285,0.00186765624524118,0.00178408046178096,0.00186765624524118,0.00178408046178096
ID_HUVJV5,1.94400736949036e-05,1.34160741784532e-05,8.21813179734872e-05,7.23068670517254e-05,8.21813179734872e-05,7.23068670517254e-05
ID_U2C1OY,2.45393730113541e-05,1.65912896386512e-05,5.34332601446432e-05,4.74213622561992e-05,8.56134064562809e-05,8.58163711399468e-05
ID_ZJDJST,0.00112134316819301,0.00121071038076153,0.00138665522658637,0.00149158987001325,0.00138665522658637,0.00149158987001325
ID_SZCPIU,3.17347318837663e-05,1.95526528254616e-05,5.97768326181591e-05,4.93825680259484e-05,8.9047445262041e-05,8.38313363975976e-05
ID_INJW15,0.000132059008199516,0.000127623311031372,0.000187651046251371,0.000187690605082028,0.000220227023629134,0.000242912125971768
ID_PSAMCJ,0.000147824334165672,0.000154723519762576,0.000393146418517847,0.000375958851860567,0.000393146418517847,0.000375958851860567
ID_BXXMB9,0.011402507575702,0.00979931750645098,0.011402507575702,0.00979931750645098,0.011402507575702,0.00979931750645098
ID_4DZTOE,0.00463240225209048,0.0049915260114348,0.00463240225209048,0.0049915260114348,0.00463240225209048,0.0049915260114348
ID_H5M15A,0.0487582314120803,0.0389534676049841,0.0530944074777931,0.0517271992796786,0.0881996918595569,0.0917837001927007
ID_GS6GIY,5.07158833938931e-05,3.89002692012247e-05,0.000887085287486911,0.00085377078670886,0.000887085287486911,0.00085377078670886
ID_QYNGUD,0.00294435850297612,0.00271732974740947,0.00594026989473309,0.00595419736989169,0.0125513535330083,0.0138168768549922
ID_E9X5DZ,4.9016036024019e-05,4.1488212831017e-05,0.000208845988839612,0.000191167881433252,0.000208845988839612,0.000191167881433252
ID_QK8WP2,3.00611755181797e-05,2.52197403319796e-05,4.06605048239563e-05,3.65174039336727e-05,4.06605048239563e-05,3.65174039336727e-05
ID_UQ2MN7,2.92248521446824e-05,2.15826889057854e-05,7.20759824126717e-05,6.54426450243126e-05,0.000101780718570346,0.000103407969209545
ID_YDX8IK,0.270031006507405,0.287351616894945,0.270031006507405,0.287351616894945,0.270031006507405,0.287351616894945
ID_APH98Z,3.96980306049958e-05,3.02414388137943e-05,9.93997080204445e-05,8.97683814376245e-05,9.93997080204445e-05,8.97683814376245e-05
ID_71ANPU,2.13107394281761e-05,1.85757391071618e-05,3.18258278781482e-05,2.83570429909411e-05,4.92848725663099e-05,4.79466763332081e-05
ID_JWXL0Z,0.000153974348112666,0.000143750322279953,0.000735151100622322,0.000680573105602865,0.000735151100622322,0.000680573105602865
ID_O973KK,0.000125982201452801,0.000103527414658685,0.000366997251653143,0.000346740692405206,0.000380020382502073,0.000366505195295128
ID_2WABYN,4.1168727882719e-05,3.14522811924646e-05,5.35751841004074e-05,4.5066205675981e-05,5.73089179020091e-05,5.33911770746581e-05
ID_BHSPH0,3.16959257524335e-05,2.380142453296e-05,0.000119735490253375,0.000108504618866535,0.000119735490253375,0.000108504618866535
ID_XNGF8B,5.94230938168868e-05,4.07729287728451e-05,0.000513006157862529,0.00047262232976682,0.000513006157862529,0.00047262232976682
ID_ZDM8BX,0.000920963039463555,0.000547490445380439,0.00335516009497658,0.00321050324787028,0.00391000263542257,0.00374401326000822
ID_K8IR50,0.00302012584909385,0.00352662087966424,0.00302012584909385,0.00352662087966424,0.00302012584909385,0.00352662087966424
ID_VEHMX4,4.17379358605011e-05,3.81740654959922e-05,7.06379552918377e-05,6.36018044928147e-05,9.12879683888077e-05,8.99432252098777e-05
ID_9HWS96,2.7978973490536e-05,1.96925751413518e-05,0.000350406977038804,0.00030704353058912,0.000350406977038804,0.00030704353058912
ID_OK44US,2.21848466473067e-05,1.80475416316207e-05,4.21501097858474e-05,3.62989568318012e-05,4.21501097858474e-05,3.62989568318012e-05
ID_TV8IEH,0.000109802092188339,9.91715983133194e-05,0.000617945279117005,0.000549832407796562,0.000617945279117005,0.000549832407796562
ID_YA5S91,1.36115986905333e-05,1.02074401741381e-05,2.92654657048983e-05,2.50402749539568e-05,2.92654657048983e-05,2.50402749539568e-05
ID_C43FWU,0.000198937891299491,0.000234409409661615,0.000198937891299491,0.000234409409661615,0.000198937891299491,0.000234409409661615
ID_BJ7D96,0.000136257483250626,0.00012880623005338,0.000240509929622494,0.000241311617892744,0.000566611722842201,0.000607160815885074
ID_ZLSF1Q,2.67093133133322e-05,1.87964541235885e-05,0.000317578059515104,0.000301652914997033,0.000317578059515104,0.000301652914997033
ID_Q1IJJJ,0.000182577420490971,0.000178791004867396,0.000262313314790113,0.000248626416543235,0.000437161379857968,0.000429915990707324
ID_KKBQQS,0.396717735369483,0.417462566358025,0.396717735369483,0.417462566358025,0.40151209325497,0.417573866242712
ID_M3EGOP,0.00249667563057877,0.00190043633300827,0.00319915066881107,0.00313102173363443,0.00702985193062192,0.00727450011523111
ID_RE7SCV,6.46291273014909e-06,3.99379082583845e-06,3.70557494422643e-05,3.13419600362678e-05,3.70557494422643e-05,3.13419600362678e-05
ID_Y9ZQLU,8.81429102261785e-05,0.000103115096968993,8.81429102261785e-05,0.000103115096968993,8.81429102261785e-05,0.000103115096968993
ID_T242K8,0.00055323482805498,0.000662479684190812,0.00055323482805498,0.000662479684190812,0.00055323482805498,0.000662479684190812
ID_F9LA3J,0.0183844880864279,0.019053039884825,0.0183844880864279,0.019053039884825,0.0183844880864279,0.019053039884825
ID_TA5143,0.000138166267428643,0.000131337753141751,0.00261316928651284,0.00273895079521953,0.00261316928651284,0.00273895079521953
ID_JI8Z14,8.26827546174746e-05,7.07692990532791e-05,8.26827546174746e-05,7.07692990532791e-05,8.26827546174746e-05,7.58530674016552e-05
ID_QQLIOB,0.000135869422010234,0.000150925371125726,0.000135869422010234,0.000150925371125726,0.000135869422010234,0.000150925371125726
ID_CZIO8P,4.98263857096975e-05,3.40342007621031e-05,0.000203422623850918,0.000172751492450068,0.000203422623850918,0.000172751492450068
ID_MXJE6Z,0.0112519697518842,0.00988164901174052,0.0112519697518842,0.00988164901174052,0.0112519697518842,0.00988164901174052
ID_E0HFQZ,0.000187920095372372,0.000201224412709688,0.000195799340203289,0.000201224412709688,0.000195799340203289,0.000201224412709688
ID_13XPOY,0.000162974661755363,0.000146162852343725,0.000935908496986807,0.000946818066389756,0.0013431080741623,0.00130775028522701
ID_2PVFDX,7.1984852359521e-05,7.29548653589401e-05,7.38542125633069e-05,7.29548653589401e-05,7.38542125633069e-05,7.29548653589401e-05
ID_UI7AWA,0.0952343942263787,0.0966668400314417,0.0952343942263787,0.0966668400314417,0.0952343942263787,0.0966668400314417
ID_ZNFFDC,5.93564831001002e-05,5.1435430601337e-05,0.000143151927756176,0.000131567983560054,0.000143151927756176,0.000131567983560054
ID_JHEJ6C,0.0017197668232051,0.00153524385084696,0.00816509413052361,0.0083777395629486,0.00816509413052361,0.0083777395629486
ID_7YBJBN,7.2954824001199e-05,6.82440852127169e-05,0.000121705383917189,0.000111995000177476,0.000121705383917189,0.000111995000177476
ID_V7A541,0.000153974348112666,0.000143750322279953,0.000735151100622322,0.000680573105602865,0.000735151100622322,0.000680573105602865
ID_DOM0PD,4.31568416140487e-05,3.81399456379112e-05,0.000109019670941015,0.000107998656907432,0.000109019670941015,0.000107998656907432
ID_RT29AK,7.03638275817732e-05,5.05440772482058e-05,0.000133042504515076,0.000123522306973472,0.000133042504515076,0.000123522306973472
ID_1CJ5FO,0.012341423073368,0.0119219450036625,0.012341423073368,0.0119219450036625,0.012341423073368,0.0119219450036625
ID_WKK2CS,0.000197505914255956,0.000211318398982022,0.000258087183895902,0.000268530040640317,0.000262529035867196,0.000279142062519419
ID_Y6EXY9,3.1031541964646e-05,2.44817864823493e-05,7.48831564414512e-05,6.49256471127676e-05,7.48831564414512e-05,6.49256471127676e-05
ID_4SML2V,0.00463240225209048,0.0049915260114348,0.00463240225209048,0.0049915260114348,0.00463240225209048,0.0049915260114348
ID_42E5J9,3.98776112618524e-05,3.55644391394054e-05,6.57636406479055e-05,5.87188092652e-05,8.37219628623074e-05,8.17082306990175e-05
ID_G4MECV,6.37841888890213e-05,5.47607799277142e-05,0.00032971110859389,0.000298103388484188,0.00032971110859389,0.000298103388484188
ID_QW38O7,0.000221256166686204,0.000217738453210091,0.000221256166686204,0.000217738453210091,0.000221256166686204,0.000217738453210091
ID_4TNPPX,0.000205460748248843,0.000215953985020305,0.000268584568871882,0.000274577464112853,0.000268584568871882,0.000274577464112853
ID_DEI9SN,8.73880830390431e-05,7.78349591406121e-05,0.000444680722054874,0.000471749225714891,0.000444680722054874,0.000471749225714891
ID_OC1T6J,9.96326598084315e-05,0.000104671935863693,9.96326598084315e-05,0.000104671935863693,9.96326598084315e-05,0.000104671935863693
ID_SU0E3L,3.16959257524335e-05,2.380142453296e-05,0.000119735490253375,0.000108504618866535,0.000119735490253375,0.000108504618866535
ID_UV1C91,0.000237728641552563,0.000241453188962674,0.00104919598790538,0.00104502719636126,0.00104919598790538,0.00104502719636126
ID_55KL6G,3.4158499515938e-05,2.27806253485214e-05,0.000427287795180524,0.000407246022457244,0.00049527231918252,0.000489567204890551
ID_AFNCWF,4.72567771475929e-05,4.78263381414318e-05,6.49647569974765e-05,5.69999177249815e-05,7.24245331633498e-05,7.08218870175321e-05
ID_8CR3X0,7.61794505853776e-05,5.622213613806e-05,7.61794505853776e-05,5.622213613806e-05,8.48976153647731e-05,8.18907981564499e-05
ID_O844TL,0.0009291635585254,0.000550537037915457,0.00334788650185431,0.00319988132265638,0.00380172131827961,0.00364498504597981
ID_63MA7T,4.94489118566081e-05,4.80347495760364e-05,5.80394286557357e-05,5.40475997304897e-05,6.00823410343438e-05,5.83971562242104e-05
ID_2EA5JN,1.7135360419919e-05,1.04856338831801e-05,0.000274339193727804,0.00023782171607618,0.000274339193727804,0.00023782171607618
ID_F5HANJ,0.0252703590596869,0.0239475181037001,0.0252703590596869,0.0239475181037001,0.10211201283325,0.115683862669322
ID_HWUQNT,4.17420640602225e-05,4.00696528518832e-05,8.14724871370985e-05,7.94479695830534e-05,0.000131533428646513,0.000128940425102117
ID_YC254M,0.000146892025884172,0.000183684133217004,0.000203555079241643,0.000185749181791085,0.000203555079241643,0.000185749181791085
ID_71RVRZ,3.9949520448606e-05,3.12527844342418e-05,3.9949520448606e-05,3.12527844342418e-05,3.9949520448606e-05,3.12527844342418e-05
ID_JIR3BK,2.18993065367116e-05,1.3265189569591e-05,7.03079254224244e-05,5.9975703253957e-05,9.57253628785495e-05,8.81501260973081e-05
ID_SWNDPS,7.14566042123254e-05,6.79680287147363e-05,9.30528697888336e-05,8.52707998479051e-05,9.30528697888336e-05,8.52707998479051e-05
ID_X8CXRN,0.00485978763914384,0.00499633258588639,0.00485978763914384,0.00499633258588639,0.00485978763914384,0.00499633258588639
ID_0U4OWS,1.98298530137214e-05,1.23595101131192e-05,7.13090101774281e-05,6.20293801093142e-05,8.60975300291108e-05,8.5142648354339e-05
ID_WPMWMW,0.00116779626243871,0.00151869294857011,0.00185312503085751,0.00198920624131634,0.00185312503085751,0.00198920624131634
ID_36E2M8,3.99362321276478e-05,3.55611871634504e-05,6.0118783302065e-05,5.50409909131058e-05,6.0118783302065e-05,5.95148432934002e-05
ID_IMR2O6,9.54783203453868e-05,8.90872055281842e-05,0.000173968072215621,0.000173160838911511,0.000173968072215621,0.000173160838911511
ID_S213JS,8.64463809443608e-06,5.37355695547667e-06,4.57395219368083e-05,4.19701311980058e-05,4.57395219368083e-05,4.19701311980058e-05
ID_OG238E,1.21847411392238e-05,7.70822491180604e-06,3.62677982576672e-05,2.96596844191616e-05,4.02200939981813e-05,3.7695142511321e-05
ID_DUKW5I,3.0398769568077e-05,2.56034940017313e-05,8.51499214994623e-05,8.43518900078095e-05,0.000103012344795497,0.000105704696618447
ID_4NRMAU,5.00597811921522e-05,3.73039441488278e-05,0.000158529894708258,0.00013550708982605,0.000158529894708258,0.00013550708982605
ID_11E3S7,0.000150685136685429,0.00010357193982337,0.000204952464659818,0.000190258461399311,0.000272191491048386,0.000289287843981406
ID_J30HVX,0.000133348051708991,0.000136426534731162,0.00017945957617514,0.000174089455804577,0.00017945957617514,0.000174089455804577
ID_6AYBN2,5.16247026098598e-05,3.69638099303464e-05,0.000209676197405777,0.000206146508088594,0.000209676197405777,0.000206146508088594
ID_ZK5F0Y,0.00866492823714599,0.00807463110460681,0.00866492823714599,0.00807463110460681,0.00866492823714599,0.00807463110460681
ID_M4DZO8,0.0521809597637633,0.039971830970543,0.123789933387094,0.121511426127452,0.173803971881862,0.17079725689786
ID_YOJDUN,1.28192609043999e-05,9.05766286987228e-06,5.47395732031317e-05,4.77387517815023e-05,6.03304258641342e-05,5.71594288438025e-05
ID_MFYS5T,0.00171159407108592,0.001359278787943,0.0139104838034635,0.0135126456190324,0.0139104838034635,0.0135126456190324
ID_S4H317,0.0637317653164564,0.0745560445749037,0.0637317653164564,0.0745560445749037,0.0704676082525174,0.078900863438277
ID_1AT9KW,4.36166471754196e-05,4.02597265446531e-05,7.72554533799038e-05,6.98957021188574e-05,9.16918361186482e-05,9.04358929225912e-05
ID_I8C23T,3.3448157440236e-05,2.47865608954039e-05,3.3448157440236e-05,2.47865608954039e-05,3.3448157440236e-05,2.82371415234219e-05
ID_8IY1R3,1.7135360419919e-05,1.04856338831801e-05,0.000274339193727804,0.00023782171607618,0.000274339193727804,0.00023782171607618
ID_UTMX3S,1.63298598928745e-05,1.17783560545038e-05,1.63298598928745e-05,1.17783560545038e-05,2.14477906885422e-05,1.99552539413322e-05
ID_16O9TG,1.68191692961769e-05,1.26709795787996e-05,3.79485407414521e-05,3.31497940172692e-05,4.46093834543764e-05,4.22776638083099e-05
ID_YEK3N6,6.05302311274471e-05,6.99884874935595e-05,6.18635146160956e-05,6.99884874935595e-05,6.49485814801381e-05,6.99884874935595e-05
ID_0ZSP1X,0.00073034975647599,0.000866977712539402,0.00073034975647599,0.000866977712539402,0.00073034975647599,0.000866977712539402
ID_RT2NGQ,1.73665222943725e-05,1.4001751737463e-05,2.05360393785499e-05,1.7890640260083e-05,2.68481102992976e-05,2.53200493144575e-05
ID_WHQS9J,1.53079183809945e-05,1.07427937486358e-05,3.82024033423743e-05,3.13877221615733e-05,4.37033178403793e-05,4.11655187595023e-05
ID_GB2USC,0.000109519054409108,0.000118181171001888,0.000306767615442307,0.000322210402905082,0.000306767615442307,0.000322210402905082
ID_Z2I4JV,0.000144228281453232,0.000150918779619216,0.000144228281453232,0.000150918779619216,0.000144228281453232,0.000150918779619216
ID_RTAF36,4.29090847375151e-05,3.81941804217515e-05,6.48435478015688e-05,5.85579385807851e-05,6.48435478015688e-05,5.85579385807851e-05
ID_TBMDR7,0.00369124498782936,0.00365145472812759,0.00369124498782936,0.00365145472812759,0.00369124498782936,0.00365145472812759
ID_8VQ82J,0.000578281331335754,0.000699962080394301,0.000578281331335754,0.000699962080394301,0.000578281331335754,0.000699962080394301
ID_IR8CDY,0.00851548914364855,0.0106618728849802,0.00851548914364855,0.0106618728849802,0.00851548914364855,0.0106618728849802
ID_TNZJLJ,6.82150735583326e-05,4.89479968577923e-05,0.00018912396519129,0.000163304912709702,0.000244933472928518,0.000241211771580533
ID_HO7OER,0.000611556350269147,0.000642225848024773,0.00186867981952958,0.00206334514325499,0.00186867981952958,0.00206334514325499
ID_13419M,3.77645857506897e-05,2.92150283484937e-05,6.81666640372802e-05,5.95237749130848e-05,6.81666640372802e-05,5.95237749130848e-05
ID_O2QO7X,1.40774264355629e-05,9.1658341695437e-06,0.000109279777521104,9.76485636464819e-05,0.000109279777521104,9.76485636464819e-05
ID_BI2AKY,4.87620226529622e-05,3.88106265367366e-05,0.000601240508258362,0.000594350982743588,0.000601240508258362,0.000594350982743588
ID_DNQWGC,0.00115498327684995,0.00112480949113739,0.00590515903641418,0.00592384834156034,0.00590515903641418,0.00592384834156034
ID_C5THPI,0.0320172999706777,0.0359417952072783,0.0320172999706777,0.0359417952072783,0.0320172999706777,0.0359417952072783
ID_C42QFG,8.70529484899117e-06,5.97714398433392e-06,3.06437392579131e-05,2.62894992053862e-05,4.93792256901039e-05,4.58546100226197e-05
ID_ZD760Q,0.000320588306245385,0.000327529977076877,0.00175732202875506,0.00195241803152692,0.00175732202875506,0.00195241803152692
ID_BS70GA,0.27919490646664,0.311626836710715,0.27919490646664,0.311626836710715,0.27919490646664,0.311626836710715
ID_TK4FYQ,1.4429979074511e-05,1.0208430972416e-05,6.33581335396059e-05,5.56829885238552e-05,7.80469717965288e-05,7.43272469174619e-05
ID_IASVT4,2.35184131511561e-05,1.51433146830774e-05,0.000466582865706124,0.000416867496939839,0.000466582865706124,0.000416867496939839
ID_AD0JB4,6.55462977482261e-05,4.81382133194561e-05,6.91445593655184e-05,5.87113472134044e-05,0.000134680764674488,0.000131928393691206
ID_36R17J,0.000137215134526456,0.000136434545396683,0.000192348950102132,0.000191834802867111,0.000198413393102176,0.000204959268755084
ID_CLLIH7,0.000269661275274016,0.000224647424312443,0.000739713535598334,0.000652452259533815,0.000739713535598334,0.000652452259533815
ID_74362O,8.15807363204167e-05,7.57734952385031e-05,9.41495081251398e-05,8.65343020538018e-05,0.000105219325812072,0.000103405702587757
ID_MVMMZ5,1.4240574122242e-05,1.11858813832328e-05,4.20048847119563e-05,3.71926736662848e-05,4.20048847119563e-05,3.71926736662848e-05
ID_1T7417,1.51736240144804e-05,8.90182104410162e-06,0.000311421704996823,0.000267786170523999,0.000311421704996823,0.000267786170523999
ID_745OT8,0.000150947478319765,0.000140046264754538,0.000150947478319765,0.000140046264754538,0.000150947478319765,0.000140046264754538
ID_Z0ZX8Q,1.73518630998406e-05,1.18076481964795e-05,5.83482334912858e-05,5.34127364386393e-05,7.59461571235398e-05,7.21158919567491e-05
ID_MCNRLY,8.86581649944169e-05,8.19969014127858e-05,0.000183253878782151,0.000180564358733613,0.000183253878782151,0.000180564358733613
ID_84BF6M,0.000668428500831022,0.000618841683965618,0.000668428500831022,0.000618841683965618,0.000668428500831022,0.000618841683965618
ID_YBCHN4,0.152555544824528,0.164549850581238,0.152555544824528,0.164549850581238,0.152555544824528,0.164549850581238
ID_VWWM1B,0.241249381570932,0.256263326298582,0.241249381570932,0.256263326298582,0.241249381570932,0.256263326298582
ID_N5ZN4G,0.00870905174307891,0.00829564885117879,0.00870905174307891,0.00829564885117879,0.00870905174307891,0.00829564885117879
ID_NJNVR3,3.98776112618524e-05,3.55644391394054e-05,6.57636406479055e-05,5.87188092652e-05,8.37219628623074e-05,8.17082306990175e-05
ID_ZOSYAP,0.000757428824355974,0.000797510960656391,0.000757428824355974,0.000797510960656391,0.0012934620466922,0.00131942608505918
ID_VRS6GC,0.784794272020054,0.807980002731694,0.857459389097095,0.87159693671305,0.857459389097095,0.908171587542286
ID_B6RUJE,6.34989575154588e-05,4.79182771392118e-05,0.000214669290324228,0.000201462205885671,0.000292939071840299,0.000292751538327196
ID_2WWX3O,3.14145757793362e-05,2.20378345105344e-05,5.5427861879952e-05,4.88367386568601e-05,5.86460046947338e-05,5.532354486429e-05
ID_614OQG,0.00437849067915437,0.00330013085984405,0.00437849067915437,0.00330013085984405,0.00511063145298933,0.00567030471445473
ID_5F3FW3,3.51229000570535e-05,2.26805328468717e-05,0.000707154498638143,0.000649374653805105,0.000707154498638143,0.000649374653805105
ID_N8STMV,2.67093133133322e-05,1.87964541235885e-05,0.000317578059515104,0.000301652914997033,0.000317578059515104,0.000301652914997033
ID_U4YBEU,2.26783979975751e-05,1.87597985941046e-05,0.000144912337407335,0.000129059848793945,0.00015001655275704,0.000151086822603137
ID_STOONH,0.000981154674459166,0.000593984347446886,0.00333000074262865,0.00320883647683238,0.00371623738449931,0.00358428659838182
ID_UGEC57,3.39557256914215e-05,2.58669365186888e-05,9.64800809871054e-05,8.97961972323308e-05,0.000118842118825547,0.000122343329879497
ID_8RJBND,0.000122040565477463,0.000127366625034964,0.000122040565477463,0.000127366625034964,0.000122040565477463,0.000127366625034964
ID_G6R4XS,1.9291919093424e-05,1.45512230567132e-05,4.05827869428928e-05,3.52875205055644e-05,4.05827869428928e-05,3.52875205055644e-05
ID_6HMBCZ,4.71314854110058e-05,3.75442078169201e-05,8.9142490131232e-05,8.40119558635095e-05,8.9142490131232e-05,8.40119558635095e-05
ID_HQG7S5,9.36559100385898e-06,6.13121993564986e-06,5.63402668587066e-05,5.07002776432432e-05,6.47258102097693e-05,6.3036050503763e-05
ID_QSILOT,9.43514604960434e-05,9.22725823814726e-05,0.000289396337663527,0.000253334374390948,0.000289396337663527,0.000270539393858446
ID_LUDHWT,0.00565102897580864,0.00535305774965194,0.0157313186549663,0.0148042699170271,0.0157313186549663,0.0150624272646327
ID_1S1KBW,2.49908996817483e-05,1.88149394733196e-05,3.8433864746478e-05,3.34674209852217e-05,4.52251117517979e-05,4.36805160929819e-05
ID_G27PI8,0.00453780761369748,0.00437743987185793,0.00453780761369748,0.00437743987185793,0.00453780761369748,0.00437743987185793
ID_HXOU9G,0.0118027765911992,0.0121642396450115,0.0118027765911992,0.0121642396450115,0.0215532376818167,0.0238586658127225
ID_C01ZXM,6.90592458465605e-05,6.02201390483955e-05,6.90592458465605e-05,6.02201390483955e-05,8.26175585978598e-05,7.99071176727274e-05
ID_O5J9TX,4.50967588471898e-05,2.65934519937011e-05,8.6870421050504e-05,7.22845307300103e-05,0.000129760512467002,0.000123271250058864
ID_YFLCSJ,0.000359744580270596,0.000468475756641036,0.000359744580270596,0.000468475756641036,0.000359744580270596,0.000468475756641036
ID_Z0SOKW,0.0110765657747742,0.0103509113208787,0.0217119256158887,0.0218132550585612,0.0217119256158887,0.0218132550585612
ID_X7UEWP,2.41387398385048e-05,1.68274181005934e-05,0.000321856824250068,0.000281702912556148,0.000321856824250068,0.000281702912556148
ID_Q18J6B,1.48277746767573e-05,9.57695331103916e-06,3.80356077122642e-05,3.19717847593014e-05,4.07233395270023e-05,3.80869130646849e-05
ID_C9SGUI,0.00320631535264551,0.00346877364582259,0.00320631535264551,0.00346877364582259,0.00374698478770202,0.00388269255388995
ID_0QG01H,0.00286006064564905,0.00315238463602837,0.00286006064564905,0.00315238463602837,0.00286006064564905,0.00315238463602837
ID_LZENBE,7.36900881963193e-05,7.41361941082086e-05,8.21183330045561e-05,7.68040472476666e-05,8.21183330045561e-05,7.68040472476666e-05
ID_2IZGEP,2.35184131511561e-05,1.51433146830774e-05,0.000466582865706124,0.000416867496939839,0.000466582865706124,0.000416867496939839
ID_HI16T2,5.80933299529207e-05,5.54956364720954e-05,5.80933299529207e-05,5.54956364720954e-05,5.80933299529207e-05,5.54956364720954e-05
ID_IWB0AZ,4.25430132811152e-05,3.2841511385037e-05,4.67189876156996e-05,3.96428234824241e-05,5.32457962305877e-05,4.94585306138129e-05
ID_25GIGF,0.000113710043808644,7.97423899990547e-05,0.000457782386697318,0.000448978480477956,0.000457782386697318,0.000448978480477956
ID_8APH0Q,0.00015036400932924,0.000141036010594897,0.000469505799888899,0.000470279733608029,0.000469505799888899,0.000470279733608029
ID_7VXCAN,5.47729481139932e-05,4.02382528246669e-05,0.000137835681801202,0.000122141010476031,0.000164449813156119,0.000154480175813908
ID_4VPY9Q,2.7670955487202e-05,1.79467231781646e-05,0.00035846417654204,0.000303471981611053,0.00035846417654204,0.000303471981611053
ID_14VB1C,2.23955080017109e-05,1.74206124012438e-05,6.88155303581121e-05,6.08473828148323e-05,7.29692758895592e-05,6.9529188065153e-05
ID_U94QW1,2.93996955549953e-05,2.21797327254714e-05,0.000128645016118189,0.000125072316094415,0.000128645016118189,0.000125072316094415
ID_ANWPH8,0.00174336857616729,0.00177058480207748,0.00174336857616729,0.00177058480207748,0.00185636350925371,0.00185613679499051
ID_X6CKBA,9.85330623729456e-05,0.00010672258295653,0.000104531441852808,0.00010672258295653,0.000104531441852808,0.00010672258295653
ID_SLT0Y1,0.000231051189992026,0.000231453786708894,0.000231051189992026,0.000231453786708894,0.000231051189992026,0.000231453786708894
ID_8I7C6M,0.0009291635585254,0.000550537037915457,0.00334788650185431,0.00319988132265638,0.00380172131827961,0.00364498504597981
ID_71E57J,1.07131552060716e-05,8.04186312296221e-06,3.77459020592283e-05,3.32361091370072e-05,6.25007753897766e-05,6.02646937346505e-05
ID_ZLJNIO,5.54123614051074e-05,4.63303869332432e-05,0.000407205275757854,0.00040825449920261,0.000794262236112054,0.000819247049832529
ID_00DZUV,5.26068936150931e-05,4.1850081100026e-05,5.26068936150931e-05,4.1850081100026e-05,5.26068936150931e-05,4.1850081100026e-05
ID_BYU5HD,4.13367904981626e-05,3.23853924481658e-05,0.000138180682158718,0.000123817925476206,0.000138180682158718,0.000130094838519264
ID_CTI20D,1.53006696484068e-05,9.15557054268121e-06,2.08357547821896e-05,1.70145394064102e-05,2.30888207630308e-05,2.13504538913034e-05
ID_4A2QA2,0.00921405110075684,0.00888288984032958,0.0127902658654123,0.013592183068556,0.0127902658654123,0.013592183068556
ID_8P2W83,0.00166494875451415,0.00141187821297564,0.012698702262746,0.0139304090463648,0.0158046327109987,0.0178212098016145
ID_RVDWFT,8.11391198805263e-06,5.01207073259699e-06,6.41139484486635e-05,5.67072424299562e-05,6.41139484486635e-05,5.67072424299562e-05
ID_UYNICE,0.000162714258579996,0.000182818103756794,0.000162714258579996,0.000182818103756794,0.000162714258579996,0.000182818103756794
ID_CD4GLQ,0.000292849242831277,0.000319483225056397,0.000464628198764616,0.000470989802183452,0.000507866590564938,0.000533100743640574
ID_KQKFQH,4.01102357642313e-05,3.54155477025469e-05,4.01102357642313e-05,3.54155477025469e-05,4.01102357642313e-05,3.54155477025469e-05
ID_MSLQC3,0.0413470358858268,0.0463394157158575,0.131346051154737,0.131738207445634,0.143629353049098,0.159970932821808
ID_3L5YZU,4.45825824795801e-05,4.71294137948337e-05,4.45825824795801e-05,4.71294137948337e-05,4.45825824795801e-05,4.71294137948337e-05
ID_F4L75C,0.000544378154384977,0.000659577789616587,0.000544378154384977,0.000659577789616587,0.000544378154384977,0.000659577789616587
ID_98FMQO,0.00015439037838042,0.000147421277320187,0.000475394645579065,0.000451821476480612,0.000475394645579065,0.000451821476480612
ID_LVGS8N,2.29759179403044e-05,2.01544897631495e-05,0.000155757928381324,0.000147346120790288,0.000155757928381324,0.000154921425208132
ID_XKQHVP,3.73732088514954e-05,2.70494361379139e-05,0.000154426738510505,0.00013832116981371,0.000154988579692464,0.000149962388463937
ID_210G9G,5.07942836115014e-05,4.51884267939171e-05,0.000111219766655419,0.000105779825797475,0.000111219766655419,0.000105779825797475
ID_6GPIIM,0.000164204715400402,0.000166474211726827,0.000220573823188923,0.000216866307751133,0.000220573823188923,0.000216866307751133
ID_4QEJQO,1.31227070271439e-05,8.92147383838237e-06,4.25570422595621e-05,3.50218105965807e-05,4.42524026461378e-05,4.17455789046086e-05
ID_XPCFD0,1.67114503873683e-05,9.8857594548138e-06,0.000229454262643616,0.000199757926780913,0.000266803473685161,0.000249548210807106
ID_KXM5JC,9.05728259429235e-06,5.59539739526623e-06,3.39612389145663e-05,2.78960761336531e-05,5.86039413953907e-05,5.485988154135e-05
ID_4QEIOH,3.72582665677588e-05,3.61063030625526e-05,3.72582665677588e-05,3.61063030625526e-05,3.79581802323071e-05,3.64866611362435e-05
ID_B3GS6V,3.52911480683599e-05,2.9253799816862e-05,6.20144864767504e-05,5.21400752134133e-05,6.20144864767504e-05,5.21400752134133e-05
ID_WP14OU,2.14795864574973e-05,1.74565687231323e-05,2.44087911496283e-05,2.09431823899378e-05,4.75031745504319e-05,4.73994687089098e-05
ID_22YEQD,4.17379358605011e-05,3.81740654959922e-05,7.06379552918377e-05,6.36018044928147e-05,9.12879683888077e-05,8.99432252098777e-05
ID_CFEXKG,0.00346203946434329,0.0026798749038906,0.00714253579495624,0.00728849546822808,0.0145487287217074,0.0153841957825345
ID_J70B1Q,7.05868505494588e-05,5.39797933425912e-05,7.47558329818944e-05,6.50109496465085e-05,0.00013498944041973,0.000132993359364841
ID_Q2IGYG,2.09033905082279e-05,1.72083156569972e-05,5.53052342455694e-05,4.78695275725242e-05,6.07180342710634e-05,5.71977678078344e-05
ID_5VE6UT,0.000138032790560978,0.000130169128604635,0.000265165754451162,0.000256437865951002,0.000434215456283446,0.000446101902517143
ID_RCKGWH,6.5987172491586e-05,7.48039844978738e-05,6.5987172491586e-05,7.48039844978738e-05,6.5987172491586e-05,7.48039844978738e-05
ID_EISUUM,1.4276352882531e-05,8.33966158317373e-06,4.73520520149465e-05,3.9114281583055e-05,4.73520520149465e-05,3.97653154340643e-05
ID_S6HTFD,5.6112750768827e-05,5.10678868041195e-05,5.6112750768827e-05,5.10678868041195e-05,5.6112750768827e-05,5.10678868041195e-05
ID_5UDF18,6.08414224624367e-05,5.29650404163105e-05,0.000225541548473927,0.000200641911181498,0.000225541548473927,0.000200641911181498
ID_VJ5MEA,1.03355690730888e-05,7.11372907137771e-06,2.9762101747729e-05,2.47565115815378e-05,4.00261137221618e-05,3.76733861132415e-05
ID_CSVCR9,2.75043851486944e-05,2.10241407686475e-05,0.000155182046614337,0.000139101616622964,0.000155182046614337,0.000139101616622964
ID_0O39EX,0.00675529112060371,0.00700921242765598,0.0105725053873911,0.0100783373628155,0.0105725053873911,0.0100783373628155
ID_G1IG7E,0.000513448173489803,0.000301819244574584,0.00250734409452034,0.00231799175426719,0.00318550942643838,0.00301117899173649
ID_0BYJ5N,0.00015047841166168,0.000177486576187721,0.00015047841166168,0.000177486576187721,0.00015047841166168,0.000177486576187721
ID_RGOMLT,7.65345361062827e-05,7.17697766271472e-05,0.000453184630711282,0.000483559215009167,0.000546967366866097,0.000588228228120657
ID_RZMYEA,3.55627670152223e-05,3.22855544677726e-05,3.55627670152223e-05,3.22855544677726e-05,3.55627670152223e-05,3.22855544677726e-05
ID_DBNNI7,0.000407199866184241,0.000492092279782909,0.000407199866184241,0.000492092279782909,0.000407199866184241,0.000492092279782909
ID_5UAGTH,1.09335308457098e-05,7.08006389588867e-06,9.61528833594148e-05,8.58893263066227e-05,0.000108243648756265,0.000104889220450294
ID_5UJIQ7,8.30797098087801e-05,9.38573752148069e-05,8.30797098087801e-05,9.38573752148069e-05,8.30797098087801e-05,9.38573752148069e-05
ID_PCHYP9,0.0638916995870391,0.061436029256398,0.0638916995870391,0.061436029256398,0.0688274461192141,0.0767169929865881
ID_W4K932,0.000211980808721586,0.00023661197714069,0.000302636788208741,0.000307629889852177,0.000315916929920713,0.000323909244476396
ID_JDWZ6W,0.00268135712882084,0.00264016876852757,0.00421103651468854,0.00427742678929025,0.00436114473900984,0.00460710199211517
ID_LT6OU6,0.000158149979495042,0.000166927597139899,0.000158149979495042,0.000166927597139899,0.000158149979495042,0.000166927597139899
ID_QL2YV1,4.24598402488567e-05,3.27947776968804e-05,0.000242808217670031,0.000204778969630778,0.000242808217670031,0.000209241531843782
ID_3TV8X9,0.00622966733371837,0.00528860714072207,0.00622966733371837,0.00528860714072207,0.00622966733371837,0.00528860714072207
ID_S5C90U,0.472747172365004,0.492280600342348,0.472747172365004,0.492280600342348,0.576981540694124,0.636514643154798
ID_3R5UNN,5.0461882774031e-05,4.29601587016984e-05,5.10334901956647e-05,4.74864926067988e-05,5.10334901956647e-05,4.74864926067988e-05
ID_ZP9WX2,4.45825824795801e-05,4.71294137948337e-05,4.45825824795801e-05,4.71294137948337e-05,4.45825824795801e-05,4.71294137948337e-05
ID_4YQQ0B,1.17483480991166e-05,9.39235812156564e-06,3.64799343102266e-05,3.36257831317805e-05,3.64799343102266e-05,3.36257831317805e-05
ID_2Z02YG,7.2954824001199e-05,6.82440852127169e-05,0.000121705383917189,0.000111995000177476,0.000121705383917189,0.000111995000177476
ID_3P9NV3,3.29005349669049e-05,2.31378327374923e-05,8.87281113836928e-05,7.8703891940742e-05,8.87281113836928e-05,7.8703891940742e-05
ID_9A0ZFU,0.000396405146353803,0.00040341688942853,0.000447564608358021,0.000482665256687098,0.000447564608358021,0.000482665256687098
ID_51YUZ8,0.00514933871762086,0.00441583762269729,0.0482514139048619,0.0459541173007327,0.103392596491772,0.112432810011361
ID_JF1SSX,0.0973241485639631,0.0965474882845983,0.17705980058638,0.173205243331975,0.17705980058638,0.177523527071909
ID_UE54M8,5.68650539797534e-05,6.13198106207775e-05,5.68650539797534e-05,6.13198106207775e-05,5.68650539797534e-05,6.13198106207775e-05
ID_938PPA,1.99496360123088e-05,1.39261740549755e-05,0.00082066875521816,0.000828048960996864,0.00082066875521816,0.000828048960996864
ID_HT2H75,0.000304764512706086,0.000329326302534227,0.000522140520098011,0.000532091922018355,0.0005524311908649,0.000575541583115809
ID_RFKV4T,0.0201992557534392,0.0154771043600305,0.202532118124311,0.224724193985699,0.212438107516261,0.235408802634998
ID_BOVGVS,0.000409313548966039,0.000457006412487986,0.00059507758667808,0.000637563195687988,0.00059507758667808,0.000637563195687988
ID_PD844Y,0.000171148109226138,0.000163988825800055,0.000171148109226138,0.000163988825800055,0.000171148109226138,0.000163988825800055
ID_UWLODH,2.35184131511561e-05,1.51433146830774e-05,0.000466582865706124,0.000416867496939839,0.000466582865706124,0.000416867496939839
ID_GFNMAQ,5.42132322791875e-05,4.27867462978012e-05,0.000179617258410899,0.000152565404898534,0.000179617258410899,0.000152565404898534
ID_R8L0ZF,1.53006696484068e-05,9.15557054268121e-06,2.08357547821896e-05,1.70145394064102e-05,2.30888207630308e-05,2.13504538913034e-05
ID_295N8V,7.44985673579632e-05,8.61742838887335e-05,0.000207454755780828,0.000202144143124256,0.000207454755780828,0.000202144143124256
ID_T7A33E,1.78420986573045e-05,1.28018570593221e-05,1.78420986573045e-05,1.28018570593221e-05,2.37235644046827e-05,2.20963008450434e-05
ID_T2OK2R,4.4895812788331e-05,4.19103103832417e-05,7.14372812783939e-05,6.47654610230564e-05,7.14372812783939e-05,6.47654610230564e-05
ID_SQPD1Y,2.96239356443318e-05,2.00999190281544e-05,5.20596463314373e-05,4.40130598970253e-05,5.20596463314373e-05,4.59548566619201e-05
ID_YSGK3Y,7.79134229598174e-05,7.22153192168225e-05,0.000105911053054465,0.00010144343638863,0.000105911053054465,0.00010144343638863
ID_KXY99G,9.11370616927592e-05,8.68207078514886e-05,0.000115215642692569,0.000105729511043424,0.000115944837299128,0.00011429393405816
ID_GWCAWH,5.25854725979375e-05,4.89415768787215e-05,0.000170394648215344,0.000153519915699999,0.000170394648215344,0.000153519915699999
ID_9KQ8G6,0.000104432353830605,9.78977794873722e-05,0.000138144094847146,0.00012756094492706,0.000138144094847146,0.00012756094492706
ID_22VI0T,3.37208598005005e-05,2.70130396773741e-05,7.34498260819628e-05,6.8199099251262e-05,7.34498260819628e-05,6.8199099251262e-05
ID_PTXVXA,9.73989464808696e-06,6.8190904180963e-06,5.0211369942952e-05,4.29284472425152e-05,5.0211369942952e-05,4.31147125982882e-05
ID_69NSKI,5.40354581254479e-05,4.82149656736218e-05,0.000102935218314559,9.22046101120862e-05,0.000102935218314559,9.22046101120862e-05
ID_B7Q4VT,0.000405545041599017,0.000365774983428797,0.000405545041599017,0.000365774983428797,0.000405545041599017,0.000365774983428797
ID_B8QQ14,6.48618601668983e-05,5.99434200062111e-05,6.48618601668983e-05,5.99434200062111e-05,6.48618601668983e-05,5.99434200062111e-05
ID_5S0DH2,0.000109802092188339,9.91715983133194e-05,0.000617945279117005,0.000549832407796562,0.000617945279117005,0.000549832407796562
ID_F82ACJ,0.00858642879217631,0.00794044516091539,0.0100231846520654,0.0106555617242815,0.0100231846520654,0.0106555617242815
ID_J41EOZ,2.29232310637841e-05,1.57361877677813e-05,0.000147856589374517,0.000123869819278536,0.00016988861047654,0.000160110760526188
ID_8V1UTS,0.000352977646940289,0.000283544638418197,0.000890699121808928,0.000921258542077432,0.000890699121808928,0.000921258542077432
ID_E8WY7K,0.000664983197745768,0.00057993132940456,0.000664983197745768,0.00057993132940456,0.000664983197745768,0.00057993132940456
ID_5KFOE3,3.45796952825291e-05,2.1783094673156e-05,6.44152656125135e-05,5.40953019097269e-05,6.44152656125135e-05,5.40953019097269e-05
ID_8JDABW,0.000604763196960463,0.000659623135866583,0.000604763196960463,0.000659623135866583,0.000670050764631872,0.000740265757464021
ID_X675QX,9.0031138795297e-05,5.86954045979035e-05,0.000490021093601081,0.000479507140041092,0.000623979633159883,0.000631642318909125
ID_LKUGYH,0.0001939187567076,0.000198914358532854,0.0001939187567076,0.000198914358532854,0.0001939187567076,0.000198914358532854
ID_RUN0MH,1.66150428737611e-05,1.35013888185997e-05,0.000178434888017685,0.000186103750895852,0.000178434888017685,0.000186103750895852
ID_89A4YE,2.42977502480723e-05,1.76394485822048e-05,0.00010159769866603,9.41554226797231e-05,0.000118519400087365,0.000119012868644585
ID_E6FGS1,0.000913736834501104,0.000858440571492939,0.0021791179113396,0.00213410907438176,0.00254837433734419,0.00253061744825381
ID_PNFU37,5.71910264686177e-05,5.46174153248298e-05,6.25822052497956e-05,5.82298747752772e-05,6.25822052497956e-05,5.82298747752772e-05
ID_F6BTEU,5.07158833938931e-05,3.89002692012247e-05,0.000887085287486911,0.00085377078670886,0.000887085287486911,0.00085377078670886
ID_01C6IY,1.51120108949618e-05,1.06750577353169e-05,2.33759349314764e-05,1.9602091758782e-05,3.16353749939478e-05,2.97794594354546e-05
ID_KKMWCT,8.28524831728529e-06,5.1847632919826e-06,0.000193490721453073,0.000174203456968079,0.000274950765797697,0.000271491670914224
ID_H1OEWH,3.40097205823639e-05,2.57231774901019e-05,0.000107798054208413,9.93055071513872e-05,0.000107798054208413,9.93055071513872e-05
ID_OZTOGX,0.00227964643195188,0.00247907389573103,0.00275703520562496,0.00290180155645441,0.0042474400585573,0.00453816391075539
ID_ETZB50,0.000175389233617791,0.000193460411813694,0.000193996741777741,0.000201247765360192,0.000193996741777741,0.000201247765360192
ID_TOUBDS,4.04364800551569e-05,3.29272846454031e-05,6.19364026413563e-05,5.53525112978601e-05,6.19364026413563e-05,5.53525112978601e-05
ID_EJ3RGR,3.04623268821349e-05,2.29016432867513e-05,0.000129998473748747,0.000120009534824975,0.000129998473748747,0.000120009534824975
ID_QAIAUU,0.000113731643729185,0.000110841813397353,0.000117182138151414,0.000110841813397353,0.000128179264018211,0.000127059017243292
ID_HP61FB,5.88102886181911e-05,5.70732593618384e-05,5.88102886181911e-05,5.70732593618384e-05,5.88102886181911e-05,5.70732593618384e-05
ID_DQP3PY,3.16959257524335e-05,2.380142453296e-05,0.000119735490253375,0.000108504618866535,0.000119735490253375,0.000108504618866535
ID_3D546N,2.99191350255326e-05,2.35459343765584e-05,4.72844406761078e-05,4.04713907446545e-05,4.72844406761078e-05,4.04713907446545e-05
ID_VYD2TV,0.000189767598325278,0.000183924017364611,0.000189767598325278,0.000183924017364611,0.000189767598325278,0.000183924017364611
ID_G17P84,0.00254658930379102,0.00238230013058393,0.00254658930379102,0.00238230013058393,0.00335364509723604,0.0034822561380592
ID_9KT6CB,7.36176890942816e-05,6.70728969528946e-05,0.000134561062013175,0.000125872447002148,0.000134561062013175,0.000130871563650976
ID_AKS62G,6.21029718919361e-05,6.21322011181988e-05,9.30668207842002e-05,9.09170691039438e-05,9.30668207842002e-05,9.09170691039438e-05
ID_VAJKEF,2.05980493140175e-05,1.74769324119625e-05,2.66266134641272e-05,2.37955223857704e-05,2.66266134641272e-05,2.45243836301326e-05
ID_O5A5SL,5.30140943842676e-06,3.33621805806716e-06,2.64506341857414e-05,2.27343892955238e-05,2.64506341857414e-05,2.38398310618304e-05
ID_I3D2M6,0.00073091139547727,0.000712229179563233,0.00221900982683827,0.00236900747738617,0.00221900982683827,0.00236900747738617
ID_QVH6R4,7.11993572130634e-05,7.17995613396526e-05,7.11993572130634e-05,7.17995613396526e-05,7.11993572130634e-05,7.17995613396526e-05
ID_LZIJWN,4.10129525691974e-05,3.7619881481772e-05,4.86122121759397e-05,4.46192450879998e-05,6.14779769589333e-05,5.93217639508911e-05
ID_ZU5SYR,0.000225968342165109,0.000227186860537062,0.000225968342165109,0.000227186860537062,0.000225968342165109,0.000227186860537062
ID_11MWYB,1.48345913306766e-05,1.15511075886606e-05,1.55767550553461e-05,1.31771764387855e-05,2.70616846629018e-05,2.60439190676069e-05
ID_1QOZJU,6.18645792713498e-06,4.56998199708826e-06,1.60842312616106e-05,1.39092512706162e-05,1.85739895493727e-05,1.72656192188418e-05
ID_6ALABP,7.57104360024551e-05,7.44364846720306e-05,0.000207386073527661,0.00020450425689602,0.000207386073527661,0.00020450425689602
ID_YQA4VN,0.00342545979152878,0.00387742604877046,0.00342545979152878,0.00387742604877046,0.00342545979152878,0.00387742604877046
ID_TY7PYV,6.96729913100309e-05,7.0789736364659e-05,6.96729913100309e-05,7.0789736364659e-05,6.96729913100309e-05,7.0789736364659e-05
ID_DP48N0,9.18216067950199e-06,6.77706426203428e-06,2.87254815958776e-05,2.48885501087091e-05,5.125575637058e-05,4.94035092721176e-05
ID_6E3A6Z,8.84302346486765e-05,8.37476146062117e-05,0.000317319836056518,0.000275599406449799,0.000317319836056518,0.00029704367212776
ID_LPBHAQ,2.02803747829095e-05,1.43329027377868e-05,3.85374763760618e-05,3.35268274548058e-05,5.47367953254541e-05,5.2736490640259e-05
ID_C72Q1W,0.00032937602234957,0.000331192181386977,0.00032937602234957,0.000331192181386977,0.000366046316554462,0.000381692932289697
ID_SWD2XV,2.26522787795084e-05,1.75532084556513e-05,0.000200924488865644,0.000193369774491284,0.000410701014676442,0.000435796712887326
ID_0GZD1A,2.21005738536751e-05,1.39729354046557e-05,0.00039200706481417,0.000342545405432387,0.00039200706481417,0.000342545405432387
ID_D4UOPR,4.28936587871893e-05,4.25018938416616e-05,4.92500915286883e-05,4.61795991269629e-05,4.92500915286883e-05,4.61795991269629e-05
ID_TKOQON,6.95085255703949e-05,6.89817067832247e-05,0.000116027886710993,0.000110405791718674,0.000116027886710993,0.000110405791718674
ID_HUX15L,0.000185662755748023,0.0001973079943563,0.000185662755748023,0.0001973079943563,0.000185662755748023,0.0001973079943563
ID_BIPIY7,0.00537678009966648,0.00442984887151587,0.00690998936802052,0.00682827825492863,0.00690998936802052,0.0068785334083851
ID_KQCZIM,0.000129760978281766,0.000139498712310455,0.000256031689011001,0.000257538000157661,0.000256031689011001,0.000257538000157661
ID_R6P82I,0.00367002105189393,0.00300037703747582,0.00725252875901046,0.00701912752243532,0.0169990112666354,0.0189550448978313
ID_IT2HDM,4.79486097769584e-05,4.1672345970266e-05,4.79486097769584e-05,4.27157044278161e-05,4.79486097769584e-05,4.27157044278161e-05
ID_OVMB93,4.46808269825587e-05,3.55194343502355e-05,0.000470861122014553,0.000453537117983835,0.000470861122014553,0.000453537117983835
ID_EH54DK,0.00140705834648908,0.0014812153402392,0.00272045125365315,0.00277040700767795,0.00397622846766708,0.00428200954312395
ID_2ZX8MJ,1.25848866513562e-05,8.63721100940332e-06,0.000116085119997045,0.000106580593898326,0.000116085119997045,0.000106580593898326
ID_X1XYBC,1.13734364563576e-05,6.86429828956064e-06,7.14639265084465e-05,5.98484235598102e-05,0.000107221835796964,9.84724977698965e-05
ID_BH8L7O,1.06318262867457e-05,7.22353079050448e-06,6.99659806747699e-05,6.1384524641148e-05,0.000103000608130122,9.90324601941611e-05
ID_60I9OZ,2.91572809149486e-05,2.40145671177867e-05,5.32539973181561e-05,5.00628565268978e-05,5.34835164685335e-05,5.26952297215823e-05
ID_N05EO9,0.0352983387997722,0.0378459682657479,0.0352983387997722,0.0378459682657479,0.0352983387997722,0.0378459682657479
ID_I52U1R,0.160422995492524,0.175635054507324,0.224618911794371,0.224081747366863,0.224618911794371,0.224081747366863
ID_QH4YLI,6.2292252818928e-05,5.448103248583e-05,7.73328964259511e-05,7.3469613750072e-05,8.56755079553175e-05,8.45525729392441e-05
ID_WT1HQ6,1.01951563901733e-05,6.33610939724575e-06,8.21487679441869e-05,7.37461373384208e-05,8.21487679441869e-05,7.37461373384208e-05
ID_4GDTVN,1.4230046352205e-05,9.95491532237586e-06,3.09043281849472e-05,2.57682294661146e-05,3.37108385432996e-05,3.19978349474999e-05
ID_M5X6WA,7.5363602095445e-05,7.14080700227233e-05,0.00012253854947777,0.000110484468983341,0.00012253854947777,0.000110484468983341
ID_3GS106,0.000387792749942472,0.000311150526709347,0.000387792749942472,0.000311150526709347,0.000611915524092792,0.000648912774510291
ID_3E2WXH,7.47700146718975e-05,8.12530816255741e-05,7.47700146718975e-05,8.12530816255741e-05,7.47700146718975e-05,8.12530816255741e-05
ID_K59VOO,0.000424895879520954,0.000340741035723539,0.000976057700842876,0.00100841166130091,0.000976057700842876,0.00100841166130091
ID_V22VHT,0.000148874679292308,0.000147412600491871,0.00039583983240391,0.000421747443362501,0.00039583983240391,0.000421747443362501
ID_U0LN1Z,0.390267273575461,0.398261352344262,0.390267273575461,0.398261352344262,0.393475422586518,0.433333215280617
ID_N4FDS5,0.000574398886642152,0.000624549540264757,0.0013780220888255,0.00137972244491499,0.0013780220888255,0.00137972244491499
ID_CDSQZK,8.53452299526716e-05,7.99503293959424e-05,9.78679563235243e-05,9.46473512070932e-05,9.78679563235243e-05,9.46473512070932e-05
ID_2323FO,0.000171428451251945,0.000165342745610577,0.000183621579290296,0.00017728495693812,0.000242462247315303,0.000248265023908361
ID_D9L64Q,0.000144228281453232,0.000150918779619216,0.000144228281453232,0.000150918779619216,0.000144228281453232,0.000150918779619216
ID_UST3WB,0.000566727232800171,0.000431869898139732,0.000566727232800171,0.000431869898139732,0.00073289396540006,0.000742056864352978
ID_O59IL2,0.0049634039807071,0.00488633849272968,0.00600494358089586,0.00630412935074979,0.0130341932791708,0.014160155326225
ID_9SPXYO,0.000302261846324167,0.000330815198341694,0.0027945481924499,0.00293628606342368,0.0027945481924499,0.00293628606342368
ID_KSA6SI,3.97595497337516e-05,3.50576540402409e-05,0.000119264692457188,0.000106089296150885,0.000119264692457188,0.000106089296150885
ID_JNXALI,5.63711617568696e-06,3.53320423700893e-06,3.96581825231126e-05,3.32956822503668e-05,3.96581825231126e-05,3.32956822503668e-05
ID_G3JAYX,9.38908446239103e-06,5.98936634195923e-06,0.000184674450667131,0.000164924421499885,0.000184674450667131,0.000164924421499885
ID_P0EUPF,3.59205746173033e-05,2.72616221405411e-05,7.95459100014472e-05,7.37815178452733e-05,7.95459100014472e-05,7.37815178452733e-05
ID_31AGWA,0.00459105576704503,0.00444464248450754,0.00459105576704503,0.00444464248450754,0.00459105576704503,0.00444464248450754
ID_30WM42,0.000145602859052633,0.000161165340182566,0.000145602859052633,0.000161165340182566,0.000158563528173913,0.000161165340182566
ID_2ZQ7PC,0.000456662786120146,0.000478613250026235,0.00087552982877128,0.00082523436098073,0.00087552982877128,0.00082523436098073
ID_X0NOSD,2.44307340900099e-05,2.11407085942081e-05,4.75712749945678e-05,4.19088509142188e-05,4.75712749945678e-05,4.19088509142188e-05
ID_9N55U9,1.21604536225408e-05,8.13765792721416e-06,0.00031124787801608,0.000296059389467973,0.00031124787801608,0.000296059389467973
ID_WH3JS3,3.13925636130896e-05,2.40753003071066e-05,4.90533845214256e-05,4.2313805589979e-05,6.06597326274972e-05,5.9479467139286e-05
ID_UCBT8P,3.35460086338282e-05,2.4842404249801e-05,3.35460086338282e-05,2.4842404249801e-05,3.35460086338282e-05,2.81983663413024e-05
ID_TTS39J,4.42839713167727e-05,3.58821011737487e-05,8.54343896480718e-05,7.98621496725681e-05,8.54343896480718e-05,7.98621496725681e-05
ID_5REP3T,3.70701341515345e-05,3.33120960960316e-05,0.000114185301887942,0.000106133121224642,0.000114185301887942,0.000106133121224642
ID_L4Z7FR,2.35184131511561e-05,1.51433146830774e-05,0.000466582865706124,0.000416867496939839,0.000466582865706124,0.000416867496939839
ID_7OQTQ4,5.22140893829732e-05,4.35173347753315e-05,0.000292056408251491,0.000262396971450112,0.000292056408251491,0.000262396971450112
ID_68H8D0,0.00968768551002017,0.00832196177184298,0.00968768551002017,0.00832196177184298,0.00988274059923716,0.0108755401006208
ID_BY2R2J,0.204227202633681,0.198057519359256,0.345692309971571,0.353207725080406,0.345692309971571,0.353207725080406
ID_3TZG4C,3.37500388492533e-05,3.12313753064296e-05,7.23793680903559e-05,6.90866861281889e-05,0.000104199189490996,0.000101332471576069
ID_SK11B2,2.4647602242598e-05,2.21404131743901e-05,2.4647602242598e-05,2.21404131743901e-05,2.58151299518169e-05,2.48008712534629e-05
ID_Z6SJMN,0.0009291635585254,0.000550537037915457,0.00334788650185431,0.00319988132265638,0.00380172131827961,0.00364498504597981
ID_62NNPA,1.84688087590408e-05,1.26731365869352e-05,3.94690683424017e-05,3.43818784739098e-05,4.23498097399671e-05,4.07239516788173e-05
ID_970K1N,7.12759005510048e-05,6.57868196283756e-05,0.000156452194468149,0.000157797651276811,0.000156452194468149,0.000157797651276811
ID_0LGOS8,0.00133858979305388,0.000974749444109987,0.00279979577757702,0.00265153902373188,0.00454551922443059,0.00474557376154785
ID_IZF4GN,2.94988326787262e-05,2.44742745882244e-05,3.0387459008692e-05,2.66709163879763e-05,4.07490699843503e-05,3.84461219136131e-05
ID_FLWZUM,3.17638714572876e-05,2.3892571788865e-05,9.2841829658895e-05,8.27111998288987e-05,9.2841829658895e-05,8.27111998288987e-05
ID_EKJDOM,0.0147067164371507,0.0119056876736435,0.0192432871608439,0.0192008480059262,0.0192432871608439,0.0192008480059262
ID_APXA0T,6.58508566871024e-05,6.54418859990556e-05,7.06521391064782e-05,6.54418859990556e-05,7.2745427521181e-05,7.15027556785239e-05
ID_F5NM15,3.11505442402006e-05,2.33913038751255e-05,7.01745145104506e-05,6.105771429511e-05,8.25818091488273e-05,8.31933143132845e-05
ID_N4BPLD,6.06134395669727e-05,5.34050953335778e-05,0.000274489078621657,0.000286381789241637,0.000274489078621657,0.000286381789241637
ID_JS0FD0,1.64967538569032e-05,1.11954785360616e-05,6.62670646325819e-05,5.48166199838325e-05,6.86655664264429e-05,6.52578169656793e-05
ID_J0T940,0.57108424537668,0.608858820224583,0.634900930976324,0.645413088317186,0.634900930976324,0.669821602829832
ID_3L5LS3,6.93205887987028e-05,6.29958206777377e-05,0.000257767955167951,0.000264924687160282,0.000257767955167951,0.000264924687160282
ID_U6ULCZ,9.54783203453868e-05,8.90872055281842e-05,0.000173968072215621,0.000173160838911511,0.000173968072215621,0.000173160838911511
ID_B8PE1F,4.79780698395113e-05,4.28396965137135e-05,7.42924436257762e-05,6.81643626757289e-05,7.42924436257762e-05,7.04181146551903e-05
ID_U5TTSQ,4.46946854965387e-05,4.7197296401622e-05,4.46946854965387e-05,4.7197296401622e-05,4.46946854965387e-05,4.7197296401622e-05
ID_9B87OV,0.193052593511071,0.188296454571257,0.414197844910393,0.442469738727366,0.414197844910393,0.460745290474482
ID_GA55FI,0.000185073143230509,0.000182396712192954,0.000224796390850059,0.000220366591892116,0.000279980215497472,0.000277060623236008
ID_X0QGMF,4.90255186603696e-05,3.69769314027102e-05,0.00123644016538005,0.00124085027578547,0.00123644016538005,0.00124085027578547
ID_YQQHQ3,3.32545785993556e-05,2.29390070803284e-05,0.000133041670038694,0.000117910408552202,0.000133041670038694,0.000122014176823464
ID_60JSZD,5.3771883822524e-05,5.13739742531908e-05,5.3771883822524e-05,5.13739742531908e-05,5.3771883822524e-05,5.13739742531908e-05
ID_9DN1JJ,0.147900361159869,0.165113282956458,0.147900361159869,0.165113282956458,0.147900361159869,0.165113282956458
ID_533G8B,3.37456506265637e-05,3.35575473007255e-05,4.93878578509635e-05,4.56897259919287e-05,4.93878578509635e-05,4.56897259919287e-05
ID_AMG79K,8.25677826272347e-06,4.94763388338749e-06,0.000100354233142282,8.84536381628571e-05,0.000100354233142282,8.84536381628571e-05
ID_RXMSOV,1.88177856353179e-05,1.42436202573763e-05,5.84915362248761e-05,5.13757070616265e-05,0.000151176840580422,0.00014405532374253
ID_HC45O8,0.000530198869085569,0.000403434411426109,0.00443519602371349,0.00467515212199552,0.00443519602371349,0.00467515212199552
ID_973XDF,0.000364552445610551,0.000392731521304999,0.00142568277318889,0.00147088130149871,0.00142568277318889,0.00147088130149871
ID_ZDYSIZ,6.02471144044693e-06,3.80329734877336e-06,3.20480936221562e-05,2.72898772544179e-05,3.20480936221562e-05,2.72898772544179e-05
ID_0FEW1F,5.81049190192667e-06,3.49993346421811e-06,6.98245704616174e-05,5.92738478592067e-05,6.98245704616174e-05,5.92738478592067e-05
ID_00DG4G,2.73374450316995e-05,2.02736071080587e-05,4.0046697957582e-05,3.591669130209e-05,5.75235154802612e-05,5.67902340665021e-05
ID_EPTS2K,8.41417351806198e-06,6.33582551653864e-06,3.63948879273836e-05,3.22529058458564e-05,3.63948879273836e-05,3.22529058458564e-05
ID_QZP05P,4.96488221338605e-05,3.82185836333913e-05,7.74426501340151e-05,6.60879611590642e-05,0.000101206428654528,9.64254020950981e-05
ID_64SW9F,1.3165591280227e-05,8.89592139940915e-06,4.64031592684445e-05,3.9771102706433e-05,4.82550045558994e-05,4.64218251013217e-05
ID_KUBEQ7,0.0657335178371173,0.0638469901505438,0.0925002351268707,0.0927284973307806,0.0925002351268707,0.0927284973307806
ID_XPJCQ1,0.000194305401489589,0.000191604556675708,0.000194305401489589,0.000191604556675708,0.000194305401489589,0.000191604556675708
ID_97CA4Y,0.122386218206724,0.14304839631842,0.289063612920739,0.283193969534045,0.289063612920739,0.283193969534045
ID_URRD8K,0.00118264197909867,0.000906147351478551,0.00118264197909867,0.000906147351478551,0.00118264197909867,0.000906147351478551
ID_5T6WFW,7.67548774617529e-05,7.08312418235332e-05,0.000196158341456287,0.000207516994507959,0.000250945703007447,0.000275064937228848
ID_ZJIQCI,8.87797700594207e-05,6.55845626736143e-05,8.87797700594207e-05,6.55845626736143e-05,8.87797700594207e-05,6.55845626736143e-05
ID_1IG1YN,2.13876568162515e-05,1.70322747391657e-05,4.34017516136345e-05,3.94647278718766e-05,4.89616467433506e-05,4.60881655425601e-05
ID_E8GMOT,2.14066059977777e-05,1.41378226175696e-05,9.29973598777958e-05,8.09248740166978e-05,9.29973598777958e-05,8.09248740166978e-05
ID_RBQL63,0.000249907943826245,0.000268236926732096,0.00117777088671205,0.00126144293236668,0.00117777088671205,0.00126144293236668
ID_DPVS20,0.000840190599884461,0.000674374609925595,0.000840190599884461,0.000674374609925595,0.000840190599884461,0.000736605371806679
ID_1UA6WQ,0.000257428194603641,0.000251291508470107,0.000519760500673894,0.000491459540051983,0.000519760500673894,0.000491459540051983
ID_PXX6LX,0.00294773972043154,0.00292210108667127,0.00294773972043154,0.00292210108667127,0.00294773972043154,0.00292210108667127
ID_ZO8KHA,4.385063956027e-05,3.67713146202573e-05,4.385063956027e-05,3.67713146202573e-05,4.385063956027e-05,3.67713146202573e-05
ID_SKRXO8,5.63711617568696e-06,3.53320423700893e-06,3.96581825231126e-05,3.32956822503668e-05,3.96581825231126e-05,3.32956822503668e-05
ID_VE17EN,0.000490839905516498,0.000511259414510985,0.00199148694048352,0.00222545217859989,0.00199148694048352,0.00222545217859989
ID_J28DNK,1.26201559404419e-05,7.5218695696593e-06,4.23127639864093e-05,3.57267224900934e-05,4.23127639864093e-05,3.72844167446379e-05
ID_5GE0S1,0.000894981439782744,0.00108345849855877,0.000894981439782744,0.00108345849855877,0.000894981439782744,0.00108345849855877
ID_KNBOAS,2.60579734291894e-05,1.96076705470872e-05,9.33208724832133e-05,9.07637830310468e-05,0.000100110477020472,0.000102910113287126
ID_1BWM6H,7.4902036377176e-05,8.13333981077419e-05,7.4902036377176e-05,8.13333981077419e-05,7.4902036377176e-05,8.13333981077419e-05
ID_5S5YUE,4.4521096855315e-06,3.01300885298241e-06,1.93904129287335e-05,1.68265685390839e-05,2.2485609894847e-05,2.16165104848196e-05
ID_LTGA17,4.83162391143381e-05,4.62029682109596e-05,4.83162391143381e-05,4.62029682109596e-05,4.83162391143381e-05,4.62029682109596e-05
ID_ZDW4YS,3.02989233958479e-05,2.49385781259592e-05,8.81726923552855e-05,8.71434021076393e-05,9.9995341454145e-05,0.000102723055003264
ID_EH58J1,1.53006696484068e-05,9.15557054268121e-06,2.08357547821896e-05,1.70145394064102e-05,2.30888207630308e-05,2.13504538913034e-05
ID_FEV7BL,9.02415005784358e-06,5.48116075228477e-06,3.79368804654346e-05,3.42912986789365e-05,3.79368804654346e-05,3.42912986789365e-05
ID_IDNZZO,3.94588108786126e-05,3.69986574307712e-05,0.000125594710853124,0.000120890003884187,0.000125594710853124,0.000120890003884187
ID_13CYF8,0.000890000702782904,0.000834367235194957,0.0021950607786334,0.00219182469737286,0.0021950607786334,0.00219182469737286
ID_0PPL34,0.003182034911917,0.00257831776479427,0.00574942155157252,0.00616704948987681,0.00574942155157252,0.00616704948987681
ID_DJFGM4,2.73374450316995e-05,2.02736071080587e-05,4.0046697957582e-05,3.591669130209e-05,5.75235154802612e-05,5.67902340665021e-05
ID_PJLFLZ,0.040150857547765,0.0337498623906506,0.040150857547765,0.0337498623906506,0.071243585264731,0.077250758624284
ID_HJT0CJ,0.000374691031677612,0.000314642202833756,0.00071853495668578,0.000746147116296917,0.00071853495668578,0.000746147116296917
ID_XPS7OD,0.000393846823705356,0.000301483648559131,0.00104767636574034,0.000982915674696834,0.00113913388352319,0.00111463084395734
ID_QPCJON,4.5819967744784e-05,3.15605598744628e-05,0.000410598074061734,0.000376504583375213,0.000410598074061734,0.000376504583375213
ID_SR0RDK,3.63557627214698e-05,2.16183559352833e-05,9.22207443852878e-05,8.1202826161428e-05,0.000115792138005788,0.000107604224363949
ID_ABFR5T,0.000176438901136592,0.000183205839964848,0.000176438901136592,0.000183205839964848,0.000176438901136592,0.000183205839964848
ID_LEG1GM,0.000138014417338746,0.000147871059426044,0.00120580859486346,0.00127354761812417,0.00120580859486346,0.00127354761812417
ID_O5CFG3,6.47890332163377e-05,5.85416692276166e-05,0.00032112070722272,0.000289029826307201,0.00032112070722272,0.000289029826307201
ID_YSS4R7,0.000276809546560396,0.000225900308655193,0.000508906737488952,0.000508797721072708,0.000508906737488952,0.000508797721072708
ID_K3PNUV,6.64800912595058e-05,5.46045215174755e-05,0.000267431378612168,0.000233874796062866,0.000267431378612168,0.000233874796062866
ID_12WOGA,4.33151231389886e-05,2.77449180293984e-05,6.89548392026967e-05,5.88468769423422e-05,6.89548392026967e-05,5.88468769423422e-05
ID_8CSCDS,3.40296512019116e-05,2.50654282728049e-05,0.000266131955064789,0.000251456832675328,0.000266131955064789,0.000251456832675328
ID_4POIK6,5.14659233418413e-05,4.09579778567027e-05,0.000217645758548204,0.000220133042470993,0.000217645758548204,0.000220133042470993
ID_79Y7EX,0.000118194813968498,9.26914688273423e-05,0.000366599646272788,0.00031548262698351,0.00052365473354041,0.00053721031297419
ID_2IAGXT,1.15137726273725e-05,8.8507602493778e-06,3.2944071972968e-05,2.90784778935392e-05,3.2944071972968e-05,2.90784778935392e-05
ID_QJEGY8,0.0459173820063762,0.0359071752826215,0.0459173820063762,0.0359071752826215,0.0844412626711827,0.0915499403429383
ID_UHO4EX,0.00357991568284889,0.00397497212189317,0.00357991568284889,0.00397497212189317,0.00367728832444538,0.00397497212189317
ID_L0L85S,8.04518310753304e-05,8.22343269139506e-05,0.000198060154321763,0.000196229022383442,0.000198060154321763,0.00020265794553108
ID_4LEWIR,3.50223086645898e-05,2.70516632863898e-05,6.53778261550544e-05,5.92814151239031e-05,6.53778261550544e-05,5.92814151239031e-05
ID_WRT76C,0.000138166267428643,0.000131337753141751,0.00261316928651284,0.00273895079521953,0.00261316928651284,0.00273895079521953
ID_GS6HXS,0.00378438554742854,0.00278243000035778,0.00831063788295782,0.00812942983529148,0.0153061146230767,0.0163355703039551
ID_3F0GYV,8.89118796105723e-05,9.43218284246841e-05,0.000175676252106687,0.000172416259871524,0.000175676252106687,0.000172416259871524
ID_K5JUQC,0.000129479801777759,0.000116095004457571,0.000349159371829144,0.000337527199220363,0.000349159371829144,0.000337527199220363
ID_XLYALT,5.37532140450015e-06,3.52627016857554e-06,2.31284011433108e-05,2.01467253173239e-05,2.67148984743308e-05,2.58602521733629e-05
ID_2JDZDR,3.39796447437996e-05,3.46855556831178e-05,3.92280208153681e-05,3.46855556831178e-05,3.92280208153681e-05,3.46855556831178e-05
ID_IGUSKY,0.00645079857259434,0.00516598976710944,0.0128773617303061,0.0117658519227762,0.0128773617303061,0.0132509690759056
ID_QDKS15,1.20009840934853e-05,7.78803363099974e-06,8.5581911668133e-05,7.23374698166969e-05,8.5581911668133e-05,7.23374698166969e-05
ID_GLYI5H,0.000220912066992184,0.000226912915850562,0.000220912066992184,0.000226912915850562,0.000220912066992184,0.000226912915850562
ID_FN7QN6,0.00423092346127973,0.00356824686634352,0.0119895113417913,0.0119982730629639,0.0119895113417913,0.0119982730629639
ID_JG6KVB,9.54783203453868e-05,8.90872055281842e-05,0.000173968072215621,0.000173160838911511,0.000173968072215621,0.000173160838911511
ID_O4VUD4,9.43294668770968e-05,8.20691516343422e-05,0.000127554684504005,0.000118745532629803,0.000127554684504005,0.000118745532629803
ID_8EMU7E,1.14916948221304e-05,6.8069051199795e-06,5.16621922888328e-05,4.43044566804342e-05,5.16621922888328e-05,4.43044566804342e-05
ID_YA57G5,0.00272899748951722,0.00257290420969368,0.003548656831439,0.00313562001349935,0.003548656831439,0.00313562001349935
ID_NHY4V0,0.0543740231581304,0.0482785430145779,0.0903776507903057,0.0939686143124766,0.113333289111076,0.114760525230612
ID_BOEF4Q,7.01501585471981e-05,7.27933817561799e-05,8.75644482616985e-05,8.01741124102162e-05,8.75644482616985e-05,8.01741124102162e-05
ID_QG2TA1,2.16989350793619e-05,1.91217514999633e-05,2.16989350793619e-05,1.91217514999633e-05,2.24305950442866e-05,2.12531555563805e-05
ID_YUWGLN,0.000187004288617155,0.000220772933968823,0.000187004288617155,0.000220772933968823,0.000187004288617155,0.000220772933968823
ID_BWSAN8,0.00586459034058213,0.00440484824340131,0.00586459034058213,0.00440484824340131,0.0067227060252268,0.00774821772739306
ID_ADLLTR,0.000138014417338746,0.000147871059426044,0.00120580859486346,0.00127354761812417,0.00120580859486346,0.00127354761812417
ID_BWGEAG,0.000402540208066107,0.000355340425480864,0.00349543379848187,0.0037976298360381,0.00349543379848187,0.0037976298360381
ID_A23KNJ,4.20952537699566e-05,3.86301485145189e-05,7.22734087165707e-05,6.57179864109055e-05,8.14325758815708e-05,7.97497966032142e-05
ID_T8SKEP,3.35306917903855e-05,2.8973360148968e-05,7.11182679592967e-05,6.74125062514528e-05,8.22530936480512e-05,8.30061852097025e-05
ID_5RBXPX,2.72266247870085e-05,1.83151340364197e-05,0.000430900948296708,0.000377672626786797,0.000430900948296708,0.000377672626786797
ID_INW8YA,3.68462478095427e-05,2.79318689036579e-05,3.85934726225858e-05,3.28769834192045e-05,4.58105564480364e-05,4.2384511910377e-05
ID_XQGVS0,0.000365879911653735,0.000349976643015626,0.00252014629172206,0.00248890252121858,0.00252014629172206,0.00248890252121858
ID_LVSS4O,3.56505289003111e-05,2.49473119319212e-05,0.000365503645147962,0.000330785738440899,0.000365503645147962,0.000330785738440899
ID_ZMXHIG,2.21005738536751e-05,1.39729354046557e-05,0.00039200706481417,0.000342545405432387,0.00039200706481417,0.000342545405432387
ID_K9GCJZ,0.000937042102866293,0.000938196966067725,0.000937042102866293,0.000938196966067725,0.000953445115690269,0.00106740323370807
ID_SHGMZJ,0.000108326408726204,0.000106581905112058,0.000158774044599384,0.000159353159109187,0.000207124900407201,0.000220169789180813
ID_4IJ44Q,4.02882110224475e-05,3.51641926731406e-05,0.000244807105142209,0.000258156875969209,0.000244807105142209,0.000258156875969209
ID_3RH6TN,9.00466091375264e-05,0.000104352431529304,9.00466091375264e-05,0.000104352431529304,9.00466091375264e-05,0.000104352431529304
ID_55957A,0.00370874347207737,0.00398312989993737,0.00372371725565864,0.00398312989993737,0.0039924521702734,0.00430831955094234
ID_UY3XZG,0.000655264201829056,0.00060181734521875,0.000655264201829056,0.00060181734521875,0.000655264201829056,0.00060181734521875
ID_E88WHP,0.000168175532005947,0.00011826986099913,0.00120414592062689,0.00119919449976081,0.00162931862194976,0.00192830753169783
ID_ILOCIE,0.000155598785175773,0.000156566077846593,0.000159060680696494,0.000156566077846593,0.000159060680696494,0.000156566077846593
ID_51JHHB,0.00415061255776131,0.00542784829216255,0.046015446663572,0.0528514074432888,0.046015446663572,0.0528514074432888
ID_WKHNNC,1.13564393663668e-05,8.48516604275286e-06,4.56858157340312e-05,3.89100370747773e-05,4.68977856597357e-05,4.4321366125201e-05
ID_QL8IAR,5.08936039250808e-05,4.66581266948383e-05,8.1248716157415e-05,7.4025513321784e-05,9.92716386530382e-05,9.65283039189455e-05
ID_97O1LE,0.000184287925714165,0.000188510057656854,0.000184287925714165,0.000188510057656854,0.000184287925714165,0.000188510057656854
ID_ZV8PXJ,3.92309045834879e-05,3.03311707286377e-05,8.02369606049958e-05,7.4547877953247e-05,8.02369606049958e-05,7.4547877953247e-05
ID_O98AFI,3.3811207747408e-05,2.49223555209968e-05,0.000160911496040151,0.000144238346133975,0.000242120211699225,0.000231753852132533
ID_NCMGQO,1.13380961817924e-05,6.7462064956886e-06,2.82027534742045e-05,2.36874682624839e-05,3.7771061948995e-05,3.56237796042181e-05
ID_PD7IH8,3.25218949331814e-05,2.58957428728931e-05,7.10842702702109e-05,6.19997191803669e-05,7.10842702702109e-05,6.19997191803669e-05
ID_OAYA7A,5.47729481139932e-05,4.02382528246669e-05,0.000137835681801202,0.000122141010476031,0.000164449813156119,0.000154480175813908
ID_SJB2PH,2.83668549088733e-05,2.02574217536272e-05,5.59322997431428e-05,4.95453558924078e-05,5.79959556520895e-05,5.44735215660339e-05
ID_7Y1J8O,0.000138166267428643,0.000131337753141751,0.00261316928651284,0.00273895079521953,0.00261316928651284,0.00273895079521953
ID_5MQI2A,5.41469283859416e-05,4.8093741815261e-05,6.1970316458011e-05,5.41252905184899e-05,7.67690455905152e-05,7.59803571904953e-05
ID_EC6XNQ,0.00127277793427222,0.00124194271161304,0.00134259314485866,0.00132502371989211,0.00138189365094183,0.00136540067960395
ID_JP5OOL,0.0503891334467497,0.0582837039608949,0.0503891334467497,0.0582837039608949,0.0503891334467497,0.0582837039608949
ID_KSMN02,7.39235360264543e-05,7.12670322486101e-05,0.000111787089266421,0.000101623788799976,0.000112909882494236,0.000108260501309909
ID_CZ9O4I,0.0218009582055164,0.0194905608473556,0.0218009582055164,0.0194905608473556,0.0218009582055164,0.0194905608473556
ID_HGRL68,3.70701341515345e-05,3.33120960960316e-05,0.000114185301887942,0.000106133121224642,0.000114185301887942,0.000106133121224642
ID_J9X62N,5.30630421774798e-05,4.75525146645485e-05,7.81817187274037e-05,7.18353074532486e-05,7.81817187274037e-05,7.18353074532486e-05
ID_HBC5QX,0.000185073337193871,0.000146700687734664,0.000401349447620771,0.000404896652560025,0.000401349447620771,0.000404896652560025
ID_4QDWP4,3.46464407099787e-05,3.41873861965045e-05,0.000119662046247305,0.000118404143192687,0.000119662046247305,0.000118404143192687
ID_29ISKS,0.00023196678029603,0.000259426359066867,0.00023196678029603,0.000259426359066867,0.00023196678029603,0.000259426359066867
ID_RMH9OL,0.000253287140274861,0.000205508336010122,0.000253287140274861,0.000205508336010122,0.000253287140274861,0.000205508336010122
ID_Y7BC44,0.342840770121149,0.386576624161688,0.41130603753852,0.456595234696714,0.529895420852949,0.577037867518358
ID_J1KBN7,0.00617602969124996,0.00621030613206251,0.00617602969124996,0.00621030613206251,0.00617602969124996,0.00621030613206251
ID_S21QRP,5.69089544323478e-05,4.47321097908115e-05,5.69089544323478e-05,4.47321097908115e-05,5.69089544323478e-05,4.6177614767252e-05
ID_GWFNDL,0.0250814072220613,0.0218777459261355,0.0834789806391552,0.0791885547259339,0.0834789806391552,0.0791885547259339
ID_G6554I,0.015062957840124,0.0162782142652861,0.0177271319492383,0.0179730970812976,0.0194137425987168,0.0214904065542062
ID_SATMW5,3.80542786938921e-05,3.86504551119911e-05,3.80542786938921e-05,3.86504551119911e-05,3.80542786938921e-05,3.86504551119911e-05
ID_CEKPDU,0.000307957973792177,0.000317126075546423,0.00061821251818851,0.000626212044898387,0.00061821251818851,0.000626212044898387
ID_7PYROJ,4.16620262223542e-05,3.54805478613094e-05,0.000124564096340493,0.000114199007648339,0.000139485580636273,0.00013519365440437
ID_C3E07L,1.47908321776069e-05,8.65187628861091e-06,0.000167174405641015,0.000143021135843084,0.000167174405641015,0.000147241366091907
ID_U80UCB,0.000768743775671942,0.000888696732583302,0.0018069794141381,0.00197449485737752,0.0018069794141381,0.00197449485737752
ID_IIT0BK,2.68347766823031e-05,1.65513129427828e-05,0.000534440998319752,0.000457313765918751,0.000534440998319752,0.000457313765918751
ID_8JMBE0,3.03822796116279e-05,2.0705966943323e-05,0.000132310039367429,0.000116237341589609,0.000132310039367429,0.000116237341589609
ID_OABA3T,4.43772376102754e-05,3.95212460348371e-05,4.43772376102754e-05,3.95212460348371e-05,4.43772376102754e-05,3.95212460348371e-05
ID_1UBHGG,4.11827279916783e-05,2.85379270547274e-05,0.000436210384858391,0.000377134309039716,0.000436210384858391,0.000377134309039716
ID_QQTRMM,0.000101280059306166,0.00011541459379576,0.000152825420158197,0.000139217487055611,0.000152825420158197,0.000139217487055611
ID_A145CS,1.42044362373208e-05,1.00135293204592e-05,0.000298073635839369,0.000275620175522084,0.000298073635839369,0.000275620175522084
ID_8ZC0YJ,0.000135923148585316,0.000125276090804945,0.000135923148585316,0.000125276090804945,0.000135923148585316,0.000125276090804945
ID_8R5FFI,0.00226157910718866,0.00260299913307746,0.00957340643299374,0.0109794984476541,0.00957340643299374,0.0109794984476541
ID_YFUXFB,0.000218103481777312,0.000242449305873354,0.00025487246805614,0.000242908103787295,0.00025487246805614,0.000242908103787295
ID_ILTCSC,0.000142538574859461,0.000113059222914156,0.00305052207087495,0.00294686983415189,0.009793806887589,0.0104464535341292
ID_HNBXAQ,7.58213614130084e-05,7.17434691104377e-05,0.000168145007244646,0.000162332492657055,0.000168145007244646,0.000162332492657055
ID_EOCGGW,0.000728812306316961,0.000793962912805591,0.00456245938061155,0.00521543335047222,0.00456245938061155,0.00521543335047222
ID_V9S8P2,0.000229109555178855,0.000225992994572499,0.000496604905209603,0.000504307522544656,0.000496604905209603,0.000504307522544656
ID_1DVLLY,0.00195440744370866,0.00172589447115468,0.00263903901184451,0.00264116945910658,0.00263903901184451,0.00264116945910658
ID_YTS87K,0.00014270035978188,0.000144813496310846,0.000253930447157252,0.000251829145289951,0.000258613875183648,0.000271940698641193
ID_IDJRR2,0.00052248099308485,0.000577572083872501,0.00818342189847438,0.00973742509574383,0.00818342189847438,0.00973742509574383
ID_5BWJ28,3.92382810133883e-05,2.90170744066263e-05,0.000103615485099628,9.24232716186356e-05,0.000103615485099628,9.24232716186356e-05
ID_43WX04,1.67198524721327e-05,1.20407590552155e-05,1.67198524721327e-05,1.20407590552155e-05,2.45654626933971e-05,2.28823338598681e-05
ID_GQEHIP,6.13201617869824e-05,5.59536531624979e-05,6.13201617869824e-05,5.59536531624979e-05,6.13201617869824e-05,5.59536531624979e-05
ID_KNUO6I,9.43514604960434e-05,9.22725823814726e-05,0.000289396337663527,0.000253334374390948,0.000289396337663527,0.000270539393858446
ID_LYQHB8,0.0393664803650403,0.0316227114676912,0.0511732950139507,0.0528221224037261,0.0702790344356508,0.0814150279310711
ID_KGPDZS,7.2754651485063e-05,6.89950858579708e-05,0.000119388826692649,0.000113524804942825,0.000119388826692649,0.000114858539904733
ID_PBV8NL,0.000239112140786868,0.000231143305760325,0.000239112140786868,0.000231143305760325,0.000239112140786868,0.000231143305760325
ID_KVRLKK,1.36113325170412e-05,8.22099765621585e-06,4.37208437910821e-05,3.61416805295078e-05,4.37208437910821e-05,4.08789403405342e-05
ID_9J9ZHB,2.15683948672427e-05,1.67709756362978e-05,3.46449190707147e-05,3.01822843943124e-05,3.46449190707147e-05,3.07014360776608e-05
ID_NUI8UC,1.73046541286937e-05,1.20131985268371e-05,5.17944077803538e-05,4.51265161879717e-05,5.66141964620877e-05,5.54217711653849e-05
ID_ZEJHY1,0.00485978763914384,0.00499633258588639,0.00485978763914384,0.00499633258588639,0.00485978763914384,0.00499633258588639
ID_XTGV9Y,1.57827945895249e-05,1.0163134907826e-05,0.000444196501335573,0.000432714606578685,0.000444196501335573,0.000432714606578685
ID_BRL39M,0.00371204105394445,0.00296244986012296,0.0166807227110075,0.0167739330499176,0.0232470543924832,0.0226428716592848
ID_H0WWMP,6.90034103475649e-05,5.19637886165422e-05,0.000109111905095353,0.000100937930194115,0.000109111905095353,0.000101185792801746
ID_V4E8OH,0.00399365835866199,0.00414657223467321,0.00659048670407597,0.00722896084347607,0.00659048670407597,0.00722896084347607
ID_1TX26Q,0.0001596745731102,0.000181973205555466,0.0001596745731102,0.000181973205555466,0.0001596745731102,0.000181973205555466
ID_45IHF3,3.61014480301582e-05,2.81264999442799e-05,3.61014480301582e-05,2.81264999442799e-05,3.61014480301582e-05,2.9761101758055e-05
ID_473RDP,4.64909046436672e-05,3.57481987887635e-05,0.000211277907587399,0.000182408959903021,0.000261884803309688,0.000248404792176678
ID_6W4LRH,0.0009291635585254,0.000550537037915457,0.00334788650185431,0.00319988132265638,0.00380172131827961,0.00364498504597981
ID_NAP7H7,0.0272345168612179,0.0255900082550107,0.100663073272494,0.102281414680772,0.100663073272494,0.110806246467772
ID_5OFBIB,0.00668863448557053,0.00622994427391207,0.00668863448557053,0.00622994427391207,0.00668863448557053,0.00622994427391207
ID_FZHPYW,1.80920962103628e-05,1.13701345744673e-05,0.000148661656059662,0.000129956668545661,0.000148661656059662,0.000129956668545661
ID_3EDRRO,8.64475975052763e-06,6.02273806298701e-06,3.11032296152725e-05,2.66282681662362e-05,5.20045658370546e-05,4.82964672786017e-05
ID_5BJBQN,0.000230338461095338,0.000239329136180479,0.000452457542890133,0.000418947131154545,0.000452457542890133,0.000418947131154545
ID_8O0VLW,0.00023196678029603,0.000259426359066867,0.00023196678029603,0.000259426359066867,0.00023196678029603,0.000259426359066867
ID_CK7R8V,4.18673700645491e-05,3.08675449162591e-05,8.38588347773581e-05,7.60884760248961e-05,8.38588347773581e-05,7.60884760248961e-05
ID_3DR3OC,5.61797935526078e-05,4.90986622165454e-05,7.1363875511988e-05,6.81211188251075e-05,7.1363875511988e-05,6.81211188251075e-05
ID_XZY72G,0.000104142164503391,8.05206236206993e-05,0.00029142643851567,0.000260645401526712,0.00029142643851567,0.000260645401526712
ID_Q4TH3I,3.92635172421874e-05,3.00670785373202e-05,0.000224714767409236,0.000204865319627208,0.000224714767409236,0.000204865319627208
ID_UHGZ8K,0.000298218491848248,0.000263685937261939,0.000483102157973173,0.000465980799296303,0.000483102157973173,0.000465980799296303
ID_B6UXCI,0.0256394163888632,0.0269623018411665,0.0256394163888632,0.0269623018411665,0.0256394163888632,0.0269623018411665
ID_ZQQ4MM,1.94215839434511e-05,1.57894198707457e-05,6.69121831453744e-05,6.82222197983114e-05,6.69121831453744e-05,6.82222197983114e-05
ID_U1UDRT,0.000114992162591329,0.000113213269306026,0.000116316326925144,0.000113213269306026,0.000116316326925144,0.000113213269306026
ID_X65SMS,2.87855883812104e-05,2.2516290365828e-05,8.83183591219268e-05,8.30505200020873e-05,8.83183591219268e-05,8.30505200020873e-05
ID_D14DB2,6.52800095214524e-05,6.25201022525708e-05,6.52800095214524e-05,6.25201022525708e-05,8.24539326651079e-05,7.86416356089706e-05
ID_SL31EO,0.0253228548096056,0.0219488951665488,0.0253228548096056,0.0231881434916476,0.0253228548096056,0.0231881434916476
ID_JKBQHX,0.00039447890638314,0.000347814824066023,0.0016533771243079,0.001531857892652,0.0016533771243079,0.001531857892652
ID_UPSVCG,8.36653721925883e-05,5.21760227345384e-05,0.000446020027469082,0.000398939388653767,0.000446020027469082,0.000421155691055414
ID_CMW05K,2.84501995237564e-05,2.00798184929414e-05,0.000126947981194568,0.000110296453181287,0.000145437211268568,0.000142067063285961
ID_YD2GMW,1.06892488931973e-05,7.05066877319019e-06,4.38814292739569e-05,3.74852225430605e-05,4.38814292739569e-05,3.74852225430605e-05
ID_WDQMGW,1.40303953718648e-05,9.38616849804997e-06,4.98302109038578e-05,4.17752984884019e-05,4.98302109038578e-05,4.66250730395972e-05
ID_IV0V7P,0.000280604686241354,0.000285500659844069,0.000689201232762863,0.000675622356996782,0.000689201232762863,0.000675622356996782
ID_VU3YY8,6.42463929628863e-05,6.44483553202092e-05,0.00023127029921555,0.000232532450480192,0.00023127029921555,0.000232532450480192
ID_L44KDR,0.000178574103298629,0.000197592750281721,0.00019792441286483,0.000205002220888956,0.00019792441286483,0.000205002220888956
ID_GV4GIF,0.0155773842530022,0.013739338766986,0.0946730179012958,0.0866058958824028,0.101911772536735,0.0995754334594701
ID_TBU5R1,2.94988326787262e-05,2.44742745882244e-05,3.0387459008692e-05,2.66709163879763e-05,4.07490699843503e-05,3.84461219136131e-05
ID_4VMFY1,2.48347011184691e-05,2.1124778618148e-05,2.6763138525601e-05,2.39762754435334e-05,3.10544329722707e-05,2.9560580409737e-05
ID_XK9A5W,6.56044671461135e-05,5.93940847463662e-05,6.56044671461135e-05,5.93940847463662e-05,6.56044671461135e-05,5.93940847463662e-05
ID_GOGWE0,0.000939546200375451,0.0010893430322787,0.000939546200375451,0.0010893430322787,0.000939546200375451,0.0010893430322787
ID_Y56MW9,6.49748207340688e-05,6.22128702802812e-05,0.000203823939394318,0.000204305488284029,0.000203823939394318,0.000204305488284029
ID_539EVX,6.70007252779766e-05,6.88040983052741e-05,6.70007252779766e-05,6.88040983052741e-05,6.70007252779766e-05,6.88040983052741e-05
ID_RVMS83,3.17638714572876e-05,2.3892571788865e-05,9.2841829658895e-05,8.27111998288987e-05,9.2841829658895e-05,8.27111998288987e-05
ID_N1AC0A,9.47444940555464e-05,8.88038427535701e-05,0.000110464429268656,0.000103600038798526,0.000110464429268656,0.00010804508827543
ID_7UZ111,1.549151677642e-05,1.15490794606799e-05,3.7061403287328e-05,3.23919956570295e-05,3.92179100619564e-05,3.69622647029456e-05
ID_EJYLK4,4.10988834756288e-05,3.31249958149138e-05,8.35286860937522e-05,7.68239794681161e-05,8.35286860937522e-05,7.68239794681161e-05
ID_B84S8R,1.6919441326025e-05,1.02213123083303e-05,6.27001715912365e-05,5.44013826753718e-05,0.000138815850939098,0.000145391517392052
ID_34D3MN,5.30630421774798e-05,4.75525146645485e-05,7.81817187274037e-05,7.18353074532486e-05,7.81817187274037e-05,7.18353074532486e-05
ID_QY1QFN,2.95271343951147e-05,1.97119715780302e-05,0.000416057814101064,0.000357336649969999,0.000416057814101064,0.000357336649969999
ID_SNXHFB,6.73673041848261e-05,5.14900826990263e-05,0.000100428859392869,8.97815478032836e-05,0.000100428859392869,8.97815478032836e-05
ID_L1ALDL,0.154372407291111,0.151554215695376,0.43689932187936,0.476804063157922,0.43689932187936,0.476804063157922
ID_L8NEX2,0.00047754518897138,0.000520187261582843,0.000992138222343613,0.000974163206477967,0.000992138222343613,0.000974163206477967
ID_IX1VNT,0.922115914137919,0.939616862730203,0.922115914137919,0.939616862730203,0.922115914137919,0.939616862730203
ID_L0BWUO,4.83162391143381e-05,4.62029682109596e-05,4.83162391143381e-05,4.62029682109596e-05,4.83162391143381e-05,4.62029682109596e-05
ID_SR9UQ2,0.0835819752558998,0.0797080596373291,0.117284139978313,0.129935089743889,0.148654079841795,0.167327891591279
ID_WQ0W7P,0.0112725936890309,0.012445034451481,0.0112725936890309,0.012445034451481,0.0187521946215929,0.0191743396415477
ID_ZY3YB7,3.48096037027017e-05,2.57105099967521e-05,3.79934396174273e-05,3.21673302872155e-05,4.84764308327311e-05,4.50581391646072e-05
ID_3A48N3,3.36193121771966e-05,2.56382237111465e-05,6.52801834365119e-05,6.14331116598267e-05,6.52801834365119e-05,6.14331116598267e-05
ID_Q0LYKC,2.7166810728572e-05,2.03704787399764e-05,8.25617640235062e-05,7.17138198871322e-05,8.25617640235062e-05,7.17138198871322e-05
ID_4K4IHE,0.000204282778359603,0.00022178287578809,0.000259964788347105,0.000268729060489226,0.000259964788347105,0.000268729060489226
ID_IUCQZS,8.89118796105723e-05,9.43218284246841e-05,0.000175676252106687,0.000172416259871524,0.000175676252106687,0.000172416259871524
ID_41NZ9C,0.00485978763914384,0.00499633258588639,0.00485978763914384,0.00499633258588639,0.00485978763914384,0.00499633258588639
ID_9PU0VA,3.24427241075332e-05,1.9535987816849e-05,0.000243766555380206,0.000223456577567873,0.000387566588309645,0.000371462601115536
ID_HYSZML,2.41387398385048e-05,1.68274181005934e-05,0.000321856824250068,0.000281702912556148,0.000321856824250068,0.000281702912556148
ID_04SS9G,4.93919940350461e-05,4.02982659283584e-05,0.000101006220596613,9.19116949635788e-05,0.000101006220596613,9.19116949635788e-05
ID_SVQ88Q,2.57765997427285e-05,1.89812948735284e-05,4.16528790432293e-05,3.68996643807461e-05,4.16528790432293e-05,3.80828107396193e-05
ID_4A6IYY,0.000365820829216198,0.00041925070334585,0.000365820829216198,0.00041925070334585,0.00114185829485244,0.00114423172560703
ID_YZPT9I,8.81429102261785e-05,0.000103115096968993,8.81429102261785e-05,0.000103115096968993,8.81429102261785e-05,0.000103115096968993
ID_DCRP7F,3.05625886798314e-05,2.23098589483028e-05,9.43511506413108e-05,8.36341197673977e-05,9.43511506413108e-05,8.36341197673977e-05
ID_1SU765,2.48340470800944e-05,1.57692827084019e-05,0.000416720360427993,0.00036874164613287,0.000416720360427993,0.00036874164613287
ID_8OM0HC,2.29759179403044e-05,2.01544897631495e-05,0.000155757928381324,0.000147346120790288,0.000155757928381324,0.000154921425208132
ID_6LSQM7,2.05415115530915e-05,1.89943547464178e-05,5.26547117748054e-05,5.03385808172708e-05,9.48383044262497e-05,9.25073214335055e-05
ID_0LI4KO,0.000355250241810729,0.000386231255752032,0.000367274490431985,0.000394027303594975,0.000367274490431985,0.000394027303594975
ID_JXJ5V1,0.000171272489606873,0.000179207741153905,0.000171272489606873,0.000179207741153905,0.000171272489606873,0.000179207741153905
ID_265JD2,1.32666783026719e-05,7.83664306341883e-06,9.102434005787e-05,7.50606773836175e-05,9.102434005787e-05,7.50606773836175e-05
ID_PL4QY0,1.70897923441055e-05,1.13569924945306e-05,8.91846009638055e-05,8.12836948802366e-05,8.91846009638055e-05,8.12836948802366e-05
ID_UIL74V,0.721301358369403,0.767990727619479,0.721301358369403,0.767990727619479,0.721301358369403,0.767990727619479
ID_X7QNEK,0.000278030280117444,0.000265435051073891,0.000570630166371199,0.000579014068899922,0.000711666708294784,0.000759265948423162
ID_H6BCXL,4.04643150405143e-05,3.54272354094521e-05,5.48855257760883e-05,4.86054713971436e-05,7.59106194590071e-05,7.20444606338464e-05
ID_9HS5DB,9.03054258168044e-06,5.62947753398525e-06,6.37972696800569e-05,5.52502892166437e-05,9.56201575917564e-05,9.31923696441901e-05
ID_025265,0.00329690255559619,0.00313081713563196,0.00406353429695937,0.00364307329314683,0.00406353429695937,0.00364307329314683
ID_6K7MP9,7.83387930930959e-05,5.68784269200089e-05,0.000354128578194838,0.000331504474455492,0.000354128578194838,0.000331504474455492
ID_Z0V4IF,1.69863363404114e-05,1.31193744621933e-05,7.57754626947287e-05,6.74731808625007e-05,8.23731172534719e-05,7.94943954059945e-05
ID_3Z42A5,4.38934190485158e-05,3.47283980089367e-05,0.000257940810602005,0.000221925370750055,0.000261871174768189,0.000256050936211839
ID_RQP6K9,3.03190062026541e-05,2.62277238985711e-05,6.4458952846398e-05,5.82617381371717e-05,6.83402661672603e-05,6.56960391893882e-05
ID_NNYC99,2.93518021895863e-05,2.28419806512214e-05,0.000372673063025288,0.000363112725849408,0.000372673063025288,0.000363112725849408
ID_VSSJY6,5.56236964496884e-05,5.20950271240649e-05,5.56236964496884e-05,5.20950271240649e-05,5.56236964496884e-05,5.20950271240649e-05
ID_SLD7P4,0.00034207826684471,0.000338636048288586,0.000344571883772535,0.000338636048288586,0.000399553360444215,0.000403338553674823
ID_65S4A3,4.34037963765364e-05,3.55444598400442e-05,5.32687509051401e-05,4.7409083736924e-05,5.40357614901693e-05,5.36305444275623e-05
ID_ALZ6BK,0.000114487130316181,0.000114647162386764,0.000126334687742516,0.000120183909319496,0.000126334687742516,0.000120183909319496
ID_JR3K1A,0.00596089160233942,0.00488462615501398,0.0238566163515714,0.0242665770888181,0.0238566163515714,0.0242665770888181
ID_K11Q5X,4.35490286224595e-05,3.52377351874973e-05,0.000103042575734472,0.000100217007151805,0.000103042575734472,0.000100217007151805
ID_XBEH87,3.88155372332039e-05,3.34900812671141e-05,3.88155372332039e-05,3.34900812671141e-05,3.88155372332039e-05,3.34900812671141e-05
ID_EPUV7F,0.000138025795468865,0.000150329592123914,0.000138025795468865,0.000150329592123914,0.000138025795468865,0.000150329592123914
ID_QC1WRZ,2.72266247870085e-05,1.83151340364197e-05,0.000430900948296708,0.000377672626786797,0.000430900948296708,0.000377672626786797
ID_876BNL,0.00421886071223702,0.00343377584831211,0.0122267211129271,0.0123864255185922,0.0248938698611871,0.0271344862832664
ID_NTVN8F,1.31439877479901e-05,7.91334455848707e-06,0.000182924978456433,0.000157883845255689,0.000213334995142888,0.000197921971709622
ID_5R164Q,6.21029718919361e-05,6.21322011181988e-05,9.30668207842002e-05,9.09170691039438e-05,9.30668207842002e-05,9.09170691039438e-05
ID_0USD12,1.10886704120097e-05,7.61554271099312e-06,5.84976583056158e-05,5.09043804221867e-05,7.90575309043972e-05,7.61582325370729e-05
ID_5844IN,5.04951746494514e-05,3.74473933522667e-05,0.000155025738130673,0.000140960673452306,0.000155025738130673,0.000140960673452306
ID_KFS68B,3.68836702322432e-05,3.58883329728136e-05,3.95542940862119e-05,3.58883329728136e-05,5.37882156406592e-05,5.18827796727596e-05
ID_8EA5ZH,2.7978973490536e-05,1.96925751413518e-05,0.000350406977038804,0.00030704353058912,0.000350406977038804,0.00030704353058912
ID_QPKPCR,3.52847331322043e-05,2.8100319920277e-05,8.2699937261464e-05,7.1947034211599e-05,8.2699937261464e-05,7.1947034211599e-05
ID_7HDOB8,0.000679079237480144,0.000791483421783935,0.000679079237480144,0.000791483421783935,0.000679079237480144,0.000791483421783935
ID_1KRPQG,0.00536518098506615,0.00494071168303535,0.00536518098506615,0.00494071168303535,0.00795460867266816,0.00757899123145087
ID_1VFWEO,0.0696297795549099,0.0730250536693804,0.0696297795549099,0.0730250536693804,0.0696297795549099,0.0730250536693804
ID_COJM55,1.20009840934853e-05,7.78803363099974e-06,8.5581911668133e-05,7.23374698166969e-05,8.5581911668133e-05,7.23374698166969e-05
ID_5Z1DAT,0.0021214931392751,0.00220181623851357,0.0021214931392751,0.00220181623851357,0.0021214931392751,0.00220181623851357
ID_56YK11,0.028704189005958,0.0292023425708876,0.0989451621283891,0.0915138439472328,0.162937581301577,0.168512988761413
ID_1VXGUB,4.42936885386926e-05,3.53853683324497e-05,4.42936885386926e-05,3.53853683324497e-05,4.42936885386926e-05,3.53853683324497e-05
ID_F120A9,0.0351528796009913,0.0344627355146833,0.0351528796009913,0.0344627355146833,0.0351528796009913,0.0344627355146833
ID_2J1VXU,5.76308510454221e-05,5.98549056833958e-05,5.76308510454221e-05,5.98549056833958e-05,5.76308510454221e-05,5.98549056833958e-05
ID_PAN2FG,3.29639953456174e-05,2.73227501237646e-05,4.51234394303684e-05,3.94912954042788e-05,7.15760957675638e-05,6.762926370912e-05
ID_GO6AEU,3.98776112618524e-05,3.55644391394054e-05,6.57636406479055e-05,5.87188092652e-05,8.37219628623074e-05,8.17082306990175e-05
ID_6711DS,9.69798662939859e-05,9.70936342157018e-05,0.000208824088279521,0.000186704377549433,0.000208824088279521,0.000186704377549433
ID_74MOYS,1.26880684073734e-05,7.70605164829731e-06,4.96043389986104e-05,4.15311977504529e-05,4.96043389986104e-05,4.17830828215339e-05
ID_6KEAHS,0.000601748559573614,0.000688906845153372,0.000601748559573614,0.000688906845153372,0.000601748559573614,0.000688906845153372
ID_BEGWIW,9.11954473680354e-05,0.000105872960208342,9.11954473680354e-05,0.000105872960208342,9.11954473680354e-05,0.000105872960208342
ID_YU27DG,0.607886417755256,0.586763720745371,0.607886417755256,0.586763720745371,0.607886417755256,0.595094506300519
ID_ZDRSG4,0.0671184166286827,0.0742133031934846,0.263256598970231,0.266370335206658,0.263256598970231,0.27943417603456
ID_KOBTYW,0.000882631140639426,0.00100974805613385,0.000882631140639426,0.00100974805613385,0.000882631140639426,0.00100974805613385
ID_TXY2FU,4.62952108651596e-05,4.10036458161996e-05,5.46849591782419e-05,4.85549648456145e-05,5.46849591782419e-05,4.85549648456145e-05
ID_YDQ1KZ,6.37846113460579e-05,5.55996262979097e-05,0.000146388548458902,0.000132909622662314,0.000146388548458902,0.000132909622662314
ID_WFV9C0,0.000189369215700142,0.000201067730069463,0.000282934193244681,0.000272942970348657,0.000282934193244681,0.000272942970348657
ID_XRDXXZ,0.00344831792468516,0.00247027859097038,0.0308991658069157,0.0306852468238192,0.0368439659571159,0.0415066095894864
ID_263TA4,8.72126685162834e-06,5.4275010206687e-06,2.87345170669545e-05,2.36606209636594e-05,5.13013490179482e-05,4.80619071355823e-05
ID_8JTFNT,6.29511832608308e-05,4.71592262503011e-05,6.29511832608308e-05,4.71592262503011e-05,8.3156161029061e-05,8.06981552065751e-05
ID_Q1AOTZ,4.12137863074509e-05,3.32995647057017e-05,8.21951665025134e-05,7.58772189140948e-05,8.21951665025134e-05,7.58772189140948e-05
ID_N4FQXD,5.7634541657021e-05,4.56438316849465e-05,0.000245124928271648,0.000243031835902226,0.000245124928271648,0.000243031835902226
ID_VJRY9K,2.35184131511561e-05,1.51433146830774e-05,0.000466582865706124,0.000416867496939839,0.000466582865706124,0.000416867496939839
ID_7SZVJ7,4.09960014860526e-05,2.78438810951225e-05,0.000154047022217427,0.000134450406416097,0.000160957648169481,0.000154244922173324
ID_BC5JMO,7.70792858560136e-05,6.31558500699189e-05,0.00072985460234446,0.000722409012656096,0.00072985460234446,0.000722409012656096
ID_AQTW5A,1.66527693589021e-05,1.01213240525832e-05,0.000274744992808016,0.000240183465448574,0.000274744992808016,0.000240183465448574
ID_6E9QFF,2.1683137931545e-05,1.33213064904937e-05,6.41307789813853e-05,5.49224323543832e-05,8.45192501823184e-05,7.80327937004879e-05
ID_WX5YV9,9.46489683324502e-05,9.1075909324317e-05,0.000237633447914238,0.000240184436267909,0.000237633447914238,0.000240184436267909
ID_XMWVMP,0.000239952955986012,0.000217429821288387,0.000306921688431208,0.000305027181006005,0.00034893435731622,0.000389372624530598
ID_XWS7HQ,0.0046092340967132,0.00426670412464522,0.0046092340967132,0.00426670412464522,0.00940112151500873,0.0102046913321632
ID_U5R2MX,0.000265532090902118,0.000279967690072628,0.000265532090902118,0.000279967690072628,0.000265532090902118,0.000279967690072628
ID_FYU27B,2.77661160617016e-05,2.35782817054536e-05,4.87497242656356e-05,4.14175284880687e-05,4.87497242656356e-05,4.14175284880687e-05
ID_4ZP64K,2.25626562154075e-05,1.64252878505553e-05,5.16767641518447e-05,4.36429024481752e-05,5.77265104570275e-05,5.57118333490877e-05
ID_CRM4RV,0.0322464628010009,0.0295967620549261,0.0322464628010009,0.0295967620549261,0.0849878060678238,0.0937773454936561
ID_JTBQR7,4.95634712203738e-05,4.2781183860849e-05,8.08141114821276e-05,7.69431080658456e-05,9.5079359015253e-05,9.19675733269014e-05
ID_L9BHE4,7.86255057658012e-06,4.68277876084546e-06,0.000110197991765802,9.87722158315902e-05,0.000110197991765802,9.87722158315902e-05
ID_4SFQ8P,4.28225281691057e-05,3.71319241797231e-05,8.44332282528664e-05,8.11694810773734e-05,8.44332282528664e-05,8.11694810773734e-05
ID_FXZJ9P,2.88697384767552e-05,2.00152978032136e-05,0.000134331198821452,0.00013212505934064,0.000388251102916505,0.000431836020009637
ID_4WUH73,9.39427679862214e-05,9.54396086401694e-05,9.39427679862214e-05,9.54396086401694e-05,0.000113500412954391,0.000114418094885608
ID_LCR0WS,3.35984316108171e-05,2.34456877996634e-05,4.73248405208653e-05,4.19051788338173e-05,6.65113664234981e-05,6.49651277357446e-05
ID_QLNWLL,9.5360911972401e-05,6.61915594787423e-05,0.00296409441227227,0.00321958185602569,0.00296409441227227,0.00321958185602569
ID_O1JBTD,0.000570717279769969,0.000688140997327622,0.000570717279769969,0.000688140997327622,0.000570717279769969,0.000688140997327622
ID_T922CM,0.0127933367844908,0.0111009827749994,0.0127933367844908,0.0111009827749994,0.0127933367844908,0.0111009827749994
ID_IOMK3G,0.00272808627214656,0.00283703505843788,0.00272808627214656,0.00283703505843788,0.00272808627214656,0.00283703505843788
ID_UG0NCP,2.12521324981674e-05,1.71555161139685e-05,3.25633358993955e-05,2.80956226579252e-05,3.25633358993955e-05,2.84820795477071e-05
ID_Q6P63K,8.03858048642099e-06,4.98192200989077e-06,4.10960067708414e-05,3.60180981540887e-05,4.10960067708414e-05,3.60180981540887e-05
ID_1I109E,2.77661160617016e-05,2.35782817054536e-05,4.87497242656356e-05,4.14175284880687e-05,4.87497242656356e-05,4.14175284880687e-05
ID_DJU36N,4.11626022884405e-05,3.17163718479402e-05,9.46611945236131e-05,8.15059853837673e-05,9.46611945236131e-05,8.15059853837673e-05
ID_H4EEPQ,2.12995927486035e-05,1.4902376901194e-05,0.000303644641133505,0.000284509925720357,0.000303644641133505,0.000284509925720357
ID_H8FI6N,7.66303396579057e-05,7.63716049358913e-05,0.000173422533277425,0.000170023344531147,0.000173422533277425,0.000170023344531147
ID_S85UA7,8.15395380305338e-05,7.08434721940242e-05,8.15395380305338e-05,7.08434721940242e-05,8.72590204625808e-05,8.16562891222186e-05
ID_BEKEYZ,0.000918850628782273,0.000842201661011285,0.000918850628782273,0.000842201661011285,0.000918850628782273,0.000842201661011285
ID_ER5H2G,6.18553853641957e-05,5.91944552172961e-05,0.000262163287321077,0.000275676675729123,0.000262163287321077,0.000275676675729123
ID_086L0X,0.000196940453977675,0.000213375076593235,0.000196940453977675,0.000213375076593235,0.000196940453977675,0.000213375076593235
ID_UVRWGM,0.000435497686399852,0.000524136745603581,0.000435497686399852,0.000524136745603581,0.000435497686399852,0.000524136745603581
ID_7DYR0J,3.28933605897456e-05,2.37897148571365e-05,6.08681785913418e-05,5.3571250136435e-05,7.998186150681e-05,8.04385767999835e-05
ID_AQNPGS,0.0229460434432627,0.0225227285692795,0.0280614292062191,0.0292626304870868,0.0280614292062191,0.030658561365921
ID_5OGH64,6.08892648574979e-05,6.26448194742573e-05,8.86891626139069e-05,8.03005623466686e-05,8.86891626139069e-05,8.03005623466686e-05
ID_FJY7M6,7.05868505494588e-05,5.39797933425912e-05,7.47558329818944e-05,6.50109496465085e-05,0.00013498944041973,0.000132993359364841
ID_3UF9YW,4.35673593646051e-05,4.14363196353792e-05,8.58774357217424e-05,7.67903934045965e-05,8.58774357217424e-05,7.67903934045965e-05
ID_9MROM2,0.00075175865032845,0.000780192951354018,0.000809909534166795,0.000794021086819988,0.00276560151110292,0.00289893149513267
ID_CW729L,1.57964909007105e-05,9.5461242989311e-06,7.77514150773989e-05,6.84719596231249e-05,7.77514150773989e-05,6.84719596231249e-05
ID_9UV0JT,0.00968768551002017,0.00832196177184298,0.00968768551002017,0.00832196177184298,0.00988274059923716,0.0108755401006208
ID_DT5H48,2.94988326787262e-05,2.44742745882244e-05,3.0387459008692e-05,2.66709163879763e-05,4.07490699843503e-05,3.84461219136131e-05
ID_CQUX2K,0.000192870413550509,0.000199035471729852,0.000359643394786716,0.000372714813917363,0.000359643394786716,0.000372714813917363
ID_4ZRHI7,0.00151237243168714,0.00147243830548065,0.00151237243168714,0.00147243830548065,0.00151237243168714,0.00147243830548065
ID_Y8G6YL,2.79445549374035e-05,2.5175485159093e-05,2.79445549374035e-05,2.5175485159093e-05,2.79445549374035e-05,2.5175485159093e-05
ID_20E17F,5.33216724780749e-05,4.27574904299351e-05,0.000652423472879489,0.000654691261119724,0.000652423472879489,0.000654691261119724
ID_W41W7O,0.0598863360249615,0.0543560008736126,0.0598863360249615,0.0543560008736126,0.0746090202910969,0.082276883189697
ID_0GZHJB,2.22688189043279e-05,1.86013119332999e-05,6.41796690827349e-05,5.77872929931331e-05,6.41796690827349e-05,5.77872929931331e-05
ID_PDVNE2,2.55509810626764e-05,1.6676298873699e-05,0.000441565654017471,0.000396615226119303,0.000441565654017471,0.000396615226119303
ID_E0WVVY,6.01542581327212e-05,5.40830714184641e-05,9.55061310385745e-05,9.19530637664672e-05,0.000108724345411782,0.000112184062814458
ID_P7I8OT,0.0469256208217252,0.0488884176645891,0.0667477617870953,0.0674306024438998,0.0999303490562737,0.108855005747135
ID_HL6L8P,0.000164544896516346,0.000180351260710416,0.000172534791876737,0.000180351260710416,0.000172534791876737,0.000180351260710416
ID_KG679D,6.74151909963698e-06,4.61978892788614e-06,2.40193555174198e-05,2.074284242273e-05,2.51600929737492e-05,2.41417559125599e-05
ID_X9KR9T,2.9971480836539e-05,2.66380427207372e-05,5.04921029250776e-05,4.40597406822162e-05,7.74476646693227e-05,7.29941179459325e-05
ID_ZQLRCB,0.0503049930585614,0.0535119292177354,0.0503049930585614,0.0535119292177354,0.123633441643532,0.14037794426522
ID_IZKU1L,5.91206127633051e-05,5.94166418010423e-05,5.91206127633051e-05,5.94166418010423e-05,5.91206127633051e-05,5.94166418010423e-05
ID_PG3BYK,6.25849310321521e-05,5.74983679545846e-05,6.25849310321521e-05,5.74983679545846e-05,6.25849310321521e-05,5.74983679545846e-05
ID_0GT5MY,2.70333423930743e-05,2.2562900698263e-05,0.000183712835368456,0.00017115209655231,0.000183712835368456,0.000179883992797092
ID_7A0TY4,4.90517652020949e-05,3.01657633642292e-05,0.000310647626560485,0.000298144852257702,0.000446376032836152,0.000443655767263252
ID_IR01XD,1.57961552588192e-05,9.42331208313313e-06,3.12684795690371e-05,2.638946879625e-05,4.69908728449979e-05,4.42329514987076e-05
ID_BLJHKO,0.0433289312977837,0.05316952503056,0.0433289312977837,0.05316952503056,0.0433289312977837,0.05316952503056
ID_R34IVE,0.206558912061688,0.18125148114656,0.206558912061688,0.18125148114656,0.206558912061688,0.18125148114656
ID_I79GFF,0.00982879108576982,0.00860467953644451,0.00982879108576982,0.00860467953644451,0.0106461285604478,0.0105431457076698
ID_O8GCOX,4.45087818285403e-05,3.5357539981583e-05,4.72023124441971e-05,4.23212473661445e-05,4.77858380664911e-05,4.43559287216246e-05
ID_JH0R8P,0.013006478009485,0.0118787659205066,0.0294614444026382,0.0306452015042757,0.0294614444026382,0.0306452015042757
ID_0CIEHB,3.9170893431594e-05,2.54023598016711e-05,0.000324563163404005,0.000304311716240374,0.000337220108588333,0.000335186167380153
ID_4AWIOL,0.0031097257507169,0.00317427001565827,0.0031097257507169,0.00317427001565827,0.0031097257507169,0.00317427001565827
ID_6UR8NI,0.000153974348112666,0.000143750322279953,0.000735151100622322,0.000680573105602865,0.000735151100622322,0.000680573105602865
ID_8XSPVV,0.000273864391566273,0.000304274747368205,0.000273864391566273,0.000304274747368205,0.000273864391566273,0.000304274747368205
ID_NUEHVL,6.90917793005139e-05,7.74762760730466e-05,6.90917793005139e-05,7.74762760730466e-05,6.90917793005139e-05,7.74762760730466e-05
ID_DEQONK,1.21728278802992e-05,7.30764626318168e-06,3.87043194854133e-05,3.24692683427348e-05,3.90186523845947e-05,3.60798539269586e-05
ID_IA7XNG,0.00037724648418255,0.000348663420121131,0.00037724648418255,0.000348663420121131,0.00037724648418255,0.000348663420121131
ID_BD754O,6.09760995041252e-05,5.88554050448774e-05,0.000111397046720189,0.000102753028950964,0.000111397046720189,0.000102753028950964
ID_EDUPDW,0.000506520670435579,0.000477446239044791,0.000671744939157911,0.00067570609103343,0.000695088807687227,0.000723450989825918
ID_IJNDAU,2.70912648749841e-05,1.87602406433724e-05,5.76925493169787e-05,4.96153033887985e-05,6.34537893334524e-05,6.17086736691924e-05
ID_XYU1T2,0.000103114525404931,0.000108645373274097,0.00015737953285785,0.000162275109709158,0.00015737953285785,0.000162275109709158
ID_9DOYYB,3.52911480683599e-05,2.9253799816862e-05,6.20144864767504e-05,5.21400752134133e-05,6.20144864767504e-05,5.21400752134133e-05
ID_S83N82,1.88513940284178e-05,1.43275937090839e-05,6.63215286699008e-05,5.59073550771174e-05,6.63215286699008e-05,5.59073550771174e-05
ID_YO2KWH,4.54986426974895e-05,3.48217041911428e-05,0.000103466410669557,9.40890868420171e-05,0.000103466410669557,9.40890868420171e-05
ID_FB0WKU,1.14324350957789e-05,6.86971470967276e-06,7.55242015226297e-05,6.31695630509594e-05,0.000106186830111754,9.76824545479406e-05
ID_L8X1MO,0.0216427587569123,0.0195947140279755,0.0216427587569123,0.0195947140279755,0.0285729465289699,0.0320009747972488
ID_S1PMMH,0.000150988944020368,0.000139749493302178,0.000340916000177492,0.000325252694344011,0.000379320565058391,0.000373108993668613
ID_ZC52OO,1.53006696484068e-05,9.15557054268121e-06,2.08357547821896e-05,1.70145394064102e-05,2.30888207630308e-05,2.13504538913034e-05
ID_6ZEMZN,3.24553975019628e-05,2.21582502787288e-05,3.42225519695892e-05,2.88703680506321e-05,4.15305404970807e-05,3.86533440248445e-05
ID_U76OOW,2.95271343951147e-05,1.97119715780302e-05,0.000416057814101064,0.000357336649969999,0.000416057814101064,0.000357336649969999
ID_MNE22V,5.50525289791773e-06,3.46517835807615e-06,2.82487252136073e-05,2.42072482318164e-05,2.82487252136073e-05,2.42072482318164e-05
ID_YGEZQG,0.0351528796009913,0.0344627355146833,0.0351528796009913,0.0344627355146833,0.0351528796009913,0.0344627355146833
ID_8HVUID,0.000374442107471766,0.000438266999745066,0.000461514594534931,0.000476144543762692,0.000461514594534931,0.000476144543762692
ID_VG1ZFI,0.000149750437135138,0.000158142534009459,0.000149750437135138,0.000158142534009459,0.000149750437135138,0.000158142534009459
ID_F0GA7T,0.00539195261487406,0.00490346449646752,0.00539195261487406,0.00490346449646752,0.00539195261487406,0.00490346449646752
ID_ZRFZ0T,0.0134180022005699,0.0141862306528119,0.0134180022005699,0.0141862306528119,0.0140641527811187,0.0143044535786683
ID_V6SMN3,6.20842346733321e-05,5.13985979481164e-05,0.000426695612490036,0.000428188769747408,0.000820243634068959,0.000845003938169232
ID_OBGAY8,6.49796052217899e-05,4.61147010668913e-05,7.06510370580164e-05,5.96766749108817e-05,0.000116960297054706,0.000113688725532765
ID_VBHXGV,2.75050457019732e-05,2.15968057430085e-05,4.89267681324783e-05,4.30544047741531e-05,4.89267681324783e-05,4.30544047741531e-05
ID_HL1IVR,7.35198133739138e-06,4.47339540917958e-06,7.22368555115291e-05,6.17333286240728e-05,7.22368555115291e-05,6.17333286240728e-05
ID_TT098H,0.000111314798082443,0.00012657070605278,0.000201073719840419,0.00018561261923171,0.000201073719840419,0.00018561261923171
ID_T86IHF,5.47729481139932e-05,4.02382528246669e-05,0.000137835681801202,0.000122141010476031,0.000164449813156119,0.000154480175813908
ID_GEWMZ2,3.67362569757835e-05,2.87593894699856e-05,6.86425393133925e-05,5.98920867352465e-05,6.86425393133925e-05,5.98920867352465e-05
ID_GTAZM3,3.70701341515345e-05,3.33120960960316e-05,0.000114185301887942,0.000106133121224642,0.000114185301887942,0.000106133121224642
ID_X6ZOJH,0.0009291635585254,0.000550537037915457,0.00334788650185431,0.00319988132265638,0.00380172131827961,0.00364498504597981
ID_ROYJU2,6.00484389631524e-05,5.28801019839026e-05,0.000108208182253705,0.00010384659135515,0.000108208182253705,0.00010384659135515
ID_M3RB3O,2.63977421128112e-05,1.83315571970218e-05,4.40082429226217e-05,3.88172642915731e-05,5.90340505992136e-05,5.74907267085538e-05
ID_86DS0O,0.0009291635585254,0.000550537037915457,0.00334788650185431,0.00319988132265638,0.00380172131827961,0.00364498504597981
ID_D1SBOO,9.2170727039139e-05,6.31693514125115e-05,0.00110707007988046,0.00103069824543053,0.00141180303114224,0.00141502393069877
ID_D326DS,0.000119783321001957,0.000109049662363946,0.000661200577662965,0.000640337304368888,0.000661200577662965,0.000640337304368888
ID_IA6PQX,0.00123934712135421,0.000885040644134563,0.00510412461292423,0.00501654922216861,0.00510412461292423,0.00501654922216861
ID_M94TW1,6.74426585020329e-05,6.82958602757365e-05,6.74426585020329e-05,6.82958602757365e-05,6.74426585020329e-05,6.82958602757365e-05
ID_GFIAH6,2.72294580830424e-05,2.13905475841951e-05,6.83334993807177e-05,6.32043172074389e-05,6.83334993807177e-05,6.32043172074389e-05
ID_W5DHJ2,0.00668863448557053,0.00622994427391207,0.00668863448557053,0.00622994427391207,0.00668863448557053,0.00622994427391207
ID_0ZOFHK,0.000404419693920736,0.000459438562839075,0.000404419693920736,0.000459438562839075,0.000404419693920736,0.000459438562839075
ID_569S5F,1.44888341692992e-05,9.97329695673316e-06,6.30764087599502e-05,5.79310664986276e-05,9.21956449792986e-05,8.98231574618335e-05
ID_NS1BTM,3.23788844229884e-05,2.26869891022211e-05,4.55944612940574e-05,4.00818954048251e-05,6.1838297930491e-05,6.02631712855211e-05
ID_ZAG8Y6,0.00286006064564905,0.00315238463602837,0.00286006064564905,0.00315238463602837,0.00286006064564905,0.00315238463602837
ID_WQCUST,0.00398261893183617,0.00368054573720712,0.00398261893183617,0.00372489858086679,0.00748600578558989,0.00780588390222339
ID_MOKPZ9,0.000127340906746081,0.000137278020624419,0.000127340906746081,0.000137278020624419,0.000127340906746081,0.000137278020624419
ID_7UBQQ1,0.000131354804645974,0.000142315706354671,0.000131354804645974,0.000142315706354671,0.000131354804645974,0.000142315706354671
ID_B66QBT,0.000561914041074741,0.0004807467556702,0.000561914041074741,0.0004807467556702,0.000561914041074741,0.0004807467556702
ID_O1K46G,0.000213328491472108,0.000163694298866635,0.000502743129488993,0.000426809490656952,0.000502743129488993,0.000477754389138189
ID_BR285V,0.0451964451948111,0.0426356009128316,0.221655321074429,0.223999218231027,0.412334920092706,0.461050874325857
ID_K2YFYU,2.19248110570477e-05,1.64922124525296e-05,3.83929178565781e-05,3.43033464404499e-05,5.4826303406716e-05,5.23800272760463e-05
ID_XAXYZK,0.00129841031214048,0.00136072503437793,0.00129841031214048,0.00136072503437793,0.00129841031214048,0.00136072503437793
ID_B8VB2S,0.000876877655503167,0.000828955075163892,0.000876877655503167,0.000828955075163892,0.000876877655503167,0.000828955075163892
ID_JXG6HY,7.70101507976722e-05,6.39566173692493e-05,0.000449276827750262,0.000437629302162265,0.000449276827750262,0.000437629302162265
ID_BSVW6P,0.00697125923633306,0.00705740463471,0.00843649315256391,0.00815360839720315,0.0114283481438054,0.0119886515917574
ID_CSCQO1,0.000283704148337854,0.000246828983260094,0.000491980983027265,0.000462799061430161,0.000491980983027265,0.000462799061430161
ID_C1HUBS,8.41772613177734e-06,5.25926904602002e-06,2.90812780730874e-05,2.39418388361864e-05,5.01253347534099e-05,4.69955068075807e-05
ID_RGMKFC,0.000125025687832172,9.00579921292029e-05,0.000249480117438787,0.000224676948579479,0.000249480117438787,0.000224676948579479
ID_A7LTX0,0.0270364743138005,0.0225760453069864,0.107428587734362,0.105311007316837,0.137205660494713,0.138236884933655
ID_AGSGHY,3.77332709068104e-05,3.25470849835045e-05,9.16910603388802e-05,8.83041128278553e-05,0.000124034545872871,0.000128219520464481
ID_CXKAZG,0.114336459575017,0.129768220636022,0.114336459575017,0.129768220636022,0.141520927454686,0.154599036970035
ID_ZKWY5H,0.00335239045275221,0.00379822058223123,0.00335239045275221,0.00379822058223123,0.00335239045275221,0.00379822058223123
ID_SE5AT9,0.0569512819481813,0.0637441976129832,0.0569512819481813,0.0637441976129832,0.0569512819481813,0.0637441976129832
ID_SY5ACF,2.37514261488674e-05,2.2496462822688e-05,2.37514261488674e-05,2.2496462822688e-05,3.15449809399882e-05,3.04001565058957e-05
ID_J2UW6P,1.59264288609232e-05,1.23507232542832e-05,0.000112801665038783,0.000103560387880038,0.000161384078289691,0.000152053440967577
ID_9HLS3W,2.81673315251862e-05,1.83891034919345e-05,0.00189218036445303,0.00200257192361362,0.00189218036445303,0.00200257192361362
ID_GFJBOO,0.00073034975647599,0.000866977712539402,0.00073034975647599,0.000866977712539402,0.00073034975647599,0.000866977712539402
ID_4A8R3V,0.000323010964471607,0.000301164856324387,0.000641228808126936,0.000644861132235448,0.000805829691625845,0.000871288541906281
ID_WWIG9X,5.00417174284009e-05,3.92885473015352e-05,6.90530808733251e-05,6.41369044330912e-05,6.90530808733251e-05,6.41369044330912e-05
ID_OVMHV9,7.67126693871122e-05,6.54728635900587e-05,8.30882000473788e-05,7.3876363721706e-05,8.32778912263644e-05,8.01667824699839e-05
ID_A0HXDC,0.000248889179216657,0.000236034351698451,0.000248889179216657,0.000236034351698451,0.000248889179216657,0.000236034351698451
ID_UVABGX,0.000196494107439389,0.000158746472197857,0.000196494107439389,0.000158746472197857,0.000283915798007987,0.000299954464280861
ID_9X5DUT,7.4902036377176e-05,8.13333981077419e-05,7.4902036377176e-05,8.13333981077419e-05,7.4902036377176e-05,8.13333981077419e-05
ID_UFWO9L,0.000536939308908668,0.00056549510828526,0.000536939308908668,0.00056549510828526,0.000536939308908668,0.00056549510828526
ID_NHFYZX,9.51249371885691e-05,9.89234738229415e-05,9.51249371885691e-05,9.89234738229415e-05,9.51249371885691e-05,9.89234738229415e-05
ID_REY7Y4,0.000428584049126318,0.000532945940182991,0.000428584049126318,0.000532945940182991,0.000428584049126318,0.000532945940182991
ID_S7XMZ6,0.00010448162287951,0.000108001741799896,0.00010448162287951,0.000108001741799896,0.00010448162287951,0.000108001741799896
ID_LFO2EU,6.90816691257748e-05,6.18333532462954e-05,6.90816691257748e-05,6.18333532462954e-05,7.71740812213404e-05,7.43441093954798e-05
ID_LUR5VG,0.000329300406734616,0.000344409693748994,0.0021283925138924,0.00242754153537315,0.0021283925138924,0.00242754153537315
ID_4DS9FD,1.44772238652599e-05,1.02082303205877e-05,6.4773555340859e-05,5.70169015052681e-05,8.43590589568279e-05,8.03778603045109e-05
ID_AWHF2K,0.0208989674415302,0.0216970727792297,0.0208989674415302,0.0216970727792297,0.0323284673387343,0.0318632938219949
ID_ME2CF8,0.000567943957430042,0.000495334603522042,0.000567943957430042,0.000495334603522042,0.000567943957430042,0.000495334603522042
ID_D7H9P4,0.000106872170757611,7.8306938986104e-05,0.000422216866255502,0.000397570974571161,0.000422216866255502,0.000397570974571161
ID_T6IF0T,3.70811798710965e-05,3.4927521392652e-05,9.46336882031534e-05,8.76944488835743e-05,9.46336882031534e-05,8.76944488835743e-05
ID_26AKFY,0.00140717315433838,0.00127203242681855,0.00247432795836339,0.00240315663706652,0.0027585025924018,0.00271952152807165
ID_FCWH1E,0.00942050751500227,0.00845494531790107,0.0170274129231843,0.0174136149927445,0.0170274129231843,0.0174136149927445
ID_6S3LGU,2.23694159609555e-05,2.15913346234551e-05,2.23694159609555e-05,2.15913346234551e-05,2.79347794001721e-05,2.67370997257182e-05
ID_K1APAR,2.1683137931545e-05,1.33213064904937e-05,6.41307789813853e-05,5.49224323543832e-05,8.45192501823184e-05,7.80327937004879e-05
ID_JB2Y8O,0.139606159166362,0.137745232637942,0.255601356371185,0.260037838052128,0.40844453440028,0.449676454164836
ID_1AME4K,1.84253634067437e-05,1.13623145597907e-05,6.24340874677945e-05,5.31145873440429e-05,7.3533466882927e-05,7.19463597657227e-05
ID_K0PEGT,8.77291575412842e-06,5.45518965820972e-06,2.84001206404123e-05,2.33560604074012e-05,5.0503453452994e-05,4.7318942104929e-05
ID_4EFHFH,1.6437143026327e-05,1.11365292517905e-05,0.00025145774767085,0.000213869677632448,0.00025145774767085,0.000213869677632448
ID_4TY6TR,3.41459532390421e-05,2.70555095617097e-05,7.19193957336973e-05,6.49353172570475e-05,7.19193957336973e-05,6.49353172570475e-05
ID_EWOVVA,0.00472857975265749,0.00518027858518984,0.00570781512656882,0.00572096561278244,0.0118882561116441,0.0124591113657592
ID_K2FMPI,6.74151909963698e-06,4.61978892788614e-06,2.40193555174198e-05,2.074284242273e-05,2.51600929737492e-05,2.41417559125599e-05
ID_Q1RU6X,6.03826412171867e-05,5.66407724670757e-05,0.000216218520466305,0.000214480143947246,0.000216218520466305,0.000214480143947246
ID_1WDZJ3,1.51799066287642e-05,9.10745983057911e-06,0.000292809819628705,0.000256594311430023,0.000292809819628705,0.000256594311430023
ID_OD0S5Q,0.00662124567264192,0.00742749799714291,0.00662124567264192,0.00742749799714291,0.00662124567264192,0.00742749799714291
ID_WQ3JF5,2.7978973490536e-05,1.96925751413518e-05,0.000350406977038804,0.00030704353058912,0.000350406977038804,0.00030704353058912
ID_JYQN2M,2.88212597764944e-05,1.91453967008859e-05,0.00165067273376185,0.00174800675731885,0.00165067273376185,0.00174800675731885
ID_EDMKFB,0.00332674915041251,0.00347020419989466,0.00332674915041251,0.00347020419989466,0.00535562225698791,0.00570111179339243
ID_B6R04O,1.31902840297712e-05,9.83133390843699e-06,5.34351445539807e-05,5.07760593415757e-05,5.34351445539807e-05,5.07760593415757e-05
ID_U088B7,0.000179744177161744,0.000160377530830839,0.0153591496790997,0.0156934019886417,0.0153591496790997,0.0156934019886417
ID_8OUOJV,0.000306104475658214,0.000235706612772167,0.00228287703032226,0.00211274167272986,0.00305804878338858,0.00345200625395114
ID_HCZVFD,3.52911480683599e-05,2.9253799816862e-05,6.20144864767504e-05,5.21400752134133e-05,6.20144864767504e-05,5.21400752134133e-05
ID_1C4G5E,0.000187004288617155,0.000220772933968823,0.000187004288617155,0.000220772933968823,0.000187004288617155,0.000220772933968823
ID_NK0GGQ,9.13914163727734e-05,9.47879836338792e-05,0.000100704268978247,9.67715838177188e-05,0.000100704268978247,9.67715838177188e-05
ID_0HVBH9,0.000162329214561045,0.000156068276327423,0.000176411857608459,0.000169508446778964,0.000176411857608459,0.000169508446778964
ID_JQIX21,5.0461882774031e-05,4.29601587016984e-05,5.10334901956647e-05,4.74864926067988e-05,5.10334901956647e-05,4.74864926067988e-05
ID_HT38F6,2.93142883197065e-05,2.87374112252483e-05,0.000125920058352878,0.000126197673501372,0.000125920058352878,0.000126197673501372
ID_QI4XP9,0.000855353232223363,0.00068708378551244,0.000855353232223363,0.00068708378551244,0.000855353232223363,0.000725169955658591
ID_V6NJBP,0.113094043166061,0.124674576637073,0.113094043166061,0.124674576637073,0.118169651001658,0.12738532855189
ID_Q3569K,0.0950489778738256,0.0982697993042312,0.177135605419233,0.174861547230557,0.203103354843356,0.230391436137084
ID_IITBB8,0.000116554510611154,0.000115396259380698,0.000116554510611154,0.000115396259380698,0.000116554510611154,0.000115396259380698
ID_IFP722,8.24495377899842e-05,8.01558951919061e-05,0.000107474628434166,9.39628064767842e-05,0.000107474628434166,9.67952269133215e-05
ID_R7MUTH,1.8133115965528e-05,1.28884572072306e-05,5.43184581106504e-05,5.0036541545505e-05,6.50394271553284e-05,6.20456945651625e-05
ID_72UHEN,5.68595517171746e-05,5.79648143235272e-05,9.93107014483598e-05,9.39755950669449e-05,9.93107014483598e-05,9.39755950669449e-05
ID_EGC3FR,0.00110769123335972,0.00112081212017115,0.00110769123335972,0.00112081212017115,0.00189501988114778,0.00197036144267972
ID_ETVXZ7,2.91374444114194e-05,2.48339200989899e-05,0.000104706062970509,9.5853199052789e-05,0.000146518829711983,0.000146731117098036
ID_G1TRLN,6.49748207340688e-05,6.22128702802812e-05,0.000203823939394318,0.000204305488284029,0.000203823939394318,0.000204305488284029
ID_CB9JIH,0.448924323528252,0.462127831480343,0.448924323528252,0.462127831480343,0.448924323528252,0.462127831480343
ID_J8SQUH,1.94546661433348e-05,1.45749472252853e-05,0.000183174170637475,0.000175727913287675,0.000193727857238632,0.000200534932840644
ID_IX1XZE,0.000130432021688985,0.000121802844962824,0.000130432021688985,0.000121802844962824,0.000130432021688985,0.000121802844962824
ID_MXRB9X,0.000192518525165022,0.000150753591975966,0.000414909462753282,0.000357415545989223,0.000534926520851313,0.000548690369433173
ID_6R6JX6,3.24457688063786e-05,2.6233154944131e-05,3.24457688063786e-05,2.72037043739074e-05,3.37056323421528e-05,3.12250356112502e-05
ID_ZW88Z7,6.18309128172058e-05,4.29309279324693e-05,0.000341088286947871,0.000335209844501242,0.000386061747701116,0.000379090518834611
ID_0BCHBA,7.81150782733427e-05,7.36069069416809e-05,0.000172899163593047,0.000169211473105112,0.000172899163593047,0.000169211473105112
ID_0BO03Q,0.000827234496426863,0.000761717473591152,0.00222829421919565,0.00243284821088454,0.00434104602892323,0.00457137581167032
ID_VA27BH,1.61896112187568e-05,1.05716213157257e-05,4.98072699814517e-05,4.10806984717966e-05,5.08053877611267e-05,4.78217167086313e-05
ID_W0SUD4,3.58741128623587e-05,2.82201527179687e-05,0.00015063870516686,0.000132984629008675,0.00015063870516686,0.000132984629008675
ID_QZEY8Z,0.000155155741970825,0.000161469369871849,0.000155155741970825,0.000161469369871849,0.000155155741970825,0.000161469369871849
ID_RNZHE5,4.10988834756288e-05,3.31249958149138e-05,8.35286860937522e-05,7.68239794681161e-05,8.35286860937522e-05,7.68239794681161e-05
ID_ZT06HL,5.56655420372321e-05,4.09260438891066e-05,0.000181034687187755,0.000168000979892681,0.000181034687187755,0.000168000979892681
ID_UUZS7P,0.123813493037196,0.134460865258649,0.165100642111774,0.166199879865885,0.191628306667173,0.20751543246678
ID_VFMFNH,0.000100692381747094,8.57691681709922e-05,0.000100692381747094,9.01442917537119e-05,0.000100692381747094,9.01442917537119e-05
ID_GB5XCD,0.00287610625536505,0.00284253430286597,0.00287610625536505,0.00284253430286597,0.00287610625536505,0.00284253430286597
ID_1D43WK,0.000173216129462311,0.000155046803265007,0.0143212084516605,0.0147107357579967,0.0143212084516605,0.0147107357579967
ID_RW510L,0.00175140884029355,0.00215670745666464,0.00175140884029355,0.00215670745666464,0.00175140884029355,0.00215670745666464
ID_TYJBEE,0.244456713476657,0.278602777044199,0.244456713476657,0.278602777044199,0.244456713476657,0.278602777044199
ID_BU5Z0R,6.96729913100309e-05,7.0789736364659e-05,6.96729913100309e-05,7.0789736364659e-05,6.96729913100309e-05,7.0789736364659e-05
ID_ZAD0FH,9.67849299240461e-05,8.03772064505154e-05,0.000376893269617615,0.000362594265005243,0.000376893269617615,0.000362594265005243
ID_PDXWIS,2.18696618319851e-05,1.37984331047166e-05,0.000387353794902471,0.000340713183715969,0.000387353794902471,0.000340713183715969
ID_K4CEJB,6.77883678244844e-05,7.12623243447014e-05,6.77883678244844e-05,7.12623243447014e-05,6.77883678244844e-05,7.12623243447014e-05
ID_NTHRCW,5.26694622597477e-05,5.09836814589436e-05,5.26694622597477e-05,5.09836814589436e-05,5.26694622597477e-05,5.09836814589436e-05
